scenario_id,review_priority_score,outcome,scenario_family,baseline_action,laya_action,laya_confidence,sim_terminal_outcome,major_safety_violation,hazard_severity_score,route_blocked,nearest_iceberg_dist_m,adjudication_reasons
POLARIS_SCENARIO_0008,100.0,HUMAN_REVIEW_REQUIRED,HEAVY_ICE_POOR_VISIBILITY,hold_position,slow_down,0.5,EMERGENCY_HOLD,False,1.6,False,4702.0,Baseline (hold_position) disagrees with Laya (slow_down); High-consequence maneuver category (hold_position) requiring human review; Low Laya decision confidence (50.0% < 60%); High hazard severity score (1.6 >= 1.5); Poor visibility / fog conditions (0.3 NM < 1.0 NM); High-consequence action 'hold_position' mandates human watch officer review.
POLARIS_SCENARIO_0028,100.0,HUMAN_REVIEW_REQUIRED,HEAVY_ICE_POOR_VISIBILITY,hold_position,slow_down,0.5,EMERGENCY_HOLD,False,1.6,False,4332.0,Baseline (hold_position) disagrees with Laya (slow_down); High-consequence maneuver category (hold_position) requiring human review; Low Laya decision confidence (50.0% < 60%); High hazard severity score (1.6 >= 1.5); Poor visibility / fog conditions (0.2 NM < 1.0 NM); High-consequence action 'hold_position' mandates human watch officer review.
POLARIS_SCENARIO_0048,100.0,HUMAN_REVIEW_REQUIRED,HEAVY_ICE_POOR_VISIBILITY,hold_position,slow_down,0.5,EMERGENCY_HOLD,False,1.6,False,4119.0,Baseline (hold_position) disagrees with Laya (slow_down); High-consequence maneuver category (hold_position) requiring human review; Low Laya decision confidence (50.0% < 60%); High hazard severity score (1.6 >= 1.5); Poor visibility / fog conditions (0.5 NM < 1.0 NM); High-consequence action 'hold_position' mandates human watch officer review.
POLARIS_SCENARIO_0068,100.0,HUMAN_REVIEW_REQUIRED,HEAVY_ICE_POOR_VISIBILITY,hold_position,slow_down,0.5,EMERGENCY_HOLD,False,1.6,False,4626.0,Baseline (hold_position) disagrees with Laya (slow_down); High-consequence maneuver category (hold_position) requiring human review; Low Laya decision confidence (50.0% < 60%); High hazard severity score (1.6 >= 1.5); Poor visibility / fog conditions (0.6 NM < 1.0 NM); High-consequence action 'hold_position' mandates human watch officer review.
POLARIS_SCENARIO_0088,100.0,HUMAN_REVIEW_REQUIRED,HEAVY_ICE_POOR_VISIBILITY,hold_position,slow_down,0.5,EMERGENCY_HOLD,False,1.6,False,4016.0,Baseline (hold_position) disagrees with Laya (slow_down); High-consequence maneuver category (hold_position) requiring human review; Low Laya decision confidence (50.0% < 60%); High hazard severity score (1.6 >= 1.5); Poor visibility / fog conditions (0.6 NM < 1.0 NM); High-consequence action 'hold_position' mandates human watch officer review.
POLARIS_SCENARIO_0108,100.0,HUMAN_REVIEW_REQUIRED,HEAVY_ICE_POOR_VISIBILITY,hold_position,slow_down,0.5,EMERGENCY_HOLD,False,1.6,False,4618.0,Baseline (hold_position) disagrees with Laya (slow_down); High-consequence maneuver category (hold_position) requiring human review; Low Laya decision confidence (50.0% < 60%); High hazard severity score (1.6 >= 1.5); Poor visibility / fog conditions (0.2 NM < 1.0 NM); High-consequence action 'hold_position' mandates human watch officer review.
POLARIS_SCENARIO_0128,100.0,HUMAN_REVIEW_REQUIRED,HEAVY_ICE_POOR_VISIBILITY,hold_position,slow_down,0.5,EMERGENCY_HOLD,False,1.6,False,2396.0,Baseline (hold_position) disagrees with Laya (slow_down); High-consequence maneuver category (hold_position) requiring human review; Low Laya decision confidence (50.0% < 60%); High hazard severity score (1.6 >= 1.5); Poor visibility / fog conditions (0.8 NM < 1.0 NM); High-consequence action 'hold_position' mandates human watch officer review.
POLARIS_SCENARIO_0148,100.0,HUMAN_REVIEW_REQUIRED,HEAVY_ICE_POOR_VISIBILITY,hold_position,slow_down,0.5,EMERGENCY_HOLD,False,1.6,False,3512.0,Baseline (hold_position) disagrees with Laya (slow_down); High-consequence maneuver category (hold_position) requiring human review; Low Laya decision confidence (50.0% < 60%); High hazard severity score (1.6 >= 1.5); Poor visibility / fog conditions (0.4 NM < 1.0 NM); High-consequence action 'hold_position' mandates human watch officer review.
POLARIS_SCENARIO_0168,100.0,HUMAN_REVIEW_REQUIRED,HEAVY_ICE_POOR_VISIBILITY,hold_position,slow_down,0.5,EMERGENCY_HOLD,False,1.6,False,4944.0,Baseline (hold_position) disagrees with Laya (slow_down); High-consequence maneuver category (hold_position) requiring human review; Low Laya decision confidence (50.0% < 60%); High hazard severity score (1.6 >= 1.5); Poor visibility / fog conditions (0.6 NM < 1.0 NM); High-consequence action 'hold_position' mandates human watch officer review.
POLARIS_SCENARIO_0188,100.0,HUMAN_REVIEW_REQUIRED,HEAVY_ICE_POOR_VISIBILITY,hold_position,slow_down,0.5,EMERGENCY_HOLD,False,1.6,False,4831.0,Baseline (hold_position) disagrees with Laya (slow_down); High-consequence maneuver category (hold_position) requiring human review; Low Laya decision confidence (50.0% < 60%); High hazard severity score (1.6 >= 1.5); Poor visibility / fog conditions (0.4 NM < 1.0 NM); High-consequence action 'hold_position' mandates human watch officer review.
POLARIS_SCENARIO_0208,100.0,HUMAN_REVIEW_REQUIRED,HEAVY_ICE_POOR_VISIBILITY,hold_position,slow_down,0.5,EMERGENCY_HOLD,False,1.6,False,3199.0,Baseline (hold_position) disagrees with Laya (slow_down); High-consequence maneuver category (hold_position) requiring human review; Low Laya decision confidence (50.0% < 60%); High hazard severity score (1.6 >= 1.5); Poor visibility / fog conditions (0.5 NM < 1.0 NM); High-consequence action 'hold_position' mandates human watch officer review.
POLARIS_SCENARIO_0228,100.0,HUMAN_REVIEW_REQUIRED,HEAVY_ICE_POOR_VISIBILITY,hold_position,slow_down,0.5,EMERGENCY_HOLD,False,1.6,False,3182.0,Baseline (hold_position) disagrees with Laya (slow_down); High-consequence maneuver category (hold_position) requiring human review; Low Laya decision confidence (50.0% < 60%); High hazard severity score (1.6 >= 1.5); Poor visibility / fog conditions (0.6 NM < 1.0 NM); High-consequence action 'hold_position' mandates human watch officer review.
POLARIS_SCENARIO_0248,100.0,HUMAN_REVIEW_REQUIRED,HEAVY_ICE_POOR_VISIBILITY,hold_position,slow_down,0.5,EMERGENCY_HOLD,False,1.6,False,2143.0,Baseline (hold_position) disagrees with Laya (slow_down); High-consequence maneuver category (hold_position) requiring human review; Low Laya decision confidence (50.0% < 60%); High hazard severity score (1.6 >= 1.5); Poor visibility / fog conditions (0.6 NM < 1.0 NM); High-consequence action 'hold_position' mandates human watch officer review.
POLARIS_SCENARIO_0268,100.0,HUMAN_REVIEW_REQUIRED,HEAVY_ICE_POOR_VISIBILITY,hold_position,slow_down,0.5,EMERGENCY_HOLD,False,1.6,False,4448.0,Baseline (hold_position) disagrees with Laya (slow_down); High-consequence maneuver category (hold_position) requiring human review; Low Laya decision confidence (50.0% < 60%); High hazard severity score (1.6 >= 1.5); Poor visibility / fog conditions (0.4 NM < 1.0 NM); High-consequence action 'hold_position' mandates human watch officer review.
POLARIS_SCENARIO_0288,100.0,HUMAN_REVIEW_REQUIRED,HEAVY_ICE_POOR_VISIBILITY,hold_position,slow_down,0.5,EMERGENCY_HOLD,False,1.6,False,3253.0,Baseline (hold_position) disagrees with Laya (slow_down); High-consequence maneuver category (hold_position) requiring human review; Low Laya decision confidence (50.0% < 60%); High hazard severity score (1.6 >= 1.5); Poor visibility / fog conditions (0.7 NM < 1.0 NM); High-consequence action 'hold_position' mandates human watch officer review.
POLARIS_SCENARIO_0308,100.0,HUMAN_REVIEW_REQUIRED,HEAVY_ICE_POOR_VISIBILITY,hold_position,slow_down,0.5,EMERGENCY_HOLD,False,1.6,False,4610.0,Baseline (hold_position) disagrees with Laya (slow_down); High-consequence maneuver category (hold_position) requiring human review; Low Laya decision confidence (50.0% < 60%); High hazard severity score (1.6 >= 1.5); Poor visibility / fog conditions (0.6 NM < 1.0 NM); High-consequence action 'hold_position' mandates human watch officer review.
POLARIS_SCENARIO_0328,100.0,HUMAN_REVIEW_REQUIRED,HEAVY_ICE_POOR_VISIBILITY,hold_position,slow_down,0.5,EMERGENCY_HOLD,False,1.6,False,2692.0,Baseline (hold_position) disagrees with Laya (slow_down); High-consequence maneuver category (hold_position) requiring human review; Low Laya decision confidence (50.0% < 60%); High hazard severity score (1.6 >= 1.5); Poor visibility / fog conditions (0.7 NM < 1.0 NM); High-consequence action 'hold_position' mandates human watch officer review.
POLARIS_SCENARIO_0348,100.0,HUMAN_REVIEW_REQUIRED,HEAVY_ICE_POOR_VISIBILITY,hold_position,slow_down,0.5,EMERGENCY_HOLD,False,1.6,False,3095.0,Baseline (hold_position) disagrees with Laya (slow_down); High-consequence maneuver category (hold_position) requiring human review; Low Laya decision confidence (50.0% < 60%); High hazard severity score (1.6 >= 1.5); Poor visibility / fog conditions (0.8 NM < 1.0 NM); High-consequence action 'hold_position' mandates human watch officer review.
POLARIS_SCENARIO_0368,100.0,HUMAN_REVIEW_REQUIRED,HEAVY_ICE_POOR_VISIBILITY,hold_position,slow_down,0.5,EMERGENCY_HOLD,False,1.6,False,3847.0,Baseline (hold_position) disagrees with Laya (slow_down); High-consequence maneuver category (hold_position) requiring human review; Low Laya decision confidence (50.0% < 60%); High hazard severity score (1.6 >= 1.5); Poor visibility / fog conditions (0.4 NM < 1.0 NM); High-consequence action 'hold_position' mandates human watch officer review.
POLARIS_SCENARIO_0388,100.0,HUMAN_REVIEW_REQUIRED,HEAVY_ICE_POOR_VISIBILITY,hold_position,slow_down,0.5,EMERGENCY_HOLD,False,1.6,False,2046.0,Baseline (hold_position) disagrees with Laya (slow_down); High-consequence maneuver category (hold_position) requiring human review; Low Laya decision confidence (50.0% < 60%); High hazard severity score (1.6 >= 1.5); Poor visibility / fog conditions (0.7 NM < 1.0 NM); High-consequence action 'hold_position' mandates human watch officer review.
POLARIS_SCENARIO_0408,100.0,HUMAN_REVIEW_REQUIRED,HEAVY_ICE_POOR_VISIBILITY,hold_position,slow_down,0.5,EMERGENCY_HOLD,False,1.6,False,2204.0,Baseline (hold_position) disagrees with Laya (slow_down); High-consequence maneuver category (hold_position) requiring human review; Low Laya decision confidence (50.0% < 60%); High hazard severity score (1.6 >= 1.5); Poor visibility / fog conditions (0.5 NM < 1.0 NM); High-consequence action 'hold_position' mandates human watch officer review.
POLARIS_SCENARIO_0428,100.0,HUMAN_REVIEW_REQUIRED,HEAVY_ICE_POOR_VISIBILITY,hold_position,slow_down,0.5,EMERGENCY_HOLD,False,1.6,False,2567.0,Baseline (hold_position) disagrees with Laya (slow_down); High-consequence maneuver category (hold_position) requiring human review; Low Laya decision confidence (50.0% < 60%); High hazard severity score (1.6 >= 1.5); Poor visibility / fog conditions (0.5 NM < 1.0 NM); High-consequence action 'hold_position' mandates human watch officer review.
POLARIS_SCENARIO_0448,100.0,HUMAN_REVIEW_REQUIRED,HEAVY_ICE_POOR_VISIBILITY,hold_position,slow_down,0.5,EMERGENCY_HOLD,False,1.6,False,3987.0,Baseline (hold_position) disagrees with Laya (slow_down); High-consequence maneuver category (hold_position) requiring human review; Low Laya decision confidence (50.0% < 60%); High hazard severity score (1.6 >= 1.5); Poor visibility / fog conditions (0.7 NM < 1.0 NM); High-consequence action 'hold_position' mandates human watch officer review.
POLARIS_SCENARIO_0468,100.0,HUMAN_REVIEW_REQUIRED,HEAVY_ICE_POOR_VISIBILITY,hold_position,slow_down,0.5,EMERGENCY_HOLD,False,1.6,False,2342.0,Baseline (hold_position) disagrees with Laya (slow_down); High-consequence maneuver category (hold_position) requiring human review; Low Laya decision confidence (50.0% < 60%); High hazard severity score (1.6 >= 1.5); Poor visibility / fog conditions (0.7 NM < 1.0 NM); High-consequence action 'hold_position' mandates human watch officer review.
POLARIS_SCENARIO_0488,100.0,HUMAN_REVIEW_REQUIRED,HEAVY_ICE_POOR_VISIBILITY,hold_position,slow_down,0.5,EMERGENCY_HOLD,False,1.6,False,4694.0,Baseline (hold_position) disagrees with Laya (slow_down); High-consequence maneuver category (hold_position) requiring human review; Low Laya decision confidence (50.0% < 60%); High hazard severity score (1.6 >= 1.5); Poor visibility / fog conditions (0.4 NM < 1.0 NM); High-consequence action 'hold_position' mandates human watch officer review.
POLARIS_SCENARIO_0011,75.0,HUMAN_REVIEW_REQUIRED,ESCORT_AVAILABLE,request_escort,slow_down,0.5,ESCORT_DISPATCH,False,1.3,False,4945.0,Baseline (request_escort) disagrees with Laya (slow_down); High-consequence maneuver category (request_escort) requiring human review; Low Laya decision confidence (50.0% < 60%); High-consequence action 'request_escort' mandates human watch officer review.
POLARIS_SCENARIO_0031,75.0,HUMAN_REVIEW_REQUIRED,ESCORT_AVAILABLE,request_escort,slow_down,0.5,ESCORT_DISPATCH,False,1.3,False,2270.0,Baseline (request_escort) disagrees with Laya (slow_down); High-consequence maneuver category (request_escort) requiring human review; Low Laya decision confidence (50.0% < 60%); High-consequence action 'request_escort' mandates human watch officer review.
POLARIS_SCENARIO_0051,75.0,HUMAN_REVIEW_REQUIRED,ESCORT_AVAILABLE,request_escort,slow_down,0.5,ESCORT_DISPATCH,False,1.3,False,3960.0,Baseline (request_escort) disagrees with Laya (slow_down); High-consequence maneuver category (request_escort) requiring human review; Low Laya decision confidence (50.0% < 60%); High-consequence action 'request_escort' mandates human watch officer review.
POLARIS_SCENARIO_0071,75.0,HUMAN_REVIEW_REQUIRED,ESCORT_AVAILABLE,request_escort,slow_down,0.5,ESCORT_DISPATCH,False,1.3,False,3416.0,Baseline (request_escort) disagrees with Laya (slow_down); High-consequence maneuver category (request_escort) requiring human review; Low Laya decision confidence (50.0% < 60%); High-consequence action 'request_escort' mandates human watch officer review.
POLARIS_SCENARIO_0084,75.0,HUMAN_REVIEW_REQUIRED,HEAVY_ICE,request_escort,slow_down,0.5,ESCORT_DISPATCH,False,1.4,False,3889.0,Baseline (request_escort) disagrees with Laya (slow_down); High-consequence maneuver category (request_escort) requiring human review; Low Laya decision confidence (50.0% < 60%); High-consequence action 'request_escort' mandates human watch officer review.
POLARIS_SCENARIO_0091,75.0,HUMAN_REVIEW_REQUIRED,ESCORT_AVAILABLE,request_escort,slow_down,0.5,ESCORT_DISPATCH,False,1.3,False,4444.0,Baseline (request_escort) disagrees with Laya (slow_down); High-consequence maneuver category (request_escort) requiring human review; Low Laya decision confidence (50.0% < 60%); High-consequence action 'request_escort' mandates human watch officer review.
POLARIS_SCENARIO_0111,75.0,HUMAN_REVIEW_REQUIRED,ESCORT_AVAILABLE,request_escort,slow_down,0.5,ESCORT_DISPATCH,False,1.3,False,2650.0,Baseline (request_escort) disagrees with Laya (slow_down); High-consequence maneuver category (request_escort) requiring human review; Low Laya decision confidence (50.0% < 60%); High-consequence action 'request_escort' mandates human watch officer review.
POLARIS_SCENARIO_0124,75.0,HUMAN_REVIEW_REQUIRED,HEAVY_ICE,request_escort,slow_down,0.5,ESCORT_DISPATCH,False,1.4,False,3066.0,Baseline (request_escort) disagrees with Laya (slow_down); High-consequence maneuver category (request_escort) requiring human review; Low Laya decision confidence (50.0% < 60%); High-consequence action 'request_escort' mandates human watch officer review.
POLARIS_SCENARIO_0131,75.0,HUMAN_REVIEW_REQUIRED,ESCORT_AVAILABLE,request_escort,slow_down,0.5,ESCORT_DISPATCH,False,1.3,False,4187.0,Baseline (request_escort) disagrees with Laya (slow_down); High-consequence maneuver category (request_escort) requiring human review; Low Laya decision confidence (50.0% < 60%); High-consequence action 'request_escort' mandates human watch officer review.
POLARIS_SCENARIO_0144,75.0,HUMAN_REVIEW_REQUIRED,HEAVY_ICE,request_escort,slow_down,0.5,ESCORT_DISPATCH,False,1.4,False,3280.0,Baseline (request_escort) disagrees with Laya (slow_down); High-consequence maneuver category (request_escort) requiring human review; Low Laya decision confidence (50.0% < 60%); High-consequence action 'request_escort' mandates human watch officer review.
POLARIS_SCENARIO_0151,75.0,HUMAN_REVIEW_REQUIRED,ESCORT_AVAILABLE,request_escort,slow_down,0.5,ESCORT_DISPATCH,False,1.3,False,4164.0,Baseline (request_escort) disagrees with Laya (slow_down); High-consequence maneuver category (request_escort) requiring human review; Low Laya decision confidence (50.0% < 60%); High-consequence action 'request_escort' mandates human watch officer review.
POLARIS_SCENARIO_0171,75.0,HUMAN_REVIEW_REQUIRED,ESCORT_AVAILABLE,request_escort,slow_down,0.5,ESCORT_DISPATCH,False,1.3,False,4518.0,Baseline (request_escort) disagrees with Laya (slow_down); High-consequence maneuver category (request_escort) requiring human review; Low Laya decision confidence (50.0% < 60%); High-consequence action 'request_escort' mandates human watch officer review.
POLARIS_SCENARIO_0191,75.0,HUMAN_REVIEW_REQUIRED,ESCORT_AVAILABLE,request_escort,slow_down,0.5,ESCORT_DISPATCH,False,1.3,False,4371.0,Baseline (request_escort) disagrees with Laya (slow_down); High-consequence maneuver category (request_escort) requiring human review; Low Laya decision confidence (50.0% < 60%); High-consequence action 'request_escort' mandates human watch officer review.
POLARIS_SCENARIO_0211,75.0,HUMAN_REVIEW_REQUIRED,ESCORT_AVAILABLE,request_escort,slow_down,0.5,ESCORT_DISPATCH,False,1.3,False,4618.0,Baseline (request_escort) disagrees with Laya (slow_down); High-consequence maneuver category (request_escort) requiring human review; Low Laya decision confidence (50.0% < 60%); High-consequence action 'request_escort' mandates human watch officer review.
POLARIS_SCENARIO_0231,75.0,HUMAN_REVIEW_REQUIRED,ESCORT_AVAILABLE,request_escort,slow_down,0.5,ESCORT_DISPATCH,False,1.3,False,2492.0,Baseline (request_escort) disagrees with Laya (slow_down); High-consequence maneuver category (request_escort) requiring human review; Low Laya decision confidence (50.0% < 60%); High-consequence action 'request_escort' mandates human watch officer review.
POLARIS_SCENARIO_0251,75.0,HUMAN_REVIEW_REQUIRED,ESCORT_AVAILABLE,request_escort,slow_down,0.5,ESCORT_DISPATCH,False,1.3,False,2621.0,Baseline (request_escort) disagrees with Laya (slow_down); High-consequence maneuver category (request_escort) requiring human review; Low Laya decision confidence (50.0% < 60%); High-consequence action 'request_escort' mandates human watch officer review.
POLARIS_SCENARIO_0264,75.0,HUMAN_REVIEW_REQUIRED,HEAVY_ICE,request_escort,slow_down,0.5,ESCORT_DISPATCH,False,1.4,False,4668.0,Baseline (request_escort) disagrees with Laya (slow_down); High-consequence maneuver category (request_escort) requiring human review; Low Laya decision confidence (50.0% < 60%); High-consequence action 'request_escort' mandates human watch officer review.
POLARIS_SCENARIO_0271,75.0,HUMAN_REVIEW_REQUIRED,ESCORT_AVAILABLE,request_escort,slow_down,0.5,ESCORT_DISPATCH,False,1.3,False,2716.0,Baseline (request_escort) disagrees with Laya (slow_down); High-consequence maneuver category (request_escort) requiring human review; Low Laya decision confidence (50.0% < 60%); High-consequence action 'request_escort' mandates human watch officer review.
POLARIS_SCENARIO_0284,75.0,HUMAN_REVIEW_REQUIRED,HEAVY_ICE,request_escort,slow_down,0.5,ESCORT_DISPATCH,False,1.4,False,3561.0,Baseline (request_escort) disagrees with Laya (slow_down); High-consequence maneuver category (request_escort) requiring human review; Low Laya decision confidence (50.0% < 60%); High-consequence action 'request_escort' mandates human watch officer review.
POLARIS_SCENARIO_0291,75.0,HUMAN_REVIEW_REQUIRED,ESCORT_AVAILABLE,request_escort,slow_down,0.5,ESCORT_DISPATCH,False,1.3,False,2086.0,Baseline (request_escort) disagrees with Laya (slow_down); High-consequence maneuver category (request_escort) requiring human review; Low Laya decision confidence (50.0% < 60%); High-consequence action 'request_escort' mandates human watch officer review.
POLARIS_SCENARIO_0304,75.0,HUMAN_REVIEW_REQUIRED,HEAVY_ICE,request_escort,slow_down,0.5,ESCORT_DISPATCH,False,1.4,False,3883.0,Baseline (request_escort) disagrees with Laya (slow_down); High-consequence maneuver category (request_escort) requiring human review; Low Laya decision confidence (50.0% < 60%); High-consequence action 'request_escort' mandates human watch officer review.
POLARIS_SCENARIO_0311,75.0,HUMAN_REVIEW_REQUIRED,ESCORT_AVAILABLE,request_escort,slow_down,0.5,ESCORT_DISPATCH,False,1.3,False,3569.0,Baseline (request_escort) disagrees with Laya (slow_down); High-consequence maneuver category (request_escort) requiring human review; Low Laya decision confidence (50.0% < 60%); High-consequence action 'request_escort' mandates human watch officer review.
POLARIS_SCENARIO_0331,75.0,HUMAN_REVIEW_REQUIRED,ESCORT_AVAILABLE,request_escort,slow_down,0.5,ESCORT_DISPATCH,False,1.3,False,4480.0,Baseline (request_escort) disagrees with Laya (slow_down); High-consequence maneuver category (request_escort) requiring human review; Low Laya decision confidence (50.0% < 60%); High-consequence action 'request_escort' mandates human watch officer review.
POLARIS_SCENARIO_0344,75.0,HUMAN_REVIEW_REQUIRED,HEAVY_ICE,request_escort,slow_down,0.5,ESCORT_DISPATCH,False,1.4,False,4757.0,Baseline (request_escort) disagrees with Laya (slow_down); High-consequence maneuver category (request_escort) requiring human review; Low Laya decision confidence (50.0% < 60%); High-consequence action 'request_escort' mandates human watch officer review.
POLARIS_SCENARIO_0351,75.0,HUMAN_REVIEW_REQUIRED,ESCORT_AVAILABLE,request_escort,slow_down,0.5,ESCORT_DISPATCH,False,1.3,False,3786.0,Baseline (request_escort) disagrees with Laya (slow_down); High-consequence maneuver category (request_escort) requiring human review; Low Laya decision confidence (50.0% < 60%); High-consequence action 'request_escort' mandates human watch officer review.
POLARIS_SCENARIO_0364,75.0,HUMAN_REVIEW_REQUIRED,HEAVY_ICE,request_escort,slow_down,0.5,ESCORT_DISPATCH,False,1.4,False,3653.0,Baseline (request_escort) disagrees with Laya (slow_down); High-consequence maneuver category (request_escort) requiring human review; Low Laya decision confidence (50.0% < 60%); High-consequence action 'request_escort' mandates human watch officer review.
POLARIS_SCENARIO_0371,75.0,HUMAN_REVIEW_REQUIRED,ESCORT_AVAILABLE,request_escort,slow_down,0.5,ESCORT_DISPATCH,False,1.3,False,2030.0,Baseline (request_escort) disagrees with Laya (slow_down); High-consequence maneuver category (request_escort) requiring human review; Low Laya decision confidence (50.0% < 60%); High-consequence action 'request_escort' mandates human watch officer review.
POLARIS_SCENARIO_0391,75.0,HUMAN_REVIEW_REQUIRED,ESCORT_AVAILABLE,request_escort,slow_down,0.5,ESCORT_DISPATCH,False,1.3,False,3578.0,Baseline (request_escort) disagrees with Laya (slow_down); High-consequence maneuver category (request_escort) requiring human review; Low Laya decision confidence (50.0% < 60%); High-consequence action 'request_escort' mandates human watch officer review.
POLARIS_SCENARIO_0411,75.0,HUMAN_REVIEW_REQUIRED,ESCORT_AVAILABLE,request_escort,slow_down,0.5,ESCORT_DISPATCH,False,1.3,False,2437.0,Baseline (request_escort) disagrees with Laya (slow_down); High-consequence maneuver category (request_escort) requiring human review; Low Laya decision confidence (50.0% < 60%); High-consequence action 'request_escort' mandates human watch officer review.
POLARIS_SCENARIO_0431,75.0,HUMAN_REVIEW_REQUIRED,ESCORT_AVAILABLE,request_escort,slow_down,0.5,ESCORT_DISPATCH,False,1.3,False,4217.0,Baseline (request_escort) disagrees with Laya (slow_down); High-consequence maneuver category (request_escort) requiring human review; Low Laya decision confidence (50.0% < 60%); High-consequence action 'request_escort' mandates human watch officer review.
POLARIS_SCENARIO_0451,75.0,HUMAN_REVIEW_REQUIRED,ESCORT_AVAILABLE,request_escort,slow_down,0.5,ESCORT_DISPATCH,False,1.3,False,2727.0,Baseline (request_escort) disagrees with Laya (slow_down); High-consequence maneuver category (request_escort) requiring human review; Low Laya decision confidence (50.0% < 60%); High-consequence action 'request_escort' mandates human watch officer review.
POLARIS_SCENARIO_0464,75.0,HUMAN_REVIEW_REQUIRED,HEAVY_ICE,request_escort,slow_down,0.5,ESCORT_DISPATCH,False,1.4,False,3504.0,Baseline (request_escort) disagrees with Laya (slow_down); High-consequence maneuver category (request_escort) requiring human review; Low Laya decision confidence (50.0% < 60%); High-consequence action 'request_escort' mandates human watch officer review.
POLARIS_SCENARIO_0471,75.0,HUMAN_REVIEW_REQUIRED,ESCORT_AVAILABLE,request_escort,slow_down,0.5,ESCORT_DISPATCH,False,1.3,False,3945.0,Baseline (request_escort) disagrees with Laya (slow_down); High-consequence maneuver category (request_escort) requiring human review; Low Laya decision confidence (50.0% < 60%); High-consequence action 'request_escort' mandates human watch officer review.
POLARIS_SCENARIO_0491,75.0,HUMAN_REVIEW_REQUIRED,ESCORT_AVAILABLE,request_escort,slow_down,0.5,ESCORT_DISPATCH,False,1.3,False,2591.0,Baseline (request_escort) disagrees with Laya (slow_down); High-consequence maneuver category (request_escort) requiring human review; Low Laya decision confidence (50.0% < 60%); High-consequence action 'request_escort' mandates human watch officer review.
POLARIS_SCENARIO_0012,65.0,HUMAN_REVIEW_REQUIRED,ESCORT_UNAVAILABLE,reroute,slow_down,0.5,MODERATE_RISK_MANEUVER,False,1.5,False,2691.0,Baseline (reroute) disagrees with Laya (slow_down); Low Laya decision confidence (50.0% < 60%); High hazard severity score (1.5 >= 1.5)
POLARIS_SCENARIO_0032,65.0,HUMAN_REVIEW_REQUIRED,ESCORT_UNAVAILABLE,reroute,slow_down,0.5,MODERATE_RISK_MANEUVER,False,1.5,False,4832.0,Baseline (reroute) disagrees with Laya (slow_down); Low Laya decision confidence (50.0% < 60%); High hazard severity score (1.5 >= 1.5)
POLARIS_SCENARIO_0052,65.0,HUMAN_REVIEW_REQUIRED,ESCORT_UNAVAILABLE,reroute,slow_down,0.5,MODERATE_RISK_MANEUVER,False,1.5,False,4955.0,Baseline (reroute) disagrees with Laya (slow_down); Low Laya decision confidence (50.0% < 60%); High hazard severity score (1.5 >= 1.5)
POLARIS_SCENARIO_0072,65.0,HUMAN_REVIEW_REQUIRED,ESCORT_UNAVAILABLE,reroute,slow_down,0.5,MODERATE_RISK_MANEUVER,False,1.5,False,4151.0,Baseline (reroute) disagrees with Laya (slow_down); Low Laya decision confidence (50.0% < 60%); High hazard severity score (1.5 >= 1.5)
POLARIS_SCENARIO_0092,65.0,HUMAN_REVIEW_REQUIRED,ESCORT_UNAVAILABLE,reroute,slow_down,0.5,MODERATE_RISK_MANEUVER,False,1.5,False,3407.0,Baseline (reroute) disagrees with Laya (slow_down); Low Laya decision confidence (50.0% < 60%); High hazard severity score (1.5 >= 1.5)
POLARIS_SCENARIO_0112,65.0,HUMAN_REVIEW_REQUIRED,ESCORT_UNAVAILABLE,reroute,slow_down,0.5,MODERATE_RISK_MANEUVER,False,1.5,False,3280.0,Baseline (reroute) disagrees with Laya (slow_down); Low Laya decision confidence (50.0% < 60%); High hazard severity score (1.5 >= 1.5)
POLARIS_SCENARIO_0132,65.0,HUMAN_REVIEW_REQUIRED,ESCORT_UNAVAILABLE,reroute,slow_down,0.5,MODERATE_RISK_MANEUVER,False,1.5,False,2018.0,Baseline (reroute) disagrees with Laya (slow_down); Low Laya decision confidence (50.0% < 60%); High hazard severity score (1.5 >= 1.5)
POLARIS_SCENARIO_0152,65.0,HUMAN_REVIEW_REQUIRED,ESCORT_UNAVAILABLE,reroute,slow_down,0.5,MODERATE_RISK_MANEUVER,False,1.5,False,3482.0,Baseline (reroute) disagrees with Laya (slow_down); Low Laya decision confidence (50.0% < 60%); High hazard severity score (1.5 >= 1.5)
POLARIS_SCENARIO_0172,65.0,HUMAN_REVIEW_REQUIRED,ESCORT_UNAVAILABLE,reroute,slow_down,0.5,MODERATE_RISK_MANEUVER,False,1.5,False,3766.0,Baseline (reroute) disagrees with Laya (slow_down); Low Laya decision confidence (50.0% < 60%); High hazard severity score (1.5 >= 1.5)
POLARIS_SCENARIO_0192,65.0,HUMAN_REVIEW_REQUIRED,ESCORT_UNAVAILABLE,reroute,slow_down,0.5,MODERATE_RISK_MANEUVER,False,1.5,False,4919.0,Baseline (reroute) disagrees with Laya (slow_down); Low Laya decision confidence (50.0% < 60%); High hazard severity score (1.5 >= 1.5)
POLARIS_SCENARIO_0212,65.0,HUMAN_REVIEW_REQUIRED,ESCORT_UNAVAILABLE,reroute,slow_down,0.5,MODERATE_RISK_MANEUVER,False,1.5,False,3276.0,Baseline (reroute) disagrees with Laya (slow_down); Low Laya decision confidence (50.0% < 60%); High hazard severity score (1.5 >= 1.5)
POLARIS_SCENARIO_0232,65.0,HUMAN_REVIEW_REQUIRED,ESCORT_UNAVAILABLE,reroute,slow_down,0.5,MODERATE_RISK_MANEUVER,False,1.5,False,4118.0,Baseline (reroute) disagrees with Laya (slow_down); Low Laya decision confidence (50.0% < 60%); High hazard severity score (1.5 >= 1.5)
POLARIS_SCENARIO_0252,65.0,HUMAN_REVIEW_REQUIRED,ESCORT_UNAVAILABLE,reroute,slow_down,0.5,MODERATE_RISK_MANEUVER,False,1.5,False,2253.0,Baseline (reroute) disagrees with Laya (slow_down); Low Laya decision confidence (50.0% < 60%); High hazard severity score (1.5 >= 1.5)
POLARIS_SCENARIO_0272,65.0,HUMAN_REVIEW_REQUIRED,ESCORT_UNAVAILABLE,reroute,slow_down,0.5,MODERATE_RISK_MANEUVER,False,1.5,False,3195.0,Baseline (reroute) disagrees with Laya (slow_down); Low Laya decision confidence (50.0% < 60%); High hazard severity score (1.5 >= 1.5)
POLARIS_SCENARIO_0292,65.0,HUMAN_REVIEW_REQUIRED,ESCORT_UNAVAILABLE,reroute,slow_down,0.5,MODERATE_RISK_MANEUVER,False,1.5,False,4629.0,Baseline (reroute) disagrees with Laya (slow_down); Low Laya decision confidence (50.0% < 60%); High hazard severity score (1.5 >= 1.5)
POLARIS_SCENARIO_0312,65.0,HUMAN_REVIEW_REQUIRED,ESCORT_UNAVAILABLE,reroute,slow_down,0.5,MODERATE_RISK_MANEUVER,False,1.5,False,4113.0,Baseline (reroute) disagrees with Laya (slow_down); Low Laya decision confidence (50.0% < 60%); High hazard severity score (1.5 >= 1.5)
POLARIS_SCENARIO_0332,65.0,HUMAN_REVIEW_REQUIRED,ESCORT_UNAVAILABLE,reroute,slow_down,0.5,MODERATE_RISK_MANEUVER,False,1.5,False,4415.0,Baseline (reroute) disagrees with Laya (slow_down); Low Laya decision confidence (50.0% < 60%); High hazard severity score (1.5 >= 1.5)
POLARIS_SCENARIO_0352,65.0,HUMAN_REVIEW_REQUIRED,ESCORT_UNAVAILABLE,reroute,slow_down,0.5,MODERATE_RISK_MANEUVER,False,1.5,False,2517.0,Baseline (reroute) disagrees with Laya (slow_down); Low Laya decision confidence (50.0% < 60%); High hazard severity score (1.5 >= 1.5)
POLARIS_SCENARIO_0372,65.0,HUMAN_REVIEW_REQUIRED,ESCORT_UNAVAILABLE,reroute,slow_down,0.5,MODERATE_RISK_MANEUVER,False,1.5,False,3202.0,Baseline (reroute) disagrees with Laya (slow_down); Low Laya decision confidence (50.0% < 60%); High hazard severity score (1.5 >= 1.5)
POLARIS_SCENARIO_0392,65.0,HUMAN_REVIEW_REQUIRED,ESCORT_UNAVAILABLE,reroute,slow_down,0.5,MODERATE_RISK_MANEUVER,False,1.5,False,3881.0,Baseline (reroute) disagrees with Laya (slow_down); Low Laya decision confidence (50.0% < 60%); High hazard severity score (1.5 >= 1.5)
POLARIS_SCENARIO_0412,65.0,HUMAN_REVIEW_REQUIRED,ESCORT_UNAVAILABLE,reroute,slow_down,0.5,MODERATE_RISK_MANEUVER,False,1.5,False,3957.0,Baseline (reroute) disagrees with Laya (slow_down); Low Laya decision confidence (50.0% < 60%); High hazard severity score (1.5 >= 1.5)
POLARIS_SCENARIO_0432,65.0,HUMAN_REVIEW_REQUIRED,ESCORT_UNAVAILABLE,reroute,slow_down,0.5,MODERATE_RISK_MANEUVER,False,1.5,False,3400.0,Baseline (reroute) disagrees with Laya (slow_down); Low Laya decision confidence (50.0% < 60%); High hazard severity score (1.5 >= 1.5)
POLARIS_SCENARIO_0452,65.0,HUMAN_REVIEW_REQUIRED,ESCORT_UNAVAILABLE,reroute,slow_down,0.5,MODERATE_RISK_MANEUVER,False,1.5,False,2245.0,Baseline (reroute) disagrees with Laya (slow_down); Low Laya decision confidence (50.0% < 60%); High hazard severity score (1.5 >= 1.5)
POLARIS_SCENARIO_0472,65.0,HUMAN_REVIEW_REQUIRED,ESCORT_UNAVAILABLE,reroute,slow_down,0.5,MODERATE_RISK_MANEUVER,False,1.5,False,3946.0,Baseline (reroute) disagrees with Laya (slow_down); Low Laya decision confidence (50.0% < 60%); High hazard severity score (1.5 >= 1.5)
POLARIS_SCENARIO_0492,65.0,HUMAN_REVIEW_REQUIRED,ESCORT_UNAVAILABLE,reroute,slow_down,0.5,MODERATE_RISK_MANEUVER,False,1.5,False,4493.0,Baseline (reroute) disagrees with Laya (slow_down); Low Laya decision confidence (50.0% < 60%); High hazard severity score (1.5 >= 1.5)
POLARIS_SCENARIO_0006,60.0,HUMAN_REVIEW_REQUIRED,BLOCKED_ROUTE,reroute,reroute,0.55,REROUTE_SUCCESS,False,1.8,True,258.0,Low Laya decision confidence (55.0% < 60%); Route segment blocked by impenetrable ice/iceberg; High hazard severity score (1.8 >= 1.5); Iceberg within critical proximity envelope (258m < 300m)
POLARIS_SCENARIO_0014,60.0,HUMAN_REVIEW_REQUIRED,EMERGENCY,emergency_response,emergency_response,0.95,EMERGENCY_DISPATCH,False,2.0,False,3309.0,High-consequence maneuver category (emergency_response) requiring human review; Active emergency status / distress protocol; High hazard severity score (2.0 >= 1.5); High-consequence action 'emergency_response' mandates human watch officer review.
POLARIS_SCENARIO_0026,60.0,HUMAN_REVIEW_REQUIRED,BLOCKED_ROUTE,reroute,reroute,0.55,REROUTE_SUCCESS,False,1.8,True,248.0,Low Laya decision confidence (55.0% < 60%); Route segment blocked by impenetrable ice/iceberg; High hazard severity score (1.8 >= 1.5); Iceberg within critical proximity envelope (248m < 300m)
POLARIS_SCENARIO_0034,60.0,HUMAN_REVIEW_REQUIRED,EMERGENCY,emergency_response,emergency_response,0.95,EMERGENCY_DISPATCH,False,2.0,False,3923.0,High-consequence maneuver category (emergency_response) requiring human review; Active emergency status / distress protocol; High hazard severity score (2.0 >= 1.5); High-consequence action 'emergency_response' mandates human watch officer review.
POLARIS_SCENARIO_0046,60.0,HUMAN_REVIEW_REQUIRED,BLOCKED_ROUTE,reroute,reroute,0.55,REROUTE_SUCCESS,False,1.8,True,186.0,Low Laya decision confidence (55.0% < 60%); Route segment blocked by impenetrable ice/iceberg; High hazard severity score (1.8 >= 1.5); Iceberg within critical proximity envelope (186m < 300m)
POLARIS_SCENARIO_0054,60.0,HUMAN_REVIEW_REQUIRED,EMERGENCY,emergency_response,emergency_response,0.95,EMERGENCY_DISPATCH,False,2.0,False,2509.0,High-consequence maneuver category (emergency_response) requiring human review; Active emergency status / distress protocol; High hazard severity score (2.0 >= 1.5); High-consequence action 'emergency_response' mandates human watch officer review.
POLARIS_SCENARIO_0066,60.0,HUMAN_REVIEW_REQUIRED,BLOCKED_ROUTE,reroute,reroute,0.55,REROUTE_SUCCESS,False,1.8,True,244.0,Low Laya decision confidence (55.0% < 60%); Route segment blocked by impenetrable ice/iceberg; High hazard severity score (1.8 >= 1.5); Iceberg within critical proximity envelope (244m < 300m)
POLARIS_SCENARIO_0074,60.0,HUMAN_REVIEW_REQUIRED,EMERGENCY,emergency_response,emergency_response,0.95,EMERGENCY_DISPATCH,False,2.0,False,2758.0,High-consequence maneuver category (emergency_response) requiring human review; Active emergency status / distress protocol; High hazard severity score (2.0 >= 1.5); High-consequence action 'emergency_response' mandates human watch officer review.
POLARIS_SCENARIO_0086,60.0,HUMAN_REVIEW_REQUIRED,BLOCKED_ROUTE,reroute,reroute,0.55,REROUTE_SUCCESS,False,1.8,True,228.0,Low Laya decision confidence (55.0% < 60%); Route segment blocked by impenetrable ice/iceberg; High hazard severity score (1.8 >= 1.5); Iceberg within critical proximity envelope (228m < 300m)
POLARIS_SCENARIO_0094,60.0,HUMAN_REVIEW_REQUIRED,EMERGENCY,emergency_response,emergency_response,0.95,EMERGENCY_DISPATCH,False,2.0,False,2113.0,High-consequence maneuver category (emergency_response) requiring human review; Active emergency status / distress protocol; High hazard severity score (2.0 >= 1.5); High-consequence action 'emergency_response' mandates human watch officer review.
POLARIS_SCENARIO_0106,60.0,HUMAN_REVIEW_REQUIRED,BLOCKED_ROUTE,reroute,reroute,0.55,REROUTE_SUCCESS,False,1.8,True,179.0,Low Laya decision confidence (55.0% < 60%); Route segment blocked by impenetrable ice/iceberg; High hazard severity score (1.8 >= 1.5); Iceberg within critical proximity envelope (179m < 300m)
POLARIS_SCENARIO_0114,60.0,HUMAN_REVIEW_REQUIRED,EMERGENCY,emergency_response,emergency_response,0.95,EMERGENCY_DISPATCH,False,2.0,False,3731.0,High-consequence maneuver category (emergency_response) requiring human review; Active emergency status / distress protocol; High hazard severity score (2.0 >= 1.5); High-consequence action 'emergency_response' mandates human watch officer review.
POLARIS_SCENARIO_0126,60.0,HUMAN_REVIEW_REQUIRED,BLOCKED_ROUTE,reroute,reroute,0.55,REROUTE_SUCCESS,False,1.8,True,196.0,Low Laya decision confidence (55.0% < 60%); Route segment blocked by impenetrable ice/iceberg; High hazard severity score (1.8 >= 1.5); Iceberg within critical proximity envelope (196m < 300m)
POLARIS_SCENARIO_0134,60.0,HUMAN_REVIEW_REQUIRED,EMERGENCY,emergency_response,emergency_response,0.95,EMERGENCY_DISPATCH,False,2.0,False,3012.0,High-consequence maneuver category (emergency_response) requiring human review; Active emergency status / distress protocol; High hazard severity score (2.0 >= 1.5); High-consequence action 'emergency_response' mandates human watch officer review.
POLARIS_SCENARIO_0146,60.0,HUMAN_REVIEW_REQUIRED,BLOCKED_ROUTE,reroute,reroute,0.55,REROUTE_SUCCESS,False,1.8,True,164.0,Low Laya decision confidence (55.0% < 60%); Route segment blocked by impenetrable ice/iceberg; High hazard severity score (1.8 >= 1.5); Iceberg within critical proximity envelope (164m < 300m)
POLARIS_SCENARIO_0154,60.0,HUMAN_REVIEW_REQUIRED,EMERGENCY,emergency_response,emergency_response,0.95,EMERGENCY_DISPATCH,False,2.0,False,4225.0,High-consequence maneuver category (emergency_response) requiring human review; Active emergency status / distress protocol; High hazard severity score (2.0 >= 1.5); High-consequence action 'emergency_response' mandates human watch officer review.
POLARIS_SCENARIO_0166,60.0,HUMAN_REVIEW_REQUIRED,BLOCKED_ROUTE,reroute,reroute,0.55,REROUTE_SUCCESS,False,1.8,True,244.0,Low Laya decision confidence (55.0% < 60%); Route segment blocked by impenetrable ice/iceberg; High hazard severity score (1.8 >= 1.5); Iceberg within critical proximity envelope (244m < 300m)
POLARIS_SCENARIO_0174,60.0,HUMAN_REVIEW_REQUIRED,EMERGENCY,emergency_response,emergency_response,0.95,EMERGENCY_DISPATCH,False,2.0,False,4125.0,High-consequence maneuver category (emergency_response) requiring human review; Active emergency status / distress protocol; High hazard severity score (2.0 >= 1.5); High-consequence action 'emergency_response' mandates human watch officer review.
POLARIS_SCENARIO_0186,60.0,HUMAN_REVIEW_REQUIRED,BLOCKED_ROUTE,reroute,reroute,0.55,REROUTE_SUCCESS,False,1.8,True,203.0,Low Laya decision confidence (55.0% < 60%); Route segment blocked by impenetrable ice/iceberg; High hazard severity score (1.8 >= 1.5); Iceberg within critical proximity envelope (203m < 300m)
POLARIS_SCENARIO_0194,60.0,HUMAN_REVIEW_REQUIRED,EMERGENCY,emergency_response,emergency_response,0.95,EMERGENCY_DISPATCH,False,2.0,False,3254.0,High-consequence maneuver category (emergency_response) requiring human review; Active emergency status / distress protocol; High hazard severity score (2.0 >= 1.5); High-consequence action 'emergency_response' mandates human watch officer review.
POLARIS_SCENARIO_0206,60.0,HUMAN_REVIEW_REQUIRED,BLOCKED_ROUTE,reroute,reroute,0.55,REROUTE_SUCCESS,False,1.8,True,260.0,Low Laya decision confidence (55.0% < 60%); Route segment blocked by impenetrable ice/iceberg; High hazard severity score (1.8 >= 1.5); Iceberg within critical proximity envelope (260m < 300m)
POLARIS_SCENARIO_0214,60.0,HUMAN_REVIEW_REQUIRED,EMERGENCY,emergency_response,emergency_response,0.95,EMERGENCY_DISPATCH,False,2.0,False,3055.0,High-consequence maneuver category (emergency_response) requiring human review; Active emergency status / distress protocol; High hazard severity score (2.0 >= 1.5); High-consequence action 'emergency_response' mandates human watch officer review.
POLARIS_SCENARIO_0226,60.0,HUMAN_REVIEW_REQUIRED,BLOCKED_ROUTE,reroute,reroute,0.55,REROUTE_SUCCESS,False,1.8,True,178.0,Low Laya decision confidence (55.0% < 60%); Route segment blocked by impenetrable ice/iceberg; High hazard severity score (1.8 >= 1.5); Iceberg within critical proximity envelope (178m < 300m)
POLARIS_SCENARIO_0234,60.0,HUMAN_REVIEW_REQUIRED,EMERGENCY,emergency_response,emergency_response,0.95,EMERGENCY_DISPATCH,False,2.0,False,4632.0,High-consequence maneuver category (emergency_response) requiring human review; Active emergency status / distress protocol; High hazard severity score (2.0 >= 1.5); High-consequence action 'emergency_response' mandates human watch officer review.
POLARIS_SCENARIO_0246,60.0,HUMAN_REVIEW_REQUIRED,BLOCKED_ROUTE,reroute,reroute,0.55,REROUTE_SUCCESS,False,1.8,True,240.0,Low Laya decision confidence (55.0% < 60%); Route segment blocked by impenetrable ice/iceberg; High hazard severity score (1.8 >= 1.5); Iceberg within critical proximity envelope (240m < 300m)
POLARIS_SCENARIO_0254,60.0,HUMAN_REVIEW_REQUIRED,EMERGENCY,emergency_response,emergency_response,0.95,EMERGENCY_DISPATCH,False,2.0,False,4946.0,High-consequence maneuver category (emergency_response) requiring human review; Active emergency status / distress protocol; High hazard severity score (2.0 >= 1.5); High-consequence action 'emergency_response' mandates human watch officer review.
POLARIS_SCENARIO_0266,60.0,HUMAN_REVIEW_REQUIRED,BLOCKED_ROUTE,reroute,reroute,0.55,REROUTE_SUCCESS,False,1.8,True,228.0,Low Laya decision confidence (55.0% < 60%); Route segment blocked by impenetrable ice/iceberg; High hazard severity score (1.8 >= 1.5); Iceberg within critical proximity envelope (228m < 300m)
POLARIS_SCENARIO_0274,60.0,HUMAN_REVIEW_REQUIRED,EMERGENCY,emergency_response,emergency_response,0.95,EMERGENCY_DISPATCH,False,2.0,False,3468.0,High-consequence maneuver category (emergency_response) requiring human review; Active emergency status / distress protocol; High hazard severity score (2.0 >= 1.5); High-consequence action 'emergency_response' mandates human watch officer review.
POLARIS_SCENARIO_0286,60.0,HUMAN_REVIEW_REQUIRED,BLOCKED_ROUTE,reroute,reroute,0.55,REROUTE_SUCCESS,False,1.8,True,166.0,Low Laya decision confidence (55.0% < 60%); Route segment blocked by impenetrable ice/iceberg; High hazard severity score (1.8 >= 1.5); Iceberg within critical proximity envelope (166m < 300m)
POLARIS_SCENARIO_0294,60.0,HUMAN_REVIEW_REQUIRED,EMERGENCY,emergency_response,emergency_response,0.95,EMERGENCY_DISPATCH,False,2.0,False,3181.0,High-consequence maneuver category (emergency_response) requiring human review; Active emergency status / distress protocol; High hazard severity score (2.0 >= 1.5); High-consequence action 'emergency_response' mandates human watch officer review.
POLARIS_SCENARIO_0306,60.0,HUMAN_REVIEW_REQUIRED,BLOCKED_ROUTE,reroute,reroute,0.55,REROUTE_SUCCESS,False,1.8,True,222.0,Low Laya decision confidence (55.0% < 60%); Route segment blocked by impenetrable ice/iceberg; High hazard severity score (1.8 >= 1.5); Iceberg within critical proximity envelope (222m < 300m)
POLARIS_SCENARIO_0314,60.0,HUMAN_REVIEW_REQUIRED,EMERGENCY,emergency_response,emergency_response,0.95,EMERGENCY_DISPATCH,False,2.0,False,3319.0,High-consequence maneuver category (emergency_response) requiring human review; Active emergency status / distress protocol; High hazard severity score (2.0 >= 1.5); High-consequence action 'emergency_response' mandates human watch officer review.
POLARIS_SCENARIO_0326,60.0,HUMAN_REVIEW_REQUIRED,BLOCKED_ROUTE,reroute,reroute,0.55,REROUTE_SUCCESS,False,1.8,True,210.0,Low Laya decision confidence (55.0% < 60%); Route segment blocked by impenetrable ice/iceberg; High hazard severity score (1.8 >= 1.5); Iceberg within critical proximity envelope (210m < 300m)
POLARIS_SCENARIO_0334,60.0,HUMAN_REVIEW_REQUIRED,EMERGENCY,emergency_response,emergency_response,0.95,EMERGENCY_DISPATCH,False,2.0,False,3587.0,High-consequence maneuver category (emergency_response) requiring human review; Active emergency status / distress protocol; High hazard severity score (2.0 >= 1.5); High-consequence action 'emergency_response' mandates human watch officer review.
POLARIS_SCENARIO_0346,60.0,HUMAN_REVIEW_REQUIRED,BLOCKED_ROUTE,reroute,reroute,0.55,REROUTE_SUCCESS,False,1.8,True,206.0,Low Laya decision confidence (55.0% < 60%); Route segment blocked by impenetrable ice/iceberg; High hazard severity score (1.8 >= 1.5); Iceberg within critical proximity envelope (206m < 300m)
POLARIS_SCENARIO_0354,60.0,HUMAN_REVIEW_REQUIRED,EMERGENCY,emergency_response,emergency_response,0.95,EMERGENCY_DISPATCH,False,2.0,False,3280.0,High-consequence maneuver category (emergency_response) requiring human review; Active emergency status / distress protocol; High hazard severity score (2.0 >= 1.5); High-consequence action 'emergency_response' mandates human watch officer review.
POLARIS_SCENARIO_0366,60.0,HUMAN_REVIEW_REQUIRED,BLOCKED_ROUTE,reroute,reroute,0.55,REROUTE_SUCCESS,False,1.8,True,248.0,Low Laya decision confidence (55.0% < 60%); Route segment blocked by impenetrable ice/iceberg; High hazard severity score (1.8 >= 1.5); Iceberg within critical proximity envelope (248m < 300m)
POLARIS_SCENARIO_0374,60.0,HUMAN_REVIEW_REQUIRED,EMERGENCY,emergency_response,emergency_response,0.95,EMERGENCY_DISPATCH,False,2.0,False,2504.0,High-consequence maneuver category (emergency_response) requiring human review; Active emergency status / distress protocol; High hazard severity score (2.0 >= 1.5); High-consequence action 'emergency_response' mandates human watch officer review.
POLARIS_SCENARIO_0386,60.0,HUMAN_REVIEW_REQUIRED,BLOCKED_ROUTE,reroute,reroute,0.55,REROUTE_SUCCESS,False,1.8,True,269.0,Low Laya decision confidence (55.0% < 60%); Route segment blocked by impenetrable ice/iceberg; High hazard severity score (1.8 >= 1.5); Iceberg within critical proximity envelope (269m < 300m)
POLARIS_SCENARIO_0394,60.0,HUMAN_REVIEW_REQUIRED,EMERGENCY,emergency_response,emergency_response,0.95,EMERGENCY_DISPATCH,False,2.0,False,4024.0,High-consequence maneuver category (emergency_response) requiring human review; Active emergency status / distress protocol; High hazard severity score (2.0 >= 1.5); High-consequence action 'emergency_response' mandates human watch officer review.
POLARIS_SCENARIO_0406,60.0,HUMAN_REVIEW_REQUIRED,BLOCKED_ROUTE,reroute,reroute,0.55,REROUTE_SUCCESS,False,1.8,True,181.0,Low Laya decision confidence (55.0% < 60%); Route segment blocked by impenetrable ice/iceberg; High hazard severity score (1.8 >= 1.5); Iceberg within critical proximity envelope (181m < 300m)
POLARIS_SCENARIO_0414,60.0,HUMAN_REVIEW_REQUIRED,EMERGENCY,emergency_response,emergency_response,0.95,EMERGENCY_DISPATCH,False,2.0,False,3321.0,High-consequence maneuver category (emergency_response) requiring human review; Active emergency status / distress protocol; High hazard severity score (2.0 >= 1.5); High-consequence action 'emergency_response' mandates human watch officer review.
POLARIS_SCENARIO_0426,60.0,HUMAN_REVIEW_REQUIRED,BLOCKED_ROUTE,reroute,reroute,0.55,REROUTE_SUCCESS,False,1.8,True,151.0,Low Laya decision confidence (55.0% < 60%); Route segment blocked by impenetrable ice/iceberg; High hazard severity score (1.8 >= 1.5); Iceberg within critical proximity envelope (151m < 300m)
POLARIS_SCENARIO_0434,60.0,HUMAN_REVIEW_REQUIRED,EMERGENCY,emergency_response,emergency_response,0.95,EMERGENCY_DISPATCH,False,2.0,False,3880.0,High-consequence maneuver category (emergency_response) requiring human review; Active emergency status / distress protocol; High hazard severity score (2.0 >= 1.5); High-consequence action 'emergency_response' mandates human watch officer review.
POLARIS_SCENARIO_0446,60.0,HUMAN_REVIEW_REQUIRED,BLOCKED_ROUTE,reroute,reroute,0.55,REROUTE_SUCCESS,False,1.8,True,176.0,Low Laya decision confidence (55.0% < 60%); Route segment blocked by impenetrable ice/iceberg; High hazard severity score (1.8 >= 1.5); Iceberg within critical proximity envelope (176m < 300m)
POLARIS_SCENARIO_0454,60.0,HUMAN_REVIEW_REQUIRED,EMERGENCY,emergency_response,emergency_response,0.95,EMERGENCY_DISPATCH,False,2.0,False,4446.0,High-consequence maneuver category (emergency_response) requiring human review; Active emergency status / distress protocol; High hazard severity score (2.0 >= 1.5); High-consequence action 'emergency_response' mandates human watch officer review.
POLARIS_SCENARIO_0466,60.0,HUMAN_REVIEW_REQUIRED,BLOCKED_ROUTE,reroute,reroute,0.55,REROUTE_SUCCESS,False,1.8,True,236.0,Low Laya decision confidence (55.0% < 60%); Route segment blocked by impenetrable ice/iceberg; High hazard severity score (1.8 >= 1.5); Iceberg within critical proximity envelope (236m < 300m)
POLARIS_SCENARIO_0474,60.0,HUMAN_REVIEW_REQUIRED,EMERGENCY,emergency_response,emergency_response,0.95,EMERGENCY_DISPATCH,False,2.0,False,2506.0,High-consequence maneuver category (emergency_response) requiring human review; Active emergency status / distress protocol; High hazard severity score (2.0 >= 1.5); High-consequence action 'emergency_response' mandates human watch officer review.
POLARIS_SCENARIO_0486,60.0,HUMAN_REVIEW_REQUIRED,BLOCKED_ROUTE,reroute,reroute,0.55,REROUTE_SUCCESS,False,1.8,True,161.0,Low Laya decision confidence (55.0% < 60%); Route segment blocked by impenetrable ice/iceberg; High hazard severity score (1.8 >= 1.5); Iceberg within critical proximity envelope (161m < 300m)
POLARIS_SCENARIO_0494,60.0,HUMAN_REVIEW_REQUIRED,EMERGENCY,emergency_response,emergency_response,0.95,EMERGENCY_DISPATCH,False,2.0,False,3937.0,High-consequence maneuver category (emergency_response) requiring human review; Active emergency status / distress protocol; High hazard severity score (2.0 >= 1.5); High-consequence action 'emergency_response' mandates human watch officer review.
POLARIS_SCENARIO_0015,55.0,HUMAN_REVIEW_REQUIRED,MULTIPLE_HAZARDS,slow_down,continue,0.75,MODERATE_RISK_MANEUVER,False,1.5,False,444.0,Baseline (slow_down) disagrees with Laya (continue); High hazard severity score (1.5 >= 1.5); Poor visibility / fog conditions (0.8 NM < 1.0 NM)
POLARIS_SCENARIO_0017,55.0,AMBIGUOUS,LOW_CONFIDENCE,slow_down,continue,0.75,MODERATE_RISK_MANEUVER,False,1.5,False,344.0,Baseline (slow_down) disagrees with Laya (continue); High hazard severity score (1.5 >= 1.5); Poor visibility / fog conditions (0.5 NM < 1.0 NM); Intentionally ambiguous/conflicting scenario family.
POLARIS_SCENARIO_0036,55.0,AMBIGUOUS,CONFLICTING_AMBIGUOUS,slow_down,slow_down,0.45,PRECAUTIONARY_SLOWDOWN,False,1.5,False,299.0,Low Laya decision confidence (45.0% < 60%); High hazard severity score (1.5 >= 1.5); Iceberg within critical proximity envelope (299m < 300m); Poor visibility / fog conditions (0.8 NM < 1.0 NM); Intentionally ambiguous/conflicting scenario family.
POLARIS_SCENARIO_0055,55.0,HUMAN_REVIEW_REQUIRED,MULTIPLE_HAZARDS,slow_down,continue,0.75,MODERATE_RISK_MANEUVER,False,1.5,False,386.0,Baseline (slow_down) disagrees with Laya (continue); High hazard severity score (1.5 >= 1.5); Poor visibility / fog conditions (0.6 NM < 1.0 NM)
POLARIS_SCENARIO_0057,55.0,AMBIGUOUS,LOW_CONFIDENCE,slow_down,continue,0.75,MODERATE_RISK_MANEUVER,False,1.5,False,385.0,Baseline (slow_down) disagrees with Laya (continue); High hazard severity score (1.5 >= 1.5); Poor visibility / fog conditions (0.9 NM < 1.0 NM); Intentionally ambiguous/conflicting scenario family.
POLARIS_SCENARIO_0097,55.0,AMBIGUOUS,LOW_CONFIDENCE,slow_down,continue,0.75,MODERATE_RISK_MANEUVER,False,1.5,False,304.0,Baseline (slow_down) disagrees with Laya (continue); High hazard severity score (1.5 >= 1.5); Poor visibility / fog conditions (0.9 NM < 1.0 NM); Intentionally ambiguous/conflicting scenario family.
POLARIS_SCENARIO_0176,55.0,AMBIGUOUS,CONFLICTING_AMBIGUOUS,slow_down,continue,0.75,MODERATE_RISK_MANEUVER,False,1.5,False,306.0,Baseline (slow_down) disagrees with Laya (continue); High hazard severity score (1.5 >= 1.5); Poor visibility / fog conditions (0.7 NM < 1.0 NM); Intentionally ambiguous/conflicting scenario family.
POLARIS_SCENARIO_0184,55.0,HUMAN_REVIEW_REQUIRED,HEAVY_ICE,request_escort,continue,0.75,MODERATE_RISK_MANEUVER,False,1.4,False,3652.0,Baseline (request_escort) disagrees with Laya (continue); High-consequence maneuver category (request_escort) requiring human review; High-consequence action 'request_escort' mandates human watch officer review.
POLARIS_SCENARIO_0224,55.0,HUMAN_REVIEW_REQUIRED,HEAVY_ICE,request_escort,continue,0.75,MODERATE_RISK_MANEUVER,False,1.4,False,4215.0,Baseline (request_escort) disagrees with Laya (continue); High-consequence maneuver category (request_escort) requiring human review; High-consequence action 'request_escort' mandates human watch officer review.
POLARIS_SCENARIO_0236,55.0,AMBIGUOUS,CONFLICTING_AMBIGUOUS,slow_down,slow_down,0.45,PRECAUTIONARY_SLOWDOWN,False,1.5,False,293.0,Low Laya decision confidence (45.0% < 60%); High hazard severity score (1.5 >= 1.5); Iceberg within critical proximity envelope (293m < 300m); Poor visibility / fog conditions (0.8 NM < 1.0 NM); Intentionally ambiguous/conflicting scenario family.
POLARIS_SCENARIO_0237,55.0,AMBIGUOUS,LOW_CONFIDENCE,slow_down,slow_down,0.45,PRECAUTIONARY_SLOWDOWN,False,1.5,False,285.0,Low Laya decision confidence (45.0% < 60%); High hazard severity score (1.5 >= 1.5); Iceberg within critical proximity envelope (285m < 300m); Poor visibility / fog conditions (0.5 NM < 1.0 NM); Intentionally ambiguous/conflicting scenario family.
POLARIS_SCENARIO_0336,55.0,AMBIGUOUS,CONFLICTING_AMBIGUOUS,slow_down,slow_down,0.45,PRECAUTIONARY_SLOWDOWN,False,1.5,False,282.0,Low Laya decision confidence (45.0% < 60%); High hazard severity score (1.5 >= 1.5); Iceberg within critical proximity envelope (282m < 300m); Poor visibility / fog conditions (0.5 NM < 1.0 NM); Intentionally ambiguous/conflicting scenario family.
POLARIS_SCENARIO_0376,55.0,AMBIGUOUS,CONFLICTING_AMBIGUOUS,slow_down,slow_down,0.45,MODERATE_RISK_MANEUVER,False,1.5,False,293.0,Low Laya decision confidence (45.0% < 60%); High hazard severity score (1.5 >= 1.5); Iceberg within critical proximity envelope (293m < 300m); Poor visibility / fog conditions (0.8 NM < 1.0 NM); Intentionally ambiguous/conflicting scenario family.
POLARIS_SCENARIO_0395,55.0,HUMAN_REVIEW_REQUIRED,MULTIPLE_HAZARDS,slow_down,continue,0.75,MODERATE_RISK_MANEUVER,False,1.5,False,434.0,Baseline (slow_down) disagrees with Laya (continue); High hazard severity score (1.5 >= 1.5); Poor visibility / fog conditions (0.8 NM < 1.0 NM)
POLARIS_SCENARIO_0436,55.0,AMBIGUOUS,CONFLICTING_AMBIGUOUS,slow_down,slow_down,0.45,PRECAUTIONARY_SLOWDOWN,False,1.5,False,284.0,Low Laya decision confidence (45.0% < 60%); High hazard severity score (1.5 >= 1.5); Iceberg within critical proximity envelope (284m < 300m); Poor visibility / fog conditions (0.8 NM < 1.0 NM); Intentionally ambiguous/conflicting scenario family.
POLARIS_SCENARIO_0457,55.0,AMBIGUOUS,LOW_CONFIDENCE,slow_down,continue,0.75,MODERATE_RISK_MANEUVER,False,1.5,False,470.0,Baseline (slow_down) disagrees with Laya (continue); High hazard severity score (1.5 >= 1.5); Poor visibility / fog conditions (0.9 NM < 1.0 NM); Intentionally ambiguous/conflicting scenario family.
POLARIS_SCENARIO_0495,55.0,HUMAN_REVIEW_REQUIRED,MULTIPLE_HAZARDS,slow_down,continue,0.75,MODERATE_RISK_MANEUVER,False,1.5,False,490.0,Baseline (slow_down) disagrees with Laya (continue); High hazard severity score (1.5 >= 1.5); Poor visibility / fog conditions (0.7 NM < 1.0 NM)
POLARIS_SCENARIO_0004,50.0,HUMAN_REVIEW_REQUIRED,HEAVY_ICE,reroute,slow_down,0.5,MODERATE_RISK_MANEUVER,False,1.4,False,3508.0,Baseline (reroute) disagrees with Laya (slow_down); Low Laya decision confidence (50.0% < 60%)
POLARIS_SCENARIO_0024,50.0,HUMAN_REVIEW_REQUIRED,HEAVY_ICE,reroute,slow_down,0.5,MODERATE_RISK_MANEUVER,False,1.4,False,2310.0,Baseline (reroute) disagrees with Laya (slow_down); Low Laya decision confidence (50.0% < 60%)
POLARIS_SCENARIO_0044,50.0,HUMAN_REVIEW_REQUIRED,HEAVY_ICE,reroute,slow_down,0.5,MODERATE_RISK_MANEUVER,False,1.4,False,2633.0,Baseline (reroute) disagrees with Laya (slow_down); Low Laya decision confidence (50.0% < 60%)
POLARIS_SCENARIO_0064,50.0,HUMAN_REVIEW_REQUIRED,HEAVY_ICE,reroute,slow_down,0.5,MODERATE_RISK_MANEUVER,False,1.4,False,2549.0,Baseline (reroute) disagrees with Laya (slow_down); Low Laya decision confidence (50.0% < 60%)
POLARIS_SCENARIO_0104,50.0,HUMAN_REVIEW_REQUIRED,HEAVY_ICE,reroute,slow_down,0.5,MODERATE_RISK_MANEUVER,False,1.4,False,3858.0,Baseline (reroute) disagrees with Laya (slow_down); Low Laya decision confidence (50.0% < 60%)
POLARIS_SCENARIO_0164,50.0,HUMAN_REVIEW_REQUIRED,HEAVY_ICE,reroute,slow_down,0.5,MODERATE_RISK_MANEUVER,False,1.4,False,3747.0,Baseline (reroute) disagrees with Laya (slow_down); Low Laya decision confidence (50.0% < 60%)
POLARIS_SCENARIO_0204,50.0,HUMAN_REVIEW_REQUIRED,HEAVY_ICE,reroute,slow_down,0.5,MODERATE_RISK_MANEUVER,False,1.4,False,3554.0,Baseline (reroute) disagrees with Laya (slow_down); Low Laya decision confidence (50.0% < 60%)
POLARIS_SCENARIO_0244,50.0,HUMAN_REVIEW_REQUIRED,HEAVY_ICE,reroute,slow_down,0.5,MODERATE_RISK_MANEUVER,False,1.4,False,4326.0,Baseline (reroute) disagrees with Laya (slow_down); Low Laya decision confidence (50.0% < 60%)
POLARIS_SCENARIO_0324,50.0,HUMAN_REVIEW_REQUIRED,HEAVY_ICE,reroute,slow_down,0.5,MODERATE_RISK_MANEUVER,False,1.4,False,3634.0,Baseline (reroute) disagrees with Laya (slow_down); Low Laya decision confidence (50.0% < 60%)
POLARIS_SCENARIO_0384,50.0,HUMAN_REVIEW_REQUIRED,HEAVY_ICE,reroute,slow_down,0.5,MODERATE_RISK_MANEUVER,False,1.4,False,4793.0,Baseline (reroute) disagrees with Laya (slow_down); Low Laya decision confidence (50.0% < 60%)
POLARIS_SCENARIO_0404,50.0,HUMAN_REVIEW_REQUIRED,HEAVY_ICE,reroute,slow_down,0.5,MODERATE_RISK_MANEUVER,False,1.4,False,3537.0,Baseline (reroute) disagrees with Laya (slow_down); Low Laya decision confidence (50.0% < 60%)
POLARIS_SCENARIO_0424,50.0,HUMAN_REVIEW_REQUIRED,HEAVY_ICE,reroute,slow_down,0.5,MODERATE_RISK_MANEUVER,False,1.4,False,2735.0,Baseline (reroute) disagrees with Laya (slow_down); Low Laya decision confidence (50.0% < 60%)
POLARIS_SCENARIO_0444,50.0,HUMAN_REVIEW_REQUIRED,HEAVY_ICE,reroute,slow_down,0.5,MODERATE_RISK_MANEUVER,False,1.4,False,4315.0,Baseline (reroute) disagrees with Laya (slow_down); Low Laya decision confidence (50.0% < 60%)
POLARIS_SCENARIO_0484,50.0,HUMAN_REVIEW_REQUIRED,HEAVY_ICE,reroute,slow_down,0.5,MODERATE_RISK_MANEUVER,False,1.4,False,2518.0,Baseline (reroute) disagrees with Laya (slow_down); Low Laya decision confidence (50.0% < 60%)
POLARIS_SCENARIO_0035,45.0,HUMAN_REVIEW_REQUIRED,MULTIPLE_HAZARDS,slow_down,continue,0.75,MODERATE_RISK_MANEUVER,False,1.5,False,450.0,Baseline (slow_down) disagrees with Laya (continue); High hazard severity score (1.5 >= 1.5)
POLARIS_SCENARIO_0037,45.0,AMBIGUOUS,LOW_CONFIDENCE,slow_down,slow_down,0.5,PRECAUTIONARY_SLOWDOWN,False,1.5,False,471.0,Low Laya decision confidence (50.0% < 60%); High hazard severity score (1.5 >= 1.5); Poor visibility / fog conditions (0.8 NM < 1.0 NM); Intentionally ambiguous/conflicting scenario family.
POLARIS_SCENARIO_0056,45.0,AMBIGUOUS,CONFLICTING_AMBIGUOUS,slow_down,continue,0.75,MODERATE_RISK_MANEUVER,False,1.5,False,434.0,Baseline (slow_down) disagrees with Laya (continue); High hazard severity score (1.5 >= 1.5); Intentionally ambiguous/conflicting scenario family.
POLARIS_SCENARIO_0075,45.0,HUMAN_REVIEW_REQUIRED,MULTIPLE_HAZARDS,slow_down,slow_down,0.5,PRECAUTIONARY_SLOWDOWN,False,1.5,False,385.0,Low Laya decision confidence (50.0% < 60%); High hazard severity score (1.5 >= 1.5); Poor visibility / fog conditions (0.9 NM < 1.0 NM)
POLARIS_SCENARIO_0076,45.0,AMBIGUOUS,CONFLICTING_AMBIGUOUS,slow_down,slow_down,0.45,PRECAUTIONARY_SLOWDOWN,False,1.5,False,281.0,Low Laya decision confidence (45.0% < 60%); High hazard severity score (1.5 >= 1.5); Iceberg within critical proximity envelope (281m < 300m); Intentionally ambiguous/conflicting scenario family.
POLARIS_SCENARIO_0077,45.0,AMBIGUOUS,LOW_CONFIDENCE,slow_down,continue,0.75,MODERATE_RISK_MANEUVER,False,1.5,False,383.0,Baseline (slow_down) disagrees with Laya (continue); High hazard severity score (1.5 >= 1.5); Intentionally ambiguous/conflicting scenario family.
POLARIS_SCENARIO_0115,45.0,HUMAN_REVIEW_REQUIRED,MULTIPLE_HAZARDS,slow_down,slow_down,0.5,PRECAUTIONARY_SLOWDOWN,False,1.5,False,318.0,Low Laya decision confidence (50.0% < 60%); High hazard severity score (1.5 >= 1.5); Poor visibility / fog conditions (0.7 NM < 1.0 NM)
POLARIS_SCENARIO_0117,45.0,AMBIGUOUS,LOW_CONFIDENCE,slow_down,slow_down,0.5,PRECAUTIONARY_SLOWDOWN,False,1.5,False,452.0,Low Laya decision confidence (50.0% < 60%); High hazard severity score (1.5 >= 1.5); Poor visibility / fog conditions (0.6 NM < 1.0 NM); Intentionally ambiguous/conflicting scenario family.
POLARIS_SCENARIO_0135,45.0,HUMAN_REVIEW_REQUIRED,MULTIPLE_HAZARDS,slow_down,slow_down,0.5,PRECAUTIONARY_SLOWDOWN,False,1.5,False,314.0,Low Laya decision confidence (50.0% < 60%); High hazard severity score (1.5 >= 1.5); Poor visibility / fog conditions (0.6 NM < 1.0 NM)
POLARIS_SCENARIO_0136,45.0,AMBIGUOUS,CONFLICTING_AMBIGUOUS,slow_down,slow_down,0.5,PRECAUTIONARY_SLOWDOWN,False,1.5,False,491.0,Low Laya decision confidence (50.0% < 60%); High hazard severity score (1.5 >= 1.5); Poor visibility / fog conditions (0.7 NM < 1.0 NM); Intentionally ambiguous/conflicting scenario family.
POLARIS_SCENARIO_0137,45.0,AMBIGUOUS,LOW_CONFIDENCE,slow_down,continue,0.75,MODERATE_RISK_MANEUVER,False,1.5,False,347.0,Baseline (slow_down) disagrees with Laya (continue); High hazard severity score (1.5 >= 1.5); Intentionally ambiguous/conflicting scenario family.
POLARIS_SCENARIO_0155,45.0,HUMAN_REVIEW_REQUIRED,MULTIPLE_HAZARDS,slow_down,slow_down,0.5,PRECAUTIONARY_SLOWDOWN,False,1.5,False,497.0,Low Laya decision confidence (50.0% < 60%); High hazard severity score (1.5 >= 1.5); Poor visibility / fog conditions (0.8 NM < 1.0 NM)
POLARIS_SCENARIO_0177,45.0,AMBIGUOUS,LOW_CONFIDENCE,slow_down,slow_down,0.5,PRECAUTIONARY_SLOWDOWN,False,1.5,False,325.0,Low Laya decision confidence (50.0% < 60%); High hazard severity score (1.5 >= 1.5); Poor visibility / fog conditions (0.8 NM < 1.0 NM); Intentionally ambiguous/conflicting scenario family.
POLARIS_SCENARIO_0196,45.0,AMBIGUOUS,CONFLICTING_AMBIGUOUS,slow_down,slow_down,0.5,PRECAUTIONARY_SLOWDOWN,False,1.5,False,381.0,Low Laya decision confidence (50.0% < 60%); High hazard severity score (1.5 >= 1.5); Poor visibility / fog conditions (0.6 NM < 1.0 NM); Intentionally ambiguous/conflicting scenario family.
POLARIS_SCENARIO_0197,45.0,AMBIGUOUS,LOW_CONFIDENCE,slow_down,continue,0.75,MODERATE_RISK_MANEUVER,False,1.5,False,463.0,Baseline (slow_down) disagrees with Laya (continue); High hazard severity score (1.5 >= 1.5); Intentionally ambiguous/conflicting scenario family.
POLARIS_SCENARIO_0215,45.0,HUMAN_REVIEW_REQUIRED,MULTIPLE_HAZARDS,slow_down,slow_down,0.5,PRECAUTIONARY_SLOWDOWN,False,1.5,False,447.0,Low Laya decision confidence (50.0% < 60%); High hazard severity score (1.5 >= 1.5); Poor visibility / fog conditions (0.6 NM < 1.0 NM)
POLARIS_SCENARIO_0216,45.0,AMBIGUOUS,CONFLICTING_AMBIGUOUS,slow_down,slow_down,0.5,PRECAUTIONARY_SLOWDOWN,False,1.5,False,490.0,Low Laya decision confidence (50.0% < 60%); High hazard severity score (1.5 >= 1.5); Poor visibility / fog conditions (0.6 NM < 1.0 NM); Intentionally ambiguous/conflicting scenario family.
POLARIS_SCENARIO_0217,45.0,AMBIGUOUS,LOW_CONFIDENCE,slow_down,slow_down,0.5,PRECAUTIONARY_SLOWDOWN,False,1.5,False,391.0,Low Laya decision confidence (50.0% < 60%); High hazard severity score (1.5 >= 1.5); Poor visibility / fog conditions (0.6 NM < 1.0 NM); Intentionally ambiguous/conflicting scenario family.
POLARIS_SCENARIO_0235,45.0,HUMAN_REVIEW_REQUIRED,MULTIPLE_HAZARDS,slow_down,slow_down,0.5,PRECAUTIONARY_SLOWDOWN,False,1.5,False,463.0,Low Laya decision confidence (50.0% < 60%); High hazard severity score (1.5 >= 1.5); Poor visibility / fog conditions (0.6 NM < 1.0 NM)
POLARIS_SCENARIO_0255,45.0,HUMAN_REVIEW_REQUIRED,MULTIPLE_HAZARDS,slow_down,continue,0.75,MODERATE_RISK_MANEUVER,False,1.5,False,375.0,Baseline (slow_down) disagrees with Laya (continue); High hazard severity score (1.5 >= 1.5)
POLARIS_SCENARIO_0275,45.0,HUMAN_REVIEW_REQUIRED,MULTIPLE_HAZARDS,slow_down,slow_down,0.5,PRECAUTIONARY_SLOWDOWN,False,1.5,False,467.0,Low Laya decision confidence (50.0% < 60%); High hazard severity score (1.5 >= 1.5); Poor visibility / fog conditions (0.7 NM < 1.0 NM)
POLARIS_SCENARIO_0276,45.0,AMBIGUOUS,CONFLICTING_AMBIGUOUS,slow_down,slow_down,0.5,PRECAUTIONARY_SLOWDOWN,False,1.5,False,335.0,Low Laya decision confidence (50.0% < 60%); High hazard severity score (1.5 >= 1.5); Poor visibility / fog conditions (0.7 NM < 1.0 NM); Intentionally ambiguous/conflicting scenario family.
POLARIS_SCENARIO_0277,45.0,AMBIGUOUS,LOW_CONFIDENCE,slow_down,slow_down,0.5,PRECAUTIONARY_SLOWDOWN,False,1.5,False,441.0,Low Laya decision confidence (50.0% < 60%); High hazard severity score (1.5 >= 1.5); Poor visibility / fog conditions (0.7 NM < 1.0 NM); Intentionally ambiguous/conflicting scenario family.
POLARIS_SCENARIO_0315,45.0,HUMAN_REVIEW_REQUIRED,MULTIPLE_HAZARDS,slow_down,continue,0.75,MODERATE_RISK_MANEUVER,False,1.5,False,385.0,Baseline (slow_down) disagrees with Laya (continue); High hazard severity score (1.5 >= 1.5)
POLARIS_SCENARIO_0316,45.0,AMBIGUOUS,CONFLICTING_AMBIGUOUS,slow_down,slow_down,0.5,PRECAUTIONARY_SLOWDOWN,False,1.5,False,342.0,Low Laya decision confidence (50.0% < 60%); High hazard severity score (1.5 >= 1.5); Poor visibility / fog conditions (0.9 NM < 1.0 NM); Intentionally ambiguous/conflicting scenario family.
POLARIS_SCENARIO_0317,45.0,AMBIGUOUS,LOW_CONFIDENCE,slow_down,slow_down,0.5,PRECAUTIONARY_SLOWDOWN,False,1.5,False,429.0,Low Laya decision confidence (50.0% < 60%); High hazard severity score (1.5 >= 1.5); Poor visibility / fog conditions (0.8 NM < 1.0 NM); Intentionally ambiguous/conflicting scenario family.
POLARIS_SCENARIO_0335,45.0,HUMAN_REVIEW_REQUIRED,MULTIPLE_HAZARDS,slow_down,slow_down,0.5,PRECAUTIONARY_SLOWDOWN,False,1.5,False,327.0,Low Laya decision confidence (50.0% < 60%); High hazard severity score (1.5 >= 1.5); Poor visibility / fog conditions (0.7 NM < 1.0 NM)
POLARIS_SCENARIO_0337,45.0,AMBIGUOUS,LOW_CONFIDENCE,slow_down,slow_down,0.5,PRECAUTIONARY_SLOWDOWN,False,1.5,False,393.0,Low Laya decision confidence (50.0% < 60%); High hazard severity score (1.5 >= 1.5); Poor visibility / fog conditions (0.8 NM < 1.0 NM); Intentionally ambiguous/conflicting scenario family.
POLARIS_SCENARIO_0355,45.0,HUMAN_REVIEW_REQUIRED,MULTIPLE_HAZARDS,slow_down,continue,0.75,MODERATE_RISK_MANEUVER,False,1.5,False,355.0,Baseline (slow_down) disagrees with Laya (continue); High hazard severity score (1.5 >= 1.5)
POLARIS_SCENARIO_0356,45.0,AMBIGUOUS,CONFLICTING_AMBIGUOUS,slow_down,slow_down,0.5,PRECAUTIONARY_SLOWDOWN,False,1.5,False,346.0,Low Laya decision confidence (50.0% < 60%); High hazard severity score (1.5 >= 1.5); Poor visibility / fog conditions (0.7 NM < 1.0 NM); Intentionally ambiguous/conflicting scenario family.
POLARIS_SCENARIO_0357,45.0,AMBIGUOUS,LOW_CONFIDENCE,slow_down,continue,0.75,MODERATE_RISK_MANEUVER,False,1.5,False,341.0,Baseline (slow_down) disagrees with Laya (continue); High hazard severity score (1.5 >= 1.5); Intentionally ambiguous/conflicting scenario family.
POLARIS_SCENARIO_0375,45.0,HUMAN_REVIEW_REQUIRED,MULTIPLE_HAZARDS,slow_down,slow_down,0.45,PRECAUTIONARY_SLOWDOWN,False,1.5,False,290.0,Low Laya decision confidence (45.0% < 60%); High hazard severity score (1.5 >= 1.5); Iceberg within critical proximity envelope (290m < 300m)
POLARIS_SCENARIO_0377,45.0,AMBIGUOUS,LOW_CONFIDENCE,slow_down,continue,0.75,MODERATE_RISK_MANEUVER,False,1.5,False,381.0,Baseline (slow_down) disagrees with Laya (continue); High hazard severity score (1.5 >= 1.5); Intentionally ambiguous/conflicting scenario family.
POLARIS_SCENARIO_0396,45.0,AMBIGUOUS,CONFLICTING_AMBIGUOUS,slow_down,slow_down,0.5,PRECAUTIONARY_SLOWDOWN,False,1.5,False,445.0,Low Laya decision confidence (50.0% < 60%); High hazard severity score (1.5 >= 1.5); Poor visibility / fog conditions (0.8 NM < 1.0 NM); Intentionally ambiguous/conflicting scenario family.
POLARIS_SCENARIO_0397,45.0,AMBIGUOUS,LOW_CONFIDENCE,slow_down,slow_down,0.5,PRECAUTIONARY_SLOWDOWN,False,1.5,False,307.0,Low Laya decision confidence (50.0% < 60%); High hazard severity score (1.5 >= 1.5); Poor visibility / fog conditions (0.7 NM < 1.0 NM); Intentionally ambiguous/conflicting scenario family.
POLARIS_SCENARIO_0415,45.0,HUMAN_REVIEW_REQUIRED,MULTIPLE_HAZARDS,slow_down,slow_down,0.5,PRECAUTIONARY_SLOWDOWN,False,1.5,False,428.0,Low Laya decision confidence (50.0% < 60%); High hazard severity score (1.5 >= 1.5); Poor visibility / fog conditions (0.9 NM < 1.0 NM)
POLARIS_SCENARIO_0416,45.0,AMBIGUOUS,CONFLICTING_AMBIGUOUS,slow_down,slow_down,0.5,PRECAUTIONARY_SLOWDOWN,False,1.5,False,497.0,Low Laya decision confidence (50.0% < 60%); High hazard severity score (1.5 >= 1.5); Poor visibility / fog conditions (0.7 NM < 1.0 NM); Intentionally ambiguous/conflicting scenario family.
POLARIS_SCENARIO_0435,45.0,HUMAN_REVIEW_REQUIRED,MULTIPLE_HAZARDS,slow_down,slow_down,0.5,PRECAUTIONARY_SLOWDOWN,False,1.5,False,313.0,Low Laya decision confidence (50.0% < 60%); High hazard severity score (1.5 >= 1.5); Poor visibility / fog conditions (0.9 NM < 1.0 NM)
POLARIS_SCENARIO_0437,45.0,AMBIGUOUS,LOW_CONFIDENCE,slow_down,slow_down,0.5,PRECAUTIONARY_SLOWDOWN,False,1.5,False,362.0,Low Laya decision confidence (50.0% < 60%); High hazard severity score (1.5 >= 1.5); Poor visibility / fog conditions (0.6 NM < 1.0 NM); Intentionally ambiguous/conflicting scenario family.
POLARIS_SCENARIO_0455,45.0,HUMAN_REVIEW_REQUIRED,MULTIPLE_HAZARDS,slow_down,slow_down,0.5,PRECAUTIONARY_SLOWDOWN,False,1.5,False,444.0,Low Laya decision confidence (50.0% < 60%); High hazard severity score (1.5 >= 1.5); Poor visibility / fog conditions (0.8 NM < 1.0 NM)
POLARIS_SCENARIO_0456,45.0,AMBIGUOUS,CONFLICTING_AMBIGUOUS,slow_down,continue,0.75,MODERATE_RISK_MANEUVER,False,1.5,False,380.0,Baseline (slow_down) disagrees with Laya (continue); High hazard severity score (1.5 >= 1.5); Intentionally ambiguous/conflicting scenario family.
POLARIS_SCENARIO_0475,45.0,HUMAN_REVIEW_REQUIRED,MULTIPLE_HAZARDS,slow_down,continue,0.75,MODERATE_RISK_MANEUVER,False,1.5,False,327.0,Baseline (slow_down) disagrees with Laya (continue); High hazard severity score (1.5 >= 1.5)
POLARIS_SCENARIO_0477,45.0,AMBIGUOUS,LOW_CONFIDENCE,slow_down,continue,0.75,MODERATE_RISK_MANEUVER,False,1.5,False,490.0,Baseline (slow_down) disagrees with Laya (continue); High hazard severity score (1.5 >= 1.5); Intentionally ambiguous/conflicting scenario family.
POLARIS_SCENARIO_0496,45.0,AMBIGUOUS,CONFLICTING_AMBIGUOUS,slow_down,continue,0.75,MODERATE_RISK_MANEUVER,False,1.5,False,475.0,Baseline (slow_down) disagrees with Laya (continue); High hazard severity score (1.5 >= 1.5); Intentionally ambiguous/conflicting scenario family.
POLARIS_SCENARIO_0497,45.0,AMBIGUOUS,LOW_CONFIDENCE,slow_down,continue,0.75,MODERATE_RISK_MANEUVER,False,1.5,False,393.0,Baseline (slow_down) disagrees with Laya (continue); High hazard severity score (1.5 >= 1.5); Intentionally ambiguous/conflicting scenario family.
POLARIS_SCENARIO_0007,40.0,HUMAN_REVIEW_REQUIRED,POOR_VISIBILITY,slow_down,continue,0.75,MODERATE_RISK_MANEUVER,False,0.9,False,3400.0,Baseline (slow_down) disagrees with Laya (continue); Poor visibility / fog conditions (0.7 NM < 1.0 NM)
POLARIS_SCENARIO_0013,40.0,HUMAN_REVIEW_REQUIRED,FUEL_CONSTRAINED,slow_down,continue,0.75,MODERATE_RISK_MANEUVER,False,1.1,False,3383.0,Baseline (slow_down) disagrees with Laya (continue); Fuel operational limit reached (15.7% < 20%)
POLARIS_SCENARIO_0027,40.0,HUMAN_REVIEW_REQUIRED,POOR_VISIBILITY,slow_down,continue,0.75,MODERATE_RISK_MANEUVER,False,0.9,False,4337.0,Baseline (slow_down) disagrees with Laya (continue); Poor visibility / fog conditions (0.6 NM < 1.0 NM)
POLARIS_SCENARIO_0047,40.0,HUMAN_REVIEW_REQUIRED,POOR_VISIBILITY,slow_down,continue,0.75,MODERATE_RISK_MANEUVER,False,0.9,False,2147.0,Baseline (slow_down) disagrees with Laya (continue); Poor visibility / fog conditions (0.6 NM < 1.0 NM)
POLARIS_SCENARIO_0053,40.0,HUMAN_REVIEW_REQUIRED,FUEL_CONSTRAINED,slow_down,continue,0.75,MODERATE_RISK_MANEUVER,False,1.1,False,4198.0,Baseline (slow_down) disagrees with Laya (continue); Fuel operational limit reached (17.4% < 20%)
POLARIS_SCENARIO_0067,40.0,HUMAN_REVIEW_REQUIRED,POOR_VISIBILITY,slow_down,continue,0.75,MODERATE_RISK_MANEUVER,False,0.9,False,2208.0,Baseline (slow_down) disagrees with Laya (continue); Poor visibility / fog conditions (0.4 NM < 1.0 NM)
POLARIS_SCENARIO_0087,40.0,HUMAN_REVIEW_REQUIRED,POOR_VISIBILITY,slow_down,continue,0.75,MODERATE_RISK_MANEUVER,False,0.9,False,4159.0,Baseline (slow_down) disagrees with Laya (continue); Poor visibility / fog conditions (0.8 NM < 1.0 NM)
POLARIS_SCENARIO_0107,40.0,HUMAN_REVIEW_REQUIRED,POOR_VISIBILITY,slow_down,continue,0.75,MODERATE_RISK_MANEUVER,False,0.9,False,4109.0,Baseline (slow_down) disagrees with Laya (continue); Poor visibility / fog conditions (0.9 NM < 1.0 NM)
POLARIS_SCENARIO_0127,40.0,HUMAN_REVIEW_REQUIRED,POOR_VISIBILITY,slow_down,continue,0.75,MODERATE_RISK_MANEUVER,False,0.9,False,4158.0,Baseline (slow_down) disagrees with Laya (continue); Poor visibility / fog conditions (0.8 NM < 1.0 NM)
POLARIS_SCENARIO_0133,40.0,HUMAN_REVIEW_REQUIRED,FUEL_CONSTRAINED,slow_down,continue,0.75,MODERATE_RISK_MANEUVER,False,1.1,False,2697.0,Baseline (slow_down) disagrees with Laya (continue); Fuel operational limit reached (17.8% < 20%)
POLARIS_SCENARIO_0147,40.0,HUMAN_REVIEW_REQUIRED,POOR_VISIBILITY,slow_down,continue,0.75,MODERATE_RISK_MANEUVER,False,0.9,False,3882.0,Baseline (slow_down) disagrees with Laya (continue); Poor visibility / fog conditions (0.5 NM < 1.0 NM)
POLARIS_SCENARIO_0153,40.0,HUMAN_REVIEW_REQUIRED,FUEL_CONSTRAINED,slow_down,continue,0.75,MODERATE_RISK_MANEUVER,False,1.1,False,4712.0,Baseline (slow_down) disagrees with Laya (continue); Fuel operational limit reached (16.7% < 20%)
POLARIS_SCENARIO_0167,40.0,HUMAN_REVIEW_REQUIRED,POOR_VISIBILITY,slow_down,continue,0.75,MODERATE_RISK_MANEUVER,False,0.9,False,4602.0,Baseline (slow_down) disagrees with Laya (continue); Poor visibility / fog conditions (0.6 NM < 1.0 NM)
POLARIS_SCENARIO_0173,40.0,HUMAN_REVIEW_REQUIRED,FUEL_CONSTRAINED,slow_down,continue,0.75,MODERATE_RISK_MANEUVER,False,1.1,False,4970.0,Baseline (slow_down) disagrees with Laya (continue); Fuel operational limit reached (17.0% < 20%)
POLARIS_SCENARIO_0187,40.0,HUMAN_REVIEW_REQUIRED,POOR_VISIBILITY,slow_down,continue,0.75,MODERATE_RISK_MANEUVER,False,0.9,False,4166.0,Baseline (slow_down) disagrees with Laya (continue); Poor visibility / fog conditions (0.7 NM < 1.0 NM)
POLARIS_SCENARIO_0207,40.0,HUMAN_REVIEW_REQUIRED,POOR_VISIBILITY,slow_down,continue,0.75,MODERATE_RISK_MANEUVER,False,0.9,False,3760.0,Baseline (slow_down) disagrees with Laya (continue); Poor visibility / fog conditions (0.6 NM < 1.0 NM)
POLARIS_SCENARIO_0213,40.0,HUMAN_REVIEW_REQUIRED,FUEL_CONSTRAINED,slow_down,continue,0.75,MODERATE_RISK_MANEUVER,False,1.1,False,4143.0,Baseline (slow_down) disagrees with Laya (continue); Fuel operational limit reached (16.4% < 20%)
POLARIS_SCENARIO_0227,40.0,HUMAN_REVIEW_REQUIRED,POOR_VISIBILITY,slow_down,continue,0.75,MODERATE_RISK_MANEUVER,False,0.9,False,3228.0,Baseline (slow_down) disagrees with Laya (continue); Poor visibility / fog conditions (0.7 NM < 1.0 NM)
POLARIS_SCENARIO_0233,40.0,HUMAN_REVIEW_REQUIRED,FUEL_CONSTRAINED,slow_down,continue,0.75,MODERATE_RISK_MANEUVER,False,1.1,False,3490.0,Baseline (slow_down) disagrees with Laya (continue); Fuel operational limit reached (15.8% < 20%)
POLARIS_SCENARIO_0247,40.0,HUMAN_REVIEW_REQUIRED,POOR_VISIBILITY,slow_down,continue,0.75,MODERATE_RISK_MANEUVER,False,0.9,False,4567.0,Baseline (slow_down) disagrees with Laya (continue); Poor visibility / fog conditions (0.8 NM < 1.0 NM)
POLARIS_SCENARIO_0267,40.0,HUMAN_REVIEW_REQUIRED,POOR_VISIBILITY,slow_down,continue,0.75,MODERATE_RISK_MANEUVER,False,0.9,False,3649.0,Baseline (slow_down) disagrees with Laya (continue); Poor visibility / fog conditions (0.9 NM < 1.0 NM)
POLARIS_SCENARIO_0287,40.0,HUMAN_REVIEW_REQUIRED,POOR_VISIBILITY,slow_down,continue,0.75,MODERATE_RISK_MANEUVER,False,0.9,False,4474.0,Baseline (slow_down) disagrees with Laya (continue); Poor visibility / fog conditions (0.5 NM < 1.0 NM)
POLARIS_SCENARIO_0307,40.0,HUMAN_REVIEW_REQUIRED,POOR_VISIBILITY,slow_down,continue,0.75,MODERATE_RISK_MANEUVER,False,0.9,False,4845.0,Baseline (slow_down) disagrees with Laya (continue); Poor visibility / fog conditions (0.6 NM < 1.0 NM)
POLARIS_SCENARIO_0327,40.0,HUMAN_REVIEW_REQUIRED,POOR_VISIBILITY,slow_down,continue,0.75,MODERATE_RISK_MANEUVER,False,0.9,False,2786.0,Baseline (slow_down) disagrees with Laya (continue); Poor visibility / fog conditions (0.5 NM < 1.0 NM)
POLARIS_SCENARIO_0347,40.0,HUMAN_REVIEW_REQUIRED,POOR_VISIBILITY,slow_down,continue,0.75,MODERATE_RISK_MANEUVER,False,0.9,False,2323.0,Baseline (slow_down) disagrees with Laya (continue); Poor visibility / fog conditions (0.8 NM < 1.0 NM)
POLARIS_SCENARIO_0367,40.0,HUMAN_REVIEW_REQUIRED,POOR_VISIBILITY,slow_down,continue,0.75,MODERATE_RISK_MANEUVER,False,0.9,False,3462.0,Baseline (slow_down) disagrees with Laya (continue); Poor visibility / fog conditions (0.5 NM < 1.0 NM)
POLARIS_SCENARIO_0373,40.0,HUMAN_REVIEW_REQUIRED,FUEL_CONSTRAINED,slow_down,continue,0.75,MODERATE_RISK_MANEUVER,False,1.1,False,3704.0,Baseline (slow_down) disagrees with Laya (continue); Fuel operational limit reached (17.7% < 20%)
POLARIS_SCENARIO_0387,40.0,HUMAN_REVIEW_REQUIRED,POOR_VISIBILITY,slow_down,continue,0.75,MODERATE_RISK_MANEUVER,False,0.9,False,4408.0,Baseline (slow_down) disagrees with Laya (continue); Poor visibility / fog conditions (0.6 NM < 1.0 NM)
POLARIS_SCENARIO_0407,40.0,HUMAN_REVIEW_REQUIRED,POOR_VISIBILITY,slow_down,continue,0.75,MODERATE_RISK_MANEUVER,False,0.9,False,4045.0,Baseline (slow_down) disagrees with Laya (continue); Poor visibility / fog conditions (0.6 NM < 1.0 NM)
POLARIS_SCENARIO_0413,40.0,HUMAN_REVIEW_REQUIRED,FUEL_CONSTRAINED,slow_down,continue,0.75,MODERATE_RISK_MANEUVER,False,1.1,False,3479.0,Baseline (slow_down) disagrees with Laya (continue); Fuel operational limit reached (16.7% < 20%)
POLARIS_SCENARIO_0427,40.0,HUMAN_REVIEW_REQUIRED,POOR_VISIBILITY,slow_down,continue,0.75,MODERATE_RISK_MANEUVER,False,0.9,False,4969.0,Baseline (slow_down) disagrees with Laya (continue); Poor visibility / fog conditions (0.6 NM < 1.0 NM)
POLARIS_SCENARIO_0447,40.0,HUMAN_REVIEW_REQUIRED,POOR_VISIBILITY,slow_down,continue,0.75,MODERATE_RISK_MANEUVER,False,0.9,False,4251.0,Baseline (slow_down) disagrees with Laya (continue); Poor visibility / fog conditions (0.8 NM < 1.0 NM)
POLARIS_SCENARIO_0467,40.0,HUMAN_REVIEW_REQUIRED,POOR_VISIBILITY,slow_down,continue,0.75,MODERATE_RISK_MANEUVER,False,0.9,False,4678.0,Baseline (slow_down) disagrees with Laya (continue); Poor visibility / fog conditions (0.7 NM < 1.0 NM)
POLARIS_SCENARIO_0487,40.0,HUMAN_REVIEW_REQUIRED,POOR_VISIBILITY,slow_down,continue,0.75,MODERATE_RISK_MANEUVER,False,0.9,False,4494.0,Baseline (slow_down) disagrees with Laya (continue); Poor visibility / fog conditions (0.6 NM < 1.0 NM)
POLARIS_SCENARIO_0016,35.0,AMBIGUOUS,CONFLICTING_AMBIGUOUS,slow_down,slow_down,0.5,PRECAUTIONARY_SLOWDOWN,False,1.5,False,448.0,Low Laya decision confidence (50.0% < 60%); High hazard severity score (1.5 >= 1.5); Intentionally ambiguous/conflicting scenario family.
POLARIS_SCENARIO_0095,35.0,HUMAN_REVIEW_REQUIRED,MULTIPLE_HAZARDS,slow_down,slow_down,0.5,PRECAUTIONARY_SLOWDOWN,False,1.5,False,351.0,Low Laya decision confidence (50.0% < 60%); High hazard severity score (1.5 >= 1.5)
POLARIS_SCENARIO_0096,35.0,AMBIGUOUS,CONFLICTING_AMBIGUOUS,slow_down,slow_down,0.5,PRECAUTIONARY_SLOWDOWN,False,1.5,False,496.0,Low Laya decision confidence (50.0% < 60%); High hazard severity score (1.5 >= 1.5); Intentionally ambiguous/conflicting scenario family.
POLARIS_SCENARIO_0116,35.0,AMBIGUOUS,CONFLICTING_AMBIGUOUS,slow_down,slow_down,0.5,PRECAUTIONARY_SLOWDOWN,False,1.5,False,489.0,Low Laya decision confidence (50.0% < 60%); High hazard severity score (1.5 >= 1.5); Intentionally ambiguous/conflicting scenario family.
POLARIS_SCENARIO_0156,35.0,AMBIGUOUS,CONFLICTING_AMBIGUOUS,slow_down,slow_down,0.5,PRECAUTIONARY_SLOWDOWN,False,1.5,False,485.0,Low Laya decision confidence (50.0% < 60%); High hazard severity score (1.5 >= 1.5); Intentionally ambiguous/conflicting scenario family.
POLARIS_SCENARIO_0157,35.0,AMBIGUOUS,LOW_CONFIDENCE,slow_down,slow_down,0.5,PRECAUTIONARY_SLOWDOWN,False,1.5,False,301.0,Low Laya decision confidence (50.0% < 60%); High hazard severity score (1.5 >= 1.5); Intentionally ambiguous/conflicting scenario family.
POLARIS_SCENARIO_0175,35.0,HUMAN_REVIEW_REQUIRED,MULTIPLE_HAZARDS,slow_down,slow_down,0.5,PRECAUTIONARY_SLOWDOWN,False,1.5,False,304.0,Low Laya decision confidence (50.0% < 60%); High hazard severity score (1.5 >= 1.5)
POLARIS_SCENARIO_0195,35.0,HUMAN_REVIEW_REQUIRED,MULTIPLE_HAZARDS,slow_down,slow_down,0.5,PRECAUTIONARY_SLOWDOWN,False,1.5,False,421.0,Low Laya decision confidence (50.0% < 60%); High hazard severity score (1.5 >= 1.5)
POLARIS_SCENARIO_0256,35.0,AMBIGUOUS,CONFLICTING_AMBIGUOUS,slow_down,slow_down,0.5,PRECAUTIONARY_SLOWDOWN,False,1.5,False,336.0,Low Laya decision confidence (50.0% < 60%); High hazard severity score (1.5 >= 1.5); Intentionally ambiguous/conflicting scenario family.
POLARIS_SCENARIO_0257,35.0,AMBIGUOUS,LOW_CONFIDENCE,slow_down,slow_down,0.5,PRECAUTIONARY_SLOWDOWN,False,1.5,False,385.0,Low Laya decision confidence (50.0% < 60%); High hazard severity score (1.5 >= 1.5); Intentionally ambiguous/conflicting scenario family.
POLARIS_SCENARIO_0295,35.0,HUMAN_REVIEW_REQUIRED,MULTIPLE_HAZARDS,slow_down,slow_down,0.5,PRECAUTIONARY_SLOWDOWN,False,1.5,False,328.0,Low Laya decision confidence (50.0% < 60%); High hazard severity score (1.5 >= 1.5)
POLARIS_SCENARIO_0296,35.0,AMBIGUOUS,CONFLICTING_AMBIGUOUS,slow_down,slow_down,0.5,PRECAUTIONARY_SLOWDOWN,False,1.5,False,418.0,Low Laya decision confidence (50.0% < 60%); High hazard severity score (1.5 >= 1.5); Intentionally ambiguous/conflicting scenario family.
POLARIS_SCENARIO_0297,35.0,AMBIGUOUS,LOW_CONFIDENCE,slow_down,slow_down,0.5,PRECAUTIONARY_SLOWDOWN,False,1.5,False,434.0,Low Laya decision confidence (50.0% < 60%); High hazard severity score (1.5 >= 1.5); Intentionally ambiguous/conflicting scenario family.
POLARIS_SCENARIO_0417,35.0,AMBIGUOUS,LOW_CONFIDENCE,slow_down,slow_down,0.5,PRECAUTIONARY_SLOWDOWN,False,1.5,False,439.0,Low Laya decision confidence (50.0% < 60%); High hazard severity score (1.5 >= 1.5); Intentionally ambiguous/conflicting scenario family.
POLARIS_SCENARIO_0476,35.0,AMBIGUOUS,CONFLICTING_AMBIGUOUS,slow_down,slow_down,0.5,PRECAUTIONARY_SLOWDOWN,False,1.5,False,364.0,Low Laya decision confidence (50.0% < 60%); High hazard severity score (1.5 >= 1.5); Intentionally ambiguous/conflicting scenario family.
POLARIS_SCENARIO_0003,30.0,HUMAN_REVIEW_REQUIRED,MODERATE_ICE,slow_down,continue,0.75,MODERATE_RISK_MANEUVER,False,0.8,False,2452.0,Baseline (slow_down) disagrees with Laya (continue)
POLARIS_SCENARIO_0005,30.0,HUMAN_REVIEW_REQUIRED,ICEBERG_NEAR_ROUTE,slow_down,continue,0.75,MODERATE_RISK_MANEUVER,False,1.1,False,366.0,Baseline (slow_down) disagrees with Laya (continue)
POLARIS_SCENARIO_0009,30.0,HUMAN_REVIEW_REQUIRED,CROSS_CURRENT,slow_down,continue,0.75,MODERATE_RISK_MANEUVER,False,0.7,False,4186.0,Baseline (slow_down) disagrees with Laya (continue)
POLARIS_SCENARIO_0010,30.0,HUMAN_REVIEW_REQUIRED,STRONG_WIND,slow_down,continue,0.75,MODERATE_RISK_MANEUVER,False,1.0,False,4018.0,Baseline (slow_down) disagrees with Laya (continue)
POLARIS_SCENARIO_0018,30.0,HUMAN_REVIEW_REQUIRED,ROUTE_RECOVERY,slow_down,continue,0.75,MODERATE_RISK_MANEUVER,False,0.8,False,4228.0,Baseline (slow_down) disagrees with Laya (continue)
POLARIS_SCENARIO_0020,30.0,HUMAN_REVIEW_REQUIRED,NEAR_MISS,slow_down,continue,0.75,MODERATE_RISK_MANEUVER,False,1.1,False,352.0,Baseline (slow_down) disagrees with Laya (continue)
POLARIS_SCENARIO_0023,30.0,HUMAN_REVIEW_REQUIRED,MODERATE_ICE,slow_down,continue,0.75,MODERATE_RISK_MANEUVER,False,0.8,False,4384.0,Baseline (slow_down) disagrees with Laya (continue)
POLARIS_SCENARIO_0025,30.0,HUMAN_REVIEW_REQUIRED,ICEBERG_NEAR_ROUTE,slow_down,continue,0.75,MODERATE_RISK_MANEUVER,False,1.1,False,487.0,Baseline (slow_down) disagrees with Laya (continue)
POLARIS_SCENARIO_0029,30.0,HUMAN_REVIEW_REQUIRED,CROSS_CURRENT,slow_down,continue,0.75,MODERATE_RISK_MANEUVER,False,0.7,False,3808.0,Baseline (slow_down) disagrees with Laya (continue)
POLARIS_SCENARIO_0030,30.0,HUMAN_REVIEW_REQUIRED,STRONG_WIND,slow_down,continue,0.75,MODERATE_RISK_MANEUVER,False,1.0,False,4396.0,Baseline (slow_down) disagrees with Laya (continue)
POLARIS_SCENARIO_0033,30.0,HUMAN_REVIEW_REQUIRED,FUEL_CONSTRAINED,slow_down,continue,0.75,MODERATE_RISK_MANEUVER,False,1.1,False,2185.0,Baseline (slow_down) disagrees with Laya (continue)
POLARIS_SCENARIO_0038,30.0,HUMAN_REVIEW_REQUIRED,ROUTE_RECOVERY,slow_down,continue,0.75,MODERATE_RISK_MANEUVER,False,0.8,False,4000.0,Baseline (slow_down) disagrees with Laya (continue)
POLARIS_SCENARIO_0040,30.0,HUMAN_REVIEW_REQUIRED,NEAR_MISS,slow_down,continue,0.75,MODERATE_RISK_MANEUVER,False,1.1,False,525.0,Baseline (slow_down) disagrees with Laya (continue)
POLARIS_SCENARIO_0043,30.0,HUMAN_REVIEW_REQUIRED,MODERATE_ICE,slow_down,continue,0.75,MODERATE_RISK_MANEUVER,False,0.8,False,4083.0,Baseline (slow_down) disagrees with Laya (continue)
POLARIS_SCENARIO_0045,30.0,HUMAN_REVIEW_REQUIRED,ICEBERG_NEAR_ROUTE,slow_down,continue,0.75,MODERATE_RISK_MANEUVER,False,1.1,False,502.0,Baseline (slow_down) disagrees with Laya (continue)
POLARIS_SCENARIO_0049,30.0,HUMAN_REVIEW_REQUIRED,CROSS_CURRENT,slow_down,continue,0.75,MODERATE_RISK_MANEUVER,False,0.7,False,2809.0,Baseline (slow_down) disagrees with Laya (continue)
POLARIS_SCENARIO_0050,30.0,HUMAN_REVIEW_REQUIRED,STRONG_WIND,slow_down,continue,0.75,MODERATE_RISK_MANEUVER,False,1.0,False,4268.0,Baseline (slow_down) disagrees with Laya (continue)
POLARIS_SCENARIO_0058,30.0,HUMAN_REVIEW_REQUIRED,ROUTE_RECOVERY,slow_down,continue,0.75,MODERATE_RISK_MANEUVER,False,0.8,False,3940.0,Baseline (slow_down) disagrees with Laya (continue)
POLARIS_SCENARIO_0060,30.0,HUMAN_REVIEW_REQUIRED,NEAR_MISS,slow_down,continue,0.75,MODERATE_RISK_MANEUVER,False,1.1,False,400.0,Baseline (slow_down) disagrees with Laya (continue)
POLARIS_SCENARIO_0063,30.0,HUMAN_REVIEW_REQUIRED,MODERATE_ICE,slow_down,continue,0.75,MODERATE_RISK_MANEUVER,False,0.8,False,4190.0,Baseline (slow_down) disagrees with Laya (continue)
POLARIS_SCENARIO_0065,30.0,HUMAN_REVIEW_REQUIRED,ICEBERG_NEAR_ROUTE,slow_down,continue,0.75,MODERATE_RISK_MANEUVER,False,1.1,False,371.0,Baseline (slow_down) disagrees with Laya (continue)
POLARIS_SCENARIO_0069,30.0,HUMAN_REVIEW_REQUIRED,CROSS_CURRENT,slow_down,continue,0.75,MODERATE_RISK_MANEUVER,False,0.7,False,3186.0,Baseline (slow_down) disagrees with Laya (continue)
POLARIS_SCENARIO_0070,30.0,HUMAN_REVIEW_REQUIRED,STRONG_WIND,slow_down,continue,0.75,MODERATE_RISK_MANEUVER,False,1.0,False,4778.0,Baseline (slow_down) disagrees with Laya (continue)
POLARIS_SCENARIO_0073,30.0,HUMAN_REVIEW_REQUIRED,FUEL_CONSTRAINED,slow_down,continue,0.75,MODERATE_RISK_MANEUVER,False,1.1,False,4038.0,Baseline (slow_down) disagrees with Laya (continue)
POLARIS_SCENARIO_0078,30.0,HUMAN_REVIEW_REQUIRED,ROUTE_RECOVERY,slow_down,continue,0.75,MODERATE_RISK_MANEUVER,False,0.8,False,4272.0,Baseline (slow_down) disagrees with Laya (continue)
POLARIS_SCENARIO_0080,30.0,HUMAN_REVIEW_REQUIRED,NEAR_MISS,slow_down,continue,0.75,MODERATE_RISK_MANEUVER,False,1.1,False,360.0,Baseline (slow_down) disagrees with Laya (continue)
POLARIS_SCENARIO_0083,30.0,HUMAN_REVIEW_REQUIRED,MODERATE_ICE,slow_down,continue,0.75,MODERATE_RISK_MANEUVER,False,0.8,False,2562.0,Baseline (slow_down) disagrees with Laya (continue)
POLARIS_SCENARIO_0085,30.0,HUMAN_REVIEW_REQUIRED,ICEBERG_NEAR_ROUTE,slow_down,continue,0.75,MODERATE_RISK_MANEUVER,False,1.1,False,510.0,Baseline (slow_down) disagrees with Laya (continue)
POLARIS_SCENARIO_0089,30.0,HUMAN_REVIEW_REQUIRED,CROSS_CURRENT,slow_down,continue,0.75,MODERATE_RISK_MANEUVER,False,0.7,False,2224.0,Baseline (slow_down) disagrees with Laya (continue)
POLARIS_SCENARIO_0090,30.0,HUMAN_REVIEW_REQUIRED,STRONG_WIND,slow_down,continue,0.75,MODERATE_RISK_MANEUVER,False,1.0,False,2793.0,Baseline (slow_down) disagrees with Laya (continue)
POLARIS_SCENARIO_0093,30.0,HUMAN_REVIEW_REQUIRED,FUEL_CONSTRAINED,slow_down,continue,0.75,MODERATE_RISK_MANEUVER,False,1.1,False,4963.0,Baseline (slow_down) disagrees with Laya (continue)
POLARIS_SCENARIO_0098,30.0,HUMAN_REVIEW_REQUIRED,ROUTE_RECOVERY,slow_down,continue,0.75,MODERATE_RISK_MANEUVER,False,0.8,False,4464.0,Baseline (slow_down) disagrees with Laya (continue)
POLARIS_SCENARIO_0100,30.0,HUMAN_REVIEW_REQUIRED,NEAR_MISS,slow_down,continue,0.75,MODERATE_RISK_MANEUVER,False,1.1,False,591.0,Baseline (slow_down) disagrees with Laya (continue)
POLARIS_SCENARIO_0103,30.0,HUMAN_REVIEW_REQUIRED,MODERATE_ICE,slow_down,continue,0.75,MODERATE_RISK_MANEUVER,False,0.8,False,2911.0,Baseline (slow_down) disagrees with Laya (continue)
POLARIS_SCENARIO_0105,30.0,HUMAN_REVIEW_REQUIRED,ICEBERG_NEAR_ROUTE,slow_down,continue,0.75,MODERATE_RISK_MANEUVER,False,1.1,False,421.0,Baseline (slow_down) disagrees with Laya (continue)
POLARIS_SCENARIO_0109,30.0,HUMAN_REVIEW_REQUIRED,CROSS_CURRENT,slow_down,continue,0.75,MODERATE_RISK_MANEUVER,False,0.7,False,4612.0,Baseline (slow_down) disagrees with Laya (continue)
POLARIS_SCENARIO_0110,30.0,HUMAN_REVIEW_REQUIRED,STRONG_WIND,slow_down,continue,0.75,MODERATE_RISK_MANEUVER,False,1.0,False,2197.0,Baseline (slow_down) disagrees with Laya (continue)
POLARIS_SCENARIO_0113,30.0,HUMAN_REVIEW_REQUIRED,FUEL_CONSTRAINED,slow_down,continue,0.75,MODERATE_RISK_MANEUVER,False,1.1,False,4346.0,Baseline (slow_down) disagrees with Laya (continue)
POLARIS_SCENARIO_0118,30.0,HUMAN_REVIEW_REQUIRED,ROUTE_RECOVERY,slow_down,continue,0.75,MODERATE_RISK_MANEUVER,False,0.8,False,2007.0,Baseline (slow_down) disagrees with Laya (continue)
POLARIS_SCENARIO_0120,30.0,HUMAN_REVIEW_REQUIRED,NEAR_MISS,slow_down,continue,0.75,MODERATE_RISK_MANEUVER,False,1.1,False,585.0,Baseline (slow_down) disagrees with Laya (continue)
POLARIS_SCENARIO_0123,30.0,HUMAN_REVIEW_REQUIRED,MODERATE_ICE,slow_down,continue,0.75,MODERATE_RISK_MANEUVER,False,0.8,False,3153.0,Baseline (slow_down) disagrees with Laya (continue)
POLARIS_SCENARIO_0125,30.0,HUMAN_REVIEW_REQUIRED,ICEBERG_NEAR_ROUTE,slow_down,continue,0.75,MODERATE_RISK_MANEUVER,False,1.1,False,351.0,Baseline (slow_down) disagrees with Laya (continue)
POLARIS_SCENARIO_0129,30.0,HUMAN_REVIEW_REQUIRED,CROSS_CURRENT,slow_down,continue,0.75,MODERATE_RISK_MANEUVER,False,0.7,False,4285.0,Baseline (slow_down) disagrees with Laya (continue)
POLARIS_SCENARIO_0130,30.0,HUMAN_REVIEW_REQUIRED,STRONG_WIND,slow_down,continue,0.75,MODERATE_RISK_MANEUVER,False,1.0,False,3966.0,Baseline (slow_down) disagrees with Laya (continue)
POLARIS_SCENARIO_0138,30.0,HUMAN_REVIEW_REQUIRED,ROUTE_RECOVERY,slow_down,continue,0.75,MODERATE_RISK_MANEUVER,False,0.8,False,4741.0,Baseline (slow_down) disagrees with Laya (continue)
POLARIS_SCENARIO_0140,30.0,HUMAN_REVIEW_REQUIRED,NEAR_MISS,slow_down,continue,0.75,MODERATE_RISK_MANEUVER,False,1.1,False,594.0,Baseline (slow_down) disagrees with Laya (continue)
POLARIS_SCENARIO_0143,30.0,HUMAN_REVIEW_REQUIRED,MODERATE_ICE,slow_down,continue,0.75,MODERATE_RISK_MANEUVER,False,0.8,False,2123.0,Baseline (slow_down) disagrees with Laya (continue)
POLARIS_SCENARIO_0145,30.0,HUMAN_REVIEW_REQUIRED,ICEBERG_NEAR_ROUTE,slow_down,continue,0.75,MODERATE_RISK_MANEUVER,False,1.1,False,534.0,Baseline (slow_down) disagrees with Laya (continue)
POLARIS_SCENARIO_0149,30.0,HUMAN_REVIEW_REQUIRED,CROSS_CURRENT,slow_down,continue,0.75,MODERATE_RISK_MANEUVER,False,0.7,False,3872.0,Baseline (slow_down) disagrees with Laya (continue)
POLARIS_SCENARIO_0150,30.0,HUMAN_REVIEW_REQUIRED,STRONG_WIND,slow_down,continue,0.75,MODERATE_RISK_MANEUVER,False,1.0,False,2041.0,Baseline (slow_down) disagrees with Laya (continue)
POLARIS_SCENARIO_0158,30.0,HUMAN_REVIEW_REQUIRED,ROUTE_RECOVERY,slow_down,continue,0.75,MODERATE_RISK_MANEUVER,False,0.8,False,3006.0,Baseline (slow_down) disagrees with Laya (continue)
POLARIS_SCENARIO_0160,30.0,HUMAN_REVIEW_REQUIRED,NEAR_MISS,slow_down,continue,0.75,MODERATE_RISK_MANEUVER,False,1.1,False,472.0,Baseline (slow_down) disagrees with Laya (continue)
POLARIS_SCENARIO_0163,30.0,HUMAN_REVIEW_REQUIRED,MODERATE_ICE,slow_down,continue,0.75,MODERATE_RISK_MANEUVER,False,0.8,False,4105.0,Baseline (slow_down) disagrees with Laya (continue)
POLARIS_SCENARIO_0165,30.0,HUMAN_REVIEW_REQUIRED,ICEBERG_NEAR_ROUTE,slow_down,continue,0.75,MODERATE_RISK_MANEUVER,False,1.1,False,410.0,Baseline (slow_down) disagrees with Laya (continue)
POLARIS_SCENARIO_0169,30.0,HUMAN_REVIEW_REQUIRED,CROSS_CURRENT,slow_down,continue,0.75,MODERATE_RISK_MANEUVER,False,0.7,False,2049.0,Baseline (slow_down) disagrees with Laya (continue)
POLARIS_SCENARIO_0170,30.0,HUMAN_REVIEW_REQUIRED,STRONG_WIND,slow_down,continue,0.75,MODERATE_RISK_MANEUVER,False,1.0,False,3572.0,Baseline (slow_down) disagrees with Laya (continue)
POLARIS_SCENARIO_0178,30.0,HUMAN_REVIEW_REQUIRED,ROUTE_RECOVERY,slow_down,continue,0.75,MODERATE_RISK_MANEUVER,False,0.8,False,2376.0,Baseline (slow_down) disagrees with Laya (continue)
POLARIS_SCENARIO_0180,30.0,HUMAN_REVIEW_REQUIRED,NEAR_MISS,slow_down,continue,0.75,MODERATE_RISK_MANEUVER,False,1.1,False,420.0,Baseline (slow_down) disagrees with Laya (continue)
POLARIS_SCENARIO_0183,30.0,HUMAN_REVIEW_REQUIRED,MODERATE_ICE,slow_down,continue,0.75,MODERATE_RISK_MANEUVER,False,0.8,False,4603.0,Baseline (slow_down) disagrees with Laya (continue)
POLARIS_SCENARIO_0185,30.0,HUMAN_REVIEW_REQUIRED,ICEBERG_NEAR_ROUTE,slow_down,continue,0.75,MODERATE_RISK_MANEUVER,False,1.1,False,529.0,Baseline (slow_down) disagrees with Laya (continue)
POLARIS_SCENARIO_0189,30.0,HUMAN_REVIEW_REQUIRED,CROSS_CURRENT,slow_down,continue,0.75,MODERATE_RISK_MANEUVER,False,0.7,False,2067.0,Baseline (slow_down) disagrees with Laya (continue)
POLARIS_SCENARIO_0190,30.0,HUMAN_REVIEW_REQUIRED,STRONG_WIND,slow_down,continue,0.75,MODERATE_RISK_MANEUVER,False,1.0,False,4406.0,Baseline (slow_down) disagrees with Laya (continue)
POLARIS_SCENARIO_0193,30.0,HUMAN_REVIEW_REQUIRED,FUEL_CONSTRAINED,slow_down,continue,0.75,MODERATE_RISK_MANEUVER,False,1.1,False,4877.0,Baseline (slow_down) disagrees with Laya (continue)
POLARIS_SCENARIO_0198,30.0,HUMAN_REVIEW_REQUIRED,ROUTE_RECOVERY,slow_down,continue,0.75,MODERATE_RISK_MANEUVER,False,0.8,False,3051.0,Baseline (slow_down) disagrees with Laya (continue)
POLARIS_SCENARIO_0200,30.0,HUMAN_REVIEW_REQUIRED,NEAR_MISS,slow_down,continue,0.75,MODERATE_RISK_MANEUVER,False,1.1,False,488.0,Baseline (slow_down) disagrees with Laya (continue)
POLARIS_SCENARIO_0203,30.0,HUMAN_REVIEW_REQUIRED,MODERATE_ICE,slow_down,continue,0.75,MODERATE_RISK_MANEUVER,False,0.8,False,2560.0,Baseline (slow_down) disagrees with Laya (continue)
POLARIS_SCENARIO_0205,30.0,HUMAN_REVIEW_REQUIRED,ICEBERG_NEAR_ROUTE,slow_down,continue,0.75,MODERATE_RISK_MANEUVER,False,1.1,False,501.0,Baseline (slow_down) disagrees with Laya (continue)
POLARIS_SCENARIO_0209,30.0,HUMAN_REVIEW_REQUIRED,CROSS_CURRENT,slow_down,continue,0.75,MODERATE_RISK_MANEUVER,False,0.7,False,4611.0,Baseline (slow_down) disagrees with Laya (continue)
POLARIS_SCENARIO_0210,30.0,HUMAN_REVIEW_REQUIRED,STRONG_WIND,slow_down,continue,0.75,MODERATE_RISK_MANEUVER,False,1.0,False,2171.0,Baseline (slow_down) disagrees with Laya (continue)
POLARIS_SCENARIO_0218,30.0,HUMAN_REVIEW_REQUIRED,ROUTE_RECOVERY,slow_down,continue,0.75,MODERATE_RISK_MANEUVER,False,0.8,False,3931.0,Baseline (slow_down) disagrees with Laya (continue)
POLARIS_SCENARIO_0220,30.0,HUMAN_REVIEW_REQUIRED,NEAR_MISS,slow_down,continue,0.75,MODERATE_RISK_MANEUVER,False,1.1,False,412.0,Baseline (slow_down) disagrees with Laya (continue)
POLARIS_SCENARIO_0223,30.0,HUMAN_REVIEW_REQUIRED,MODERATE_ICE,slow_down,continue,0.75,MODERATE_RISK_MANEUVER,False,0.8,False,2660.0,Baseline (slow_down) disagrees with Laya (continue)
POLARIS_SCENARIO_0225,30.0,HUMAN_REVIEW_REQUIRED,ICEBERG_NEAR_ROUTE,slow_down,continue,0.75,MODERATE_RISK_MANEUVER,False,1.1,False,597.0,Baseline (slow_down) disagrees with Laya (continue)
POLARIS_SCENARIO_0229,30.0,HUMAN_REVIEW_REQUIRED,CROSS_CURRENT,slow_down,continue,0.75,MODERATE_RISK_MANEUVER,False,0.7,False,2622.0,Baseline (slow_down) disagrees with Laya (continue)
POLARIS_SCENARIO_0230,30.0,HUMAN_REVIEW_REQUIRED,STRONG_WIND,slow_down,continue,0.75,MODERATE_RISK_MANEUVER,False,1.0,False,3454.0,Baseline (slow_down) disagrees with Laya (continue)
POLARIS_SCENARIO_0238,30.0,HUMAN_REVIEW_REQUIRED,ROUTE_RECOVERY,slow_down,continue,0.75,MODERATE_RISK_MANEUVER,False,0.8,False,4142.0,Baseline (slow_down) disagrees with Laya (continue)
POLARIS_SCENARIO_0240,30.0,HUMAN_REVIEW_REQUIRED,NEAR_MISS,slow_down,continue,0.75,MODERATE_RISK_MANEUVER,False,1.1,False,394.0,Baseline (slow_down) disagrees with Laya (continue)
POLARIS_SCENARIO_0243,30.0,HUMAN_REVIEW_REQUIRED,MODERATE_ICE,slow_down,continue,0.75,MODERATE_RISK_MANEUVER,False,0.8,False,3733.0,Baseline (slow_down) disagrees with Laya (continue)
POLARIS_SCENARIO_0245,30.0,HUMAN_REVIEW_REQUIRED,ICEBERG_NEAR_ROUTE,slow_down,continue,0.75,MODERATE_RISK_MANEUVER,False,1.1,False,439.0,Baseline (slow_down) disagrees with Laya (continue)
POLARIS_SCENARIO_0249,30.0,HUMAN_REVIEW_REQUIRED,CROSS_CURRENT,slow_down,continue,0.75,MODERATE_RISK_MANEUVER,False,0.7,False,3857.0,Baseline (slow_down) disagrees with Laya (continue)
POLARIS_SCENARIO_0250,30.0,HUMAN_REVIEW_REQUIRED,STRONG_WIND,slow_down,continue,0.75,MODERATE_RISK_MANEUVER,False,1.0,False,4759.0,Baseline (slow_down) disagrees with Laya (continue)
POLARIS_SCENARIO_0253,30.0,HUMAN_REVIEW_REQUIRED,FUEL_CONSTRAINED,slow_down,continue,0.75,MODERATE_RISK_MANEUVER,False,1.1,False,2179.0,Baseline (slow_down) disagrees with Laya (continue)
POLARIS_SCENARIO_0258,30.0,HUMAN_REVIEW_REQUIRED,ROUTE_RECOVERY,slow_down,continue,0.75,MODERATE_RISK_MANEUVER,False,0.8,False,4143.0,Baseline (slow_down) disagrees with Laya (continue)
POLARIS_SCENARIO_0260,30.0,HUMAN_REVIEW_REQUIRED,NEAR_MISS,slow_down,continue,0.75,MODERATE_RISK_MANEUVER,False,1.1,False,378.0,Baseline (slow_down) disagrees with Laya (continue)
POLARIS_SCENARIO_0263,30.0,HUMAN_REVIEW_REQUIRED,MODERATE_ICE,slow_down,continue,0.75,MODERATE_RISK_MANEUVER,False,0.8,False,2176.0,Baseline (slow_down) disagrees with Laya (continue)
POLARIS_SCENARIO_0265,30.0,HUMAN_REVIEW_REQUIRED,ICEBERG_NEAR_ROUTE,slow_down,continue,0.75,MODERATE_RISK_MANEUVER,False,1.1,False,600.0,Baseline (slow_down) disagrees with Laya (continue)
POLARIS_SCENARIO_0269,30.0,HUMAN_REVIEW_REQUIRED,CROSS_CURRENT,slow_down,continue,0.75,MODERATE_RISK_MANEUVER,False,0.7,False,4502.0,Baseline (slow_down) disagrees with Laya (continue)
POLARIS_SCENARIO_0270,30.0,HUMAN_REVIEW_REQUIRED,STRONG_WIND,slow_down,continue,0.75,MODERATE_RISK_MANEUVER,False,1.0,False,2664.0,Baseline (slow_down) disagrees with Laya (continue)
POLARIS_SCENARIO_0273,30.0,HUMAN_REVIEW_REQUIRED,FUEL_CONSTRAINED,slow_down,continue,0.75,MODERATE_RISK_MANEUVER,False,1.1,False,2660.0,Baseline (slow_down) disagrees with Laya (continue)
POLARIS_SCENARIO_0278,30.0,HUMAN_REVIEW_REQUIRED,ROUTE_RECOVERY,slow_down,continue,0.75,MODERATE_RISK_MANEUVER,False,0.8,False,2719.0,Baseline (slow_down) disagrees with Laya (continue)
POLARIS_SCENARIO_0280,30.0,HUMAN_REVIEW_REQUIRED,NEAR_MISS,slow_down,continue,0.75,MODERATE_RISK_MANEUVER,False,1.1,False,416.0,Baseline (slow_down) disagrees with Laya (continue)
POLARIS_SCENARIO_0283,30.0,HUMAN_REVIEW_REQUIRED,MODERATE_ICE,slow_down,continue,0.75,MODERATE_RISK_MANEUVER,False,0.8,False,3784.0,Baseline (slow_down) disagrees with Laya (continue)
POLARIS_SCENARIO_0285,30.0,HUMAN_REVIEW_REQUIRED,ICEBERG_NEAR_ROUTE,slow_down,continue,0.75,MODERATE_RISK_MANEUVER,False,1.1,False,519.0,Baseline (slow_down) disagrees with Laya (continue)
POLARIS_SCENARIO_0289,30.0,HUMAN_REVIEW_REQUIRED,CROSS_CURRENT,slow_down,continue,0.75,MODERATE_RISK_MANEUVER,False,0.7,False,3314.0,Baseline (slow_down) disagrees with Laya (continue)
POLARIS_SCENARIO_0290,30.0,HUMAN_REVIEW_REQUIRED,STRONG_WIND,slow_down,continue,0.75,MODERATE_RISK_MANEUVER,False,1.0,False,3516.0,Baseline (slow_down) disagrees with Laya (continue)
POLARIS_SCENARIO_0293,30.0,HUMAN_REVIEW_REQUIRED,FUEL_CONSTRAINED,slow_down,continue,0.75,MODERATE_RISK_MANEUVER,False,1.1,False,4584.0,Baseline (slow_down) disagrees with Laya (continue)
POLARIS_SCENARIO_0298,30.0,HUMAN_REVIEW_REQUIRED,ROUTE_RECOVERY,slow_down,continue,0.75,MODERATE_RISK_MANEUVER,False,0.8,False,2488.0,Baseline (slow_down) disagrees with Laya (continue)
POLARIS_SCENARIO_0300,30.0,HUMAN_REVIEW_REQUIRED,NEAR_MISS,slow_down,continue,0.75,MODERATE_RISK_MANEUVER,False,1.1,False,515.0,Baseline (slow_down) disagrees with Laya (continue)
POLARIS_SCENARIO_0303,30.0,HUMAN_REVIEW_REQUIRED,MODERATE_ICE,slow_down,continue,0.75,MODERATE_RISK_MANEUVER,False,0.8,False,4250.0,Baseline (slow_down) disagrees with Laya (continue)
POLARIS_SCENARIO_0305,30.0,HUMAN_REVIEW_REQUIRED,ICEBERG_NEAR_ROUTE,slow_down,continue,0.75,MODERATE_RISK_MANEUVER,False,1.1,False,593.0,Baseline (slow_down) disagrees with Laya (continue)
POLARIS_SCENARIO_0309,30.0,HUMAN_REVIEW_REQUIRED,CROSS_CURRENT,slow_down,continue,0.75,MODERATE_RISK_MANEUVER,False,0.7,False,2583.0,Baseline (slow_down) disagrees with Laya (continue)
POLARIS_SCENARIO_0310,30.0,HUMAN_REVIEW_REQUIRED,STRONG_WIND,slow_down,continue,0.75,MODERATE_RISK_MANEUVER,False,1.0,False,2320.0,Baseline (slow_down) disagrees with Laya (continue)
POLARIS_SCENARIO_0313,30.0,HUMAN_REVIEW_REQUIRED,FUEL_CONSTRAINED,slow_down,continue,0.75,MODERATE_RISK_MANEUVER,False,1.1,False,4065.0,Baseline (slow_down) disagrees with Laya (continue)
POLARIS_SCENARIO_0318,30.0,HUMAN_REVIEW_REQUIRED,ROUTE_RECOVERY,slow_down,continue,0.75,MODERATE_RISK_MANEUVER,False,0.8,False,3696.0,Baseline (slow_down) disagrees with Laya (continue)
POLARIS_SCENARIO_0320,30.0,HUMAN_REVIEW_REQUIRED,NEAR_MISS,slow_down,continue,0.75,MODERATE_RISK_MANEUVER,False,1.1,False,458.0,Baseline (slow_down) disagrees with Laya (continue)
POLARIS_SCENARIO_0323,30.0,HUMAN_REVIEW_REQUIRED,MODERATE_ICE,slow_down,continue,0.75,MODERATE_RISK_MANEUVER,False,0.8,False,4595.0,Baseline (slow_down) disagrees with Laya (continue)
POLARIS_SCENARIO_0325,30.0,HUMAN_REVIEW_REQUIRED,ICEBERG_NEAR_ROUTE,slow_down,continue,0.75,MODERATE_RISK_MANEUVER,False,1.1,False,357.0,Baseline (slow_down) disagrees with Laya (continue)
POLARIS_SCENARIO_0329,30.0,HUMAN_REVIEW_REQUIRED,CROSS_CURRENT,slow_down,continue,0.75,MODERATE_RISK_MANEUVER,False,0.7,False,4740.0,Baseline (slow_down) disagrees with Laya (continue)
POLARIS_SCENARIO_0330,30.0,HUMAN_REVIEW_REQUIRED,STRONG_WIND,slow_down,continue,0.75,MODERATE_RISK_MANEUVER,False,1.0,False,2434.0,Baseline (slow_down) disagrees with Laya (continue)
POLARIS_SCENARIO_0333,30.0,HUMAN_REVIEW_REQUIRED,FUEL_CONSTRAINED,slow_down,continue,0.75,MODERATE_RISK_MANEUVER,False,1.1,False,2293.0,Baseline (slow_down) disagrees with Laya (continue)
POLARIS_SCENARIO_0338,30.0,HUMAN_REVIEW_REQUIRED,ROUTE_RECOVERY,slow_down,continue,0.75,MODERATE_RISK_MANEUVER,False,0.8,False,2136.0,Baseline (slow_down) disagrees with Laya (continue)
POLARIS_SCENARIO_0340,30.0,HUMAN_REVIEW_REQUIRED,NEAR_MISS,slow_down,continue,0.75,MODERATE_RISK_MANEUVER,False,1.1,False,389.0,Baseline (slow_down) disagrees with Laya (continue)
POLARIS_SCENARIO_0343,30.0,HUMAN_REVIEW_REQUIRED,MODERATE_ICE,slow_down,continue,0.75,MODERATE_RISK_MANEUVER,False,0.8,False,2064.0,Baseline (slow_down) disagrees with Laya (continue)
POLARIS_SCENARIO_0345,30.0,HUMAN_REVIEW_REQUIRED,ICEBERG_NEAR_ROUTE,slow_down,continue,0.75,MODERATE_RISK_MANEUVER,False,1.1,False,356.0,Baseline (slow_down) disagrees with Laya (continue)
POLARIS_SCENARIO_0349,30.0,HUMAN_REVIEW_REQUIRED,CROSS_CURRENT,slow_down,continue,0.75,MODERATE_RISK_MANEUVER,False,0.7,False,3403.0,Baseline (slow_down) disagrees with Laya (continue)
POLARIS_SCENARIO_0350,30.0,HUMAN_REVIEW_REQUIRED,STRONG_WIND,slow_down,continue,0.75,MODERATE_RISK_MANEUVER,False,1.0,False,3090.0,Baseline (slow_down) disagrees with Laya (continue)
POLARIS_SCENARIO_0353,30.0,HUMAN_REVIEW_REQUIRED,FUEL_CONSTRAINED,slow_down,continue,0.75,MODERATE_RISK_MANEUVER,False,1.1,False,2550.0,Baseline (slow_down) disagrees with Laya (continue)
POLARIS_SCENARIO_0358,30.0,HUMAN_REVIEW_REQUIRED,ROUTE_RECOVERY,slow_down,continue,0.75,MODERATE_RISK_MANEUVER,False,0.8,False,2611.0,Baseline (slow_down) disagrees with Laya (continue)
POLARIS_SCENARIO_0360,30.0,HUMAN_REVIEW_REQUIRED,NEAR_MISS,slow_down,continue,0.75,MODERATE_RISK_MANEUVER,False,1.1,False,489.0,Baseline (slow_down) disagrees with Laya (continue)
POLARIS_SCENARIO_0363,30.0,HUMAN_REVIEW_REQUIRED,MODERATE_ICE,slow_down,continue,0.75,MODERATE_RISK_MANEUVER,False,0.8,False,4981.0,Baseline (slow_down) disagrees with Laya (continue)
POLARIS_SCENARIO_0365,30.0,HUMAN_REVIEW_REQUIRED,ICEBERG_NEAR_ROUTE,slow_down,continue,0.75,MODERATE_RISK_MANEUVER,False,1.1,False,391.0,Baseline (slow_down) disagrees with Laya (continue)
POLARIS_SCENARIO_0369,30.0,HUMAN_REVIEW_REQUIRED,CROSS_CURRENT,slow_down,continue,0.75,MODERATE_RISK_MANEUVER,False,0.7,False,4356.0,Baseline (slow_down) disagrees with Laya (continue)
POLARIS_SCENARIO_0370,30.0,HUMAN_REVIEW_REQUIRED,STRONG_WIND,slow_down,continue,0.75,MODERATE_RISK_MANEUVER,False,1.0,False,3282.0,Baseline (slow_down) disagrees with Laya (continue)
POLARIS_SCENARIO_0378,30.0,HUMAN_REVIEW_REQUIRED,ROUTE_RECOVERY,slow_down,continue,0.75,MODERATE_RISK_MANEUVER,False,0.8,False,3904.0,Baseline (slow_down) disagrees with Laya (continue)
POLARIS_SCENARIO_0380,30.0,HUMAN_REVIEW_REQUIRED,NEAR_MISS,slow_down,continue,0.75,MODERATE_RISK_MANEUVER,False,1.1,False,364.0,Baseline (slow_down) disagrees with Laya (continue)
POLARIS_SCENARIO_0383,30.0,HUMAN_REVIEW_REQUIRED,MODERATE_ICE,slow_down,continue,0.75,MODERATE_RISK_MANEUVER,False,0.8,False,3453.0,Baseline (slow_down) disagrees with Laya (continue)
POLARIS_SCENARIO_0385,30.0,HUMAN_REVIEW_REQUIRED,ICEBERG_NEAR_ROUTE,slow_down,continue,0.75,MODERATE_RISK_MANEUVER,False,1.1,False,569.0,Baseline (slow_down) disagrees with Laya (continue)
POLARIS_SCENARIO_0389,30.0,HUMAN_REVIEW_REQUIRED,CROSS_CURRENT,slow_down,continue,0.75,MODERATE_RISK_MANEUVER,False,0.7,False,3118.0,Baseline (slow_down) disagrees with Laya (continue)
POLARIS_SCENARIO_0390,30.0,HUMAN_REVIEW_REQUIRED,STRONG_WIND,slow_down,continue,0.75,MODERATE_RISK_MANEUVER,False,1.0,False,4710.0,Baseline (slow_down) disagrees with Laya (continue)
POLARIS_SCENARIO_0393,30.0,HUMAN_REVIEW_REQUIRED,FUEL_CONSTRAINED,slow_down,continue,0.75,MODERATE_RISK_MANEUVER,False,1.1,False,2619.0,Baseline (slow_down) disagrees with Laya (continue)
POLARIS_SCENARIO_0398,30.0,HUMAN_REVIEW_REQUIRED,ROUTE_RECOVERY,slow_down,continue,0.75,MODERATE_RISK_MANEUVER,False,0.8,False,3005.0,Baseline (slow_down) disagrees with Laya (continue)
POLARIS_SCENARIO_0400,30.0,HUMAN_REVIEW_REQUIRED,NEAR_MISS,slow_down,continue,0.75,MODERATE_RISK_MANEUVER,False,1.1,False,413.0,Baseline (slow_down) disagrees with Laya (continue)
POLARIS_SCENARIO_0403,30.0,HUMAN_REVIEW_REQUIRED,MODERATE_ICE,slow_down,continue,0.75,MODERATE_RISK_MANEUVER,False,0.8,False,2379.0,Baseline (slow_down) disagrees with Laya (continue)
POLARIS_SCENARIO_0405,30.0,HUMAN_REVIEW_REQUIRED,ICEBERG_NEAR_ROUTE,slow_down,continue,0.75,MODERATE_RISK_MANEUVER,False,1.1,False,571.0,Baseline (slow_down) disagrees with Laya (continue)
POLARIS_SCENARIO_0409,30.0,HUMAN_REVIEW_REQUIRED,CROSS_CURRENT,slow_down,continue,0.75,MODERATE_RISK_MANEUVER,False,0.7,False,3588.0,Baseline (slow_down) disagrees with Laya (continue)
POLARIS_SCENARIO_0410,30.0,HUMAN_REVIEW_REQUIRED,STRONG_WIND,slow_down,continue,0.75,MODERATE_RISK_MANEUVER,False,1.0,False,3187.0,Baseline (slow_down) disagrees with Laya (continue)
POLARIS_SCENARIO_0418,30.0,HUMAN_REVIEW_REQUIRED,ROUTE_RECOVERY,slow_down,continue,0.75,MODERATE_RISK_MANEUVER,False,0.8,False,3920.0,Baseline (slow_down) disagrees with Laya (continue)
POLARIS_SCENARIO_0420,30.0,HUMAN_REVIEW_REQUIRED,NEAR_MISS,slow_down,continue,0.75,MODERATE_RISK_MANEUVER,False,1.1,False,504.0,Baseline (slow_down) disagrees with Laya (continue)
POLARIS_SCENARIO_0423,30.0,HUMAN_REVIEW_REQUIRED,MODERATE_ICE,slow_down,continue,0.75,MODERATE_RISK_MANEUVER,False,0.8,False,4954.0,Baseline (slow_down) disagrees with Laya (continue)
POLARIS_SCENARIO_0425,30.0,HUMAN_REVIEW_REQUIRED,ICEBERG_NEAR_ROUTE,slow_down,continue,0.75,MODERATE_RISK_MANEUVER,False,1.1,False,547.0,Baseline (slow_down) disagrees with Laya (continue)
POLARIS_SCENARIO_0429,30.0,HUMAN_REVIEW_REQUIRED,CROSS_CURRENT,slow_down,continue,0.75,MODERATE_RISK_MANEUVER,False,0.7,False,2766.0,Baseline (slow_down) disagrees with Laya (continue)
POLARIS_SCENARIO_0430,30.0,HUMAN_REVIEW_REQUIRED,STRONG_WIND,slow_down,continue,0.75,MODERATE_RISK_MANEUVER,False,1.0,False,2905.0,Baseline (slow_down) disagrees with Laya (continue)
POLARIS_SCENARIO_0433,30.0,HUMAN_REVIEW_REQUIRED,FUEL_CONSTRAINED,slow_down,continue,0.75,MODERATE_RISK_MANEUVER,False,1.1,False,4683.0,Baseline (slow_down) disagrees with Laya (continue)
POLARIS_SCENARIO_0438,30.0,HUMAN_REVIEW_REQUIRED,ROUTE_RECOVERY,slow_down,continue,0.75,MODERATE_RISK_MANEUVER,False,0.8,False,2110.0,Baseline (slow_down) disagrees with Laya (continue)
POLARIS_SCENARIO_0440,30.0,HUMAN_REVIEW_REQUIRED,NEAR_MISS,slow_down,continue,0.75,MODERATE_RISK_MANEUVER,False,1.1,False,431.0,Baseline (slow_down) disagrees with Laya (continue)
POLARIS_SCENARIO_0443,30.0,HUMAN_REVIEW_REQUIRED,MODERATE_ICE,slow_down,continue,0.75,MODERATE_RISK_MANEUVER,False,0.8,False,2783.0,Baseline (slow_down) disagrees with Laya (continue)
POLARIS_SCENARIO_0445,30.0,HUMAN_REVIEW_REQUIRED,ICEBERG_NEAR_ROUTE,slow_down,continue,0.75,MODERATE_RISK_MANEUVER,False,1.1,False,525.0,Baseline (slow_down) disagrees with Laya (continue)
POLARIS_SCENARIO_0449,30.0,HUMAN_REVIEW_REQUIRED,CROSS_CURRENT,slow_down,continue,0.75,MODERATE_RISK_MANEUVER,False,0.7,False,4485.0,Baseline (slow_down) disagrees with Laya (continue)
POLARIS_SCENARIO_0450,30.0,HUMAN_REVIEW_REQUIRED,STRONG_WIND,slow_down,continue,0.75,MODERATE_RISK_MANEUVER,False,1.0,False,3111.0,Baseline (slow_down) disagrees with Laya (continue)
POLARIS_SCENARIO_0453,30.0,HUMAN_REVIEW_REQUIRED,FUEL_CONSTRAINED,slow_down,continue,0.75,MODERATE_RISK_MANEUVER,False,1.1,False,3160.0,Baseline (slow_down) disagrees with Laya (continue)
POLARIS_SCENARIO_0458,30.0,HUMAN_REVIEW_REQUIRED,ROUTE_RECOVERY,slow_down,continue,0.75,MODERATE_RISK_MANEUVER,False,0.8,False,4314.0,Baseline (slow_down) disagrees with Laya (continue)
POLARIS_SCENARIO_0460,30.0,HUMAN_REVIEW_REQUIRED,NEAR_MISS,slow_down,continue,0.75,MODERATE_RISK_MANEUVER,False,1.1,False,376.0,Baseline (slow_down) disagrees with Laya (continue)
POLARIS_SCENARIO_0463,30.0,HUMAN_REVIEW_REQUIRED,MODERATE_ICE,slow_down,continue,0.75,MODERATE_RISK_MANEUVER,False,0.8,False,4221.0,Baseline (slow_down) disagrees with Laya (continue)
POLARIS_SCENARIO_0465,30.0,HUMAN_REVIEW_REQUIRED,ICEBERG_NEAR_ROUTE,slow_down,continue,0.75,MODERATE_RISK_MANEUVER,False,1.1,False,372.0,Baseline (slow_down) disagrees with Laya (continue)
POLARIS_SCENARIO_0469,30.0,HUMAN_REVIEW_REQUIRED,CROSS_CURRENT,slow_down,continue,0.75,MODERATE_RISK_MANEUVER,False,0.7,False,2856.0,Baseline (slow_down) disagrees with Laya (continue)
POLARIS_SCENARIO_0470,30.0,HUMAN_REVIEW_REQUIRED,STRONG_WIND,slow_down,continue,0.75,MODERATE_RISK_MANEUVER,False,1.0,False,4552.0,Baseline (slow_down) disagrees with Laya (continue)
POLARIS_SCENARIO_0473,30.0,HUMAN_REVIEW_REQUIRED,FUEL_CONSTRAINED,slow_down,continue,0.75,MODERATE_RISK_MANEUVER,False,1.1,False,4694.0,Baseline (slow_down) disagrees with Laya (continue)
POLARIS_SCENARIO_0478,30.0,HUMAN_REVIEW_REQUIRED,ROUTE_RECOVERY,slow_down,continue,0.75,MODERATE_RISK_MANEUVER,False,0.8,False,3774.0,Baseline (slow_down) disagrees with Laya (continue)
POLARIS_SCENARIO_0480,30.0,HUMAN_REVIEW_REQUIRED,NEAR_MISS,slow_down,continue,0.75,MODERATE_RISK_MANEUVER,False,1.1,False,441.0,Baseline (slow_down) disagrees with Laya (continue)
POLARIS_SCENARIO_0483,30.0,HUMAN_REVIEW_REQUIRED,MODERATE_ICE,slow_down,continue,0.75,MODERATE_RISK_MANEUVER,False,0.8,False,3482.0,Baseline (slow_down) disagrees with Laya (continue)
POLARIS_SCENARIO_0485,30.0,HUMAN_REVIEW_REQUIRED,ICEBERG_NEAR_ROUTE,slow_down,continue,0.75,MODERATE_RISK_MANEUVER,False,1.1,False,567.0,Baseline (slow_down) disagrees with Laya (continue)
POLARIS_SCENARIO_0489,30.0,HUMAN_REVIEW_REQUIRED,CROSS_CURRENT,slow_down,continue,0.75,MODERATE_RISK_MANEUVER,False,0.7,False,4950.0,Baseline (slow_down) disagrees with Laya (continue)
POLARIS_SCENARIO_0490,30.0,HUMAN_REVIEW_REQUIRED,STRONG_WIND,slow_down,continue,0.75,MODERATE_RISK_MANEUVER,False,1.0,False,3444.0,Baseline (slow_down) disagrees with Laya (continue)
POLARIS_SCENARIO_0493,30.0,HUMAN_REVIEW_REQUIRED,FUEL_CONSTRAINED,slow_down,continue,0.75,MODERATE_RISK_MANEUVER,False,1.1,False,3751.0,Baseline (slow_down) disagrees with Laya (continue)
POLARIS_SCENARIO_0498,30.0,HUMAN_REVIEW_REQUIRED,ROUTE_RECOVERY,slow_down,continue,0.75,MODERATE_RISK_MANEUVER,False,0.8,False,4593.0,Baseline (slow_down) disagrees with Laya (continue)
POLARIS_SCENARIO_0500,30.0,HUMAN_REVIEW_REQUIRED,NEAR_MISS,slow_down,continue,0.75,MODERATE_RISK_MANEUVER,False,1.1,False,484.0,Baseline (slow_down) disagrees with Laya (continue)
