x,y,vx,vy,wind_speed,wind_dir,current_speed,current_dir,dx_10,dy_10,dx_30,dy_30,dx_60,dy_60
1373.4364040810324,2191.5714741018155,16.37062582083628,34.241478036812886,73.1993941811405,215.5170543109332,3.1203728088487304,56.158027321032954,3.5250880126248845,7.989969382063581,12.791248854674143,21.62242822168631,19.38118523371532,49.67535446749641
2180.2998420560903,406.886493434492,8.979378592353422,-45.58276470583445,29.214464853521815,131.890263585729,9.12139968434072,282.6633461014849,1.5092154930509363,-11.752941600534909,5.458121466888494,-30.257798134645306,13.428576214316331,-71.54727984561937
216.92097179174255,2100.504884573321,-124.62699429446319,-18.506102123412308,25.87799816000169,238.5080223674335,6.2342215217882195,187.22448762401189,-31.298388214356038,-4.995300737783113,-96.6066644974141,-15.406596756020514,-188.32240775457413,-24.58778650646172
1055.1773329370944,1293.9313829481466,33.63175665823518,-4.1091204703338,14.092422497476264,288.79091307145427,1.4910128735954165,355.2792971761862,7.380111807009918,-1.4059863890780333,25.92653334979014,-1.0123966285252122,49.0101122738169,-6.720657635492152
1157.3398938332514,815.4033084588435,-253.65181639850647,35.65603468759395,72.96061783380641,229.5206896878767,17.74425485152653,169.99737305830175,-66.62147348021375,9.920629548915946,-190.05420758217898,26.107735640278353,-380.20244226815316,47.521345287588254
3185.7260113487164,648.4429041275249,78.6450714997142,35.5339749905538,41.038292303562976,271.99840987549754,4.575963309832449,27.712767538365476,19.01244678229751,9.512115403996358,59.18973620512056,28.705287567019905,115.86144796793924,52.317976046037394
874.9795526426017,1039.637134977764,2.5662947135778365,-4.911973785637186,81.80147659224932,309.86300997228363,0.13904261062381407,183.86902892792367,2.951670187393178,-1.014180165484741,2.4710679185153124,-3.8419039748375874,-1.9068715755303698,-7.44750230480343
1068.45768088339,181.15128417997215,-8.520581974131,16.125570040892978,60.956433397989684,180.96444836239013,1.029575024999787,100.31272712518012,-1.1613331732848753,2.9176248888555376,-3.414660370979772,9.12040235252776,-11.02030167979569,30.759721938769403
406.98521818498824,1937.6654902963235,-6.420976254627629,-2.3873659457697047,32.07800649717358,67.14666374394753,0.8155028310952783,212.72145954776704,-2.7313041791678963,1.3014327270961792,-6.477263334163649,-2.473720105532042,-7.190912729832434,-7.273641867956423
2878.5554806841337,1321.4417855188171,19.38125595902782,-8.28746428756616,52.965057835600646,87.0668247241626,1.8620553561179842,322.99767286319764,5.152103823538328,-1.6475554041073202,13.09339169326293,-5.722913723020042,29.95110135843777,-14.574250685428343
117.20938507714354,453.77771311849705,40.08682448067728,252.47633975387345,54.87337893665861,249.08227116936956,13.039225190052012,80.73695140580152,11.02852008509792,65.44217241606533,29.544571557963298,187.75833895627693,57.46169343213935,376.2670787759139
3408.2358861583148,964.8149942668729,-312.77975641368397,-15.327932224156912,89.20465551771133,227.20990535901464,15.896226070832968,180.94935351786916,-78.46862400369571,-2.9575146127288776,-233.58092870991726,-11.650442622136037,-471.7100157747311,-27.536440010292964
2993.8646831573133,797.2284113438109,-153.2598046800197,-429.2389020480639,16.94927466860925,200.44845448500607,18.72309548321562,250.5707268029903,-37.87675293536963,-106.62290753939072,-112.64735487474951,-319.6937248049814,-234.02271512390084,-646.6718281918412
2851.8279286269462,1882.2494682941976,-206.6093824131234,-10.342817311304819,86.70723185801037,328.76659892032967,10.226847977218757,180.54586608739186,-52.598859321267845,-2.875746701881132,-155.9866483778747,-7.583431705986969,-302.97009791966457,-21.11602154473247
1074.240257236167,1399.8331732518236,-85.30696196961391,102.87285329943592,3.050024993904943,13.44534794971719,16.452011213193167,129.66863090805464,-21.270926615201404,24.92016914093178,-59.43222926507017,78.49938529278957,-134.0358707143937,154.86864289346215
2803.6330622135924,695.8309527765633,7.195844824339335,0.29061856172111533,43.89714207056361,28.244297283215744,0.5070148683091502,346.55342928405304,3.961192232545641,0.5686539139371,2.7221448350556416,2.165043142157397,17.160235827546902,3.533323624235113
1526.6402122544857,645.0081769025464,3.2263016900498473,-0.8260276848844721,35.597267865126156,272.82459976717286,0.28786977259511737,41.786150582489846,-3.1631501290461923,-1.461120431262216,1.8839483098518226,-3.266468611916973,9.736686446869676,-5.529465661208606
2259.318412949989,199.66882149849795,108.19073381936356,-143.8760443554746,37.46126146264712,225.3095696571251,10.062725171601754,308.33634282779605,27.18671324125134,-35.15806994105794,84.5075001018395,-110.53283646584076,168.68520085301412,-221.67032993177938
3300.9803498401857,949.4258031617034,65.5488257405475,20.728262829810365,96.11905638239142,325.92623110418293,3.915822695785929,24.970068315059564,15.665384971690502,6.222611518502631,49.91896351875411,14.07631390168367,101.022038237121,32.01429280734538
2599.2415489332116,1867.6580468466668,118.37693636967508,-307.2065630895322,28.203457257130648,63.878235760700214,15.012295032817168,290.46050613621503,29.327630155167878,-75.45591945810794,90.53367477027133,-228.6792077766192,181.4818409759756,-460.74683310940003
1188.16864350408,2070.151102691641,236.137098570829,149.85631052933203,38.92016787341631,3.9015545329074097,18.107639528385274,32.86320364300808,57.80216001418469,35.977006355919166,179.55954808417508,114.07160307493983,356.07800730739996,226.66950232179087
410.10075036554724,1187.7246703456792,124.59230088904171,-107.17139677499821,5.755876001664428,197.8303976365448,8.83061002746754,319.57350579298793,31.448096773888217,-27.413725247872307,92.44500252647727,-79.88629532841016,182.5441983090706,-164.97948648562698
2863.5185286755086,2183.946870244489,155.04216341852094,69.2546797309208,98.6001063822871,271.216146693219,7.525191710618316,30.060258011520755,38.737866986270184,16.960136745129883,116.96621201118018,50.18618796881102,234.12128467050493,108.48023633538894
3371.3866648134426,924.7152749521489,88.70019829184564,-24.94323744353245,28.571208628186074,312.6956861482057,4.471916770389052,346.76011419862004,22.294677873716626,-7.182549129195615,66.5771426501639,-17.651014176372424,137.40372826115356,-34.53704368704305
1645.439620210429,1480.6277761849396,4.99661906348051,10.072540396861426,58.43143119231002,324.41688377675604,0.9089276068291574,101.14674825320292,-1.3520756298488326,1.8742193328034706,2.1371007391959456,7.873438696443013,8.520196522552244,20.737323112939798
1152.3938953735144,1890.349043355287,119.62617197174808,-226.24935874060338,68.47311725538793,58.54209816416087,18.21854368987685,296.1134074523408,27.808390264429118,-54.904191438373005,89.47665327492851,-167.06121413127326,174.655974981239,-341.1721631797664
291.6766886131522,2002.3892277611171,-182.74789445563917,-69.41867494810097,81.29010091300776,359.898362383007,19.93273674147811,199.9554140169459,-45.53964215591983,-16.724612413367122,-135.5513577240597,-54.44973235971487,-278.7241841956656,-100.29498195645593
486.09581347873865,1577.461030304159,80.33094717770508,-111.05882361186237,52.03077009037933,278.03462102483013,10.403270022239868,306.78534011467445,18.900951734795363,-26.924467895821792,62.493467779354525,-87.02496756046777,116.94664522856031,-172.70593195107386
3174.1395612787446,866.1620274512608,-138.77720150659778,-148.4526004447855,51.39894891598108,282.1150845868115,7.930855646425403,223.95121208203446,-34.22391818778232,-37.153192836246056,-108.4686081158946,-111.52850248642645,-212.07921076141125,-220.66988302068813
357.9353155694573,383.5353882034283,-22.19328874337987,-26.123238131286797,12.804583895777244,54.684969664425964,2.7765434529882027,230.71490812915727,-6.197752484462933,-7.501876467800729,-16.87201223748502,-21.788509197527247,-34.95088103111135,-42.77849087469674
1811.6187209065133,1618.8686229846037,121.41854214650017,68.21704916592246,3.9312139841098936,287.7877436072554,12.558007789818156,29.433251501593887,29.704906976821693,16.349031854397314,90.48043384917675,46.27967467841775,177.58224003315462,106.42619655121727
1672.6180348527027,1744.4360638942644,150.73762985026255,-116.69997438566105,3.66832028905979,90.87729996384748,14.266991717691049,322.27446156739177,36.75807076630548,-30.916891533062675,111.6816341747592,-89.81929057184932,231.16786968061152,-172.4050423076432
2783.18221126495,1196.572837643926,-4.077294267173434,-134.94507866718234,8.69202880874237,193.3583550546772,11.736822360417582,268.3582107063588,-2.732212030122929,-33.04677598140757,-4.438192018644118,-102.24215798683112,-7.893123173476758,-205.00959030981298
689.4702240021664,2072.8839341781354,156.13173546679892,-17.377966690453178,8.023374566164222,188.82410024529167,8.20793653979323,353.6563020870983,39.64642962323459,-5.541747445182269,117.3095172403789,-11.439542227142548,229.18938735683426,-24.436869458539963
2716.2759728525853,511.49624682655144,2.6517208137544466,147.8348414526771,32.367923640424365,153.15711790191003,10.1522075736891,87.26750366942889,-0.1354027265799378,37.01676164277483,0.16357823466837274,110.06036559030444,6.996459648274992,220.0215865704462
965.778226196797,1599.3059888926443,-196.21899676691964,99.87686931327052,76.02278598896865,214.42994661882395,9.431523771003167,148.26272909301667,-48.94869879360759,24.778552432678755,-144.68700773094676,75.44736009567336,-293.31568716415387,148.5796730715384
785.5328881623313,460.0430743045499,-259.6646915476124,-41.82096378989208,16.426579793099293,293.2468992832976,13.303944413924002,188.30355291688295,-67.20741569762033,-10.8857552842776,-194.7094473782391,-27.809462267187055,-388.5162552001261,-63.38874727126471
1405.230152668919,1295.8162944507749,35.29638957508088,-26.59569910945201,90.6472110964547,224.72567852903717,2.3379608141672814,338.33956450085105,9.046837156932307,-6.344917887317853,25.497840560080082,-21.749566481894288,55.43559181225406,-42.46180014190462
214.0102781016499,1353.7573067168964,40.244762658315835,-76.08067814540694,76.24586857406905,315.6356292342298,6.841634974318149,295.6526296819246,10.988308590517168,-20.149586787713442,32.02828472293692,-54.184766440672625,61.607448697144854,-108.49062978043621
956.1168002836393,860.5311857086227,-146.72331961159398,106.54234202519359,18.159771680142565,327.0422020801062,11.667835895322408,144.30651003491036,-36.546849189249215,27.52446445674551,-109.0221150399724,80.38168625419651,-222.4564027837269,161.22791810919838
2059.3804245671645,1434.773102042283,344.015885129919,-179.11591400722082,42.4130671302386,265.11992482490024,18.687340295380295,333.2046646464395,83.93113390722486,-42.90566959251045,257.67672847774054,-135.2424870033756,512.987514569098,-273.63844102642855
1927.145049988938,2123.682356108073,-110.12483540017266,35.180361473841806,34.634599436596126,124.90315268264197,14.750024962194967,162.7984587203306,-27.81404473154347,9.647765543195865,-78.67139837157335,28.775076420903886,-165.9939191719235,49.4509644845377
390.1888714673891,2293.1233540610842,-3.8729010141442477,-13.43563767904114,50.21950103312426,214.33860623521576,1.3415295477685496,269.985769343704,-1.8412794699630421,-3.2285595442335953,-3.445564119067276,-6.886277336029332,-13.762260946395408,-16.878935962794326
1462.5944069761083,1331.2087288780795,200.18006684514535,-68.16316408631276,15.52402459307125,65.4941269782976,17.235712420270346,340.6015663681078,50.92888087054987,-18.423591387912083,149.0223746223904,-50.08425285238122,296.60371684104217,-100.10575083895199
438.1007353817735,634.978820198799,-297.0884328995347,219.9048190148707,72.22669318556592,308.0507285182629,16.604397291339833,142.98607066264373,-73.14041087208277,54.74974681039977,-223.92518765212503,167.15389887250257,-447.74568042093034,325.6318446332154
2107.0028045503464,689.7400098103278,-76.68067806954839,34.040612246299524,62.4148907849134,147.38819478884656,11.040943617039606,157.005550488714,-19.030269790517146,8.694234373086438,-58.28184653509727,25.409659274648448,-114.09761179764642,45.9304131914794
2253.825947408901,667.352907953045,-397.48174931092495,-67.3930108210285,13.935607407282413,300.57488524774766,19.68804361407104,189.2484656289669,-98.87043185893846,-18.933483242662827,-295.92814319304574,-49.542227462013514,-595.4545347634458,-98.14144327970621
2141.7573254744216,1563.0806840017622,-116.6818289699945,105.55640997418921,17.53712786234496,329.1883005329855,8.375410497841463,137.92987016981908,-29.919410535477667,24.666301529396375,-89.46984519432154,76.29995142867159,-177.95036321392374,161.49554035110734
2025.7757770094504,1147.3108848380193,20.22503908589437,71.91767605341458,66.36711653626482,337.25870615691287,14.651441944205006,77.37853629267244,6.463826383669125,17.118207292997244,15.09455751773913,57.694692452822885,28.456657455478254,113.31385975411266
937.7669130129632,1902.0250988832395,-34.23476107910762,-24.174936630037493,79.94158789689793,250.09072950759364,5.4429027445992535,212.48304007287135,-8.34105188024275,-7.679190312381261,-24.86954937341411,-16.83595450957002,-49.67277027486831,-33.02006276839237
2453.7403193606983,1968.2304334437024,107.35271987476415,-9.00017873577653,24.966800885918595,176.19298691153057,4.4241888363920445,355.5604828787929,25.514161515141684,-0.9602011280332405,80.43063075350436,-5.304452758345765,161.1140349405376,-13.41099968517756
1184.9416090270693,1923.6140431314902,55.288785826452994,52.302279325530534,3.700763471549262,214.65715625353909,4.6001767457540605,43.404078879820375,15.594375199492534,13.316299285862703,43.65546218280549,36.07536005323852,83.73432953728727,81.1223113751661
892.0622141623548,153.68171942438363,-210.14376673797517,-38.39375052347909,87.00988739009298,7.65698790613937,17.49403345368399,190.4173682497963,-49.72037799773936,-10.042822296911352,-158.55287861523595,-25.712218834285743,-310.47693366977063,-59.15920586667844
911.842295612228,343.04304888906825,7.167499532503478,70.08632567613255,35.462215764077655,103.40603699546942,5.926162409119802,84.09879037796757,2.997418692455933,17.25949967953293,5.270696275823975,53.99625257406301,7.383083234068321,106.27671775275097
3469.9733288657203,609.6777430435754,-98.18560747053829,-11.315443558969408,94.27317741351257,233.87279363725264,12.154735897577183,184.5678639659431,-22.80664657511903,-3.5278794858777798,-75.40489841320496,-7.48655925919409,-148.93508033865035,-15.074369885187581
860.9798903969184,1281.3437303655098,20.925898080494687,-31.929633035427,59.293993484170315,208.83103482161204,1.8297367479550974,315.88591054693694,6.038023240664024,-5.520420559554568,15.31906180695141,-25.640668961617276,27.250889436698447,-50.087239672966255
2559.628386541189,1190.9266171732959,213.41896449404456,112.31328957138834,8.104621590764793,79.26595270193208,13.665175273191918,27.407109416508067,54.189884228276526,30.340067719003564,161.30292210924327,83.47279355707458,321.90041123314376,171.79604509883123
2991.9778789204224,2008.0472421115653,-124.51088428015443,-295.55822006126635,70.83629767150347,301.3247982109219,13.949429233385672,244.85067783370815,-29.65005540101953,-74.89009278861504,-92.6010890198763,-222.50306267045136,-186.6800919514272,-439.5019745040776
121.71196383723418,731.4838929848081,-1.6437786442393456,89.69114556776894,61.69269183757422,353.22702408987243,12.636270540333367,93.52928918309753,-0.5276573756172871,22.764516574637316,0.05670924966108748,67.66421690507211,-3.804968810010603,135.11898833034832
1123.2761276191752,1657.9785950196194,-105.82469521872964,-99.50616147990343,6.73506014687717,209.58136566345837,6.917661139059135,223.52958639629176,-24.538806278837352,-24.957067665017654,-80.5462774647562,-70.6390843490922,-163.0810845293432,-155.85566008971537
656.3209920516753,1848.5810072498446,-4.532406189278751,-8.127316575706258,69.36822257814886,79.47706060395375,1.647620912316854,244.97974874689672,1.128557642911661,-3.342409973438787,-6.635432221654013,-7.563246096291864,-6.93536733298462,-11.460956515591311
3139.937292509057,605.9001329603896,-78.93962154606072,87.96382445910912,21.31047040250833,11.20826983842409,13.033336507517701,132.669483740554,-19.037085832164053,22.5392848775366,-57.84129529376972,68.79242664619554,-117.81986880998667,134.07274796142923
2808.2267893189996,1159.34917332761,-181.94710517530513,86.7415287473624,11.730818896239448,45.06688519291816,13.711305744579427,154.91012216380656,-46.03323716535598,19.371176867329545,-137.4198154780225,59.914322034610144,-277.6723662334149,132.3935370894765
2462.9384128302445,1992.26927381625,115.42796229868571,82.80346210626595,77.98509888933498,14.262777125408572,9.610138945156578,37.77486423054295,28.586365836012266,20.7337938199881,87.01301841376151,57.77142286715595,172.40041130046677,122.15924041540553
212.8905698906463,272.8726937410456,-28.883314725819865,-75.29265633596516,39.69232762015961,47.777671455501725,11.350816965231163,248.20738888941565,-7.147796691716049,-19.615496584600788,-20.181330724848763,-55.63478369898531,-40.639392428646595,-111.03346909890185
1254.1306546455405,1892.615250242327,84.5025619381018,-187.11605328592427,8.011484638467515,322.13399618178994,10.951847523074726,294.22719718649773,20.733296761750356,-46.25951825400636,64.486023010681,-141.55404145389835,126.68077913036977,-274.2472688530508
1988.2360731879462,1682.2439121989805,-55.88293116380577,-79.5863627036792,22.845474133129873,358.6802097804271,19.495863242935663,234.1172470848973,-13.481786318999692,-19.103940767983406,-42.937191645062605,-56.35084188629866,-87.50169373471567,-123.77266869614827
3458.008516702597,188.24022110746145,-27.806752670853733,-117.95168577212155,86.70314961224486,208.32314708606162,8.77230838379181,261.09275774944916,-5.1433029469839,-27.797661634986422,-22.18208338802459,-87.6241382415576,-40.22803844743238,-176.1455073607106
710.9225701588227,622.5953148325308,-227.73598118259795,24.54468015117022,97.13950940416396,65.15170297541631,17.087701867391583,177.22002832129252,-57.37789297981531,4.764860076697623,-173.54842003982506,20.870995592792703,-343.0070753778326,37.85653187194748
3397.391553267052,1098.3369910440065,-28.05800222454919,-2.374271460446369,23.605046334646396,26.458829038804556,3.395158101750815,187.11862148016635,-7.441510469653053,-1.0213194472695877,-21.725792645761175,2.624744150639302,-40.94119698012912,-2.2712822490963442
2090.2048389489573,2010.196817129169,37.9981441522186,14.662500436323832,20.584121003676824,40.29106298318204,5.394992230339792,20.551268192153348,9.595844084105183,1.218339068689097,30.442432651877027,11.731888379974261,59.991246557906855,13.30498451990468
1762.0783728735287,1567.1013666014296,-10.008403267411738,-35.0001453201925,13.96512547563129,10.790492354164062,6.158598831823818,253.6850745851928,-2.735638109252479,-8.483736533749322,-5.660610073173977,-25.198608917254038,-14.56134818568688,-51.405334972890074
1790.3941976286528,1459.2639284426705,-2.38490632227321,-11.56037906822535,86.89049844787182,205.4195087899787,0.6077411939367372,335.14153038251203,-0.22557534661558903,-3.8138902459820776,-1.9247377211349017,-7.972873911994537,-2.6132878370589956,-16.07480633963217
2027.8552873546705,1724.5882603529183,-55.691515870655444,-73.83369583461403,87.8515561301348,145.49051579437187,6.540663231264774,240.3336188028905,-14.134847796837915,-18.439343600026938,-44.094187546959986,-58.430081108968814,-78.75375861630825,-113.29142779687602
1421.0975443191755,1087.1259697695673,55.543644800291574,30.440645517960768,23.754413087432745,134.37064498656244,4.545392545263029,26.35053255663971,10.824776869254656,10.415981545923355,38.710005257622704,19.340066303283376,86.38317849646627,52.98022549595897
2166.8773154977116,1782.7431753926821,384.6375914113958,34.21934791372316,81.29857387160935,258.524307441538,19.110473919098695,6.563729763490187,95.23598358942361,8.21108161751077,284.8868898278263,25.455901084394604,573.990613795641,48.018253918937425
2830.2880526310555,1286.1548086855598,-38.22004055818166,245.02889945125918,31.130769915600364,219.7201619919306,14.323013484463871,98.14464026407215,-10.291532077295507,61.64887614661955,-32.04428043274,184.7060626109039,-57.388974234052526,369.20081904014023
2840.3746692355376,1310.4983927437759,-147.35500451147203,-108.06442433353348,4.341253285481916,227.93449521384804,19.02806684413314,216.58025525267922,-38.36216624612603,-27.864738170744477,-112.04022533101701,-79.14989696339043,-221.91735580208413,-158.35341028227904
2369.6696575909996,310.17769043627,36.39958207812628,73.04312460275442,62.3859324676573,162.63636434540248,11.732169263509482,60.48511478815083,10.28040152446759,20.968107859980755,26.117067893690212,51.876552524816105,54.33452697213565,117.30381491709458
3458.470768730617,400.1674556248129,-16.546107472880355,-55.87418943468852,69.51445540475937,145.55475651754517,8.563992298512295,258.33519563694347,-4.600861624596791,-14.217881360623547,-13.64351216087989,-44.05826617259925,-26.766993844518556,-87.48310495231955
336.04106533671745,1241.931539998195,-53.83872806297672,-15.324074703248977,6.76125635922149,288.1283428160502,4.6742416382086605,194.40428925762382,-11.411207562933512,-3.3178272930755957,-41.87460203930359,-11.611360106413583,-79.08311135689992,-22.758095880636233
696.0300040160428,1618.0107598054647,-42.931384593102365,11.814075975696866,20.093368865905646,192.89796641030927,1.9335289929343924,162.13353705294665,-9.247110961729154,3.1270860570941346,-27.278497508244776,9.694910115964856,-63.82092954018345,16.793764570937796
534.2258443597984,1917.3487865555624,-9.596544265670387,1.3510050167383478,78.20280876703859,255.14809118747152,0.7232076104952423,109.1262081403183,-3.7504786585937913,-2.298990458201163,-6.373108500389238,6.301704355368312,-14.41302913312526,4.541979848462447
3473.337250399263,1973.1349070392107,22.66180579831069,-43.18711280154437,20.85105143573358,335.0142772718099,2.327327957709522,294.28189505682894,5.45117038486505,-11.722373208553973,18.134463594418918,-34.29627300896858,34.07725216957342,-64.80802619224917
2279.3050629741288,1909.4572399955941,-272.1152277285922,20.58587936214043,13.252467274184843,310.3252136181441,18.455143810267888,175.34229077481692,-68.77530387579321,4.91747769610628,-203.96624815829878,16.5630575372584,-408.3843379270656,32.33832397468925
1160.1748524898826,1213.512098248537,18.580129495099726,79.41056578394446,43.95116886329101,38.03928633422781,12.816526293804124,77.77374570345586,4.827112079526046,19.439797131641242,12.633873572361729,58.916289238700976,26.7056637870259,119.62709734304316
1832.035235709285,2292.733078476549,-107.48487683397953,-104.32021950428746,81.39702695060188,221.47899776316393,6.125072415732234,224.60250106498984,-28.304309136109573,-28.287021175345963,-79.46504172486452,-76.6297533427473,-162.95684645314947,-164.25345613286592
165.25374119839273,671.5890592390753,48.34395527607838,193.94587530389128,76.0289823122135,49.35949406243966,10.706202629051834,77.4726739262055,12.232444261953946,47.29470763111768,38.79627792606338,145.12311446960052,72.43401929558777,288.11900907861735
610.1654599595465,814.287039158132,-153.50769478216134,109.17841703445696,73.73570773877996,171.36652657275596,7.517765702915387,142.0114602852127,-39.118648221868106,29.531000290392072,-113.6926731443236,80.8487963798884,-223.7896175334455,161.9504807826754
2341.803335499661,2069.25902955438,-30.401778056102877,-9.919562351749615,63.66696821672073,221.01609051362223,1.3330408112137992,186.62688790027346,-9.250330528243994,-3.669869898575394,-20.25487109846272,-8.833154961362176,-48.743400032200135,-13.269385270042564
691.9717401358868,316.4704293694741,92.72055092986477,-1.7130007044720914,66.03027197013381,275.17415839982493,5.3009285665000805,7.540185971128612,22.78493725474282,-0.7354566265970242,72.35793845069972,-0.10480849371407719,140.448489711042,3.925505977995115
242.6341596675633,2230.6753107076443,-283.14866941941483,-194.8215943014921,79.87141916545745,105.41593321234731,19.599406587177015,216.67737226907596,-72.06679205681375,-51.11368372353834,-207.99962804924635,-148.45645407550967,-425.3867649998796,-293.06283135190495
3115.5446607115164,1520.7837878414532,149.3638402490262,-215.5712198386707,28.590678923916013,293.7408980287022,17.22739992726872,304.74516192850007,38.15282049639851,-52.45559887100041,112.4068849018707,-164.42941087237983,225.2448242287972,-325.3109004393815
2880.4701215136133,569.7250058834782,-222.21603539722207,-67.13990463638731,50.5852692951829,302.653090084032,14.656030895325012,195.20539397706537,-53.9743907783795,-15.960500751612487,-166.9557360434289,-52.95205723251531,-333.9511228676912,-103.26141831720886
2820.241293577142,548.8783961835775,21.401256718497756,51.36775634833849,55.50849493022862,263.9056665706829,12.319709005203581,67.68890446154981,5.202183554912751,13.355759296142134,14.168287327351669,37.59782806931879,34.269029151229944,75.93313506623242
3487.536747932641,910.2809671150663,-70.98778444847666,-47.3920750887347,44.861063095454256,259.94553775298533,17.72391560930149,213.49596030724229,-18.422831546036612,-8.714877317063856,-54.437788246194096,-35.1525638826487,-101.85534681501137,-65.06983396862468
2006.244321014981,1427.6728665122005,29.437948513601615,-57.87927124026946,67.64679372263622,289.7960398850771,5.396414402564287,297.0177876648223,7.467763008982042,-12.660220420968132,19.65657304136922,-43.820267180894916,42.00645580859401,-92.41851671162337
401.2414609106986,585.3462959646647,374.4233820307798,-177.99232134770318,59.82252940637388,264.83872112610834,19.966950227858995,335.92079928368076,93.14998716760472,-43.164641048708425,284.81534779305787,-130.22052711918684,560.1685247808109,-270.3473343214218
1237.3383817225692,157.63275877054255,-66.82081257380412,-8.247500290887722,2.4191763891355245,299.41093572327844,5.461416199456249,186.50835584597357,-18.13805278794188,-5.5796634877304845,-50.17397735818812,-2.4261118522442042,-95.24744121706257,-13.742539206090399
2702.743856569773,449.59796887257784,-92.3116541891228,-140.1838814177243,61.02251494776413,48.72746961996679,15.027501720580913,236.50385625617022,-23.355292408615547,-34.59604133403179,-67.29573498865018,-106.84171091089033,-133.98941557680564,-211.08919292971416
322.2449357189098,1172.6566260814454,259.25208376591763,310.15410177737624,3.3613600183282633,22.555153243927627,18.12874906688822,50.12833360233426,62.89930091694344,76.8905708910682,196.12395264749088,229.95482666295158,389.7587994453763,461.1614072521941
1677.3704547403431,2238.4117251893817,14.730269367996407,32.53676150117366,60.85272726964666,125.82229395125476,2.2819156977586674,54.44885834457644,4.20775815154706,8.983067913121703,11.421991086656186,23.623987504180057,19.61263339004845,49.06357390089961
1658.222181197432,1166.3318316861034,-123.32254389047894,-225.66413473567934,16.577454016327575,340.45133292010166,16.99950742961324,240.848041438479,-31.054637450858657,-54.73216084077086,-93.86220487224689,-170.94344331387694,-186.43204640226452,-341.3561879282951
2672.955119341359,1242.6488909086622,224.60886085505123,-236.7971856770709,20.488127415071254,316.0188281347347,17.591637099030585,313.40823301656246,55.93117336520349,-55.288554301748064,169.09039626350216,-179.19267890647615,335.6342184939602,-351.75044138801604
2737.0802931461135,2221.8486385817855,16.986685666982602,-69.92370064469613,20.376645912768907,188.39866723010687,5.742759161691511,285.42759085218216,4.840345448722255,-18.517496133742245,11.374838898847523,-50.25789864811786,24.47570250415428,-106.09649635677019
726.3644534092888,2066.7773620173148,-79.75350151694106,-67.15339765789946,65.42925523249619,54.75754196001824,8.80646836736698,221.50728902512873,-21.23953640423277,-16.26378249378918,-60.212119074240455,-48.273999150331946,-116.06809412071732,-92.96140556079335
2545.8023160551393,2058.5677166391647,28.13947254294664,-34.93549403504026,7.9406584643029525,263.33873652253044,3.7482388819516443,308.94373913657904,4.4361372303387645,-9.478300370173015,23.855945324315975,-26.250131012052602,39.211302117535226,-53.917565816245045
2520.8476691246547,1917.15206795778,-26.46871967261979,39.78311314262883,10.063747852353334,86.3546805921401,2.839439795219878,125.25890816957998,-6.122713560588722,9.916144840819722,-21.768580896144368,30.525404799910053,-43.240198882409096,63.237707879327935
2433.512468732731,253.21052595729265,33.69660522848212,-55.95709285741614,17.48814371759594,308.06541320608306,4.543591140470298,301.3348050874584,9.053557310358165,-13.76933134792815,26.016252684014926,-40.93009703207231,52.449072248408484,-80.60653976025554
984.9753157244102,2095.8290675528256,-33.55403911836985,5.3969571773345395,67.0732311905834,201.75862715295838,2.2197893842696215,160.93999577031315,-7.981918572325178,1.5825528001447864,-23.66055476630499,3.1239117857681427,-48.79174128302653,7.316795733250058
2663.4704722290653,1870.794909051165,-36.66092177098708,103.99409383635674,1.80065556004545,346.6117285466493,14.533419841406465,109.71039433900799,-9.438919258587177,25.570699504552483,-27.53688653327387,77.3524289361852,-52.59155695065447,151.14220892922535
1110.6085462092983,759.8220453153663,99.65864841533806,-124.28748650179942,74.31931987316034,17.331420952207242,18.057899903839743,306.8149947808253,25.000458131337272,-29.648867133149306,72.7767732422813,-92.70995790400065,152.41356551235438,-184.92794724287958
3088.528260959709,1357.8991745063088,-87.65131627625584,39.38575815536605,51.74463517550413,154.95386771555647,6.338931755822386,156.45454590913624,-19.904290922452226,10.75535637745052,-65.5784682944012,26.141035950060033,-132.2151618787736,56.548897447100494
1758.068033312299,1534.8933710000395,-186.31904181723604,-11.216504677121467,95.05310525862035,216.2343839574081,14.871878323531195,182.255781418273,-47.105546152063525,-3.6521652132248104,-142.72253120811732,-8.588672049721525,-283.9927238479471,-14.544589124613395
803.7747666906511,1236.4597825811538,59.86601165358524,14.328358250201028,0.5505799160420821,2.759051753721118,4.3813761820371555,13.219690500295611,14.770381093284469,4.404309878142602,45.35176708484786,9.151100846500263,88.841855673378,19.104459804891075
1825.20059164055,2023.2895543073869,159.81203343637594,170.30638130118757,49.35465803401187,252.81315577139912,19.856336779981408,47.336083163273386,38.01645315608806,43.67278891016059,118.83429784116456,128.041180978508,244.55471203933018,258.150089899378
489.2579694240774,944.4455426989549,-28.232484403090442,17.192699265735186,45.6236508955542,132.85908783392998,2.420500009703861,150.82120446749116,-8.393581778640856,6.026207012408371,-21.383500312965985,12.934510537922723,-40.224083334865995,26.488697292393283
2182.7497923723854,2022.1369056259591,219.11893283690577,98.53085329186335,72.39730554660937,43.40102990532849,18.049066145716836,23.91978396807896,54.10768519266587,24.746424639473275,164.67830624407148,71.71811178588075,332.4755227779528,145.1977553931515
2317.7916052125947,1960.329598577795,-53.851490145995925,260.8237104571967,69.24928266692253,154.77518786045331,13.459332447888649,99.13722273195067,-13.627366478798091,66.19896088853346,-38.70537384420442,191.90858639670287,-76.86421449035943,386.24808972168796
2498.9919329890035,1614.4910406827012,32.652057583226075,41.06000133872756,37.45528870201213,60.06967261155101,8.61058676924415,51.33389186948715,7.474501988394411,10.008756917830341,20.917931503135982,29.08549243772154,51.87264127413148,66.43675047873603
1339.618675871636,579.3636193609782,189.59532560635301,250.90359876761306,98.80359661555919,163.44058363060134,13.76548471560474,50.59906832820988,47.290609320480534,62.27273058069681,141.64750485219588,191.5689418406755,286.0757467533532,375.4689571973321
494.87246468178705,2203.021423701702,78.3493734340926,-149.4960958660034,31.396671737735282,319.82532203112527,12.05885752958923,297.6146495069355,18.125089830109737,-37.198955144288156,62.4372493894994,-107.3887695067965,119.43821345546117,-222.74161037417173
1597.5005910622417,765.1331485732862,-6.225339958029206,13.725856642373799,25.933489731709447,70.0645812137539,1.1529516439804977,123.2812723804968,0.9838871231111532,2.3054525972115267,-10.036555365578828,9.687685907562123,-6.0351310320480955,26.46382732622248
2210.245631403586,542.8866372093531,-150.77922190838007,-42.079466253361545,39.51377432643186,14.205431840723755,9.510920749736533,195.48885022475875,-37.31752215870795,-10.999536137678088,-112.51351197582183,-32.28762044578634,-224.30411719300196,-64.22803038817322
3309.7431190063526,427.3511326912544,59.166437061880096,-64.72163253005927,46.267560506539354,353.15545613856665,9.668148719462932,310.87710810523623,12.175953224936352,-12.33746670819826,46.61506258943657,-48.0676631475281,88.58497359097129,-96.22578657051594
2913.5643351614303,1781.9611482403789,84.482660945532,56.39719156546636,57.352895145557326,344.1769717002959,4.009490310568056,39.33511571146371,21.923976348579586,14.337800047122723,63.32230844349761,41.473721575713995,130.09632957825605,87.4383667345681
2454.6102672261673,395.7572846978681,-68.91791558557203,358.3216727264411,29.93955883716812,129.13758915012485,16.0887441535901,100.3535540692391,-16.34142155018327,90.21260489147801,-53.04922464714457,269.65750062568964,-100.975644802675,539.7453830791023
2339.0377532781868,1785.4550521502897,-13.147358053959616,-2.144041121341813,84.59214396777321,220.89748112548503,1.7720942793935812,175.54601148019592,-5.606034365233445,-0.2747799061303484,-9.857961341060166,-3.341337576582612,-17.74330007564221,-0.40335126913304453
270.76843897751075,260.38403780938773,-24.423424838370057,117.48679235807279,40.28732826326371,106.30457785725957,4.647686461120957,101.1616196071369,-5.327631235904018,27.853922726092435,-18.190432320950542,88.70349960987959,-32.553161470039136,172.30372733975187
517.9303067823178,2055.0499765838767,-145.4929179577643,-133.65831485134456,50.30839507798363,161.76590713427115,11.717295769070384,224.9221906041849,-35.07474284263327,-30.034699233395486,-108.28724849400926,-101.32341103185361,-218.3160998732224,-205.79469999168418
1066.5319159535568,394.42239859932494,-49.45816998158203,122.54615192308593,62.95576968917366,19.559532536245378,14.972904682524,114.331246294002,-11.354007627349722,29.574524696250876,-38.48970338289391,91.26531373860193,-78.22486774279268,181.3614543054644
2965.220467345887,789.3654186873149,139.0593995239768,-91.3264015820987,78.89324717760073,321.0739721318645,8.67634839153059,327.5795317875811,36.50735336396454,-21.697222831825385,106.34246696666715,-65.87257193910743,208.8550720588495,-136.39765525093125
1113.3775093741067,331.80282895188424,-15.276399629125828,3.37660684162176,78.18238633449356,231.89371973132972,0.9637202478659246,129.6181677243522,-4.441442008297909,0.6631585228411278,-12.418784792590932,5.613604060449029,-21.934365149881785,5.966333341265125
820.7797859754374,1546.177660774283,-29.577025110691153,-72.58585381677182,47.22818041629817,316.85642565173464,4.314813583529082,244.01275211161592,-8.85098239343421,-16.134608179319038,-24.093273919258518,-53.08515658362158,-45.35139309328368,-107.0692184319107
1350.47235837092,227.80229457676953,11.870674063057773,-21.438602053928136,11.15122123212764,185.71028497643812,5.35185353455943,300.77288126719,-0.17053649163915896,-5.593610786020001,14.020935722346533,-14.414554502883897,17.748229955383476,-32.946575568517005
3375.8974190178,1241.8710162850073,10.27942768797633,-74.96784555226924,67.75422674589532,112.27098885007796,15.47982756305525,278.2517334754014,2.1362473770052315,-19.44447721764391,7.9256405972411175,-52.93991620425135,11.701820305002792,-116.85434412566119
104.60232743259172,759.561160643519,258.61934674923566,35.528904006837934,64.64587416379305,350.70999977388857,16.94121653967799,8.494187272390485,64.5283759493696,6.8697389325203755,193.59146653630043,30.171188467904706,387.99167958874136,53.985458727412954
3373.412390860901,266.3310893568517,20.18564735419504,27.21647287310701,36.568074826137135,81.1372564824357,3.9166616826854006,50.68906160136339,6.982170938449117,5.560886812856179,13.419146981387648,17.744629159104502,29.576411453971616,42.223784432999516
1697.9601117369843,2058.3105022712325,82.39507578977891,8.80655793353117,70.77213502675275,22.39316141929299,2.946060885579407,2.8229726778900543,23.077170286162353,2.20996755813391,61.39317317131508,5.846662203028341,123.05143863938116,17.328382324326345
1958.3622829098026,1052.1952048608323,40.438852613727995,154.33383305680147,4.389994264300512,59.669920735256134,8.910832774837818,75.30676754685402,8.152418549616371,39.149501866681604,34.62334864583796,112.8586460448467,61.227397423423184,229.51480305181235
3436.0046449918013,518.2368295242009,152.21202139644697,-41.19307445368101,79.25951162883833,326.84356576066295,18.874031856404414,345.648817585961,38.93452519740109,-11.88219803588239,112.13010810387071,-29.89268079256782,232.77038018027835,-60.72277163416453
1796.2452594222025,126.62685690743633,53.60038188900079,400.2775318448189,0.9038469079292177,128.5305638292044,18.52388136863564,82.32364065729915,12.865225215298988,99.98838738061004,44.65446896392498,299.6841282392396,79.32555237743752,598.4736723503229
1452.6445267073336,2122.9682542433093,-215.07910148386242,253.39559734264748,99.32550154229641,16.168067638421707,15.22015846990784,133.82066390484357,-54.60827223886689,64.31721398342738,-165.48854742033348,191.9401828993271,-326.252168013636,382.28568837117075
751.4160154984077,2120.1259906859614,38.08626741330025,9.935470492392298,10.18036829495369,182.1448467845754,4.417055659260178,14.014786797240282,11.942202322820597,0.5680707315376512,31.9953264951166,7.672975242533454,54.43304897498099,10.912264861371478
3139.9206286130525,2182.204328930892,-133.29078522202474,21.66538908703146,89.25582274864745,151.0012778246329,15.607310060137634,171.48086398839555,-36.51219387041718,5.6600079942197326,-99.04162654190948,17.106680503768306,-196.22883125757065,29.284922591600047
2721.817573896414,1540.2315111051,-40.87746235366787,200.79739674268842,15.159507480009937,315.31791006614054,10.781891054720173,101.69007349320133,-11.55096447598052,48.86949042784186,-29.21692839924437,148.16108739967427,-59.31725602777417,302.5838689925945
1536.939269846271,766.4479924089443,153.87282900281915,333.211796615491,32.52951340230311,256.5436799154646,16.33558933011272,65.38102839237696,40.597915695805426,84.50180053138811,115.58560886361228,248.19425694329942,228.31791028455905,501.3852372390337
2754.1478392468944,1384.3001171310457,-20.2201555295749,-17.069666331399883,95.22217856975946,15.272027354481011,5.306522751109339,216.55939654793667,-4.31195792736167,-4.491785702084046,-14.031258941311846,-10.919248235572645,-31.292236171033927,-20.218865429362857
3231.381371728358,1628.1099399572279,50.78518946991264,-121.69144061410329,72.89810616558164,310.2087253634443,5.48143178684382,290.5455253920131,13.256952337559909,-28.3720341335994,38.07702115384948,-89.84996518198331,72.90268157645102,-183.69846002857813
2773.099217687597,1715.7766505663012,168.26095575989513,12.70128694858621,38.43550385241349,9.06962902532257,16.779946554360215,4.110474043466508,42.67842671451699,3.236281805251682,126.21070004200908,8.12521254499215,254.4879189004503,20.314849256047484
709.4690804864862,1860.007659880099,27.723260310016236,-33.07702250968793,55.27070757185453,142.75932551638675,2.6343005715818713,311.50647320720844,7.768013100334463,-9.942202879262885,23.3633666639671,-24.2535708155938,40.47705904728575,-49.18536836250514
1966.1194612630102,732.7920038960921,-134.759357356985,228.52462806614432,30.67765995221412,127.06506124284837,12.425848980992203,120.25798764075691,-35.057296920856736,58.6447109601457,-101.40022799411967,170.23037805344742,-201.65898135791912,344.29229030771916
2383.0291054685035,1491.0207380028075,266.3838290464155,200.62315880537136,19.899213895943678,150.60019107682083,15.018795967266366,36.494243119137295,66.31377516851539,49.02383989793011,201.6762677841351,152.66346457843463,394.0371799829089,298.14620562747984
1451.88208707976,681.4077789490065,-9.905921651983327,34.096983044262885,20.53329387067998,173.89429112120038,5.370675121352146,103.48619936301004,-0.42692854788316437,10.165968559546124,-10.186269354990412,27.332865540955186,-12.424692814500215,47.70068470013647
2502.5415575876127,1442.0163175748685,202.82508038777888,-222.53890833551324,31.290739421364822,97.59465135506368,11.953365654054062,311.79442810020896,51.18477292237508,-57.25931702007119,154.34050664806048,-164.4231062070741,303.5494483494643,-333.93879335271146
2081.9485931344943,656.8233861951393,29.422099872607006,-42.88304689305425,45.02542461428904,344.72916543017425,7.980706352848694,302.3285783991936,7.63146969015529,-11.173337934193302,21.787679412636354,-30.409974500271918,42.82285709719586,-69.14430164179741
2559.7225806900033,119.91915547681614,8.080165768355705,284.8939754504229,58.945398948469716,220.78500655945646,12.75376493791871,87.12794879311579,0.8979400923928385,70.20472387916585,5.917617652939532,212.1521253618105,14.166404849671418,431.8027016416421
2387.7636732334713,278.52819277972617,139.36029226900186,-277.86048367397683,95.14907101767872,301.85706018348895,16.101806369913255,296.2741698150363,33.90524232575328,-69.41865674909806,105.96977889554563,-208.8393844191445,212.25937254680082,-409.6991080271071
1014.101948899458,910.5876238164736,-206.1346012190616,52.19218772323241,89.53460891531692,239.92669710966086,15.747740535046656,163.56435230435585,-52.20671758850609,14.100822786896945,-155.42217903731017,39.04780905199883,-309.1257365669652,72.52926211625565
290.9986629812927,1180.4106046429633,-100.94514984134449,70.732189619116,92.71106288584274,37.94155851880988,15.288814561510087,147.48157921535736,-24.537432118442116,18.868826602326628,-76.411673594247,51.75039197435118,-154.67317634169015,103.62205283873713
1851.0192430130587,1278.2183927352796,40.07883608839987,-167.0268368657326,35.68859751711102,127.36409714511697,16.571111958121627,284.1454253950868,9.738263103105316,-42.79946488026327,30.43080661365448,-118.93743699628227,61.22069912902271,-251.4808443571161
2401.598662189247,1943.3984246739678,-112.30293482676527,-108.47444724064779,85.87642793494722,269.4081073196663,8.784212024994346,219.79683180555284,-26.88060718425572,-25.99373944033666,-86.8697667330554,-81.2393025832665,-170.5831418043954,-166.4871855929977
458.17464723653285,589.1948704459746,97.47210246577697,34.99613257369721,51.922457078020514,218.79096591443493,4.907046283324221,20.783577321042195,22.42560068866816,6.446605394121271,77.07299333794053,27.07359591086906,143.60327550303634,54.09808611891312
1800.3833570605318,1006.3078090750244,58.33820394005906,51.88634460811599,87.05269662693841,227.3108116386155,10.650081328319636,41.542071184410254,15.635934587480396,12.684235812250684,43.83476799164993,35.84183201871902,86.60827596606823,77.67890306104876
2795.3775861475633,251.9009938921194,-70.6074555548259,-166.20756218182402,47.42550209769536,201.84418617802197,12.568529132291742,247.9073865508352,-17.71692313605468,-40.05333083191945,-50.62962917434915,-125.98293359483694,-109.86892491603517,-249.920285184923
3006.911666509013,2041.631728899164,67.6591682973293,-172.31032905939625,46.63097561401701,27.25190183152349,7.756521798338625,289.27355740653724,16.171738999846763,-42.818813646321104,53.290128127143106,-130.27622946348887,95.85909432786833,-256.60635925119595
848.3785080761606,871.1451754295559,-35.80359074430696,8.7979046786507,37.25332737595508,24.736923980625953,7.391483988535463,167.12586710612098,-9.197673408907786,2.1914892222806683,-25.58245833804316,8.016192784130283,-55.90790751279592,13.44284368721673
2706.1511684107877,1384.1698930090006,-276.7484883452442,-46.086814086217814,78.19599771579591,270.62891726250257,16.06004143915674,186.48290390566493,-68.82389270841973,-10.954420319043916,-207.14284616222272,-33.9047251425624,-410.0228603941372,-65.91559167262206
3123.034941396034,1373.3748599262692,-15.555996153528827,-79.70321129416844,63.239132432838744,56.33161776129621,9.478424402322055,257.9029603049156,-3.8698705639777495,-18.820743482373217,-13.592638767084276,-56.55452057576193,-21.80161796471046,-116.46307518438049
2807.220931840653,698.2812867205872,-213.85561375707593,-237.65761981127318,69.2358922461058,95.06231448973875,18.78136958900583,229.09474135201478,-52.42510642225888,-60.92393156145159,-159.22010522426064,-176.9160512313514,-322.8737360909026,-354.74035001565557
400.5088197473636,1637.6874226722482,-6.122399499669306,10.951163472184671,36.83472137943513,155.64464150520502,0.6229818558678213,93.4475217390177,-0.698823243756747,2.3678621916190457,-5.290663916070755,9.765904818000587,-8.178425162251605,17.37521307982534
946.6297027709057,1368.745277487064,-234.51786471660992,451.29773961064757,6.725591396736785,34.1704572558011,19.97785224066581,117.59012979332793,-58.67760757808273,112.6597106557472,-175.18017459847547,341.50969218137965,-348.5314968918964,673.0099518356772
888.8618130499565,131.63918135858705,260.89390416064805,59.326614290404216,76.43533864364274,224.54751055104327,15.2460524900192,14.01768600755962,65.40092667067447,14.860928702274954,194.92496595325002,47.811461281286626,388.88557024314605,93.58702460964066
878.1765724438966,1413.0741291530708,-90.92715562383225,-26.494296547095836,92.81820981139515,334.4902272055666,6.838105562109806,189.96388783981018,-23.457273824681177,-6.472259729780112,-64.04997279914139,-20.943573182760964,-139.56745619691816,-35.29645461325595
3301.752754637304,468.1854709209182,-129.31741945374856,-178.05503468595518,50.03594462155606,248.7182315582962,13.942716117836184,233.5100244367736,-29.89571195774158,-45.16406255544218,-97.69899918340585,-132.8150678017934,-189.3136479184785,-264.52062409927606
2949.726914961385,1866.184056613901,-182.05068454520324,112.42110674447642,96.09201469288247,192.93662838676255,9.769912653198107,144.67939196066283,-46.08316411814392,27.920538972465348,-136.69487988418422,83.35771562321841,-272.4909518657205,166.35681391005184
3095.3082191748354,2042.4125963411889,246.64413341508455,-198.12679160392696,65.90454101322324,76.04345933025516,17.259936627177442,318.99363671275495,61.61986653753594,-48.974756301024954,183.88758735171746,-149.01186226320092,369.3486218299858,-299.4299224455112
341.51862274960723,563.744823410063,73.95018421691876,57.388193881617276,22.936577703767234,168.87859597712833,5.371243349072852,36.352118454393995,19.558606355717874,13.55125184121331,52.910263710763715,40.83063540062901,109.46366756179336,85.02652686897639
971.9744074570043,881.703446642553,14.563142168726756,-26.68508523834011,67.39942081457303,22.523343199002568,4.210138793306859,291.2485105050035,4.342720892100726,-8.858502136571417,10.159466886223967,-19.37506880453253,22.396216802057648,-31.94852686556868
589.8678724448785,1472.7966681637613,-22.284415131476027,5.173010068433424,27.364041786077166,175.6203546758445,1.6454464855412376,165.4502605969043,-3.326688942335321,2.290380712297128,-15.690693392957247,4.661958678074497,-32.24523080256529,1.976497364613306
2956.3674666932798,2276.7924881231243,-96.9249098244373,17.177964239296763,88.95193110437631,133.72821454477565,3.9033303443730083,176.18131346637193,-26.318035443585195,3.1622560820865617,-69.37829462897065,12.302246080993468,-146.117516674781,24.867431770120504
3334.912407254513,486.08158023898625,-105.90363419496182,-130.95769255208256,56.77273179310546,208.55320799829764,9.792489241004896,232.1082894876547,-27.19712017472131,-33.76485600645761,-80.71722380303962,-99.36192137192671,-160.50025767721797,-193.9365370927829
3252.2208583391275,2233.8383557594198,49.43476341622896,-139.34781594378035,57.126046993709735,51.480404159661504,7.490964867591625,287.183614805357,11.008664196769871,-34.0024624199562,37.942859556526614,-105.16382232958216,71.63638772900174,-211.6817666825209
102.2215285884185,2015.4718750761388,114.59509510694312,164.74871789921002,79.25948132091347,225.83841663264408,15.005315278776845,54.73748427281705,29.006635322211423,40.95774922024648,81.1983158813645,119.0628540480327,170.07204712684316,248.49613660697568
1756.7022039401727,1045.9674710663314,-112.77355752728212,85.8826246950516,59.69106905466561,359.8407731701579,15.388977881640942,143.23165308627378,-27.252531533084802,21.73446193913616,-83.50196754012649,72.74077644160303,-175.41267510941893,133.9980269918607
2953.213342933015,453.4950863660594,48.32469499042476,15.175970561966878,2.49716621170496,161.65395645484531,4.74957113504515,17.86117440198148,11.530022807715543,5.333679696418107,35.107904032109786,12.142372874005787,70.29417365849073,25.037721392721174
2403.1366416221676,1344.719420650192,7.334897708907281,6.526140895824178,92.91447172116874,139.43610647111305,1.323303776688809,6.8959747984510456,1.9460978119924015,1.9404653558373988,5.25461424799338,5.350081115358219,15.736700736047474,12.745560400581923
1179.6689808758008,1965.840317034386,-29.108947928416317,242.87550014073497,94.71614629002478,318.54784237056157,14.781339518787451,99.88728470098346,-8.016959156179773,60.43773649679632,-25.309582053221284,181.32406816400496,-40.67371036088613,362.91376407341784
3280.6473459934855,508.6127584114084,29.43616961780658,9.53727182089241,37.25089315534659,334.3070023615419,1.2361692137844527,33.249790120096264,7.130142293259962,0.38740421204177644,24.63542791552707,8.802083898321513,45.55426737260811,18.868926412816755
3174.8232349791147,1898.2972640734406,13.954198163379072,7.1015585563837265,75.70481146986255,20.017987804965824,0.13755924439298628,76.48101979037027,2.478730050124014,1.030022496776482,9.343517449128553,3.0848716955570494,24.60054644635458,9.875774633466095
507.62971780722114,1716.8368642687672,-22.2059838220641,70.64202815429937,53.14549141893053,103.66032336335729,9.856391690656492,107.97914511972816,-4.003777683115166,16.623985885596923,-15.50159400427005,53.40538305362751,-32.51691548909514,109.78010273176936
2333.9036939959647,2076.450226484877,0.6127822001070571,0.5681226684256812,39.95187845869348,117.64609410879986,0.21622167270392678,297.5583867089271,0.24142232643517797,-0.1178711804433073,-1.559737344574842,0.5904530014828736,1.6924309205888375,-2.8730977238063513
1107.6158859451805,2164.2946030328953,32.62208717844538,-5.049356856423547,81.87402294840508,354.08419434491867,5.193416779008279,349.10050780727175,8.837157379541031,-2.8979634166989703,25.497604052283915,-7.0693450717236,52.18120392932929,-8.987409240088956
2890.3669466070496,1150.170875869283,-101.31723820811418,187.84280605213158,35.08191093350156,130.52152676127403,16.11429051336436,118.14461380714032,-23.859295129708414,46.39344701019206,-76.86069628764253,143.3298976411238,-157.58508241125753,280.59864675264834
3270.686586625661,361.0162846314767,174.72458541202857,25.58353445562382,93.374942300147,246.19192266072355,10.631443053734625,11.757261882418515,43.2616109760573,6.604658243192074,129.00117488287583,18.74936213088975,263.91752662681057,38.84622056634103
2350.044290403571,268.9667062917274,39.15099529070248,-74.40858266494448,35.466620498508284,198.23881659870656,8.064155122665044,300.111843771062,11.912603496121436,-19.651472894101918,28.18475378290233,-55.37286238796851,55.120044357825456,-112.79991613268551
633.1631980771393,1920.064729421941,46.315243958273165,-43.600226342137994,4.191521671625753,150.90583532476367,3.364073115330364,316.55887764425063,10.024204973821782,-8.81491048952126,35.1656371606445,-29.238478518787613,67.27376695083778,-59.946153745533515
2587.087977746673,1913.837338730008,57.8003837473844,-85.01609806876988,14.64362566028161,299.8546976067221,10.805930635806146,304.07972727248074,12.060493935302222,-21.078165928364072,39.493771495555734,-62.15048040391445,86.4171994777506,-126.26531718708246
2576.4609047547965,860.773416502935,-85.2295921841024,61.0790480256258,67.1093157085976,289.9548154965525,18.935124893844815,144.07641930588193,-22.200974929076857,15.712406012168788,-66.66536160195415,47.023509230772746,-126.49257803756599,86.0091230198422
1518.4576231195601,452.4963221483138,55.58251187713178,-40.371625431654905,17.093640242084827,150.53212373860788,15.145659565510014,323.2672728652039,13.303388521939391,-10.842654650134692,42.728892721399745,-31.038214080590503,82.95557621370797,-58.33847869230834
272.116405714852,186.66203412420268,-5.883623718176588,1.4078643364044579,57.39498660690104,141.44223920154445,0.5730485515530903,209.97086123252043,-1.4202925733636922,0.8945306713820849,-2.3941759024042133,-1.1103144429986818,-7.405019880159196,1.308873231910306
1374.05469972508,1309.7108381076514,119.56413826124675,-330.132161662276,5.0573103824228856,153.4036456628031,16.6472707932199,290.0335699308031,30.922249778112015,-82.98522504079786,83.50645044779985,-248.3942389006337,176.23057592933822,-500.09206993979683
1901.797995562792,455.00818845444286,101.18169355630256,139.4402171473426,57.19958782835928,289.9556385479951,15.20321859580318,55.40396568975852,25.177084044769867,34.350600925163604,73.88003980882945,105.87044788082095,147.8211445746141,211.48840946254433
3112.6927699659554,2070.5178773865564,10.785164752394405,182.96257101761017,29.72872042813265,82.79775142676658,8.226079441324625,86.59137066485354,1.7407463060478046,47.370257544126716,5.55010146169046,139.117747352701,18.856608738917913,279.93271713156355
3044.745254284638,736.7669475628735,-63.90527326010916,27.753834129259534,46.7681212484877,222.9803889719407,8.223809517389821,153.89512347249646,-15.70406995417282,8.504742878368495,-49.94912305704817,19.379252037241592,-98.17588822597621,44.12132662947713
3042.9121027854917,326.25370274644877,123.05433130643321,-172.52541645463359,12.595519637935826,352.4945598362216,13.476777965400093,304.879400794423,28.734642049176667,-43.77366927885695,90.73093428999049,-127.86357357403108,181.4310747408434,-256.5156392339379
2226.122577845143,1743.5721876838636,-23.648323082744987,-19.452588592715493,21.87138889065392,21.57958831007098,2.6194748598834816,218.15890821756918,-6.42391334356861,-7.344244951196735,-20.00786333276409,-10.534709249918922,-39.31385133712489,-28.610443425409997
1106.168900084495,1560.4138446759953,-100.19349719175723,-52.607204740127514,96.53027236303998,18.15003849679531,17.807686417105323,207.67723247203506,-25.26001233958318,-12.20639593427186,-74.20896905515995,-41.0106627110319,-149.60325661025783,-84.48451146438613
2472.631470717578,2080.581044644555,108.0094489636251,-41.590535778492224,79.2191194801676,243.48998443418068,13.59266364790287,340.53287185155114,26.710737705208274,-10.341292315854686,79.08810984596806,-28.70510887995451,164.010423916513,-56.56215135834709
1265.2851464548844,396.06778762903707,-192.38607733519294,-265.0892200209156,9.441889766048096,299.3465999204005,18.36795084163116,233.92369683514784,-46.66332446620063,-66.10782605897882,-144.12070543663256,-197.64158099431123,-291.1642252135582,-397.54373559388114
1966.1675252448392,935.9539737238682,83.78655220016545,65.8390361595412,60.71352808835769,139.9414852355568,4.8059824690073345,34.18749908221554,22.510594857597447,16.873751564774548,60.27943457340769,47.09819506459875,130.7090073818728,95.9220335994836
2419.4517434673357,793.5267562287918,-52.132619792149974,-29.559988450921928,13.320992413662868,227.6626523275831,2.5665172437752903,208.25730296255884,-14.480649221777039,-6.839506243164804,-34.674290800306835,-24.322621294906867,-79.28331798830692,-43.09064456207853
526.8692856548221,2219.6558844435203,-164.61295225813515,-43.02679414140772,10.80445593764071,172.2567852385881,11.711274575866037,194.89479152667778,-39.80126994966183,-10.174739274781013,-123.46481351024522,-33.52012954887944,-250.195919285357,-62.035937233136934
1146.421077996707,1450.0033865766443,-8.89888339350766,-100.25318481682287,89.7935293443737,291.5727913090438,11.66260438199167,262.8798183926097,-1.3599543198840889,-25.360518853364017,-8.851420425355593,-72.58066337511801,-16.242441367513635,-145.49437156091733
2671.2628908362767,1099.2040580207533,24.94058647192113,18.891312876922747,41.22797278316656,336.50276957578836,5.017581997814005,43.36104239876355,6.796285666802893,3.5229196738652915,16.258852364133965,10.589086767575747,32.02920221427802,24.270626806047254
2342.946927963613,1072.4735260484717,229.6845101407537,-81.33259705761917,64.8233468807846,22.120664447083502,16.27446687444455,338.5814230365849,55.36029992925919,-21.58732302925124,171.66981523394256,-63.04554143968952,346.04466187149814,-124.18371219364859
810.0251806816059,228.84367162597448,-96.41404393548444,-51.27489469223118,55.236613781723435,214.28270377898457,17.43826122561011,207.71338047036548,-26.03492933763711,-13.801978793414392,-72.46745309202745,-38.6166820049375,-138.70343937285725,-81.07030586554376
374.09237757664596,2167.0508958553646,274.2687252418252,150.44393844848722,75.51336174451959,211.18461058211855,16.568773418779816,28.867232452360785,69.10113993279944,34.509629206147565,207.14843181636013,113.10061759031126,410.73566317240306,231.80649425988952
2852.895123304024,2191.1722060996995,10.974384650522811,-25.797844228232975,2.2066148682290843,353.7076580121739,1.7226427812736067,293.1792405367541,3.7732814078209316,-6.19495600191496,5.488716042377169,-20.47728317033934,14.639513676147585,-38.9284294780186
2889.6577872329344,1917.9497840904107,-270.57771118809677,-87.79054285658883,58.800046342962844,127.11704001782022,15.995667288915667,199.68732892381217,-64.8612750275847,-20.858792058158173,-201.71618767879207,-68.5503576658194,-409.73148963453576,-130.8076678384577
302.5961310006886,1429.5905033724964,-22.4558897272091,-30.71854215710367,76.36922693503206,188.42449353192296,4.5354525063929145,239.94791160949256,-5.770316848300805,-8.366236867367618,-23.056216396922785,-18.68389529749355,-30.417525628163638,-47.20671541043049
594.110754229714,1212.5328363190226,-65.56105004866737,-29.565918129273413,6.20414169565543,25.616044396047506,11.477316993541926,203.76663295961555,-16.89464107122429,-7.229901431621278,-50.13502885938962,-22.638272242563993,-98.6157737455284,-44.5915126875065
519.1648496164194,1240.8357150646148,-137.41661751979137,-308.9000884255667,24.58474424934003,128.930297950492,19.790106667686448,246.3531296131241,-34.72424850408891,-80.4132009042374,-103.82891858528771,-231.8112214862513,-209.15672093947381,-464.89578781977474
434.64224294465373,2204.7849545565696,-93.56324294035646,67.10988164365158,59.935972504216565,262.316262325177,6.30727486532235,141.53296661784546,-22.39203004023591,16.71857425818665,-70.56095302544523,49.57579325720174,-136.80294167317825,98.78288212762345
3474.5497085507027,629.4751324657367,-60.96489251619546,34.2344130666542,87.43073341370805,299.02419375544486,4.493147952835333,143.7597288717201,-13.144410571582153,6.418194414194691,-44.80138280443133,26.68435057878682,-93.83400997811584,52.624801413564334
1513.7831312625974,1306.8945131203147,104.98229556874418,121.71957745679538,40.273948474683074,187.0602032890827,19.930526175972382,48.6782329366277,26.00315067375716,32.96255204638281,74.85113686262295,89.0595179896501,161.96573840265515,188.15247321580625
648.9566358184163,1137.8276425405659,-8.500650683019487,-61.25312787096836,55.347177620984986,205.30329794330058,4.202143858247036,267.21770121082324,-0.43930570310471406,-14.929774985193104,-4.918001362145099,-42.82884294377713,-16.085716773069883,-91.98716854257194
988.5322608103048,1022.0188404175876,28.250161303956475,1.089798044796841,59.92992870063887,184.93482787750975,5.76369051919059,2.3271688042957983,6.923987323859947,-1.3187590667590936,21.681436231477313,-0.7879902861193557,35.80547684099905,5.218473728736454
1872.6818730107202,2072.4642486318226,-215.9439917966637,-114.5586412275068,19.629430231106703,8.123224213925004,17.23329769398202,207.76214965964633,-55.54149875392,-28.288212596004886,-163.72283673890325,-87.27298305335772,-326.3621145799439,-175.03666663695788
1987.4548749608407,1393.581584820432,10.81259789860478,5.295315352564784,42.649974724186116,221.55148073550075,1.6314985122273185,31.60376534093759,4.011641584293704,2.063722799365258,12.996204173005824,0.8331113867154998,19.996596567267567,11.382295640049358
3267.917371276128,2293.2887183056732,140.6449823714194,52.09142528541979,72.01574609309402,103.39963531385429,17.595048045886873,17.719529234674177,36.119155300992,12.054206359870832,103.82941885875967,41.36380535134924,206.9187449224745,76.89149662441386
3420.3074792978746,1520.3256695285056,9.955885469932994,-111.41067252598577,93.45438807155155,109.21879570648794,15.637818259937795,275.70911179850714,0.8075687951403456,-27.422194926142854,3.2704646368076133,-83.4584404319257,20.627129255137422,-169.95968694078562
2633.7301251488375,610.8943199829548,19.066487013362362,-87.12899881339392,40.532536064695336,96.89816555698651,3.9726322772373823,282.01939919850184,4.615080787964877,-21.221554630497575,13.245713245772713,-65.73403638949958,25.6298571423875,-130.79852105010957
945.0353911532484,797.273767888019,85.73747367683842,-102.6200894669063,80.8826323491684,315.17591414252274,6.049326349229394,309.1313236480466,21.44316020973956,-28.210425178089686,64.643555161894,-72.27157999554919,127.52609270898668,-156.11436549392542
2828.1465038823503,1995.1197014101383,-37.55574095573709,-64.40498458096977,13.730003271557024,342.85923086354086,6.576452356972187,238.4329459430592,-10.788842279298114,-15.096761612283837,-28.304030970654797,-48.14914912908845,-56.11402046060056,-97.05820583784943
1716.6174317912946,1968.0156439090874,-237.51918159281556,-71.18019162026587,38.3397141058259,60.58029186277662,16.728843849397393,197.6074673904258,-58.726566398641594,-16.766913159462785,-175.55520497015058,-51.14212681836539,-353.6621813890044,-107.71554762398114
2566.2634407985156,347.69902636422785,11.88919739520431,-4.528612421494838,40.77780344061627,319.09693030565103,0.9439340339475799,346.10998307113783,2.3298385889886806,0.5239501906507933,9.816479706771814,-3.312779490194669,13.526067521200883,-10.740366081524778
1269.9115006881032,1245.1964420706886,-54.246302313010034,-4.080728607772745,44.06648834242935,316.7692656217252,10.110415834469805,182.79282174788477,-15.567743265537668,-3.2080363415161015,-42.0042618221822,-1.8243733656860606,-79.87883269799227,-2.9117785467075663
1524.497230850383,1107.662956484511,-101.81671717632913,206.35408627933623,25.66472071860958,270.7611597709109,10.257494846105356,115.5076353899437,-25.908048631758767,49.93750778309109,-77.87860454149563,155.8713663766968,-151.7600401403642,310.0353088369048
1563.8217911043257,362.10947839130597,-140.56732121456773,-124.2825481935783,51.23928207321066,125.57948668510684,7.496498486999954,223.67902469605463,-35.989660344129476,-33.48206556923288,-105.20606550292474,-88.88001369813108,-210.01890643595755,-186.49065922791857
1742.9890579764794,2271.1710798542545,134.36376548535898,-1.4230237089838165,75.45693612057366,89.49775846079028,10.767899585739153,357.1688302122898,34.817921222919324,-0.9651532597122497,99.11394419662089,-2.6788414599144765,196.23244256877422,-0.7199084222211076
1519.142259919103,929.1071367638148,-37.01396110699818,75.45123887972913,87.59049249998945,325.90763964378556,9.859139433117202,118.85614211361758,-8.684755667942067,18.188524065137578,-27.08937348691963,54.71053311281209,-54.97775343218402,117.08669243154188
364.71216666981667,2201.9860211637483,44.04291606611871,-57.276860949567435,24.696116699189254,309.47232432693835,3.3762001156912835,307.419437571067,9.794118043764465,-15.563407620703138,30.08664348224862,-46.35233336136996,62.412526022516616,-85.43690390393877
2450.2386568723637,468.64638646991426,-9.048794217770258,-107.65224351990982,31.030848210454753,181.20424701821545,15.928811230469545,266.20892396594184,-2.7310519441015892,-27.064597272370246,-7.630201687612919,-83.25089075048616,-14.772888513048798,-160.67048102212254
3436.275763130341,939.556298040097,79.20642183275086,249.61936900179668,77.5234538899056,123.33278981200746,12.553377543176174,69.12579050641322,19.55356494975752,61.75781315197736,61.602690186438494,184.19594109401464,115.89925996798736,373.23638020621985
2127.9880564060486,1891.6446254719792,10.32766264753392,72.32686256225993,38.21234944599732,47.616737435453416,3.933763946256461,85.49398986097823,2.398276535178574,16.32647030580029,6.632769948038661,55.292346992697205,19.37968315664507,105.16882339298255
186.18525449739082,1618.103154500789,9.1507653341625,125.08906995437592,31.61013115469705,20.066707291479027,12.19625523096234,86.68937378634237,1.8322602993332922,30.380087853435377,7.540888185022956,97.32465441789614,14.145809699761132,190.62195957629726
1917.5013451314494,530.0076008104797,-89.3461468460574,94.26731332995956,16.62293620516587,329.93609440158514,6.556763977000681,133.94961178664255,-24.21370386161856,23.326434611349114,-66.36960776800767,71.07285357230651,-139.5506010195283,138.73001645087973
3369.272489267725,1078.67535222059,-235.14804751627912,-100.92097409141576,48.90484004492832,126.59395404308593,18.19096946024277,204.82397398146628,-57.08038559296684,-24.360002153942826,-175.4502662154794,-74.88539325921884,-354.390427514701,-151.7716420177845
1466.3793222049144,1582.2637055249975,-37.52966214169537,-47.36983325061566,45.03503857807928,269.6267343097435,7.1396485893732775,228.50789079745064,-11.218327645129406,-11.95494471673732,-28.332724947952386,-34.36421335725734,-53.44570949844959,-71.23299541974097
1885.1677568343077,1656.0136061924677,4.706862312473336,20.362694049227017,25.217287749552998,160.82152873295058,2.468997316207102,74.1528129157062,-0.2677107050788172,5.301641188638377,4.954679470278287,18.513464545186768,9.722805370952182,32.82658103677496
3416.3952501281333,1361.8392160587618,13.27455132095353,-16.742958135865084,34.164111269060186,233.44724048408534,1.3688141848525226,323.06303459577106,2.813772586888442,-3.066967265527017,11.096398741148723,-11.648898403585768,19.071847075806854,-28.95152941245699
662.6992338564291,1654.529083787279,11.50767317427223,66.29677371689723,53.534776806165674,228.71640481499557,3.929739339124223,76.22851033887103,2.937308419714326,17.515825879289586,7.340511616969374,50.492864855871815,18.19483973483793,93.7762126990574
2019.016398451142,1421.2830333716993,205.1831645425949,-38.22078622582868,16.625533034970065,136.70546573579355,12.343884542339334,349.13479126816253,52.964583001456994,-7.54586228389454,160.57389548192086,-31.048880417950546,308.5033928533432,-63.57747544830999
771.6900793068261,1871.383674192829,-53.31634875645598,-81.75139120207231,18.577695469870783,30.58786436020791,8.724920527143148,236.99067822218225,-15.873876559199696,-20.830130893942314,-36.501130053272306,-60.548493692589595,-82.56500394957878,-122.72069726992572
3406.3687260948677,1239.6229490274154,-73.0407615788634,37.983650340041635,61.41862443190114,85.17952177470264,9.669961702136076,154.49381710499586,-19.466555673916208,9.739244907751628,-54.948298344956015,27.25922999981505,-111.00364373683104,59.06397950154032
1533.8228995881157,187.8295716402527,-37.089055558830935,63.00110429279265,44.907851413487585,207.94070902936812,11.418141075042897,119.67360918277146,-8.216260065530914,14.01575924989011,-30.2587575090375,41.22823290226201,-58.06172580149467,97.37176599834594
1181.3346797613676,2134.211940483001,-301.03678392431544,-248.2921090909784,5.622429485097225,174.82834742880254,18.256016008157236,219.73068281453652,-75.38698928165623,-61.59132648036843,-227.3432434495158,-185.83459003971223,-450.1743610115263,-371.8536366156572
2057.261860191227,377.45370922590325,44.93467793097634,-47.27018635805129,58.172152747347674,275.8849967176749,8.128330731480373,316.7415892589284,11.465548356109672,-11.453498190139996,31.17826542684256,-33.21679831030583,69.11803573136594,-73.01946484390959
1712.1370159888709,596.7370147313841,-37.280543684603515,9.475796618422514,61.66219781652751,14.520186769842711,6.52340508256507,168.68051805280848,-7.264187724202878,0.027677194250696147,-25.179001476549736,6.630995067446799,-53.342060909874604,14.45309937980997
1419.1073649528137,1925.044829142411,149.3147092734739,-57.99458508762868,13.36956543994362,336.74201628040754,15.028466350626053,338.8803814032846,38.05800174121253,-15.221116849545885,111.70565841218186,-43.342611976040374,219.47139832587004,-89.32838875990433
1135.2674428037033,2262.4831350203417,-124.82904384213394,116.4035876527096,64.27774134799279,258.3634168056598,19.532352746300184,135.79264168474992,-29.298141901240236,27.22647215073146,-90.16478987614899,86.51212644174691,-187.97166200667675,168.9353509655156
671.2681774551071,880.554037244055,106.38122356524904,-88.43858030607647,39.998301829356855,20.661063727778476,11.66614496368409,318.3636340696635,26.297617934548626,-22.10684293846129,82.05650506337001,-63.630843960079545,159.2393976670363,-133.82259961967932
3428.708258691669,1025.620437650957,-180.13030451398217,-109.90816714481792,50.19454051318417,327.5748569374987,14.345237517315129,209.54524720472048,-45.66305356947861,-27.178779417598307,-135.2258640450589,-80.03874216987896,-269.9371241661963,-167.1030205724374
1518.3585485173871,2031.0486906977746,163.12572761389575,56.15778351643774,20.399460360938736,297.52725941718586,11.153773823709054,19.659709156848855,40.417222075546405,13.737689070483732,124.43671625880935,40.60801434627414,240.06018176611494,83.75478191608012
665.0289986731473,832.004848322834,-343.8193056460269,46.59048560269198,93.99243728857088,123.48961653240877,19.762481519092706,174.68296407552822,-86.99140113779072,10.931258751911892,-258.8800795319427,35.70542752437303,-508.68173110893815,67.73759809521044
1556.3961219340772,159.63463513971283,153.15815963002015,-114.46036475874888,78.35015025879089,3.7847608349952555,15.23779788754968,321.58961776372416,34.605957624433614,-27.915542141275747,115.38549474801096,-88.15795484112503,226.78062064286746,-174.59977829702734
1476.8931970790409,2297.34445879444,9.401431295001416,14.08821491815115,5.4966306839822066,208.27505455327133,1.6514431607055435,55.62749879658683,3.327512901349374,1.2448405542573378,7.147575465450048,11.75057160172268,19.672089252187988,19.6870244639463
2592.7452856651184,2289.9273284360033,-121.87941668857155,77.68842160730811,28.7511199383759,193.7592366726511,10.6664709571921,146.0322934010055,-28.1810291063717,19.936137693156873,-90.82284454196602,58.28446639379492,-187.53176940423506,120.59935121809322
2725.3168938938497,475.0175254796125,16.505874519327694,-91.77855843981861,38.451581370626656,124.9052221359309,8.636141902155545,281.44073733434146,4.157345510554972,-24.83456574557856,12.727927717616717,-64.17502599941875,26.237771154534922,-137.8403909187443
2042.0772254739065,1999.549471136646,-216.5198287932661,-124.8743143497224,13.945023620516018,204.91432672659397,17.35959253461806,209.91807262076327,-53.19974523512235,-31.575908475973467,-162.51678201029628,-92.60873646006601,-323.9070520171291,-193.2980668659388
2438.4153016434984,701.6439338249555,-2.3430849984497146,8.29998848414347,73.64731746190728,18.596648561270772,0.9858898552883288,139.06357385239627,-0.6692050652085078,2.5207682845099195,2.6830296078566485,3.017802308097638,-0.036484367773005566,15.36928740926042
2164.9030170964243,294.87234720061696,-2.000959318120528,-225.97625993441258,67.68722758275764,23.074095973023173,11.922852990997939,266.24922379982735,0.9775473199187161,-58.364455983715395,-3.738902029577109,-169.2143406332009,-5.955403331722579,-341.3419602429645
826.0457052671607,1004.5175402559715,-58.55633753506329,56.172662907597314,70.40314525916568,78.28305559820494,7.333577594059628,140.7302736628184,-14.584756174007484,11.905119501554292,-42.86782398387052,42.94288571324796,-89.0624317248821,87.27676789678522
2436.596767766322,788.235234553284,-2.180094828040149,0.9305194303514202,6.090554323518271,252.56349561705923,0.1965510513957569,147.30573148505587,1.5363517974382033,-0.2594665410095561,-0.18968335633078737,-1.7494613338504115,-1.005942347856796,1.9940511034874315
631.6312815925752,1753.9559598912526,-84.26084880652112,152.05768864375028,56.826861626876834,98.87971312364596,9.488698282943481,120.1595749451272,-21.123229226625796,36.07665928439446,-65.19052395749054,112.85371296296337,-132.4999347183495,228.22901337038036
977.5659867896101,1120.7679183688379,-77.89609544170811,-296.55928369479153,13.328425808217315,333.98846390714664,17.35404195838478,254.7434108665927,-19.13525849144422,-72.67566212775148,-59.68771294087299,-217.96906137143796,-118.42103596451832,-444.7417045021669
2272.4742747091677,279.18386836055026,50.00612084726713,61.80450776836091,43.50145943402234,105.35583516026682,10.908559004234261,48.02988078835455,12.863172804717003,14.500113602131448,37.83790928654702,46.727135881073806,73.008635120046,93.30051165456759
482.1498923984441,208.4797716416143,-76.86509196177674,73.48880957884236,25.74792164924693,48.83812817773599,5.200960805048678,138.6209000588262,-18.187898978789246,16.709589749965055,-59.559431497918276,53.07122995735998,-112.05746976524719,113.06157991068378
2943.6871631953577,2243.766483404646,-230.79184561019278,-314.2582560689871,97.56019191566524,23.499632723927,16.43678645505805,232.67157611665726,-57.83908169042653,-79.03602084560569,-171.94644396321644,-233.8350565729779,-348.19280399982955,-471.57061111753785
1551.4420745992288,1131.8548673793437,-85.36336607073673,-24.323782487186534,92.85555328941359,230.7909972895774,6.233058333092978,189.1145752022597,-19.803292385471686,-4.922496626689487,-65.93296518910084,-20.645836627392388,-126.99393845694608,-39.018645842329015
235.31023294121866,1414.90113815161,-67.03439942339608,14.098822536518304,86.96958848516338,320.6995733842681,8.980755207399234,165.34932775670654,-17.17574637533948,4.1372532488980385,-53.15429459645046,11.047496017152495,-98.89594121962766,23.18892443003034
265.8054839646774,1956.2033439625664,80.90522173522209,56.11012905613293,43.804407590538375,123.26224438650947,10.929527220507529,32.8871673804801,21.77885512084479,14.381150404946665,58.22430127826915,39.25460449253333,116.70329585565634,86.1513490884748
190.46844466412605,1717.5027398235113,-48.07187692458804,-90.90114607166683,62.56499129414531,209.07215966003727,14.833682579836463,243.0831015223335,-11.886377284713124,-22.250855283688086,-35.36832775475931,-65.4524727315379,-68.2228586324312,-134.7190580504792
2491.1425742903352,1935.8081562834127,-22.17850548951906,93.30915399712094,5.621390545987848,269.10742922874175,17.01705514644191,103.00861528499316,-6.5797243484985035,24.005048818185248,-16.705845389060023,66.59887724077589,-32.00565934122315,138.2299686651833
1802.1064099353653,2105.927247239897,26.96675498044373,41.85662259892809,14.661455715984228,232.53404148829415,4.657582923036301,56.433754314590146,5.567429748095435,8.807677568826938,16.865767968251546,32.26856994338198,39.80792937748201,63.92315009120747
3145.773487304662,327.6451400224862,40.8677815417404,-11.77199673309445,65.65627023996524,326.5147866377677,3.3749887679645907,348.5977056357318,9.999041379514777,-4.060959675232258,29.765332594971245,-8.099148966726782,62.346697530348976,-20.35148529891856
770.4221386914253,314.7420838397815,-184.26639684597507,241.78862806589134,16.684857820557763,332.5433025156394,16.429425055523815,127.46324244783388,-46.13164149450807,59.77234487835927,-137.84338327457954,183.34656750675708,-274.8971004959499,360.0475206948108
2392.5981505800837,2255.9019841882127,10.737261339642096,-61.33410008109669,98.56007339528003,247.2043002206866,4.872295839643885,287.48010172701566,0.4539495111794216,-16.065515450137053,8.83828401829265,-44.7610575325332,15.80446484774803,-92.17332223064966
1011.190707406885,2106.858120919356,-7.5577510582974625,-37.309838043290426,63.31786748957723,259.5796779232339,5.143047022181917,258.9797360069353,-3.200149392635747,-7.222073336530732,-7.569721996991337,-27.517168023174357,-8.961048656281992,-57.67667835553598
3497.7910216054806,565.1487675976045,389.4734472314649,-235.49442779090552,26.51707411833556,238.62952354847965,19.308972692012425,329.69316534866783,98.35908153442479,-59.58941556897788,290.51545771242326,-177.0907709344765,580.6792845088875,-347.7800099625328
666.230945890718,2269.5889540241287,14.849536930291698,17.492042423319077,82.08490092631287,101.33182888233098,1.4013739144237891,20.38520065592089,4.963479970930076,5.498446861318105,10.162073435641103,10.828340065171199,20.433542579349165,26.826786456978777
1329.2366383940525,1276.5588258186235,-213.22057345623222,94.61826936354953,99.62244930446387,170.83208254407867,16.321135142286472,155.5442226239824,-54.64273817944333,23.343878865922616,-160.6476350037236,72.00156762109837,-317.77179951930475,139.4107260232471
1188.054784497132,1213.2983233060404,54.976996595512524,-62.73434030449021,16.25110652974563,345.5084597263089,17.031628000344746,310.9642642674012,15.147840543849151,-19.15880653776459,41.19751158954495,-47.27523071137772,81.10458573049374,-88.92283081982842
2589.5453014615555,612.6417216730365,-3.4078013802103633,38.29880145485604,81.31420044817254,211.83524656324283,4.215261988598124,85.21937130737986,-1.6838346040426213,6.005480286263493,-1.4459270470317183,26.135409985897137,-11.163718464682779,48.95122440733164
2023.8960771962843,2116.863206861243,-122.15613023116259,-68.53256571202016,80.08180998597503,162.4068251272229,14.373985319455919,211.0447795610742,-30.48322842804141,-16.369626732607806,-90.1248758084681,-46.82813024176218,-184.18008531260227,-105.62191667002938
437.0967817439214,1470.4988972034398,28.9788405406349,41.252886083914824,44.68741952004389,280.07458976553727,4.409409619987397,59.24378103456057,8.043618748920538,8.315252210974363,22.752916777316717,28.701443186293513,45.93660915345435,58.9913760901153
2741.1926486169555,1581.5234036051518,-3.64890583138395,16.284907407869,61.44994602551925,321.2888738227242,1.5725342197951608,119.12931568087026,-1.8872909244747427,2.9076414559492547,-5.799026462928094,11.189274089349032,-5.721503818765405,25.156636294785596
1250.9233900466077,115.60198810361618,32.69469748257711,34.2210436652158,68.02506883303741,297.15836246950636,2.9321660072000633,57.47988577217426,8.989684734443339,9.263137148905981,25.745796103370903,25.392854847974114,53.26285046154092,49.87921001406925
1745.1826995184808,2074.5711183485846,205.37354600503866,-370.6028422610072,90.77612436501786,31.47005083359019,18.729866626204515,297.19254294734964,54.268532850503036,-91.20029831263638,155.5635069009838,-277.7149698670657,311.081790609348,-554.3502790623364
145.15609175917228,1292.4336566553973,-8.56255074774228,-9.900717252447253,45.95629775055219,179.6284599194855,1.444263706703759,246.3967299849507,-1.7843013946158854,-1.302070137296351,-8.099626694879293,-7.353395872960938,-16.938891507893327,-12.746591532896737
2832.5577363828284,1899.2085618456194,-3.9835060905596973,-54.04453859858749,97.89473558546618,180.67303116882132,9.099137594554742,271.251217960733,-1.2848140819914515,-14.00946526609852,-4.1220197726360635,-39.907674999176095,-10.467032071375481,-77.22398916788106
2782.307474083948,614.1189874157999,65.56678948432952,-61.95717213537019,63.920182938995985,84.84571244731858,14.273205662243075,314.5240924418696,17.652465787020727,-14.51353643463486,49.20729999813326,-48.535756122068484,100.28694736301686,-92.8776144899612
1921.3424995505013,967.2190881197976,-123.34069013581379,7.278723128851688,84.82031285528954,177.47377576491206,9.438050211290461,176.51249618753818,-29.93993427643903,1.0227884956229572,-96.93971966539922,5.097870064051813,-185.807848884579,9.718449977272417
3327.5559839703446,771.2193110029585,65.25980290214402,15.382703337976759,16.885928936703532,165.84220499579754,6.141754867204973,12.657330097629895,14.605882326046169,2.9786655405016207,48.387482155536496,8.15162516178217,95.67261837914631,25.03104602149518
2511.6068322786114,146.52961136871582,-120.72940207031836,-60.734419010927056,41.8932977983946,279.3114234730033,6.774659115488628,202.9453565203438,-28.565180230983234,-16.25456532839806,-89.2156975459747,-46.14373912626297,-181.5690195395065,-91.6531901958682
1776.3024255399278,280.2645658839215,-278.01288434217594,275.3322457215096,19.598018470176193,339.75589759632516,19.529793222957743,135.4533585589519,-68.78324760142995,69.59208332854469,-212.5641786619048,206.6964230583239,-418.4248148533448,410.7220728084583
1378.302154559073,1763.8822133566468,15.39615640388784,9.716666707054342,53.96617889031524,27.894105559973767,0.3605801791782448,36.839584632262735,3.160925871259083,3.0162615460216524,5.979039483107138,12.694766181324699,24.687312890514388,15.021630472334586
2071.2229019924307,1288.477986912961,81.90335928623482,16.78498311811129,5.032293293466394,22.646691366488618,3.7469358265357777,11.68947780902938,19.634422826378035,2.5421592886714315,61.266571812842585,9.015017734877798,123.42778850178335,25.06848285303991
290.1495904359673,412.7990280521736,3.999285173830563,-8.34328692276699,5.282589390860249,225.30283019365527,1.0901855482743916,301.11830545540437,-0.6414251029465033,-1.5564665553545067,1.5540381260203835,-4.204396158284133,8.98027440433716,-8.393187228516137
2761.335292454715,2162.4585792780304,34.084723584267735,-42.56223775753711,69.1927363266592,56.106553158519645,4.868852335308214,303.18974311432123,7.5143475166866285,-12.133871836524763,24.355557296935235,-32.18476741025973,47.93442535594956,-63.87289106225682
1463.299110740396,871.5615335825854,-33.664018359164224,31.099956023047948,77.28400834265034,289.1413841877832,3.0682576477817602,131.95842745652143,-8.087964467979399,6.766368774076355,-26.347393635292903,26.136302148763235,-48.01468125304903,47.123856971326276
1983.9375533458087,483.8966700755014,-52.051285612110796,-77.7364476382408,37.87033555811593,303.53215141070837,12.884260319792357,234.2607783601681,-12.293416431192297,-17.70209328098952,-38.08939834879344,-59.36561383842195,-79.42255692774978,-115.88900659603999
1676.9534038928794,482.75027894796784,-67.22520309075179,-21.776534454786983,33.74770457129719,6.509193194046756,8.006597368215164,197.95569161623575,-15.602764633377493,-7.158863051500649,-49.17313061337435,-16.768603390226165,-100.58930692457339,-34.84931738508992
2108.9453091433893,1536.001872309893,111.85246403466161,320.22436228087815,25.566622333181442,131.2439139071512,16.873610593299553,70.17939682925754,27.723435236304365,81.35443004238752,83.78005138955712,241.2354875442691,166.82245110625402,477.2471078756917
3335.788181727826,803.3858685476793,92.42386080007697,43.16242822595289,86.80981598670628,317.2502454054803,7.003730486639221,29.972756898227566,21.870872786770526,8.235914328487716,66.195233410572,29.45747740671644,142.77120008249997,65.09111610061017
1330.012260536724,1253.3603851830208,28.41718701761297,-8.315615601524582,67.07273254426008,96.9982006693158,5.550456098047851,336.0287257284437,4.533120936332235,-1.2421300170018532,21.069357917430732,-5.03440730823452,40.65366286443528,-12.620318494862223
227.725180449534,1677.799183502867,-4.957479253196937,-46.741264661123886,53.80946641211113,183.134154317856,4.862490608453374,268.110263386772,0.044753936318035814,-11.087916454763977,-5.275653522714244,-35.35617819474431,-2.641253456872308,-67.91125355116823
125.01662072640943,1240.0526108015458,322.8824877767212,-65.63585857972217,3.7528657531803122,204.92287635292126,18.415416992721507,348.63088698014684,80.49291188967214,-18.367815177258596,246.99229574490636,-51.845689351413526,481.2278328135402,-99.77456548274245
1812.6460776058514,1926.4463455606765,301.7618727557472,-179.92408901884897,66.40122280676023,121.8124317330777,18.710460455177145,328.3947256497056,78.1166519551362,-45.82207334916144,229.76618483766194,-134.13024428819628,454.1400965820341,-274.9629460232035
399.68362752869325,1010.0641518830553,-77.29250888909168,403.14244857196894,75.0160832954601,249.62430723445584,19.81285474344358,100.04080535559216,-18.904680605430478,100.45332051507135,-60.550139276215994,299.97771171132854,-113.81070579027157,604.77204762451
262.4566399167783,874.9081451556397,-60.9026015949766,34.046568202249354,85.65719886833357,142.579611876768,3.98313795194134,152.92590527930824,-16.66953089847484,8.242603015394101,-44.38395119660199,22.235480208251268,-90.75136711311778,51.37222552130845
3097.5601871963963,1233.42289750407,36.352811922907314,34.22828065449891,77.46526197930176,202.3721113779306,11.054077800910802,41.30710500174908,9.067374878220251,9.175592151432623,27.443899704334196,24.157468813747798,49.06693705095493,49.225100532462264
3182.6212096367963,520.732683967467,-9.759078119630674,9.676708765465705,61.542891503292665,146.05719270514118,0.8216472991111057,125.0238507500512,-1.1797899838150632,3.033613377490757,-6.792531413086717,7.423244315048246,-13.437909612865687,15.12002186358632
1858.2484328361693,357.54170856009785,-169.78580799008117,22.487005585367463,52.81777214230171,45.67421810271359,11.8498695835281,173.69750178995866,-40.39700808649839,4.899822592587457,-130.6961926460751,18.5980271587466,-258.8205081028207,32.42204205352874
3384.472961042709,387.3956394261914,5.118400931139404,-19.878092658320025,37.18367845664194,9.302029999204029,4.4355898386709285,280.9696098168558,1.8135960698858196,-3.9360350528686943,4.6717034354605005,-13.946369295175762,2.930931896469673,-29.666455889982995
2974.1219173416707,1699.7581814283046,37.13981872855572,125.97760040229333,98.07611743888516,56.04933519213585,4.513291661041102,76.24733395734097,10.3969768691705,31.64563136356808,27.59121409890699,94.03478663469946,57.949562186640044,189.94313405380123
1663.8026343994734,1435.3408558033839,-32.074033561482246,275.1912268033324,18.849985279556115,289.7880601974067,19.346562227069395,96.69561584925509,-7.684139914284373,66.25690195486453,-24.250594964778404,206.4274148598433,-45.72724919338773,415.7077069532821
1345.3737131021755,216.45905825140017,-14.971182576868062,44.76252255027913,75.49325397850504,343.86305777212766,4.803031920440284,116.46886094533365,-5.336908850820318,8.921155754047161,-11.493312023187945,33.605191966623586,-21.8007959450302,65.80482227971567
3228.129757970779,695.5039294638084,218.35168012164854,-85.84752056080313,37.04914370595142,204.81170610409785,17.634179392771692,339.08601141375124,55.26890524190013,-22.186053152817763,159.84658711905996,-65.29495398890933,330.61584185025396,-129.78196622156014
2646.5966591768533,699.0938737983821,-328.9922912601997,-182.6272360806098,11.750184021237331,90.71935979186581,18.415129021094675,209.37198162591193,-82.11681701096825,-46.97771196886922,-247.1160742975499,-136.12334650838912,-492.40725670524535,-272.4279905607619
942.5623058834833,179.9496462957334,-33.46466028548665,34.62150498743357,10.184726514238275,262.25781618507847,3.993394760812934,133.65753138194177,-8.891394368864622,9.164670279435448,-23.825251239413387,27.998209497052105,-44.77416490492219,53.450730447532486
1500.8603124356316,404.47468912987404,-107.15592222933535,160.149546888786,66.57652402653673,188.88203040682401,12.78749601085551,121.6795611702564,-25.59845877384364,40.021091938250784,-81.63935633258501,116.80547360276923,-158.27576353958477,241.49598878051097
401.82910765119107,2002.988947657108,-40.662665750849925,26.532498773492865,32.061990655022676,64.19934447415787,4.787396726840926,150.46866288499933,-8.63162360117536,5.679024652152171,-29.91910626239521,20.784951267883518,-57.42074106195446,37.342933080259066
616.7326204117741,386.69957380084,41.77605878312841,14.666221547071261,34.562703703615895,290.77285285586055,4.926964944846038,22.771227203524653,8.97465733028395,4.522553686585136,30.462724372071044,12.661420929242723,58.25261952099887,18.2110229935112
1947.8470571822493,260.01977590983233,54.01944442504315,-141.49759342314863,79.01313737261083,78.40108863632467,13.540756297640204,289.15636436787355,15.432284016920114,-34.81507205681907,37.340751191220136,-108.07101721588268,84.99740003822012,-212.7537581916514
3261.73399469526,1299.1835082917582,10.231222046310288,20.810554413338966,66.14662053236519,325.1785040060091,1.9709370282588479,83.54828803181941,1.6282600405592103,4.003930783642841,7.0955476247218945,18.22504021998223,12.931547526373906,31.78125890306276
1247.0208664147508,297.34202183266075,30.919230932917625,146.0696506143317,96.15437228811096,290.61419375745015,9.192655087129204,80.4969173965216,7.972789175909872,36.50616661336717,22.091093793866214,110.01426649493263,47.805611707162186,213.86378884746088
1134.6458121909386,290.20651566433514,-133.3486346540052,-65.40401843313441,0.14283430791767193,161.85000705129443,16.737268444531846,206.03346682682755,-33.762373542806465,-15.406968542496084,-102.24699866558554,-48.14548244514529,-205.1286586710628,-99.79004163902823
2605.1015336146697,1097.51570737339,-137.0781041179075,23.483245979696697,98.9279945106385,19.70819361345424,7.1003053227249335,173.48406015959188,-34.930387609722594,6.9668486087722235,-106.2706044650293,15.692750236900789,-211.03828036165666,34.40033306753566
3369.478903665119,788.2581816124699,14.556756970061766,14.218769224776999,9.804453811093982,189.65417977814883,1.1419815689035273,39.79553987108899,2.117754171547043,2.176135260979136,8.592133251379076,10.520099975838136,23.13003034400544,23.547180241519
1739.5657831469102,1244.7119776210486,27.58531273604454,-48.23841631217957,97.52445352839587,347.6773597983434,4.305380915716686,291.99764386991455,8.550977798038836,-13.912066171125915,17.866132685661903,-40.79897949205573,39.27972548369694,-71.87252888815509
870.9792991617543,2149.2788512216375,-1.8927093878695667,-4.972050990247556,90.84101072685695,281.2646330660492,0.3880249123643087,117.72243665859676,-1.927886732973583,-1.7296323634087947,-0.28597291054062857,-3.5357995225667866,-5.393684021142306,-7.43925701681808
2208.0045338231885,848.4905877927655,7.809368914023127,34.796430702414504,85.59251895912978,156.48413339392928,3.856792178844912,68.79802416881218,1.2538529989018323,7.255000937247032,5.928945222966769,23.57208687999381,14.49197867317854,51.92141847256267
3262.0182844896467,943.8482602160426,135.7996287418753,0.7637207922684984,49.173794301898944,322.6450496926079,16.13415615490123,1.3162720840737396,34.79244956484998,-0.5598179196704914,101.72871896874095,3.084407243974102,204.72491875467784,0.9654685633370541
781.9198425994376,573.7904222801387,38.69657309263916,-23.26838722592251,29.186717703639975,62.192634581191435,7.587311964083732,327.9003217163114,9.132991065591714,-5.681289277804359,32.63841570446201,-19.801951920098308,60.97298179702658,-30.704121557966737
1189.9149628271434,305.74427191540093,-188.73703888190988,33.73957804725499,42.71124464193341,46.35159745249997,18.95247317041334,171.06151176814618,-47.58435110498501,8.587684006072482,-138.33803525993292,26.114463993893246,-284.2256635978741,49.108773619594494
3100.483357231664,144.26778807676288,161.27020228217552,9.406381782490373,75.2727137825976,170.55838530519225,8.935443176792138,2.554751698159383,37.39738305915438,3.264215145068433,121.2372616593061,7.963437042936431,239.77091684101214,12.956202036804285
2964.6853049816164,896.7995261471334,-44.100235484147,-26.260124197937877,66.04697213644312,169.49391097172332,3.978595595900767,216.60717910336743,-10.82248158637529,-8.257649978913605,-34.101083489743324,-17.909406466086686,-69.30401331556801,-46.98549424565926
635.0633833896954,168.3498865378039,104.33977400543336,77.79851815858262,94.69028994605169,86.65653083886242,4.798978074472626,30.016459356753433,26.702927490836984,20.216979186872656,75.6253218095037,55.160818623001155,154.27183462872324,114.71315291032806
951.6420189491957,1872.992853573571,121.90675730202243,-131.8344364092094,27.967385654644318,68.94767593805334,10.085269215860631,311.6322130941835,30.280216510159487,-29.895644043596665,89.19071845134214,-99.62610810390387,179.16284223554166,-194.89426870220558
2091.646121165562,1390.8893972581006,-60.56595875673965,16.658098338119142,44.572982090286914,301.00270159621533,5.29934123110886,161.5077329823843,-15.35291633606038,4.946741136073233,-45.559328909542344,9.415690901137026,-90.62220901709937,28.133739932804797
3261.5596397991885,1164.3531724821519,11.377823200069987,266.9109815375772,49.044909673594994,43.10884386019148,16.053124883044397,88.9075484881425,3.178956201701138,65.50519004022223,8.527457166815385,199.05238063843032,16.034542929992302,399.24286985411504
1341.1617267548452,1051.3617667763065,90.5685780747508,182.2036760821249,62.317242453218725,26.79423063786564,10.073835224748892,65.7450468911164,21.852992081221437,42.196171101041855,70.44262808057023,139.92027765565834,134.1933353760844,272.54365900399563
409.1805297043399,2131.0922433675028,-135.0423460966222,-86.14121963748478,68.92793212258371,45.75694095746654,7.134463386178127,213.29387780457472,-33.991086495825954,-21.662172376823516,-101.73545731638254,-62.547563229574585,-201.30723926455082,-128.5500788430151
1487.3375694495764,520.8102162822736,113.7656186494348,46.68142245280307,51.71179308569195,326.9101273415476,16.087488282754013,23.698743610735363,27.815573296824837,8.542908841587241,84.96701562548571,34.319489899971366,171.81952655733832,69.56041799828054
1061.0690258399409,1113.9112175932344,-3.4989430029775965,-72.22088960391996,67.13044235642798,58.38601406683586,9.72884774283749,265.8740542113267,-0.6893056442524598,-17.6896950724487,-4.284349577778493,-52.66582507494264,1.0057242592266533,-111.35506949216456
2717.9103019024433,328.7106270072571,47.97209344176391,-85.25014448739724,96.23653164545284,320.47944139964017,5.406971809911687,296.19368749163954,13.76620459876636,-20.162941567990384,35.60547919241007,-63.76156546576145,71.56536274726749,-124.49049738128934
992.2146777671292,631.8819164552995,5.898670836534266,-139.34561871274187,48.301411284395044,319.2593542088253,7.5669516336529385,269.9012688420756,0.8774411776998398,-36.59544923327252,5.8960365988379975,-102.98909849014629,3.657218063348364,-205.0167708326111
1806.5809746549262,1431.156757563036,84.5755292747859,190.79234328042676,55.98905318457854,175.10581279302414,10.098656081788002,63.508287754039024,19.91065319751504,47.75665963523564,62.23480612199274,139.92492469536757,130.62873127730356,284.69549735035304
1651.477189873272,475.6901720073412,-57.21771842523889,-43.89687198594641,26.72098954860741,183.28081866750793,2.949078348522698,220.19604323256507,-14.432988267810003,-10.223705678496218,-42.96737003253828,-33.38331738482237,-85.65146676540465,-67.65688477263049
1251.0836932859745,1141.5568539069072,-189.13414806254218,79.15823351809749,61.3170360743117,312.7683944944153,13.238031529438572,156.25759265214504,-46.80027720205998,19.268116386261113,-140.89496530336967,58.81340195243172,-282.03339773887575,113.02251691511432
271.7254008297592,196.5383944112359,9.654080874451774,31.739102559195967,72.03732127322029,160.01279207200477,5.125847507384352,68.54885856896767,-0.2910603366652458,7.652366130794539,7.528762016007546,23.69294684936594,14.046485625834,47.73777645134511
1562.5980887106648,2025.0191394367346,-200.73985003553022,-158.79065986910712,30.145618641066797,34.040284118779766,15.167695431798355,218.16497949698925,-52.35159779562111,-39.24849418510945,-151.36920882481135,-118.66389335803991,-301.16345998432035,-241.11518994965206
646.4253872493513,2252.184019764843,-95.55040754131272,-110.20804524090842,15.852023402740944,175.48842076703065,7.282421136830108,230.17911172347527,-23.85155691910908,-26.91925367473408,-73.74451232878175,-85.63610069281202,-143.0039874258487,-166.26860692784683
1605.3021542019583,2187.615680015173,-50.65388278956775,-157.46051749232817,24.599974030679515,191.5512566176841,9.64712417165506,253.03191985803647,-12.109802930962324,-39.801106807281904,-37.92848968233854,-116.61476160985484,-79.67844511801248,-238.24425143033065
269.25540517834884,690.7001676344898,-162.761372828526,116.94136462716418,65.42357799453178,192.1020952713159,18.880825565618547,142.6598144970122,-40.32602808314184,29.406190367193073,-122.67526001202427,87.48075178680601,-234.84716094057524,174.63752152665197
672.6978738485119,1773.0221338073468,77.34740668110035,-67.75422676147545,98.49291084414916,340.47889812304595,3.9421207764730437,315.1307663642739,22.647370817010312,-17.221058383612483,60.350832889795164,-47.75684831960328,116.67800176921845,-104.15680503781763
511.26625161087395,273.13488542987795,147.533094814182,99.64088884688472,52.73108956423933,145.0027922567382,11.776205403124465,32.11998050060589,36.15222987718463,22.859424327729222,110.41854751194356,74.80358767751753,221.78141052078826,153.54773048138233
1045.9384360339955,235.53756764343234,1.0599856780974068,152.185893762721,16.249841547444145,322.2121891872373,13.72048447871782,89.96461978928035,0.7038770216560131,36.58099525428402,-2.373223417340589,109.63384710620352,3.752969375863018,226.64328190990256
1749.86905410062,1295.492874836181,-4.067225342165019,-16.5820891501637,30.476091279732575,65.4510476401019,1.7182077640564097,257.0828907329697,-1.3854304295346915,-4.918871548557703,-0.4127569937506421,-9.831521396475226,-7.105246975581034,-30.254897064821442
757.7205752405874,562.8185793656387,3.752938113910026,24.10343068135718,2.3047088406607408,322.82875796678803,4.214133301498125,81.91219569712679,2.4949652677082987,4.825531392515767,-0.6171697684772326,18.885325280185977,3.1771827676220195,37.119020434307934
1923.7953024721035,1061.7258310990762,171.42498348082293,-2.6634781676317187,26.787358281744076,217.44179918622004,17.42667184680565,359.6056919147076,42.57734743982038,0.21042695887658325,125.60084407867403,-5.2226239261488265,258.4903631255638,-0.9750270377663837
2188.174091084235,835.1146492444968,-81.96336072189642,-5.46925066295131,81.79041768324394,13.810990088052408,17.415943446762263,184.58996392581466,-21.585451033673532,-1.8424707716868267,-61.846156125687436,-10.252735777012042,-117.9309983565322,-10.908003034118487
1531.0481977813683,2215.1186712624612,-9.034863211896468,4.198554274536394,59.92775178235918,290.6920568346872,2.187118062189577,143.02486546052606,-0.7249878104652439,1.247189356268043,-5.4097545564116265,3.3228402446129968,-18.809426103267693,3.7156439216185753
2162.743698872812,2146.986921199068,11.639448682748144,1.4470609794756653,83.69278328446237,358.37409986395915,0.4513716640475418,40.628932096594404,4.959401537675657,0.9027922947013017,11.33251996503239,-2.2676715601422828,21.19286850518798,8.865088202296743
2277.6431966835216,670.7881763497678,-56.37806637170902,-0.16225722501363649,8.464875358462898,42.937801934307636,4.491647653078021,180.07125678820267,-13.92721963323448,-0.009473817248019462,-43.803631697431314,1.595716228299629,-82.97441661491567,2.331031375281593
3315.2900259727357,999.6399186646784,-236.11755754178142,76.94430565839052,66.19698394506341,167.34772109277745,12.61177394617087,161.85560616278545,-58.61548005374793,18.51073247728451,-175.018367518803,57.70983191712603,-352.11876285684684,108.9552667662114
603.5427153322332,1741.890387651969,-34.16556688227598,-154.44119471663586,0.8354704172138572,60.69565743625326,11.615936597069513,257.17952233342527,-6.59355310651555,-39.30736001654491,-27.315108385867415,-115.74408153544316,-49.94352720831028,-232.84375211868314
2564.7033385230943,2068.4763714274886,39.62206914864072,2.8950423955132876,11.755724912093656,356.4801124614266,4.188134278998672,4.240755463191124,11.31721714014918,-0.7672484536197349,30.70922461172616,-0.31125847351986247,56.09085964826181,2.449771092056561
1164.8189723923595,493.4503507171586,-68.18941269647199,27.506818130598152,90.19161078378828,142.9872790741664,4.905586099487347,161.42682276573584,-16.460696530867263,5.821820042235059,-46.52063126295595,21.04235712716241,-102.72613972457249,44.15200346506394
3164.003918939009,1751.4718314196407,108.23029492035819,-14.986587830686092,48.860492587798475,217.15996883686694,6.511622650380229,354.0950279059587,25.056434965732713,-4.266956971759926,82.23868401830025,-13.129504558270618,158.06496265019325,-22.271870260883095
1186.6040492839943,1401.977396859317,12.374439958057879,-24.566714179563455,7.2229348272477845,53.08308333582464,1.4649120821478023,292.4342397770828,3.227807220265099,-6.651709380261732,9.28502348953997,-15.173320201260745,14.526616485294813,-39.433220285841905
2285.5269705510805,1624.1626369857993,-255.15067927279247,-90.23252412542844,87.09675998625426,123.24026968595666,15.395446147711711,202.08809670816166,-64.23504567590084,-19.633479830966955,-190.98102109904397,-68.25337209870099,-385.2330859242488,-132.05712561332336
1141.2134337765613,1943.2510379921407,-85.37604514169342,-57.95588539947483,7.235725774132662,317.1978534083637,5.1332337979182885,213.4745091919778,-22.980966701447603,-12.85190710614556,-60.74687381489971,-42.78763210845822,-124.40018287548467,-86.53195295747155
213.65021251695356,906.8545681370682,25.114033661102965,-7.006767713811236,23.707039117417807,161.01826853656394,1.4475278638824496,343.48739096558614,6.079237891222569,-2.818681123946753,18.988585374950905,-3.6890381292549668,34.241033518402865,-10.247730309674637
102.68433771694387,1882.3081996400147,38.1525890129183,146.51767537350108,8.757456298623822,228.18593474471663,18.29232909030383,75.11468873703517,12.401389794590855,35.57521136497554,29.747667765833633,108.34660414278228,60.35174604077081,215.98073783299597
638.1623723778704,1613.8588502539706,-1.8552131513938694,-39.217981868915444,12.818807281046174,153.1283386571941,4.944121474777536,269.41508979414573,1.4104661213578793,-10.757463065634015,1.0943748321709448,-26.23554141513039,-5.231284694174937,-63.192136618644824
450.016891980973,1681.8502049539222,-45.04627547836485,80.79105496323947,50.38887967912735,255.15562764443564,4.978870495937455,116.79776230862385,-11.854661802547039,20.141512643361335,-33.81985351359058,62.042841409961646,-65.79718021101628,120.52624125109473
182.9293765743289,1379.1347687119917,-41.477905830383335,-56.92285154781927,54.89325244993376,78.95534443609755,8.577748627004212,234.81504213975728,-9.48203639275218,-13.681432627033999,-31.444738604931533,-44.63955117209472,-61.93972837065523,-90.07814370373632
961.8787610744472,2169.1820624264847,-125.77011846654199,92.4453150426059,90.59439679262645,204.05019780376776,7.088479839747723,137.2128775325048,-32.525202682751726,23.273603957621802,-95.1368501064255,66.5327966769222,-187.64273147563378,137.8780491432751
638.1732706009335,1102.4538074168022,70.49104821634626,-84.24485726156333,60.56992404598757,249.071006937904,7.661387394530134,312.87566474090227,17.594531003738165,-19.495285935768443,55.165675963909365,-65.46699225643337,103.71520200754095,-123.4946744025057
1785.2233310030401,1026.4615897549795,13.708849948778473,42.77962910291981,41.05227843514279,83.28553675205417,2.7274221005891675,70.80788096323673,6.2342190569154035,12.982071787845225,7.816523596518879,35.44089827761661,19.364878451749153,64.55700607437485
283.7619329890703,1105.9069231629976,14.907254098564847,-25.94435151442598,54.96223011060349,319.61435052089485,2.093212678157925,296.15325378980015,3.401569648890006,-4.808062660113082,13.724539155984585,-19.526733267906287,22.09962696941782,-33.276903623375944
976.1652038432109,2046.8388430589266,33.70506506481202,-78.60386100174959,57.702040169055834,79.61313963984962,5.382395052760208,289.1279120170485,8.15464062943164,-18.46373516882869,23.939391712510126,-58.841470497843744,48.28974547714227,-116.82446647374607
486.79065993546806,1004.1133376789873,71.6600420804753,31.052890903672793,64.78370386082265,256.345917209255,3.5690134819674957,28.65173305393528,18.57320311439737,8.54987786938662,50.15097206098625,25.425003111207314,105.78096623193576,45.50585255518539
1833.1740274629628,1387.5739261216622,-39.063272874515356,-45.83471702120738,35.93389905157872,171.12926436511268,7.270289147385334,230.76218063545247,-9.959128899318916,-11.08110013146947,-30.571065040156146,-34.0797875531774,-58.37489907743863,-65.84576584476702
2375.7843925935067,1929.4626370029955,-33.01071721603382,79.04532398981803,15.031062248396875,13.892962297728184,17.577622918257042,113.3759618852157,-9.733639224092482,19.83082508306641,-24.51736130615368,59.67821413515382,-46.75646127618744,121.62475570499674
781.1553917279039,564.2147217565573,40.92034194943612,-180.23624828299575,68.8292998427255,79.10019003974287,8.773433936060977,281.5206572138189,9.092130519496155,-46.447947477527315,29.95464286171361,-136.41984023360772,60.715713840999065,-274.67731732806834
3188.6876627657007,329.8566968587078,14.620274922069436,-13.973584051117932,72.02679239473956,247.421881588726,1.9150839732671532,332.126065766088,3.4283713336820827,-2.0088469864305525,8.33564292295007,-9.190763962143691,25.234402877772805,-18.811355835055664
1708.9248354069557,1458.9992329359475,76.99767150155265,-115.64670409820835,45.63259238223986,321.87289293282436,9.957383610286383,303.0511352503748,20.954310197172802,-28.775570892096727,60.54457188170868,-89.61615216469919,114.16671685787526,-174.33578149877482
2800.9063653157114,317.730971499155,142.05178821084124,-26.928046293516662,27.13813950795846,307.8393919190784,6.929385741573344,350.296325825098,35.337000780242285,-6.934193148733071,106.60621313947756,-20.035506898965135,211.78079677893987,-36.5739252383612
1243.4632735168489,615.8648149229739,-5.801598102902323,70.7480154847527,48.0648028312409,198.65834407230065,12.635496873055107,92.56266143953002,1.177688546166089,15.794851523902162,-8.555580160987,49.88076803116946,-6.007318449312527,109.49635338708649
2933.122358921883,649.9097587268902,-49.74920034565485,3.4456500413103615,60.952850975406356,210.67012274142738,7.394756217453775,174.98071508496514,-12.647556513611143,2.2067762285732804,-36.553185926101264,2.7210753634972504,-71.90416804715238,5.38523120667929
382.3317765546339,520.3141111591023,255.86707199400675,-22.120923298929213,44.07549434413178,210.5124510014297,16.324557037256003,355.7743614515473,64.9986325722611,-4.6055989477878105,187.78099971704606,-16.598762260342397,379.0301824989692,-35.175338240900004
2585.7501422121113,632.803580306289,-18.340120312457742,-18.150685904290064,17.17099889736882,190.7402000263453,5.799747852882837,226.40585217250143,-3.9463876009260512,-2.9002254600256894,-13.929576680789406,-12.962933978312005,-28.82339243589959,-26.680059208566703
1447.2409791757802,2220.398854613997,-4.033611494430366,-10.418100962629373,53.89808744501205,103.63662120054404,2.405419262572137,253.27020246535096,-2.4009780658460684,-3.6110387369999453,-0.26199711279471405,-7.521550646274738,-7.702178442647668,-14.098083750270089
2520.8270680737533,946.9091898026257,156.39321567417167,154.61843887261125,40.22946780763187,281.9844332779919,19.255696159614644,45.59611422498981,37.450611180029995,38.31025549912462,118.36689372728948,117.08354550556567,228.89081266868087,231.5428678674654
2269.515267707938,733.9346987102867,13.164752180974563,5.520936101066393,23.600793032371204,262.98527544947757,0.806504794419014,34.116649572453824,0.5320908887415854,1.7917093226387444,9.294773448950302,6.198754215265651,16.45190061757419,6.424035306849795
1384.509201291999,796.7055832372372,115.22926749156312,58.46057556232393,67.73039592981411,104.24977368146176,11.543994928451228,23.721179411510175,27.766625532196834,14.023611804158696,87.54769952349731,42.43807105478022,172.95662581535228,86.74679085712162
1390.1686940177804,1214.409999798804,-17.7702396063273,-134.5012611972025,56.28302372146029,112.81237000462015,5.902177203685706,264.02466576056605,-5.52773314991513,-34.03264018910235,-11.836094099974105,-95.5759744858139,-27.339376589920107,-205.97282418211572
2809.621513653196,1398.937426837361,67.35409779954931,-249.61394619025967,9.691732706699485,197.28773900248862,14.054765985791738,285.37322608107047,18.341621769274507,-63.88562441715141,51.44594052175667,-190.11672499854132,104.22727551610276,-375.195055832223
956.1699868310478,2258.2648760531674,3.6373339785992176,7.386212054662961,61.370796954374725,285.67346480237916,1.7119910564553664,66.04483851319142,2.809213178977645,2.9271288705747027,1.1124286524399243,4.890505414205717,5.892282620116105,8.96818688400014
1870.2282026959792,1732.8422200664916,78.59633792736419,17.226630357138394,50.97355100039371,152.0804844111165,7.9617435647246175,9.520884935160288,19.233514845587795,4.256030059696903,58.988830510895234,11.217761600005142,119.63129283676,27.22007250728899
2200.161593041209,1517.7309731855964,-8.329089809230108,142.7894541034752,2.8337450383384644,298.2708934493431,15.765504163416592,93.25265187720498,-1.739288355081781,32.42170115246949,-9.961197463984423,106.7155734337393,-12.246309413940635,213.07622484473822
1445.5324214810048,757.0787462526093,-206.8591690165121,-4.22149079612635,86.69410428305123,268.8275908073375,17.155310967448845,178.19380609648596,-50.875486737462765,0.6617310325310359,-155.7868933918189,-0.31060921853021295,-310.86866620411206,-1.9174809464798432
3299.283678665499,1170.0186218153247,-271.4954967766474,-105.35147346677492,46.261927193372955,282.6258701628646,16.43155383521676,199.6160811556215,-67.67943853497371,-24.92205512698899,-204.9124330794026,-81.1516158080203,-406.48203327464665,-163.40643939389955
275.7313116978482,448.77954869983176,-78.9215517149218,39.42483478017166,81.26930433757823,47.737436668851984,4.667925389162539,163.21341801749662,-19.994672105013265,8.413751389645318,-56.073280537381706,28.248591602112313,-123.90312672676941,63.12175033212948
680.5849637313112,599.0416251160893,64.75329608655616,138.1934543345285,57.550101846905896,152.43796976392528,10.298550177213441,61.44387670880412,15.224236616530023,34.79742703931458,50.01116822712438,105.68686770327899,93.4514060563962,213.8801196667296
3018.469491187612,2205.038468594739,-103.89040199857385,-27.275483726198246,49.90361729040813,335.3526176958943,11.66665819977035,193.81830728271595,-25.52508577580963,-6.866834531590927,-79.30627687863185,-24.804289632259778,-154.71500194762547,-36.54692213755139
2686.396340549243,429.6981575504136,97.36411291973506,17.18927629102164,57.18287711826909,91.3112907628952,4.561236338000398,4.149365059074692,24.809411471977477,2.6902539216624293,72.18067585820698,12.803982291913046,142.749051706007,31.173910041557505
1018.1987847452893,555.0416433565387,-39.57967690581927,-60.171231622416265,65.40230776587605,149.8381311716332,3.5931857805982403,248.07926933525664,-10.562512015852963,-12.817745765710157,-32.377330722815955,-41.869743103658074,-59.703471905122306,-89.35959023156109
3371.4320922721204,2083.2688724216478,-1.6300988307999151,98.19385306993644,27.038323531065632,289.27503965751396,19.91208403607012,90.95868078166164,-1.9427497676108154,24.2851984319661,-0.4042748680686221,75.13595675187449,-1.7225179745986496,145.29369921022402
2322.4320197791094,2203.686582015981,261.1203557521451,-119.00185720982637,0.30208713561612477,89.25568193009059,18.55582958750631,335.5682095433819,64.89396811244991,-29.42217091599172,197.35738079708034,-89.35983203079948,391.7289079919191,-178.07286689973955
678.4853166023369,795.4307534699705,79.38700977783331,-7.783232478885996,42.44928326765351,111.35672076896026,5.612711597530316,350.0026953178887,20.484464234789456,-3.2679604439105896,61.65533962995658,-3.4459536803009247,115.69096509509428,-14.146359327252455
3350.1239198709504,2131.2589181938447,-36.62799487544421,18.023331731076812,45.731660989282034,304.62979181557444,9.04646955268592,152.78004650610373,-7.84340865048121,6.255699613672354,-24.42836587602229,14.12155451017847,-60.83185975668323,28.417472192826814
563.2519213127248,2052.638757995621,-80.23593700138186,-168.28536488325005,47.076239238760294,316.1214709148525,11.717042448663367,242.70916198140029,-21.048077602311114,-42.34503802549848,-62.39338527940885,-122.42975236990031,-115.30942812981874,-255.07965401029728
328.11869094158766,1406.1527224931563,48.263938712254706,-43.85324578783171,77.20317859723548,298.1565928391739,3.410607787875506,323.07085802814254,10.145599091416544,-12.791196957893217,34.07384488793649,-34.84619242657089,69.53205376253187,-64.22521183041133
1271.320037539815,235.3946750966411,62.24166534465316,331.2748844601624,26.997363685546205,276.63158560220717,17.700306490945174,79.74977468485214,16.56438835075113,82.57931699731132,47.31176316029803,251.99294920146409,86.99051956260284,498.15317546295864
1869.7698143811494,1541.843038819597,91.77081520193524,131.86774670273476,41.83630384287931,257.09513270118265,17.224644545207717,55.68654534655002,23.952019596906787,32.76589552431076,71.37779350361426,98.91945312919471,137.8298149451831,197.00484215431493
1041.8865261567225,1997.1368161674095,41.24667151227654,234.78265218413716,28.346114926407918,247.2320593014872,13.484392648947939,79.73767758947041,12.19672457244235,60.62144968984818,30.33652448415493,178.69770424732437,59.02314878510877,349.4532696520395
1923.053749559494,1088.1260460108676,52.46217241766203,209.24364649983275,44.01207709849362,32.8094420722946,14.372074813803913,76.94520767348786,11.37155770942504,52.529564309967135,35.179219049962725,153.79075031745813,78.68615187809462,312.23464906147
1984.1770534774002,1329.4499161002664,20.35148133750436,-42.891568261917605,70.70311693228844,63.89346059676424,5.044462684612377,291.8629674829486,5.629595650190533,-11.642344301461332,12.819855169717815,-31.937276272299194,31.685132283963167,-67.86728722457657
1245.5345044609348,1388.0690642930783,10.88395670494717,21.39757576028404,31.565362698232402,31.2982418492115,4.459000171155072,67.70108393246721,2.8337332335449035,5.932666870432272,13.529754730934604,13.940452767754714,12.96468130061159,29.8317650507103
992.9542820446503,1209.7262873734687,-9.379442229630387,-18.72807602536081,74.40494512285778,181.15891458586634,1.3559279165622518,260.4890521583931,-2.3589636024730902,-3.4197236920469143,-4.712163337349338,-15.7558236748578,-15.648828743855686,-32.0591563420911
3043.4726061630986,1693.7291485924932,-17.50823059435037,91.79345055506772,40.381100524749925,77.30802086700866,7.119367816644731,102.27749372187587,-5.269846751519165,22.716868347060636,-12.748709747911166,67.11649153470061,-30.691133523530894,143.10689913066204
1568.268553860901,218.65168224991666,15.287287525580798,13.752190605130266,51.654651038926225,181.7062111369266,2.9909863711388907,37.38217899993393,2.939745902352562,2.0594075025123355,11.377873438418515,7.18625040717892,25.77135398790681,20.793294715795522
658.9351267166081,1869.0403413344895,50.48405022333297,89.16885744494117,79.19610144667158,45.785228118079296,7.971184482882552,61.25495081202608,13.930010470043612,20.717192816068128,35.55416877110803,72.30829010113175,80.97885316078089,133.65873062742745
398.42790801969795,1569.9974563073913,1.474738298812014,-36.13935132272223,89.58121013985787,20.803750927151093,2.813066784673335,257.9874972127313,-0.5894993794944057,-7.989927997201766,1.631039244453246,-27.125014825582404,4.8489993674299745,-52.76720120404129
1510.4818623058557,1789.2940308768816,-66.82355015441166,47.915865948593286,4.050917294132184,44.24802571520819,4.061411858401243,144.70269286147905,-18.95760379341331,13.078931073775102,-50.89785141407038,37.42719767232123,-104.23267027530119,75.38730182100838
1430.944520701202,676.6485384369523,-257.95467685744103,-16.688422324145435,34.30440057930102,147.85214421115552,14.408321381846857,184.15302992452504,-63.87766458014444,-4.591150386757994,-193.05218699262275,-11.376152232797375,-388.6673944727906,-25.265116385897116
3228.386965296938,1134.6516899214646,106.94752316767062,105.24597666713797,2.899674433594801,248.33558567835428,9.636745071525164,44.764314279267865,27.130020911771307,27.538977771877065,83.52044417169836,74.79450753870476,156.4749608303564,161.7972973049149
3218.1349175841005,394.74470684951865,116.57827595018702,97.40064527760697,67.15118072810374,1.5694487843689542,18.493022108103617,40.50148796571294,29.117090547949267,24.27918669058349,88.68120597724669,75.09192634329676,177.70507839494442,149.32183374813317
1157.3082727023132,319.2606285689069,-271.76437594471827,7.972653928951668,27.2467184033096,299.44270806665736,19.609415955661422,177.7849253069621,-67.07463878307198,2.9447065878710807,-200.4123790286707,8.850599203477612,-403.6068489292465,16.289991850926217
1982.6759867544283,2270.1108406623557,72.61399098928139,302.7797372892426,73.22905674256961,279.70069982130764,17.449256301673483,77.6303145813057,17.471585800780733,75.73490857015598,56.87324290274146,227.93220547366195,109.85240474646434,450.7878145562014
2118.275851117809,461.20692092398923,18.775368167023156,122.03861551482461,12.346357373073602,352.8186994715345,7.874383393060751,81.87182234047054,1.894348084417,29.551179121029968,15.70728159169008,90.65095787497435,29.545443981382636,178.49092031739167
1033.4515881175116,1913.0078790656232,-65.70655718128226,132.74167069417825,0.5324190571064258,203.3348986391026,6.78406862543836,116.16613454801528,-16.75776952057389,33.15187886757354,-45.13675185311331,101.01350809944783,-93.9516522267948,200.90511915895158
2042.5543967404622,246.85056067166522,86.04095842329784,47.78225952957653,11.644552408471142,214.73084791582286,5.499583839472804,28.6722464525157,22.406628012500672,13.482030229200326,66.22926414792963,40.2062857539476,130.7376091457802,71.20395716599532
2881.148221662498,1392.9278329688868,-149.13059488418529,27.767065572694722,25.218198181926944,73.33826157995998,6.8076967535509825,171.56445968880666,-37.86670072050723,8.995805453914492,-114.94613643286256,23.352344697949377,-221.67048115705717,36.50249861411002
1793.6408922255332,1374.9800121299584,28.03477599837347,12.917436412177478,28.6660581287023,132.10481945411829,1.6779592125781861,18.81949401799406,7.784233450592176,2.7546114534916786,16.921403252819964,9.37123372986703,34.949731037440365,20.437466510940386
2018.6236198774227,351.9723103179661,-48.98376164852367,-112.13410928653737,99.69905028125511,153.2001159708183,6.964612794147373,255.67554539385534,-12.77967164849259,-29.06408829859879,-37.7514726326542,-84.19520670907848,-69.44910207905093,-174.0034271661848
3340.623682527081,1236.8192988681417,-11.483943433616364,4.2292042867439745,81.91073261776877,196.9659513248042,0.815700268710362,113.40297906831866,-3.5176438286869454,2.7144655862379254,-15.445765098103116,4.0110950711291,-17.123099707823883,1.3011950524016003
203.68826269936517,389.9828216944102,-158.53898414969254,-34.1678781272942,88.65895961689463,270.6047161313124,8.457368181181742,186.17413042219582,-40.10687690718666,-11.078878108935534,-116.42708340961983,-27.270027242690432,-240.371956612753,-52.46101479505147
1456.7375369642339,2255.8117521212366,163.90116990456556,77.05284861760045,22.588141293357587,220.37711721956248,8.659460996794126,25.568844353757587,40.76902129759277,20.002524177329658,125.84186827482063,58.55263476258611,249.41298789307362,112.68490371351162
560.4240893806153,740.8462438521116,-13.221890795290502,-68.75752992586122,14.47106361365199,292.04300102448883,4.452984704535707,258.2652799458757,-3.1118480073424046,-17.14842276558364,-10.0901423098782,-49.46551357218906,-17.590501278654585,-102.2426663157203
1436.0326009706005,2215.8774523600314,122.77097798037222,-42.15856968455899,41.5786062069183,216.38975954155762,14.196094265447439,342.2131247073378,29.136875094045884,-9.12543715232561,97.10027773732521,-32.42028760440319,180.28364031207866,-64.4587776259586
3369.5776738720338,1225.2285880937584,-91.10218998375517,59.27907033952596,73.39203702877005,147.97698968018094,7.102635280514327,146.579147448165,-22.845844745342553,14.757549579557066,-67.98585250115366,45.86417469148615,-139.77061848073595,93.98124967499932
3190.5350325105383,1503.4470770752641,88.78359336667495,-190.48816947542545,76.91698695235874,132.68248884997698,19.20023761638251,295.3660644569934,21.15018289417202,-48.40977786836847,68.07039839523388,-144.20051791840956,132.82242525520593,-285.68717096227687
1559.6974033942638,997.3468390707897,-55.40770225945544,-298.5607057590386,11.394526944454352,243.41104389652457,14.04194376758982,259.52155885875516,-13.953688792884696,-73.84546162887023,-42.795478375040865,-218.71826713317694,-77.16065243187509,-447.80541733500456
2792.4822306356054,1382.6410243771,-6.009497564391534,8.574084603187671,90.8917744121454,339.1169208781938,1.2863844638716704,144.85339423489478,-3.6060845455381254,2.432735356214397,-2.587408784522739,5.951555001862679,-4.7049577879107005,10.749377928534873
1718.203539662262,369.68294431580256,-166.21591727726846,175.3340767858952,92.79342012370215,163.47477361591316,14.689740806448073,132.18257319526518,-40.237107251144806,45.1161656067864,-122.83031089009675,131.46754329239224,-258.1866227396288,261.07593374788644
777.8947846361317,776.8411921839403,-14.655536213554232,40.23149882750352,4.233449251830335,228.0727057018213,4.970714878541857,109.49589161476743,-3.1050948322382013,6.328947225288952,-8.824436597376264,33.22062085250769,-25.133863932416357,57.43035350705078
596.457479013168,736.1921584841749,-159.352289096186,143.98017989258162,30.976531414290342,187.87840629389217,13.274089578525121,137.19618490025306,-40.3959032152762,36.295054916718804,-118.50736715347205,109.4861638463274,-235.493675101635,217.19467757720747
1473.9734823260542,587.3023118784761,-232.68374189871255,-100.41778338120172,51.20233891087593,197.58303201365058,10.766527440198242,203.4265649328379,-58.14883219477497,-23.621678396150067,-175.78483494386063,-74.43945325840106,-346.4708397103892,-153.35571638974
660.0956302182618,872.9830562408389,-115.84754729353601,128.24297136986755,26.48662578135714,125.95020992009225,14.166480981559406,132.42498521140837,-28.586950099515644,31.77775385973488,-89.41400852712704,100.3050758812209,-176.05033999356166,194.35539609589986
1248.2166340623633,1881.283367793761,-41.26031036536923,-209.75178869784585,69.5677663215339,275.68234537766074,8.824022044258648,257.9314545511801,-9.738855954756234,-50.022328389088024,-29.96040717807384,-156.0216699548314,-60.17312962958854,-313.43654303712157
2314.0722211241778,1983.827281702877,36.850073852537776,119.72196453099495,11.238297492870942,125.18562080135361,17.528418872089855,72.59587605608121,10.783615022266918,30.026030318461213,24.863342356925045,89.05939705701789,55.40729848102646,174.07564052796116
1906.5246950887974,1872.277818170714,39.76014906779478,120.25240708030046,79.13527236523345,209.29196059364696,15.615709667309527,69.03844498572155,9.480145518658803,30.9197670191824,25.842620485477248,92.69243898342332,62.796857069563345,180.6709129513426
3202.449184383253,685.1429422390466,85.65610414175657,-1.5827204765806022,46.21404732699007,197.69184548692243,18.982249137764942,359.50223489917846,20.88944544587796,-0.4084972322809319,61.836137782761305,0.9961810389163905,123.10172567903905,-0.7547871763858769
668.2566705556444,995.7822249175256,-27.033256212824295,-1.6946203126497947,23.227336479050077,192.5283516909005,3.976570605729599,183.02615159206573,-8.612370195761866,0.34900658182801597,-16.530994599274102,4.652204240477694,-40.276379879237126,-0.1773180465831321
2082.194831042273,983.6368766816366,27.294757754261116,-47.07552109510089,94.90796031828168,279.7869273982595,5.708105806056832,303.91545087944354,5.530371332166109,-13.054929492291343,18.541324861216772,-33.6954979408084,39.091810546832555,-74.65726899575284
1718.0815134088825,198.0540895677878,-24.337477738877894,41.63125621118951,97.05733326273605,257.7826992310409,6.463881306486723,114.73101262274304,-4.923136218782742,10.033097931899531,-20.87607484787654,33.926938140378795,-36.79223988190689,67.63784976135577
2864.8193007671684,2200.2028344142304,-50.44724289128787,64.15799745690926,92.57885494945684,327.33541564392266,10.243399118677743,129.6511610900177,-13.025548026911554,15.27106903753387,-35.22863376920893,49.09659230256082,-74.9189796406219,98.66270920603424
119.14646334338268,509.89690834077373,125.42694275967787,36.24913507688695,9.972620385336795,130.7968112048436,10.027019872674918,15.622984288281906,33.470270312261654,9.211512151775418,95.66844688331987,27.39861490070895,186.13841399586735,47.64795481180369
400.9758717300766,1439.7980443142426,-78.21873798597824,-14.652487279604706,28.821196844810604,57.71125422560479,10.89062585809016,191.63169481676783,-22.468347696467966,-2.8424819207674963,-56.573705035046885,-14.353452078399398,-116.79865442797849,-20.625052870998765
354.13607236347275,1113.5069416606943,369.6211102517575,-106.2900154653974,89.08241315106275,34.00647328839128,19.77751424275087,341.6649817123517,93.94949654615507,-25.8172478237944,277.40245276403834,-80.65147514295299,552.8446701350268,-162.66223314342093
1283.093464927736,1131.932748486538,72.12328809270745,19.945421490870423,33.41364118761734,38.650002642240395,2.912574770509029,12.037674801995163,19.326810418647888,5.562609895233733,54.11763061220591,12.878500563185789,110.40476429319912,34.95737438297022
2931.4488414792017,258.9977598249733,-102.29509465649559,132.5545039915458,69.0701039499166,192.2499829384984,7.583217279598868,122.49899360425111,-27.450920496976835,31.756390359110476,-74.65845575661574,101.26733969157655,-152.35362913032515,193.6685234244373
591.3517612836308,394.6706826800008,-18.989299482934555,8.050436990657007,94.3788889207958,289.51304662720116,3.613098041823406,146.36441084597675,-5.64728074893129,0.2989116132727039,-18.808993851101846,5.9725197091161295,-30.16973956597561,7.788941666450331
165.18789654965403,1799.4952614118906,42.21897585778545,-263.0759919186258,17.09448935675858,15.80566090702941,13.073973858101585,278.617006376522,11.040192361568844,-65.56110027140421,29.868538883334736,-196.01734239726247,61.06196713727633,-394.91994784171976
1424.8352357795923,1731.526643421859,130.57527224338727,-133.34448630300022,38.644335093081736,118.90590316852828,11.907114450206237,313.9936304396022,31.54441433247467,-34.11688104212857,97.13509472919024,-100.11194845158902,196.56927575041425,-211.08182532878567
1193.6524027421399,390.7559105550521,-125.55042833928313,-26.48805957671657,37.63875377344753,242.01465837572377,15.647916172889182,191.07021685973123,-28.05395914129384,-5.587771895742857,-91.82568231498536,-18.822368890012324,-193.14441287413055,-38.547215454104936
992.6707820680008,186.3567167561998,2.746606429624653,11.950969953471198,30.54442265484817,268.05732444121685,0.9503551441422076,78.94630170173903,2.4448598188018407,0.7484117629843845,-2.3277326610500895,9.152863488919218,2.7921417661145114,17.94963860973385
1164.2862059853765,1903.7099245594109,-28.661723862341418,72.20721411327739,55.39417338546375,162.20969741380227,5.710501434306792,107.29530820488813,-5.303877541580459,15.435993617262461,-19.88454077423053,52.374503697156236,-38.875771843688156,108.73695460640772
2754.491282097477,573.0104901940629,46.820028348273134,73.84814771568742,71.56355505577623,288.0195868624937,6.9221448156479015,62.13928064481883,10.678057757493352,17.55268005577247,34.65991814900312,47.74705569578599,68.12617381003506,108.14477709959225
676.9978131278327,1680.612392310967,-17.554617505587082,-111.22408470881669,77.0089031254082,166.43825908534174,14.28174045370035,264.93674109748036,-3.8868943527588837,-28.537186012876372,-9.998825270737242,-83.75775085435866,-24.476844559601627,-162.46932562545314
2433.6464623675106,140.38259363411194,-0.2822582147704111,-2.915754864401801,31.177764680502197,229.61598453338766,0.18689906972488401,11.871699725733627,-1.003526660915529,-1.0959899244763522,3.1312437525422396,-2.2882136705495064,-2.603709735657146,-7.006484367191416
925.2309551151827,2281.680716229692,110.21777148422304,146.54416184339465,19.740373373054254,207.18727810780464,18.505292833139286,52.88276479600053,26.679895279967457,38.07930347638361,82.02796127081578,107.28679942327445,164.81053314853816,224.13075036852908
1927.578540690365,2289.3507024402666,-123.85472691820817,87.66890343766177,39.9109299557426,221.54427169532633,7.304884032307437,141.40283267833377,-30.81952017246724,19.8697448137157,-87.14156353373507,66.85449054497298,-185.15206545324452,133.3488471093284
1510.1017286019787,2146.772589692749,-15.834131679608166,-26.73217020379468,78.48829833877943,72.00321160058914,2.6168472269763954,243.29218886738386,-2.966456213854184,-7.570812445804132,-11.760937867707677,-19.78279888187777,-26.619373174462435,-33.14534493967039
1338.993544384371,876.6104521380398,65.61006041392048,184.61652080155477,63.63727057095906,270.4583220975885,13.570341389688288,71.42763642968258,17.494183975617315,45.903846572239935,48.5914258860365,139.40456478808724,100.86235408083692,278.73220151117926
3020.553729509197,2281.507318461167,-31.00409481904935,16.837364193286007,29.403971003999906,255.6876030938133,2.3079971656165643,146.4513448884658,-7.620976718748547,3.428188122812322,-23.375761096726173,15.020422830099434,-46.1642302241907,22.875667100278598
1229.0512288009895,440.87192774345897,53.823087772129604,-159.29625607110816,84.9034513283473,187.77582467680378,18.665528247581335,290.16594165710484,12.43482672116846,-40.65675401993684,38.678807682177364,-119.0651328577603,80.25295282968901,-240.61024241446538
2550.259145326732,1320.5748682026856,113.13943994910825,-55.11248118916529,42.28764684667789,203.67056312084966,7.309029693065472,337.01268075556067,27.7353222511733,-13.491212464571932,86.12524308716382,-39.52413434608649,168.22658985446165,-81.81718808183972
2540.385852375185,1595.599875483934,5.603212431304861,5.975602865867508,83.09224908218505,14.974544252329022,0.4622133693558439,134.28255595628187,1.6674523580163254,0.4839144415045289,5.694741529042867,4.316617953759303,7.576964291868878,7.878232790521102
200.44269327907713,1054.6575491890221,-218.01813955756717,-195.4688510323063,27.783289956465428,313.1661362005155,12.0988162639551,221.0726656712526,-52.052072118060174,-49.243909273775785,-162.74944984744317,-145.45332240084795,-330.0290974538005,-295.7685629716871
1225.0160981589006,693.5513273632012,-57.04022602413011,-99.41249401847935,51.14364063015873,158.4534410006877,10.248571027533126,242.17690014015702,-15.675190164650918,-23.965084214089494,-39.54131075404664,-70.52343508829972,-76.96470296693727,-151.82471897604862
1772.0881509204714,1344.004005363038,55.46813237917614,63.045771513280165,71.55059546211288,39.4661499852383,14.992515042980475,48.91901404593391,15.441543343080642,15.691557354284752,41.90146930735575,48.29250438159873,86.71418345671718,89.60298313335196
1160.8044407687312,2101.6120098305328,-25.82961891143764,57.35719515609658,87.04004631058369,200.96343010067795,6.495978307607211,105.62028320987221,-8.098715820836796,13.74446623746195,-22.528445483596194,40.631016199179555,-37.57797163636532,82.5141727552268
1720.5221457293383,2004.542183112808,10.759698047800986,-187.13767509596838,3.2109580482058253,231.79245391984549,15.258977570231222,273.41516490779054,2.3535559884541164,-47.34439483512843,6.607946660356548,-139.3611357901789,20.07136481014187,-277.1932067289439
118.15308269694106,2266.7174454499245,-50.916092749758825,77.06793669635124,87.78326035758144,322.2382412628331,13.184890741017439,124.12329431563315,-11.984051095023764,20.915411172164184,-38.55755380245445,60.686304848850384,-76.94321960499546,118.15065863766671
1884.7758864277896,1149.6854882705031,-36.53378897161038,80.407333154541,44.762387266552494,279.0686769458061,10.53537814538984,114.01816392907779,-7.760548629731791,21.088456774419914,-25.330307831597292,60.32428989289581,-59.047255658156686,123.54461654844494
3442.012733508752,703.0995678222644,14.122018357529967,-1.505667339360789,20.265692199043105,159.1754809631698,1.1368114142477692,352.2580072818447,2.758353830993359,1.6285914483943067,8.936578681656014,0.43049124072441014,19.505536031117327,-3.6394212967642723
1364.7821832831503,1963.4264778559839,-40.8758339809215,-173.87952351236714,82.79120621490644,137.81671486686136,11.782374719604732,259.49387393096964,-10.114226483318657,-45.57118584214772,-32.62742613060637,-131.4790610454644,-61.53232403790541,-255.15144888203875
420.4264257753871,477.72678488268065,0.3869648123622764,-31.752196205310188,10.253453811264402,220.53341097931553,1.884207272249876,271.5416398926778,2.104049703681717,-6.82595295227901,-1.2104822889769604,-19.126335373899888,1.5614307583537075,-50.13366781988199
2028.3544989055335,1317.5450345602003,-225.98441303811578,169.60435687857537,3.1856762528260085,168.94907868960254,18.49245635685057,143.1330729518328,-56.848906694448374,42.92898237691972,-169.72921235754362,127.08478728763792,-340.10877910956026,258.44109741140517
878.9964872987567,609.9386107564753,-57.412630340207954,-57.8776108019409,90.13999412292331,300.2099761659733,11.070617707143667,221.79988814965958,-18.197037326309413,-14.637179983199978,-45.48189716730436,-43.28112986152722,-90.9943092869595,-86.56768064339522
726.7265865598503,242.63528132962068,-29.12954187040603,-151.26613059464515,76.26525587561409,153.8790915083616,12.532873666235167,261.9336035897076,-7.5301990060736275,-38.04096132048876,-24.905910174813833,-111.44297827317487,-40.83478404262098,-224.53197028776802
784.9690856967454,615.2277363569884,-18.02672810787378,42.762154907863405,52.12677538240658,61.95594695395038,6.1086338536606455,115.72649206120961,-4.282537881620601,9.476171068526876,-13.29671639426377,32.39109231275967,-31.54923273988311,67.13031362490618
1942.392589139148,300.7386508693618,-24.339893803701308,326.0436543284903,67.894542428067,261.0345668031543,19.300632458198375,93.7430491482258,-8.623079831409285,81.69956329025554,-18.43034876165002,246.94296662357394,-35.432675425110865,493.06816907525354
2728.5064814981806,831.8805703667125,54.8171816571309,261.57718028476916,83.14166219303112,98.84603359836777,10.921976160065816,77.04256074259472,12.417777315747113,66.43057432705218,40.893408521944465,195.14434904042105,82.35146024915919,400.2757778529905
3069.5061588615613,284.8037719453764,165.83483011457787,-69.34087284350178,68.15260298866504,244.83949143597982,13.381600337245665,339.24041817661333,40.041168475510474,-19.761237519703357,124.29482545362532,-50.268789722050386,252.0725687277398,-102.76695587901496
1325.5742991074687,1046.928197793527,51.45452432680581,-96.92090269128322,40.95184802787139,134.90316811287354,18.5105864329379,298.41476082948435,12.579155300387637,-24.217309866450805,41.009729939240906,-75.19432660633633,78.43790022508581,-145.42327372235303
3071.9529066251166,889.9557138949326,133.2132859906844,-279.91260538123595,4.5486541472274595,304.42546804140676,18.224686206293427,295.42586163085326,32.968957883175136,-69.26164946893483,100.50646284105295,-206.04700459594085,195.22909157823722,-420.2362160410961
2499.0256852400726,519.7808811818757,161.6725410988049,32.987414987719745,55.284179598476825,91.1683306944903,19.11242759562712,10.307229780835016,41.18688364736592,10.285615281087082,121.81391591191529,23.555168340601544,243.91056829375574,47.84823404263674
950.1929789345209,1017.507202305982,-24.49504587561921,-15.681558301083223,35.04702023179279,309.17300928294844,2.5308891742681627,203.6321576585239,-8.289270883160668,-0.2549601785424973,-14.667758256087913,-10.228143917998468,-39.002180158201725,-23.86311393673073
2773.0210752739245,929.2899377097986,179.6370842494361,-154.2936046774102,10.036749509505395,228.1604542355702,17.602627068672835,319.5912633890351,46.86898269397713,-36.701584925186886,136.33372070740302,-116.25610178153777,259.7310848981668,-230.54892694469063
3491.546735250446,1185.7008009597566,58.81503478334796,-367.67440423355004,17.839825192858104,184.7049922308377,16.280334710398602,279.6697176833813,14.835663043782018,-90.6960391037036,45.47670370781125,-271.34909227624263,94.84195911467596,-551.2726576024834
1808.97533691682,1181.9849091094031,18.328306416782475,56.02814312935839,17.178910947776682,100.33693745081362,3.177053838879116,70.43986642512327,5.345024110608324,14.7927606217591,12.076673742966168,39.94589252382473,25.972555123809954,84.76183295089176
1522.0978750687575,1330.4641185690195,-129.81796009315667,240.1797848220766,18.741128798377694,161.36156955896084,12.0205175497738,117.85560484154372,-32.7564766574272,60.94529549077741,-97.34993277719876,176.21409019654448,-200.8608271511388,358.5327245732952
2458.720415574317,1771.0360346105983,-6.823114901228209,-123.88765924504503,85.29839690301367,350.22837769572345,5.333123842650089,257.7936536963862,-2.5693592186445677,-32.624836926597574,-5.074919344252113,-93.76390501912479,-0.10252359459437521,-183.80196643824763
3411.706164905017,2105.1988076006464,-125.723767110089,150.6349317079223,16.171277833010798,132.79770776012012,8.479123589265239,129.7918504265932,-32.06614100505029,39.76329041797634,-94.69415831290732,112.79304852582358,-195.2331179401955,225.36609302231517
955.1443348997627,1628.2778051133066,5.588308778471946,1.5132476633232619,76.9485387315587,88.12422685059293,0.9889487335869451,305.5509722034846,0.020612881872656752,0.8413221344386344,9.409408068249224,2.7927417399959866,5.789607381886311,5.676733251459321
2807.4206322900563,1049.8122124542683,-30.709966175144906,170.4744307217445,45.29981008299638,184.63773690344655,14.260629127502078,98.46103169869454,-6.691653501674969,45.30130966885059,-21.16062773368937,130.03543587494974,-40.142713199482294,256.84343586064347
3070.1026477268833,1050.996833133971,223.26333965135052,103.13255485718396,41.276307274879365,275.12842350685685,11.65107674083988,25.562440880131877,55.03057145384269,25.458501718771274,165.5326856814679,83.07343599617494,335.62122148788967,152.14590704373126
2609.0406088599907,1788.0122623180262,144.71110982445865,-164.54332848777227,90.53731882624274,147.4094670799598,19.06145537244274,311.554585829767,36.25835176614326,-39.099165360521525,108.19376310341693,-123.92384759249852,217.23619668208465,-247.1897575176291
2991.0157043440922,1054.956379995157,135.6579808547406,-226.9495165880568,92.85220750424297,212.50766583201585,12.600142708930465,304.35091261227717,34.02152741805865,-56.75704124924902,107.22407300545164,-173.03397345867177,197.51713247264755,-339.4271443815264
355.0751022359218,2070.432706884221,-186.92879747429276,-188.26175648816377,80.26758125262869,50.229641001480935,15.535365427001457,225.3047997782196,-46.80175091013844,-48.155995743761174,-141.3936376499567,-142.45362992214697,-278.42749532589784,-281.62164239548815
1472.7724756263783,557.0484006268189,123.10982141039206,-134.08276177144535,64.87469372366542,313.6273366861144,14.966376022449817,312.75260299317137,30.551748342749523,-33.77279175562796,89.43788627782152,-102.53122053635643,187.0937047060328,-200.43200740994314
3371.7912416867953,1537.9264955774984,-59.25724231998474,-9.388866111543337,83.81592014010867,189.07279208308697,4.166538937200794,188.88782835365186,-12.88638237698544,-2.7708646958595424,-46.21928464444801,-5.141378842229834,-86.11001780182661,-13.577345064484419
1715.672246153628,2179.2585161536012,242.45005494949916,-335.98817375847597,21.44582293241616,26.697278078651063,17.829077462894986,305.165231266398,61.37836915995475,-84.20436143982457,184.7063353926656,-257.00774613073594,369.8313023585145,-509.1001379223861
1699.7172685739124,205.52862887484693,40.32696365067656,54.577959466908744,88.20481860076987,159.98177480967712,11.778872970146974,50.107608992875335,9.408223294457555,13.019791659765271,30.854619766159324,42.93539250107453,58.6956074734213,79.2606365666444
1718.1507710408753,2199.5610935712616,-24.69250532704953,77.27418220709787,24.73513718177428,263.3925254111597,8.788964465858406,107.22504540960784,-5.980064214757759,19.557315801357966,-18.57056456816728,59.0387842873264,-39.42572339205172,120.10952709060845
726.8520092669589,1074.7670524535874,-11.676472012462089,-7.315038231990768,16.574901538845488,353.5360642030982,1.9249298228143275,212.11622044294336,-4.003891436940949,-2.5940225523932448,-11.093535444331184,-3.9331513836010306,-14.492794946273348,-10.902401704010629
2458.776929186856,968.1839537932703,-44.595666180911685,-40.63839518678728,37.24689389121083,164.0648930430545,3.5408288211981276,228.24027626975573,-11.24159430337736,-8.276490704208134,-34.84339028909892,-31.739929174628482,-65.45907754470011,-62.68927895731263
878.5564300210598,1258.6129797554345,189.21397771298757,-212.11494147026275,45.15463609730565,208.6599237221822,17.543098007423886,312.389060429423,47.81432978771567,-54.23466042594032,143.12205682052198,-160.62095299312946,287.6209503290766,-321.08559829271735
262.7430362807641,997.2920563000094,-177.830973109949,-184.899556116739,70.50345222633328,81.67338587933789,15.90574089594445,227.0807039177755,-46.13859506501334,-46.59921079555336,-131.14965343163226,-140.4527079110174,-268.547475641943,-275.56871587822894
3360.749589362786,1205.286145656279,130.03487424085046,72.78692560463637,91.69787490185027,254.4355014701872,14.448668460448262,30.615703670185606,32.22260963282748,18.444128653610296,96.47617730949254,52.434942426376885,189.81803019845978,106.01441593117717
2696.3999105789476,313.29306377877236,18.36650718540715,-7.91264965921151,35.12170196384881,301.40639982556536,1.3359415452434398,339.24366276168865,6.142558297519189,-1.1086759224766118,15.12943531821918,-2.3332833848005943,28.54600516236116,-9.930585460744751
785.7798729454864,1045.4398383664668,321.45744330227103,330.5378965635009,49.404286693573326,19.878345630146033,19.092750267201115,46.28781388687625,79.83150220528796,82.25275069824782,238.27383153911504,246.32870690731642,483.7671091274978,495.8295253864338
2054.841876980781,2057.8483229582152,-399.5080814577143,72.58974434069951,65.08788374957773,171.08874957139216,17.092151254667424,169.6925196622791,-102.76066124878031,18.169790692998674,-297.0208611620351,55.561264077464145,-597.9246055608837,103.71784570917671
2509.6771716766584,395.74838223861485,-228.11102744639015,329.2444355042524,81.40669059512669,218.1994559470703,18.990748742273034,122.23041088704957,-56.814715910201066,81.55400216362864,-174.51805532932337,248.26920587124795,-342.9643013921719,495.5372774234831
1629.0663960131608,1296.2774030210426,116.8702804933714,63.3764305628763,10.02318781762861,335.57821891690764,7.490723049020822,29.080516994763702,28.683259212102612,17.127783266253545,85.38603555687777,48.26505705263234,174.15287574293617,92.77824549877216
1848.9030381374687,1395.270819843021,-97.98998496556908,53.6384557028095,78.9868107379743,236.24636156940912,12.17516650259106,148.24152989487888,-24.51218992769539,12.211785243540213,-76.6685982616326,41.770005661401136,-144.90385911074506,85.21116667968543
1204.401973145086,155.8172736930943,-175.61963324313353,106.5980592912809,75.01502812985177,77.31131969702977,16.689474869252567,151.30449361953185,-45.53112292636787,26.296135632482454,-128.50004677694065,82.38061100191096,-266.76643227371204,156.3938166892216
1254.2793112038053,1596.348802869533,27.101468168068145,-0.6015924635886643,5.813379102682859,334.48188696887723,4.450420883548929,359.8823538871532,8.175693212283063,0.0760065725956175,20.861087200879357,-4.630850024402364,34.04346219248506,-1.5640865161849384
3130.9472194916657,464.9314342575781,74.09834095784339,211.4656771985218,14.950863952069614,207.6874327161905,13.14988459969884,70.06293155684347,18.608262417707188,53.021119904063454,60.46540712235782,155.63080489487555,113.53680253669141,322.190474637207
3087.571785008658,885.1550570168826,14.275313534315595,8.970510820483483,29.988574005580492,76.98200021829516,0.7556593612919027,15.485027176819921,3.1495922821120526,3.347459412515514,11.146635358681264,7.673308726330582,22.683493923539505,8.641651201331788
1912.303909060069,403.3774078067347,10.045330314107074,2.9382435086439713,59.12429057506141,113.32282453810487,1.0469753361920486,341.51621677436333,3.136608164948884,0.9816392599838858,8.659080685800687,1.9500602088007082,14.964302751629202,7.124518064458053
1665.1117482446316,1346.2265331551955,290.80568192953456,29.237700414608668,14.938454677122792,168.8997774842635,16.622544334354913,5.573685289505521,74.83775657427661,8.12216318983835,218.53870335054688,22.796194273823982,440.4530448827785,41.23395281187055
236.94575330031876,950.1142360272787,6.424436716834369,8.368389434251046,40.63230318455793,60.06176439150048,0.46170961103540353,48.01724518958741,2.247047298182677,1.111578442686283,4.161757920075521,6.6835945696195855,10.469202651897223,13.51314771614219
213.5702223632771,300.38571273611325,-53.33508279830636,-11.664386435265993,4.912689389185232,120.5076714477704,10.185779813598524,191.64518206366637,-15.255872557727052,-3.6961150483491094,-39.561902997537906,-9.255864821170256,-75.56826051916109,-21.943770013886294
2542.7010141008404,962.4649765679007,-78.52706800712664,-93.32812403382721,90.49295169818153,201.6014361224106,9.00780152811862,232.80219113756584,-18.552690606410135,-22.66994673959433,-57.58202728376682,-70.79266786519032,-119.75889371870689,-136.18441903504495
2596.0234484336934,328.9671041201433,-50.9305387433988,-67.29778193979426,78.93334823405523,191.63901693135693,5.845803454185063,236.07982864230485,-12.668387770290249,-15.86935435661954,-38.99363039957509,-47.146005221703234,-78.75995098479721,-98.97588571066512
1361.6200983320068,1495.3015973899526,-136.77682500620878,100.13473922468765,1.815796560707883,260.08607172202346,16.710710025363337,143.69099799382252,-35.668693318722106,25.309566772178012,-101.24754323952828,74.46663308388744,-203.1273560493661,148.07169901651932
168.73956850251125,1575.6720477653746,114.82429017662206,-148.89876684448032,46.92822781202414,124.83362589122471,17.24808704586178,307.536369356711,30.244593915532665,-35.77004583521335,84.38741213705163,-114.12145582817074,173.72633910987275,-221.4428502319267
1218.9259930701826,1274.7044032568544,164.24525320112102,99.71600808007193,6.168029625309545,75.14851766350652,9.716411177207982,30.950544700516176,41.444493902378326,25.009513882018183,122.61464370765395,74.95945121375352,247.82165393819935,150.37643828680208
2804.9728493007105,1384.4331997759298,-1.4191536560701872,-12.460829214926738,67.13035130935164,356.46904413060184,1.8132417701867665,240.20813830796624,-0.823642160535116,-3.857505368876071,-2.0967616265101725,-7.343948752249613,-0.009214093463522754,-18.74861036195123
872.3069020456173,957.1772381876228,202.68972999025587,-124.44113464101362,60.64577755435457,271.92201462143,18.033067734254104,329.5702755264654,50.251418463286534,-30.961524844801243,150.95780151660938,-91.91150691264484,309.6417944964186,-188.92459635934188
1560.0238752976613,1070.8331661598754,294.0006845477463,-174.26241801997455,6.5627995335740374,144.51967773360138,15.296957864399669,329.4634813871752,74.0775051684268,-42.00785205981037,221.0902032163985,-132.49457711967221,441.1346833183329,-265.49196927276284
1898.9511100454909,2027.6473968949667,56.167779685327396,-51.994455880729795,46.249427401243814,100.59927200492191,4.619326964320631,314.730675606361,15.243603003543953,-13.47250382549612,45.812657669739274,-38.085863474556334,85.2679440148322,-78.37687861884753
184.5779988496585,929.0382342355645,-43.13245201383127,133.26766411727868,89.57988575088416,98.86927673411385,5.461629006426367,108.94402262947993,-10.925883162177744,33.57921834158215,-34.421063554348464,100.29072967563798,-65.97017863536637,197.60466270482746
1057.6202329271769,1429.326922730713,1.707960371412803,46.70677473509412,81.67452794726815,274.0858762330413,5.2496890943295345,88.31177927495277,2.5861903806661055,11.05487017463791,-2.357475886159596,36.782129550229186,7.611884284901794,71.23846719179456
243.93881606847313,124.63847156254906,21.88852699289088,91.22056447404682,45.80669390728913,47.461182409265106,13.286885829294288,77.05888424187631,5.499505475790532,21.59673553449439,17.746202312443202,68.31197578621338,29.867203465738616,143.5536263796876
1311.0070167166316,2183.592603346222,31.626240253954162,9.000534203559608,60.29088114246856,208.46610996695802,4.638022435378297,16.811214438640704,8.31410675310103,2.935780572451177,24.223796391772275,4.182027687986422,44.623959063707986,11.861578446948393
3021.2194779977685,987.7500863159047,40.596815761616206,-37.633505720795796,39.85437143653825,61.1592029303832,7.661313521715574,313.78206467838606,10.966188957010509,-11.300676341180694,29.676910666758022,-27.596003638181273,62.49630938644289,-51.97140071293221
2715.2350859861554,1043.4795948746046,-27.85943443191312,-91.90603252989413,75.84557473091266,133.84907685883286,4.881891449852047,262.4448316654687,-7.085766517162055,-21.964351629316152,-21.372618513610476,-65.39399771975785,-43.82415553587616,-139.70147938858275
1546.466060471575,1762.0882454312728,-65.12199962363404,0.702441122780456,60.50714851807668,247.90654436419558,5.646527014638849,173.31672454473798,-17.119434440533805,1.1568535371921072,-47.217836553169995,2.8038830447439524,-96.18692969904441,-4.773831388714626
600.7309488943108,1095.6419075582817,-171.7472323802383,-99.4000387544866,88.1197339555641,151.62889673714068,16.79133412950844,212.49121149349,-45.01964259721888,-25.749882671112122,-129.22300302867149,-73.13748889211136,-257.0549553256535,-144.27585639021171
2493.8912733839406,672.2551626338782,-150.0935570334771,153.30355102902675,94.19049728383291,190.83185888919263,16.626481425704995,131.41644965140085,-37.559337605002085,38.81003828756285,-112.50011476174764,117.83495713507199,-222.8182672280025,229.9328841533179
3125.883953738717,1828.7610234135436,-57.066779833646635,17.965305696420117,29.625575331678412,196.2030296606186,4.4779446661137,159.8100112967543,-14.353535937521215,4.0808323925861725,-46.50079798184386,12.009682256073285,-86.15079071651934,26.603105750154647
2232.2705398077997,840.0111661441615,-2.7367179880206054,-18.806208445105646,67.20843906060631,11.56311218441321,2.6679847035497883,247.09400379815162,1.1427404113512638,-3.8138210534656607,-0.094607405433913,-15.209080631009636,-8.897936169536278,-23.738900101358947
1995.984137366739,1368.8738643590334,-62.5799389401452,45.197640561617625,16.5535292693866,144.98365315210782,6.868611760389863,144.32498012848538,-13.151978022862725,13.739217549314777,-47.21308335512314,32.67309523784652,-91.77819427104686,66.75388601486986
2399.1946991376235,850.016100222599,150.93073496614375,228.31552269405617,54.353437837412365,302.59291678170973,17.667365960618238,57.74179500221228,38.630641350359596,58.766753853499345,111.09662202805501,170.50862276414884,228.67304753559597,343.8175190641229
2431.9052741650726,139.33266487659975,11.855366021463405,-184.10079712040275,21.623289439099125,25.012794558071487,11.407721991524536,272.33196438254845,2.981339694847252,-44.90952479337541,12.313167923094216,-136.5286526644538,17.53353371639125,-272.01919059201913
1632.1196453677746,1032.5794543933962,181.38007380055316,-54.247371198050494,50.92115852460426,340.21819922205725,10.964075455843032,343.1439137747301,45.643976766932504,-13.226371600679244,132.803918615413,-41.81282221457234,271.4908644788099,-78.22009814024668
2848.439946601177,679.4879463028578,0.24432970971870044,-19.28495159035553,0.3929321422217802,178.36530944505998,2.0045651328576852,271.57534398896746,0.867738533744479,-4.536858868862881,2.2948417760777917,-13.242762470524326,-0.5186740048388758,-30.31599624267643
3141.4320976180097,1673.2323499597962,180.5635224525865,41.87668627421719,63.95538263773112,238.95602500381202,8.284011086092868,16.04038738235516,45.4747871115788,10.88831059181328,133.09199093352416,31.502061127946842,272.7389567497951,59.36134943880435
1409.1402086573996,1940.2410216651367,23.934013332668556,-93.32675688492643,94.99550093322041,290.0292930989706,7.550908459911144,283.92711452331264,5.7738522779209545,-23.412660036659748,14.324693267123756,-69.16415069379984,35.63341010592783,-135.159256385941
1265.833110586531,1020.4116022904158,180.98262361703186,-158.81859206664913,92.89467355726234,327.870652585733,14.313529602451538,318.4856558718076,47.28386658836518,-40.28770319276228,134.6962219999339,-119.71376716401828,268.1112445042433,-243.34221533265784
156.22622350628072,1892.5424035989713,9.94031325751579,30.35709680950037,35.91934023891815,208.95053968085293,1.4792637454191193,62.998858350210234,3.9709133034405575,8.2419306037302,6.145774215346064,25.318177875979632,18.530077056636593,46.34280329329767
2439.5871792875887,146.56039076048415,58.52882003677984,-35.165787943470654,33.67056688975335,52.01125077405793,4.659444241560782,325.97621189687726,14.030188509323768,-9.559421560831922,40.14600034063291,-26.332877959400548,87.63496473116746,-50.78824496935076
299.90645625176603,1704.3860928405934,-62.50978048246488,-32.258528261726234,32.884528820898964,235.25601554096912,5.59188741046464,205.46774702399514,-15.643983150178615,-9.420097616153093,-47.518081271603606,-25.813450675806227,-92.61430567913467,-51.361065798584185
3328.28446791315,2292.814294647639,163.30351904897387,148.78578971048506,37.52411324969148,215.64454936126043,17.125353070481626,42.286346206698234,39.80215195352616,35.85428527238779,128.35024653491828,111.0557201195421,239.17857649246218,227.6598138427442
754.6017124896741,1739.29204669648,65.96299193850265,242.36086966858747,12.705626535767433,37.39456450037178,14.202900751930068,75.18132736271417,15.264766678806307,61.855611404699395,48.0903256201908,177.81078232131867,97.67069340968756,364.73421700821
119.02012999835634,194.1231901439893,105.29243853527166,-126.1527227724554,24.406345104292527,41.144862901268354,10.666762297851442,308.8782801818491,26.347752884078673,-30.44607497963199,77.54296671214294,-93.90071823171226,153.23777968940541,-188.00781300848664
1567.8374090904776,1494.9111182747827,3.0917441003433574,0.1755705058123287,25.698593785378108,18.786620806833987,0.20467712817515027,7.977432796027757,1.2888565917247679,1.081055506555975,3.452329689681438,-3.6196977389114813,7.623119145990855,3.0754580014795327
2366.230748012142,2015.7829345063597,-51.749902925177615,-61.9721122367168,87.01054583441044,208.41716138652117,8.597127382224246,230.96530640343593,-13.096292136724125,-17.374886141960378,-39.41655676191856,-48.59460262079515,-79.01641767628426,-96.25272750640966
1369.7783370952548,2284.975737116332,288.3617155277868,102.99997016989073,99.48130293037723,41.32306031782047,14.519375586566944,18.628372680876414,72.20892897208654,23.7723359300511,213.2048795920433,78.01771373254327,430.15025894046994,157.72354462552588
3235.246506799995,1544.7899542048074,-20.787352969008122,82.48707630178437,43.63511943036117,284.3683206130243,16.358292520933297,104.57337801921972,-5.156698897738741,20.64776140821268,-17.57308776897086,62.02989069141876,-26.990748921316708,125.06551939880508
417.31560891740975,479.84628241469744,-193.93327024226417,-356.8477618786247,1.2290661155670901,213.71492860085175,17.734687838918088,241.43879376075583,-48.08554296885729,-88.62413673310779,-147.5865358986704,-267.2789505395475,-297.38381702230333,-533.8240416884735
2793.537912728196,1767.8842542930588,87.37219469881356,-33.03304073492946,91.06125073726052,5.338858475414834,16.182064336460922,337.8463391248808,21.80731956094101,-8.087629180512167,67.88574443532245,-27.958462397828054,130.08906482018924,-45.54284973578392
2258.708400061018,1983.8585187754572,37.31697723830517,3.894196137430574,49.060968831173945,78.00719173394137,3.3944687949574592,0.05678804810042237,8.839627425952816,1.1660125270081345,27.98298516672094,0.6562777856779429,52.19827112311317,2.825348828154154
327.8954687275773,2070.582184445603,33.81874904781954,4.210592048653949,69.18185861250508,43.782536455073775,1.3009191547428123,350.9541120352475,8.187685983304801,1.0143607555056258,25.724632234921966,4.646735529973942,52.63884780873826,4.890512237647114
2898.2962499055993,608.0687902856142,34.369938051167615,-34.46120206096977,9.843754900099078,352.5913849239359,5.920491030412207,313.52104456841016,7.125291642272458,-9.137741469429772,24.95140384145735,-22.969804097284495,51.45008257537552,-54.41378276957145
408.84981560880817,383.6620719235978,154.62959378832633,-296.1785342228949,23.96098320282053,309.42997388909635,18.49225064665944,297.45278255954486,39.01520624314957,-73.7014160180776,116.59197902027492,-221.890277440807,234.55078569740613,-444.19848829634014
3390.561265771178,1963.746405406837,-219.6782225236535,70.40432334122289,30.97585632586206,70.6376344213063,10.962401299636369,163.08531013686783,-53.030328844903515,15.86209356035887,-164.5158265003173,52.57302018564172,-327.03681789335286,105.29445732866026
1690.7577063553674,705.0885696696134,66.96970065031134,53.11419660012283,14.182882868767487,1.3482340960625327,10.643149699696712,38.57641089369243,16.529877527210886,13.787801405867466,48.899810399614054,40.32339064150683,102.78794386810016,77.47439625097299
1897.531902507987,2141.5319359314985,214.22847580715163,-33.13036766471674,42.87514083413543,313.1324516930123,8.97910874956475,352.5293803327147,55.31295436164221,-10.56020468760904,159.2186509954586,-25.047750646119606,322.57978161798525,-44.96703391385098
1622.8305724711747,780.3915333428173,-342.7292433836281,-87.1846850815781,50.239852784353566,121.92465760453113,15.140237354947207,195.8017307373508,-87.50975513899884,-20.209873050752265,-257.39071817169184,-62.85315965398145,-515.5345083778394,-129.97047526316416
1446.482777427977,2263.131160239277,-34.13786966214676,84.53609169952068,80.84602894771483,57.57868885209432,5.555280989545102,118.73369118829,-8.319433955474517,19.878964699269428,-21.683116992090707,65.50368384816937,-51.56986758624884,128.98565132788286
1226.7400724049671,2249.9314430009877,-166.6858389333668,111.27344952349641,86.34431335103334,116.29569046269685,9.275611947218456,149.42812644280767,-39.40829410734177,29.276457456256978,-125.4400968364164,82.59659758850383,-246.93994531579114,172.85758563575138
2181.309393485527,1308.3527970313676,36.01457075813211,-44.76904279605344,27.302879567585936,88.02269904399309,2.7411936707316253,305.66551496525716,7.135095478284033,-11.923399128549487,28.750715359452453,-34.5690056825791,51.6272379081237,-64.09795191112897
1550.279704421575,509.09757986025863,51.86027689547054,-110.89903831261141,11.105244437810935,260.19433182229085,5.3502371470773324,295.2213716686513,12.196492823913767,-30.239756697090762,39.66048619302751,-83.02093199310026,79.45789342593119,-167.02813988606562
1015.81352181368,2275.96382404215,-23.283285291562915,133.32572777043728,67.02636868275917,166.86413292907835,12.267808561272098,98.11122085447445,-5.245174501794897,33.4580485122643,-19.555020267122543,101.09064777828698,-28.455879042156475,198.84650778427064
196.09998356992415,132.80258114057736,-81.98844958606855,7.580207267526153,12.94030005985679,90.59919661636947,8.590982470413511,175.4785705535238,-18.701094598717706,0.1691219955670098,-64.74246900310725,6.256440149209732,-119.53421228707172,6.647285748093341
3026.9070953477258,1757.06956522553,76.58000648039283,-70.93724809465155,55.340002683341496,130.42547939393503,7.301025550836108,316.5902316951826,17.95353564791054,-17.7803177391106,58.64364604758766,-53.890619041225484,108.27750670480314,-102.59973045824762
347.1193298587572,1671.0673602850723,-160.19540756078308,61.734998530429074,70.28508233960325,221.05569851012288,10.205252924412985,156.16238479465417,-40.600438022675284,15.932034187182513,-117.99258326707415,43.815419320909484,-237.21193006055555,90.65888092670406
543.5418564030268,1777.9095750001388,-219.61577517600216,-122.23144833511584,6.835171485056623,4.5333405602981225,17.96447037664324,209.2821180956275,-52.44903663272659,-30.677043416529944,-165.34430840131316,-93.14167823633395,-329.62827035500123,-187.56733080035244
2768.232691953484,1168.0909605649197,-10.17434221048186,101.23683407337322,33.54766105608697,29.64707652123293,11.005910463662591,97.65669113394364,-2.157825368300462,25.572507621458076,-5.247607499235137,77.36374690626143,-14.682927786272218,156.41051720201636
2811.4625242242582,1410.7765712579333,33.85866390536001,-71.89888238290438,31.45460976033576,201.99963915662426,10.67017172269027,296.4430993533554,8.325549516731577,-18.443288194977676,23.431933979851216,-53.35400223780097,51.349317158415296,-106.68304973332404
1221.0213964082923,959.6507649600051,-140.0382471748491,103.25746143271385,74.08093647327442,216.52959631723465,13.432858429098903,140.0992619448528,-35.96462602049881,27.029222019010895,-109.02309647314762,74.21105704336208,-210.1117734927979,155.76604543608534
971.8224565564302,2060.704770269228,-32.795041366745835,19.78244154558614,49.10679496535785,215.70322867580802,1.9133742085642536,137.84990663871866,-7.479764636980011,4.953630821457143,-23.44562602365655,13.120759595920898,-44.51884575316368,32.651546627317494
1294.146744269737,790.5346216642829,69.33402569377961,176.8160208247206,68.42096705883705,77.59558263763633,8.393094897180102,67.74287257905048,18.062051266488034,43.45297708579383,51.31189695111465,133.11632076925702,104.31027320526195,265.2959712941277
3100.148218205637,2204.440642834572,-41.919685067387704,0.7852820768449356,34.25987712181195,38.00723119900681,3.766937465789002,180.17816222758097,-8.817183583968237,0.02046970480979085,-30.551960352125022,-0.46459442289624864,-60.11039311940127,2.3962051718134045
959.1107343137868,819.8215328236084,25.65528801197458,-159.84099288408797,53.71207482867399,76.16621033614884,16.223125231750114,278.5091922020739,5.096424589825418,-39.548019862298666,18.27057043735793,-117.66033168947092,40.80360513658231,-241.24860716585664
270.4896784441547,972.5393585355586,0.6860495302787375,-351.982321736012,37.00035405750314,102.5281347298383,18.23508664002954,270.33422166602,-4.632427209144958,-87.64801250234596,-2.507847218335396,-264.43741942099814,0.12278317234428926,-523.2112807967715
3358.9553350088595,673.7785398241078,80.43764487313793,-82.43893059760113,68.2743839627041,338.658148670079,13.26916646032185,313.65824674226207,20.34577429227758,-18.556503032676314,57.00842269755566,-63.103872138523634,123.12451458942932,-122.65244412720976
827.4698848587043,2238.492607188572,-27.163987999325784,-13.7139403964247,14.278485013956466,36.40506774539698,2.244230784945458,206.32605237812328,-5.647317469644099,-2.81215381703184,-15.481996671526804,-12.439828738511594,-38.278263235387236,-24.505542492748052
3452.3046094311685,207.91785969314648,39.96522953464722,-15.244886892392273,88.65306707051678,202.4217009963082,5.041973191245999,343.76029560333285,9.828074960719237,-3.5595532748033545,30.216407634296935,-11.429839354570605,56.67981638883451,-19.54199653341973
3081.319182288984,1819.7889851735113,34.468870635159945,46.35407028866081,1.5415166076539255,294.0697729947681,6.01053514476992,53.88244725009639,7.369441218093666,10.590735496566058,24.885725830866065,34.0149044999144,58.19987030935959,72.69496731845317
2498.7090462546666,1596.4694160540696,-48.66855138254844,68.0989810945873,29.233331128338246,118.91196194286476,13.630290708846758,125.8011506821062,-13.181447743827382,17.864499423914847,-37.85734778352732,50.74272364867109,-70.94250486231259,100.22300743004791
2834.9479195116865,555.5866147529629,36.670863779678555,2.5630471818171796,33.59138451066895,48.325830873747684,1.4834526056984476,357.1818172014274,9.30929245776745,0.6043054415249492,28.18533166242592,2.169436288268464,56.14539470176917,2.9101691880281653
1192.597839771766,2277.0425781231747,-238.7109414719437,106.49496674935777,15.76886720731473,185.88233478179757,15.856890676742438,155.75129301745292,-59.62144494727563,26.326639357756914,-181.57710263486788,80.82093225965777,-356.43303259933316,156.45896704153196
282.5704389938726,789.492235244024,-30.38788775635925,-159.3918336024617,14.943190214201907,208.8634931267522,13.235303094547916,259.6089072956557,-5.621619673836549,-38.68859248232234,-20.808213772392477,-118.7591444733763,-48.93381266133258,-239.21222371742468
1083.977444395003,1557.345941526974,-98.07809025550296,-109.7749117324293,61.312197374155986,191.1611267074665,13.659288373773744,229.46070613438778,-22.90774922586223,-28.103601900044463,-73.95537660673854,-82.12867822895089,-150.20596829652263,-163.98157176724322
3388.88518558401,1885.0965059414436,-38.95039251526164,59.33913567913341,10.97238012471201,43.830719153164225,11.889477098252378,124.160102702346,-10.601702111316854,13.79860116973884,-27.819301797072352,42.972021514822686,-58.24585945065395,89.37996744627294
3096.9870005904904,1505.1380087429795,19.46898792239179,6.172786208038045,38.765990055879904,153.27418137490986,1.5064286433480967,11.32459028856939,1.9976218573798996,0.7911564628131498,14.181563320635297,7.388632778638959,31.80689826221502,9.94139454903193
3045.1943177203366,2058.9288483141636,-5.58370722691471,41.79768365920051,27.000499646501396,12.593695790902618,5.221335997906584,100.33464442345512,-0.5990249653850437,10.971053187427012,-6.459006848803149,29.684466714222008,-6.310072916687364,61.99300288336309
2055.3827275938293,1724.022174113898,-19.15069770972672,-5.517704564045215,49.011923612678196,10.38884880100483,1.2839097199562866,193.65229125643887,-2.737119893365197,-2.482824660488876,-16.51125376949778,-7.871715003565604,-30.063432506070534,-9.787723856556184
2457.543008834484,2117.500298339847,-24.38321928518434,8.813055528060476,39.460495166124055,64.74400086079484,5.701989987659881,163.8186137309299,-5.284817035903124,0.36781774279623747,-15.754102986497111,9.369845921385785,-42.569863829210384,11.103633120343169
2942.141848294566,1768.5811053997013,26.93752123019141,17.64977535903413,32.12551734139125,37.08690999919419,1.4361509089093838,33.93935204361698,5.696253226190345,5.415013400323138,22.15886331677881,15.043444738839046,36.4588896206327,25.076810104335042
1872.320743432355,2127.0746936004316,-249.529898262872,138.35782966187077,63.9616732432062,62.25209914581403,13.655138494670398,153.79308982146046,-62.08180131425702,34.27691823591065,-190.7634729351136,103.59201940705823,-371.8245778406211,210.37364477550904
579.0094099393556,2029.4599967756017,-60.05374648801337,111.33930497409087,18.097306397800228,287.0132492333187,9.139607192560097,118.17802568093444,-15.330917208032934,27.987165848872177,-46.797386270280604,83.75945837850271,-88.72818272302466,167.63801565185977
2858.940303406548,1922.7848670395085,-30.503619528859613,59.12254785928019,56.97078505699332,110.18131135782332,4.355982302328432,117.7920079340145,-7.45465939045872,15.072737300870525,-20.99912196745483,48.12143507780299,-49.84945827099104,88.52640022073113
3142.015548451343,646.77920442824,-12.059330623255953,12.931186473842622,9.130887757816076,270.00546452233027,3.512310686623328,133.88255983482338,-1.8908007624380925,2.852640542212506,-10.437856409554993,7.410938167774514,-17.01224318366195,16.27740003717923
1527.5566089590432,1449.223363052177,171.3542703477629,-81.39598433011581,76.16749053941835,196.45308577186145,12.552607098035757,336.6901131819599,39.827937183864236,-21.550182794845817,128.27460018864423,-57.654735584940866,259.0508065983433,-121.17872028105344
562.9920840293421,650.820711555351,7.151282636096727,-3.9541738207237467,54.2701247256645,287.6437336868491,0.7250979088305476,354.2465340706898,1.6936801460090194,0.6201260628626439,3.8860448988103244,0.9889340131762654,8.713001180031833,-5.663666141247907
2467.2958160218127,216.21421786510075,-28.687245385711577,57.36787335823512,81.70849469196494,296.9808946058007,4.741545751124292,116.5186011728881,-6.592733514417125,11.007656592780108,-21.162996576869148,40.58693507957056,-42.05783094498259,82.94282244683819
3273.079469774903,530.5367864666871,78.24513553468128,59.76052382244577,76.4563718057102,8.460872214596655,7.50994482643242,39.86946281898326,19.342445382956747,15.86223044638742,57.379358216191655,43.06995165689242,118.04641756802418,92.99458720185011
1647.0375098436548,429.2007873196388,159.15982177361084,-137.28499178319606,44.9727308323782,100.2571212086592,18.863262557066985,318.26523938966324,38.44623411572262,-35.083861998444384,120.43592790639093,-100.39251113625788,234.26016322378948,-206.43384188704195
1236.4376721342464,2211.6555388247407,27.128558261641565,-169.204431923487,52.00899376058344,144.25174124757106,10.428440846966478,280.4358621238591,5.972415277967851,-42.54675650572886,20.18111961181052,-125.73750076564987,45.21959407526306,-250.4516334748511
1958.146609584092,551.5665654197942,-105.51805237567947,3.9727422226017453,75.51430501161414,289.3507107494694,11.059511720348796,175.88201781054295,-27.403638448803857,0.6676136281538745,-76.85325429720332,2.9416653144081466,-159.2808901271101,7.656012039562778
232.50603749263846,1965.1385947983235,93.00961106808145,-277.4506345442908,86.38667559882083,214.64318874324601,11.488675145927168,292.72329814371096,25.10925828334401,-71.20902637336377,69.77846637411426,-209.54891742038174,138.58150220266398,-414.9684031872302
1549.7256422160453,2166.8579529727263,-191.95323774007633,-15.4173951098623,42.85638378056973,129.0123476396634,8.810732962467565,187.00299594632028,-46.42718455854986,-2.7218004886990417,-145.37070923048412,-11.3789982979887,-289.5283654164543,-25.583892057361567
1060.9270602350766,1581.5257605431152,-12.089878913636072,31.82149948493726,1.8348661673632582,272.04543973782717,5.306849496138664,111.60786463779687,-4.866626624759146,8.984092638536731,-5.491495761218497,22.49523762462151,-19.570481170607263,49.27923111765607
306.61551254721894,621.7257611203049,10.31424396513349,131.5527798885766,42.61001539808602,263.0038573560257,12.48671053102411,85.54363832175136,2.638689511662342,31.23269810467558,9.190676352545287,98.10830351093634,14.164233450546025,197.2305463774076
3189.55540542988,1240.496598416067,42.388742937220634,-16.05777519128966,7.494401269849682,39.699622179564074,7.670180489854781,338.48430943424023,10.147676669240097,-4.492595446636473,35.96792213494948,-10.049851398472292,61.30131241255554,-22.373839805107895
3360.624094999077,1505.2263638363233,132.91241072058764,-25.511576310063106,84.70469188705549,194.42365750230184,8.285536951797653,351.78584637419857,32.50955149148761,-7.297882277307601,97.56602036511931,-22.086524696724982,196.7294639967278,-38.79016556849543
244.03056863945892,1582.6777879606516,113.15844928207463,-227.05565752660695,53.73348248430777,159.89191279924307,12.688798823367048,297.9645865932746,28.582005370125913,-58.32404011259703,84.90000784536444,-169.47256029675003,169.2736029297083,-338.44185395764
3496.0724124277463,1374.2840775006273,60.37138622860122,11.423902580823832,4.226899423593455,211.2317268088997,5.491453913591933,11.693275932922095,16.480392339661446,5.379467778024921,45.81312037674211,9.838776405388634,93.6680953160093,16.309406925698678
715.613856994279,1297.3208667429185,-86.47745258539665,-123.58401860034817,95.05503719437563,225.14314675694857,16.339369009497524,235.28186119626943,-21.374372791233352,-30.978074855021745,-66.60113769180123,-89.24398840683301,-131.2992831138568,-188.75788447164305
677.4540732242431,333.8728068884931,39.77039381700708,10.72121652598749,90.67423725725538,359.15412181517047,3.282288791915806,19.6281211961807,11.029931771153233,4.3930902297317544,31.48491849550924,7.584004835567237,60.0789342156274,11.506869968549058
410.251935559634,1060.186477410848,-42.3143567121814,-11.635063244130624,58.179126477771014,187.94648560943992,6.618171661560521,195.28049018779447,-10.278169374256057,-4.430512338749432,-33.74022163037484,-7.356353758141177,-66.51852476091157,-15.837960049719166
2185.755250546274,1006.3112957707575,213.64200956798373,5.40872056527085,65.37995093336167,358.218990892529,18.756339304651238,1.541432820997306,53.81541928793045,0.659770686450519,160.5357171585961,5.277056348481521,323.34485404948606,10.487573155825146
993.5685334800017,199.50518802447283,31.943641685377873,13.188246909782123,0.18727439191685846,126.23374186344671,4.829284563984322,22.434381017706833,6.856911625938843,3.4195217182172524,23.246785305738793,9.604097918735441,44.226977054942544,18.546600661515324
2009.5506131668913,1624.1784664680213,44.00486958323033,-75.80031417975286,53.21198602047065,156.32521078010248,7.746668417133849,303.0090365149214,10.923687098363581,-19.04632927611098,35.54577581271713,-56.819823490799344,64.7425574405246,-110.56530283393568
347.1252974089184,1351.4012098862888,-274.81248934781115,-18.711454204269486,55.86814439372338,305.9912761594544,19.919821018922104,182.93663036165313,-67.6560831421713,-4.666356638735694,-203.86864076161996,-13.190306936053858,-412.1784725655514,-28.10703057328129
2395.4891051090844,474.5126713643272,-4.933999258126908,0.7026268264936817,18.976355814601085,333.5402228559197,0.6443072090074575,166.5125795864542,-0.9260845123574677,0.39539329247046207,-6.917826557346475,-0.21392622274836504,-2.5514339236491157,-0.9240321645909804
472.0633764423297,695.0320323563194,308.19775807832934,48.5842382767163,4.6635900461590385,155.64518580172737,16.548914719592265,8.878927787283889,77.60749073587877,11.174565976020663,233.090713601378,38.95494623561856,459.33002007458725,71.40373873039375
2074.587712637661,1164.0969806673063,-25.547652878615143,72.13107807577981,72.88341471223035,158.88962832682373,6.772793893729368,105.65228784924518,-4.888078256839052,19.195415536760116,-18.049170014476317,54.295046308997115,-39.81257138992044,105.33714459940444
686.3362555799823,1422.878400392349,-25.740970529335026,-55.04074301061219,71.21879819794923,114.14655697070096,10.79013147968591,248.7314052256302,-5.738008453320758,-13.672410058848167,-19.81988388705923,-39.239400382826766,-41.56865489428496,-84.88245625259026
1910.5505571721683,351.3465971677239,11.820499525538706,46.88764305872971,54.92750081282486,0.48011021668512566,6.476992614916897,79.17635297900925,4.482753630604246,11.88785312804519,12.135010544579709,37.99556978401966,20.063954430051623,70.55552211600522
3268.4691270300514,1227.9910423618148,-36.80293362456145,-38.33358720081032,30.575948714350442,165.4513221165998,3.7311582439123137,229.08395351451216,-10.582663957501312,-8.024929366814273,-30.91182232919747,-24.258667619243624,-56.43818172829262,-57.06352981073481
1777.220735212461,751.1837753167273,-19.950477400551964,63.57151106950853,32.61850612779092,345.9302753609021,3.6538962542276554,112.04829092829489,-6.975349611248815,14.406694740408236,-12.634740853931536,45.192586016762455,-35.382869146735594,100.96284816848208
1935.823972552707,534.6860888223002,-32.91669215675662,367.7187023732126,43.07166216080104,180.61307430348566,18.023782439092034,93.90065860943149,-9.073425280021366,90.20221285878664,-27.44041672131467,272.68742212677216,-46.346280331461344,547.0343330326432
658.4964566501214,1961.158843381229,-6.948154367877612,237.36484532099638,81.24024840313153,171.53395482789736,17.054599305570953,88.97222521090558,-2.3243343698487595,61.336710828349055,-9.13154935445631,176.91679976602765,-14.047678164623644,357.28351837610893
2231.515349667245,482.3574856975273,43.66896126287165,-37.6208931170248,6.382603470971359,118.92876793166197,4.6228068401969535,320.03698988027963,9.885884264276065,-10.957313903974818,34.504240449203095,-27.533341507416907,66.6995802996785,-57.54140707304894
513.2925403621148,572.9828918944606,-305.55661583407567,80.87400358972214,3.7175288049645983,50.6922703534798,18.34606290928101,165.39794878261628,-76.03624367295122,20.657998234052798,-226.64562301156303,59.244727257030306,-460.902151490968,117.75324058702265
466.8794385581189,2157.1685551570313,92.45756885947412,-25.46092388559547,29.100336340028154,187.42408746172265,7.826656729323853,345.57412341006057,23.337027847194896,-6.004642838439974,70.13581521539008,-19.65270000202642,142.5305034835821,-43.860496279257845
2926.8811055952174,514.4684882810828,53.2341706691983,103.79795190559791,78.45101356775531,214.6186072478439,17.866832836552163,61.90934466367546,14.448642215217015,28.166916096384774,42.50291365205807,78.07283679551426,78.85591968848108,151.111153969619
628.5377933319547,1411.0715106075497,175.58394432378012,34.96518493507848,25.054442427132017,120.1831431636189,9.425014332470562,9.637410853126024,46.30083734353424,9.151782418726206,130.91822521871237,22.983653852573056,262.717679522754,53.15256177788207
1002.8210590867911,1079.9540856292665,251.0352244348321,183.50340551409536,71.22488918440139,135.31822372644257,18.554645595660077,34.0045384567389,63.921874663799244,43.77529959760419,189.71390369598814,137.6112749881598,379.10862386462065,277.9997116654366
257.6011160765504,1309.2732718081204,-6.327416252001106,103.14559005499355,46.699145390181485,334.02321597823004,5.146839763790645,97.14004318479395,-2.2306843438584076,26.7721406962435,-6.511511782200459,77.56146101795127,-10.030015496178203,157.05577695925538
1438.4990252226726,766.061815359497,54.37374035682334,-159.77240658388277,46.06637447107038,90.6333791563613,7.497045455936091,287.9809374905575,15.281102087590224,-37.31148463234446,41.88597092885068,-124.2508400089912,79.88591974804166,-237.82013391081617
2829.9614606725395,979.2046614866587,-25.55876566083015,-5.576898624952977,18.89138564336954,273.23511855965376,1.8179780294909564,185.31625466715946,-6.689965081476677,-3.2538964960191485,-19.07104463064698,-2.5939405544717204,-33.855722799444756,-7.761164261283622
1169.9425111625103,1160.1966514392047,7.295063788767726,5.727436143773793,96.86629131467376,241.97352729566657,3.0749006399157186,47.96162927436719,-0.9824831668957659,0.0742329090375915,2.140133745784009,5.009851750032752,9.388193513151016,6.9764428254363215
1706.365118103422,1181.5493586487275,-62.551512680741624,-140.8870444452976,1.8434209700741944,53.26370595862945,7.563096371214835,246.14304966379407,-13.582535917290635,-35.31113004878935,-47.2991495610079,-107.66225503157082,-99.51101247252936,-211.8106826886844
2973.364816618401,1424.7394734781994,72.25395910366376,21.112243671161607,45.39329617429904,146.85673357954667,9.944909603791265,14.557979236558083,19.207574716446,5.8089295727540025,53.512002639326184,19.23022144473238,113.05018676221094,34.46705157232384
1843.3039989697656,1146.4321657936007,-195.51231866783525,-162.28819473602303,64.50974456426533,200.69083763123535,12.878846106718207,220.62771862681097,-48.40049579399223,-40.48033049911579,-149.27859625919814,-125.1761629870649,-295.49196600765737,-241.0090734360821
2170.276527502129,1613.1006782000593,-9.45740259340379,48.31389221674479,47.12366872916477,315.486760689789,8.875896819594576,102.56710429503545,-2.29736339249192,12.619099641245993,-5.283533472866552,35.64543783633024,-19.897382107039466,71.02220516724378
3300.146397735235,1968.9388656238916,118.80155836613028,289.6473957223282,84.3668375419441,184.42250749807673,15.7887679763091,64.56720933523867,28.91637344247981,73.03403437865505,87.58825943047565,217.71561051146907,177.90181924283516,435.11587147782245
869.9799517031427,384.10008894593545,-142.56419425309468,-5.245523588306219,94.60021933390477,256.28534727886984,14.833217774361774,179.78564209688804,-36.09673243755098,-0.9673609303523643,-108.09579230894461,-5.196976778384876,-209.53872198738432,-7.0145850110357495
1168.6705876639535,286.2735914056367,18.404621608759772,87.36591864987925,46.45384635244192,269.3196868175768,4.433276861747766,79.17283729417473,3.0339132627369247,20.464621359316073,12.044212025108557,66.77935062351429,26.46322055132104,130.42739290753676
2333.195842148314,1538.3702506455274,-93.03501998768958,-191.08505294030732,9.49320095656181,114.78665121716966,19.856289245110773,244.23360012314527,-22.866765368344172,-49.3823395048545,-67.66582979146423,-144.44624520845542,-140.00143781428974,-290.6385132848826
146.43664384867193,1159.7011094014224,-118.66285662503223,7.5296268642520605,5.583822087647439,351.9804642741517,15.811842573008256,176.44013158912395,-28.822216754502577,2.629179865613628,-85.98685225989733,1.511514853181355,-175.99262811963476,14.245648428088783
3484.768776098888,130.09083243021712,15.975593158490337,102.06682537440464,35.51332153157907,101.17005345727289,5.246317003310692,80.11072169959888,5.605444339847497,26.308802661608755,12.157477743690306,77.55421775001113,23.873978392181183,154.67399211074982
2813.822164554466,379.8490625431179,35.566574744568044,37.9256074806669,39.594109581397404,97.72583868755673,5.8331754100187405,44.37202318231743,8.790585677034807,7.392957597885127,24.903989385771297,29.158245066459017,51.720796277694696,54.79758684058606
3410.743928001066,973.7354998744247,58.54870809634375,32.01128190493952,59.899009063102646,86.95541257775204,9.809190503149757,26.6829027789449,16.70982871502385,7.68472830396708,43.98656517890848,21.703199676948014,85.5092538944832,46.50819390729523
1549.3550812654184,388.23201975395176,35.19497464738408,52.07702273941267,69.89851081744855,164.2464158592008,10.622892651293277,52.695337920536524,5.746202218560187,13.82740311316796,24.026841565538223,36.835100745842524,54.856168219753314,77.07404966186367
2560.903782594271,1573.3906172285313,-279.6100289713783,84.49805481528853,79.87491489520008,92.5612786814922,12.360856241635114,165.62384602486233,-72.5401032392633,21.399370994868296,-208.96587561440288,63.65673614497467,-428.33496197094513,122.95017288766336
2325.5883206509648,327.6945079058489,263.4621966474784,19.301401760551588,25.350618892501465,330.83255718014345,13.398852267275325,4.839855834029851,68.1077432721635,5.429389330208319,195.54249691949065,15.00278677750969,397.45074510244024,27.187776844054454
2203.229669103745,1943.9281638279854,144.6752363221735,35.89639296167686,51.57361883740449,135.71756473198855,18.436909990955698,13.050834305326147,38.20831821364053,8.755227900067705,109.83186600069295,28.629835778111804,216.72081657658205,56.18091236644863
688.6264931615297,205.1843401454555,65.28174717572657,148.102085367435,24.64598696375051,51.551101396887155,11.15897482868961,66.58032139622352,14.87746726429124,37.555652652424875,51.31757368311152,112.6785532736571,101.17605333816171,221.51745945755778
612.4901848079991,713.4426838707384,82.20058569116155,-45.3305820407149,9.349236158398977,75.91602261864678,4.774576238222901,330.3479487318157,18.918892671699687,-9.730723073390076,62.8270056432568,-37.44278648624934,125.59030543887128,-65.22842955037304
3377.441646320176,2147.5646891315955,-43.67966078888925,-10.864374263960558,76.22325620441929,187.3471552857355,4.085351064670397,196.28485859720678,-11.995390250170736,-3.9224012813242433,-33.00120439676384,-7.229806417500869,-65.02771899255359,-18.524538893257972
743.7822603415193,894.734146890223,-121.49610896208904,5.1978822618744775,86.20177161300168,152.76173032665923,18.313827001032752,179.25769922241827,-28.605075054171593,-0.7487983004121417,-90.30081612273193,3.8995996195482916,-179.7648041105573,5.56188709035655
1002.6089649920063,559.2335735424577,115.83799980508431,151.91684337024085,94.42661596555509,6.9495900184319925,19.307774073268593,53.73428291597023,30.516187546933708,37.57862933554133,86.24645380488425,114.89906136914016,178.1804457297612,229.10109729805305
1082.0200617266696,999.8170208198011,5.3160334427101485,8.49651719614015,52.397420268571395,48.554944706897174,0.5196458745156063,55.01009135458197,2.4177915472201565,4.2435722853874065,5.132433912327765,5.460238374454588,11.944072931535036,12.645571790124922
1480.4426230399454,2266.3082186135257,-110.3474837941558,18.21140454692994,77.04893585012962,347.7420738405265,10.286529578197177,170.52880762465216,-29.187732942246225,4.78073749512866,-81.56933561809099,13.23711253498156,-164.40862231382064,24.34310364369216
2116.0445279531714,365.62437595977025,14.430476802116525,-54.525103922423966,32.59790437688122,202.67334162549565,3.743572179769805,288.22451630861354,3.6478684492680205,-14.100081864979241,10.57574848936343,-39.85605294584766,22.9671986916648,-82.01273688482635
2461.6658795308763,1682.1782302526753,127.0527491659689,-94.65162963761394,56.27020053710676,350.85931591076695,13.777329688511122,322.211790577861,29.832610931968222,-23.179430321649537,96.05863190902917,-68.52237324891931,191.120139820945,-146.0070726281726
1060.4960452809576,811.6281364070925,237.77682107292497,48.726143029017415,35.15280415968803,22.794928910035537,19.719233688028346,11.352466127240675,58.59451817375685,12.600950715229803,175.62290243281694,38.47693289627175,356.4432772647786,71.86125389976607
1574.0465495329236,1127.7830933753824,107.18764722032219,57.06822260567052,70.48241653907162,111.18377129128528,6.305610262078451,21.798812246853814,29.575847644690995,14.497863227139693,77.69562285363551,44.84447899605855,160.45751977244544,85.26339053918595
2273.9290120702058,2020.3212286876771,42.597651172392794,-71.57514821500791,40.94962783455518,61.02725771860646,15.132049965877092,299.6962107910015,6.5151896021790465,-18.444493822581197,33.56872115976049,-54.509512886364654,62.49779458343785,-110.48708117783633
2732.183100077959,166.92909166522534,126.05483892950075,-127.56946078964901,67.29504002463686,293.9031814901654,18.645356776763343,315.46679057693456,31.089820300545888,-30.85176710728766,90.48335870706322,-91.90688404431164,190.5337817693305,-191.48118687145416
1106.925192097117,1480.113832950977,71.40549180450323,-155.354676900256,42.0062669579447,22.012625177167035,9.78661663248472,292.803598456239,19.07063916108711,-38.938432028339086,54.98705132957,-115.29090921063313,108.62800072184666,-229.6961552678028
1657.249722674216,2002.2910556884308,13.670040027659885,-1.5402622952539327,92.60074176032506,8.570175573003485,1.031097465325026,345.14758688703745,4.471197896751799,-3.7743331926173314,16.011526423517573,2.0307700386494165,19.722033868972886,-2.282114361189579
105.8643951734584,314.8658998774704,34.90091340825483,-29.034531960584467,10.155660342917884,253.76288722372658,4.098320650319995,322.0970777120206,8.925410141473975,-7.100825077209713,25.71783888391856,-19.36213812219699,51.29041244773759,-42.86982022040713
236.83222010545236,1757.1201114792739,36.87412925380088,-34.47482536220661,42.53552743286837,358.3977353062449,1.945084317110648,308.0259653526841,10.733994622132107,-8.934353175586113,30.37800311315252,-26.075862129916285,52.732814710357275,-49.674118531587546
3326.197524658177,233.71857098468752,-72.77522810889913,42.62381132551567,89.82797075437949,109.59964163653464,10.002961663287985,152.0466741722644,-17.80645233689607,12.329217382779067,-53.98548174601329,33.68398248860227,-105.87915479950732,67.64518552482603
1628.1612568247199,1616.545408840182,3.521193177145351,100.58693277664462,6.970774646896116,309.54652988963875,15.556242868878346,88.28278496340437,3.194187290739448,25.1606584316503,3.544909462377854,73.36048204002469,11.687753137645899,149.87076440133958
595.9550316432467,507.4913278280634,-68.4393279522034,57.689300446907474,20.4446367065663,85.93228969163225,4.531076970525825,142.25367905914922,-19.279372672999102,12.916032073868566,-53.034451316608674,42.27052796191109,-103.56070010006084,85.19301801194308
1142.6733430645959,2215.473736285615,-148.74745709572161,41.72995584701121,57.84732510018857,355.53447882478116,7.449338956513465,164.74558773219877,-37.78797697661772,9.047317958096514,-111.82749597184417,29.02109641990535,-225.6678996126938,58.6688813775494
420.6630149733418,1041.881711562312,218.78160224513528,-326.8176174053981,98.32576109615698,118.3798968772285,17.528585496848702,303.55169098452666,55.161440853680325,-80.85847197945417,164.38888951544502,-241.71124768304222,329.5513153219274,-487.48560445539306
1135.5718200966467,178.38554985830652,50.330320241098434,80.10035966672142,93.56551294095445,211.0033255699789,5.962859422962805,53.688638825113614,12.863747975042122,19.13792927360648,44.91306866690063,61.1692762697595,75.26048781485719,118.60413168083053
314.45559276608685,1836.1166928444065,-5.2999741108049765,-9.55725589854633,52.95630936483372,10.4539617575188,0.8100137296383902,220.5606707062126,0.5786059213558568,-0.71168159507904,-2.417028080702446,-4.150527171715706,-7.789808348770399,-12.45157493831838
2384.650877682701,318.8155143948177,305.6479719200723,73.71031053871806,38.0575941378107,276.97649272674215,14.138220301979807,14.450179739547666,75.85686570020505,20.532227740685073,226.5001627968468,57.94230601147487,456.17741019518417,105.17751760432502
594.9303794185039,1928.5057217578417,-147.91264869760033,4.941582025944196,34.869789536163665,144.05383940610426,17.88109225404289,178.78457306274169,-38.72920960855575,-0.5048371147075195,-111.36547205690654,3.36538943483008,-219.3160250108802,9.684285710240534
3394.6440759101997,1801.5200639917987,-87.6481735156246,140.69819509634152,24.33524940335987,14.441968183865562,19.708747687393206,122.56225039569807,-22.933894793929426,34.3281834695195,-65.48507144741093,103.81946149301939,-131.58666397991084,210.4156878234533
349.50565661682907,991.4967224445347,-13.6400008073096,25.51231132960967,3.9932189265609264,300.6782138191568,4.1947798787713175,118.19113572884831,-3.7953067111144194,8.252164827424394,-11.59215804248364,14.835212831901,-19.253407736227345,39.01410230977147
269.2084684011568,1253.0453906993014,-245.46336502534913,289.8636957192425,3.28354290838776,168.62743620876913,17.70565658193801,130.17249591131147,-62.778563070282935,72.01272348634062,-191.14267163907513,216.14572192509198,-368.4406700695962,436.4865645416742
2771.1311345791923,2172.203198673256,-72.56707124130824,115.58408666130117,87.69888309739855,75.12034482417306,9.920597885070885,125.18632162653326,-18.165687554663172,28.022008338296267,-55.57926651232767,87.59466649558316,-113.00668841729585,175.15529214280082
3049.1739849635296,819.6192638801745,-15.225613610348699,55.229891370359454,32.90628169009096,215.34979626644167,3.6712581623981744,102.55991000510197,-4.71497200940923,13.3399005274183,-10.17094856773123,42.35050933763049,-24.570446462648047,78.31485754380157
1795.1353376760878,1273.3190540564601,106.41467278145508,43.73448537635925,65.94901710876519,14.977164007915684,14.42954165468034,22.309562512587696,28.037990263690023,11.065312036913813,77.0983962032241,30.200353834821904,159.6673789569363,66.61069697250272
578.3644411265374,583.2842915883564,-68.86381420283766,40.82803998454059,48.194427939272074,15.289527775828082,9.25067970756601,150.81870314884594,-16.938496478355734,11.796626579937659,-48.96952951341641,30.499047770885706,-104.72217552782482,59.250560668333804
402.6548240952471,697.8247362658597,-212.44362484047818,-252.4415107911515,76.79375516180112,307.0527689442419,15.577852902051434,227.18368014037065,-51.87585392270248,-62.99516614223593,-160.7505204004167,-192.28937463828012,-318.78554888328057,-374.06322855997973
3123.3276456422486,862.0785034782751,-61.24513179657228,-7.441710077028368,36.93301688196448,319.9448841791851,9.287406403640821,185.80485031289524,-14.581235196272871,-3.024063217603941,-48.51799051998505,-4.740561553774908,-93.75839391579774,-15.873990251646465
2477.425299834611,1505.191499397413,-198.26634246323334,-188.16387872392642,53.223484767669795,276.62779552105235,15.158754792123318,222.4292954624121,-49.292826034001436,-48.85846542331684,-145.61975534493976,-143.1329252799171,-293.6403390641183,-282.51654673021056
2405.4465418945165,1605.9977526689127,62.20068051977517,-237.59485598363682,21.715533349106497,354.32991593686455,16.833504185429774,284.04175844185005,14.09890631708165,-57.4330786959667,48.91915089062594,-178.2049297374446,93.85532673040983,-357.1360320526843
680.5654733870678,180.75756217018247,39.05244011006182,-41.01350856906641,18.557460274504777,275.4155483893763,8.102521466737201,314.1073860646255,11.252407799625923,-11.13436268906566,29.012337708616517,-29.781501200128893,57.27108810014852,-60.127301171119626
2844.41121868847,1546.4869303637522,-8.239532632860474,9.758903926632597,19.274350721236843,108.90142572650817,2.63541777194072,137.8681239831528,-2.0444810488933314,3.502062938430728,-9.651830567784188,12.672061127268197,-14.12994278589218,14.276863648250815
1971.6743961841205,776.0460151330449,91.22237281658161,-68.58872552972511,53.36024015254278,48.3469071822672,18.652599314787192,322.0276476779766,23.61793387617963,-13.959807502779139,69.42989849121064,-53.38734992921144,135.7322167146555,-102.78832127612993
310.7151223643658,2053.7768409693713,-214.25685405339445,-133.36809951056568,86.88707955393863,128.61753191857625,17.821012338610693,213.72302678324465,-54.46897997846418,-34.10997402339038,-155.37171941513267,-96.19314812404279,-316.90349664916505,-201.04412525297752
1856.6249624772493,1441.330001318965,93.71202351407119,-76.25448775769719,72.37463854077856,9.00903656299198,11.412883650900895,318.31000964221295,25.276787646818274,-22.697137545049763,71.36565182749027,-55.66831209847702,144.0089238758723,-114.57634595970588
3145.8379007465514,2203.6976335675386,16.544641483382563,-219.1134137838982,87.95632376127813,208.8156799073154,8.892111984722018,278.94594475227564,5.931435467940891,-53.4402733374615,13.516754766871028,-165.28667801090728,22.171506728117585,-330.44376753357443
1481.7594997052913,1707.2321779744236,227.0263779461257,251.01683961006984,96.54581784398034,291.341255173716,18.806967553403837,50.618089467549645,54.78063001357333,62.76360760668517,167.45870062785966,192.72819282052825,334.35499758285187,374.12473351911245
157.5597982468192,1248.6095212125358,-14.844456987094556,107.02278835520798,33.524783570033115,0.47515283435868305,6.15887415323864,100.30619991231251,-2.346916987408978,23.326455169120972,-11.779195734342567,83.03994423132303,-23.981892948889833,165.8216020274208
1520.303061339313,1772.4523739641527,-55.207930926014704,67.90539724411104,17.483691546621117,121.89094989896648,4.483445534938035,129.27957946833496,-13.172942382269579,17.894538117884785,-43.015320120494486,52.24931341850703,-79.43271603985586,101.56227066915254
1813.7292259377748,1603.5960355263107,-24.440616026975594,-15.069911571083269,58.793373303426456,303.2484435786175,5.6912167952320525,207.17110003909136,-6.371968021714367,-4.996266664715847,-19.09229524895475,-14.061105204711303,-32.35927063587458,-24.69190958912445
2732.3328977656197,1435.4630396460027,199.88123068547577,43.286552355060465,2.268684218244754,335.16802046555785,13.724665601928955,12.31036197162798,49.02378352302425,10.682021395318463,149.1897086274034,36.60773527853852,296.14524186156893,65.33423280246132
126.28290895718655,1030.8495481907298,7.820818640430064,23.562128851052464,13.721723161006594,57.78554950104885,1.5382127747066932,73.83375134049957,2.746781965185093,7.696415301575502,3.9007641077878246,17.116275866432026,9.933160845486105,39.0494886038491
2602.5836492414846,1228.553452211552,-238.97541644350733,-59.50654188369785,73.86620535618252,326.62424212292586,18.42059032107604,192.63844080021724,-59.73485140946766,-16.20283885519092,-183.31566023087896,-43.08744670053864,-356.725939947177,-87.85853999356605
1347.35254057318,1773.828266042791,-15.55390220432931,31.7133577892181,48.53728951691942,72.39005582617654,2.4884675381442656,124.21831295594048,-5.280245208479638,8.212049234977753,-13.057086531985115,26.143144802550186,-18.519255104690366,49.608180802862876
3122.743200146548,1938.7323601948403,18.703244266393337,-210.94184071308922,60.83090281035596,139.82154493819928,10.064093401499278,276.74452561636895,6.793763433379683,-54.56165266755041,14.026417685417451,-158.13395039926598,26.515943667686567,-317.74332586914517
243.9891414198086,1329.3979168203073,-7.481579177090201,-150.75009136913388,54.45720914888342,73.8842136409113,13.90658812905134,266.79853498668507,-1.0797018580865845,-36.825345714738894,-3.723512728137109,-112.16998785789008,-10.860543122794565,-224.13821636375692
907.3942845573355,976.983715616965,60.98266399918495,14.048652269507606,75.83057135132933,234.31805464459302,3.5559667713049747,18.446234812712895,14.571402345715567,2.7568260281750274,46.655920173797746,7.134465241183561,87.14220923130074,21.13085104538324
329.6864677493361,477.15084984437976,165.4559145031835,-251.84680602762006,98.43813126186033,168.67690192493,17.34691009404225,305.5508880007836,41.451450924210086,-63.09501330221649,126.2832051362837,-191.66398443509692,241.3341558509301,-378.4105071326939
2294.502232823888,2184.5505572127236,53.40431221891608,-141.5159762431959,4.126974737462186,330.78702811791754,12.181633100420271,290.63314827685883,13.867136865199418,-36.622468189124426,41.37531715056362,-102.66412242438153,79.5880282726939,-215.66115763029075
1307.3222056348454,1190.4549568771943,25.09389715273701,-34.83934293110604,87.03290345540942,279.31011791711467,1.679790027783179,320.51131119884315,6.0349066985173,-9.083761552737279,19.455121415145417,-27.452355946759482,37.89088178203079,-53.25915456348205
578.4066248069524,2179.355205791373,153.83883305212166,36.00140382002923,93.30940731098542,81.18111690754654,12.28842596446059,10.081915010085037,38.01890899702769,11.488002171826087,113.4430407668923,26.409933515101997,229.5957835883734,53.260590893310656
2845.4956876326464,397.52762156638966,-44.23733278184104,-44.07255001916308,59.53733665488935,123.38654889198452,4.51956769310367,230.20863821715736,-11.903985238114668,-11.083309163210359,-32.63985550182171,-35.84341601842066,-66.76096985669274,-68.26174244157625
2082.222042215474,423.5537900107555,367.767714727124,1.5806323558560513,76.54322167447717,267.924693037406,18.066820274135893,3.0549643500394863,91.33338219310252,0.4856507350453983,281.00154138789105,1.8245060682542649,549.8180065839351,-0.12621980112425168
2277.1809774123058,1130.2620847199082,38.96900098856961,-1.1939715903029389,85.80136575683268,123.25743576330781,5.333193167764023,354.5517385241434,8.95705203672942,1.7331992530153628,31.315387679493945,0.7817905820009107,60.815330362223165,-0.412230920521212
3344.887240751036,564.1324373657386,-58.8179895712576,-47.82621099767424,50.39290077242442,244.99974515201345,4.949354590026749,216.17023077009867,-15.72261297945575,-12.55783995771775,-41.175736953970194,-35.02828333196106,-90.72640892687329,-68.54142533731587
3335.0980933729984,1671.4995353428208,121.5041262260574,68.08742977388565,32.675604724303085,104.23538920573377,10.473967725426181,28.492080580155395,30.697700984172293,15.245957347821307,89.07896089587747,49.34270070762308,180.26617436854917,98.00569648470756
2881.5732681301697,2108.289117921652,-156.53860622244403,-21.521282627734255,20.22150874589733,195.4619776613206,12.737979443309605,187.85789077098417,-39.03990072371383,-4.291199838143887,-112.00295738392526,-12.508615202966777,-236.37547212189494,-36.6352359010016
3043.8610164278034,2165.5432931552473,18.960438948435282,-4.194224876460411,99.27246195936279,345.30965512506776,0.11883511688708825,17.175002923393933,4.650920836271539,-0.022202803667685123,14.00672100780689,-5.153103420931902,31.96510059541,-11.928280148952098
1591.4395269841525,138.16103907817947,74.70977612794155,-25.27783885342502,99.39977334136711,195.67448558300552,9.47261510969219,343.66225374145944,18.700713060544313,-6.957863864741513,57.344171903318276,-20.50154194958622,113.97921631409697,-37.27857991656217
2762.1604147035023,497.70710064959906,66.56856058012791,-130.77501068817955,80.01582366647963,231.02533613304837,13.379032835212499,299.61463894925356,16.489903207631375,-32.79020486558029,52.695979610344644,-99.59441894018191,99.0670058509188,-203.1707248473331
1484.0889075723087,1531.2645404405614,233.56150341465707,-322.81856046408694,35.61391620149682,346.9563539792312,18.7229397319706,305.2900449566213,59.63659224660307,-81.27159457768077,177.45237542134822,-239.75819439154716,353.58986614803433,-486.20828429813986
3161.2784759818373,580.8066153452385,-116.58115096172367,17.360297684737294,62.54968371167041,141.16853847699906,19.79096238589754,172.37981369940536,-28.720639279750294,3.9273030972696072,-86.38316104225402,16.165786789116254,-172.75735811526854,28.46907219186476
272.0447162141361,2063.525122007133,157.46617796015025,285.5751019004186,22.70318342822687,199.22127848271495,12.885763130555576,60.70615591863434,40.90835891418669,71.50973602127516,116.38727043182466,214.0585737645689,233.78501149906793,433.03753772094524
1027.0711669116897,107.433462978507,-90.89130509418125,-49.17173638764539,71.98303117499538,300.1713511942302,7.900810713629969,203.11847173201159,-21.075400913743525,-13.030104557868722,-66.66422003999598,-36.53467488052886,-141.24282845148653,-76.51345395703719
3116.2827955600887,208.33768309823606,231.0173965762347,15.446740573485485,13.63853929336768,29.665596450256004,16.86219913152805,3.8186724133149808,57.5824975633849,6.33298324299151,173.49898775505247,10.890693028745682,348.0013137866207,25.460290098974138
2921.856924448083,541.1209518119524,-1.5321150921162887,4.943142837324059,88.88879396564826,115.98964223326661,0.2680962850398205,303.6209926784654,-0.03393393447445486,0.8605294813889643,0.7574010699296563,2.417997452337551,-2.7049763578770816,9.772692694095483
1341.1722239588048,1864.8869017368638,72.65288963644136,103.84959003060966,52.9482882379394,246.40165744675096,12.45658473922359,55.03998443212667,16.74726134551665,24.604443388426116,55.26895620939476,81.28733863205342,107.92155516346881,157.87730201402638
2452.774574992931,1756.4869192588435,-106.91096833344638,135.79795287392662,15.148211302995819,144.212168635132,9.656349887008222,128.04746036197474,-27.535455737335614,34.158288456816024,-81.0637679471156,103.34431085088431,-159.66050099471565,203.86645233417772
2124.7088419475467,1694.3608724216306,131.1413062958013,29.551376953836538,44.53196182237519,21.73170366542065,15.95198698979577,12.599582855034841,30.291865342561536,6.723053981652153,94.25679950131928,21.463924963435552,190.75002875452262,41.712294017549524
2025.096399924294,623.4331569389636,-73.03564885676194,9.065582294152607,98.86565549140126,180.3131832175796,3.8832415482901927,171.7440298442181,-20.007930164128297,1.1542452082197883,-53.81569440264587,9.075613821904552,-108.77087476097697,15.99803531034686
2618.7800369691918,1940.1809717711483,169.89445540109452,79.29460274467996,5.473963590993691,279.3776251929769,12.274129636991535,25.022806745469563,44.28775076918218,20.753045595548024,129.18778566376093,60.71764120964845,258.736686570968,115.67946961268284
1795.1933771301212,519.4870828605412,53.553078645164945,-146.69686859579613,55.2709570166698,146.67683499581176,7.8007655530861015,291.51133827683896,14.071961571236557,-36.8856403894632,42.16562412645038,-109.076653355066,78.50872763012951,-216.0399648902819
1727.5874828926708,509.4907396098189,-32.40966332999403,-212.27934938450866,29.201410044073405,280.12523806314783,17.879567837662165,260.80575237050823,-6.871632608732827,-53.55091837702974,-26.61235095102599,-158.99141009276894,-46.667214841828546,-315.65749535156596
1893.282688759375,1232.016800934316,248.2322390942704,163.59976225389235,8.747960575092806,236.10562148659469,18.224903115085993,33.56817091968901,59.995584489368916,40.03156105169442,187.90534864157507,125.19522426780125,368.5316457597097,247.53872093213738
175.9727748053901,1879.1738731479672,35.1968179986367,27.24603593147854,49.11385356958269,110.4617270529426,2.0386381356114014,22.579772724499826,8.05857816911364,7.582557362950436,24.519552527622277,18.795516596403136,46.73222003532632,41.37888803037226
624.130568726161,1096.9815061665413,81.62972644218308,259.7280624083805,87.3907238785167,205.39902778199,17.56671211775174,70.51398662848946,20.236463194539496,65.67518469702284,61.74375614771442,191.7887787494399,121.44777155952436,387.7544409055085
806.8193878946912,972.440176953578,-109.78578236611894,-91.1495925160463,11.121657500221538,11.463028037315226,13.135880092600637,219.68963218432975,-27.168351281708922,-22.881975024251826,-79.59191181985597,-67.50318405523765,-167.19464646174015,-138.76711526147653
2765.3175580782645,1608.9194015091682,-14.728029235751524,-115.19041165378275,68.09779292117636,198.9484494585098,11.271566855530978,264.8511019102514,-2.250620060624727,-29.098041999068162,-9.7249291121276,-84.64620514795837,-28.030826681184873,-174.02593388780366
2169.6836407884853,2027.69124488961,-46.49883495438459,14.113265501818548,88.37774582085865,39.05940422535784,8.567005676263014,167.29990423154982,-11.004514166981991,4.349737048109725,-39.87178495902454,7.796929411146271,-70.6621203766411,22.88641764584021
946.6678711630207,2166.2343522166766,22.002405846689285,20.878263147000965,80.92458367534826,295.4252135041901,3.9038762855185105,51.586556915136384,5.755168649083538,5.164397792777783,15.108711254143959,12.783158833616561,31.06065050089979,30.32737411462679
1765.6400832448048,933.1194593326051,200.53252498112963,33.2434452984981,69.48870858072802,294.33403690255665,10.88499428991277,11.590711951441271,51.051614445901244,6.2448674297617,149.8640711607318,26.170822883514205,303.02005111383767,51.874821418394376
3262.091248819752,359.3938860046253,-19.828127594004897,-48.9553231873623,23.198498498368835,325.3409713345707,3.544723955447069,245.60253632757022,-5.051686596722351,-9.330715394096256,-16.319819829861146,-37.48247393601254,-30.927392109388975,-73.66154761491651
817.590023507292,1051.4634269198516,-202.48598951162373,-66.30624228350784,41.860518567191505,15.946355158917264,11.781203070505825,197.88633210716503,-51.4736866299853,-16.771697429047656,-148.07887105851248,-50.0805991198384,-307.7115067390479,-100.96289483612087
2680.9092687464918,1825.4483505351982,-88.6705745716326,102.03019434469046,92.26949839543673,135.41943975518797,10.125034689946537,130.72623942458594,-21.872427124563107,26.247192885475357,-63.29535042736618,76.19617927973357,-134.62415123878415,153.56449446274735
425.2561938240616,183.4172769619933,-49.09266298101941,40.9851147246818,45.68163262063199,297.30723636202737,6.261663387027041,138.2976659132934,-13.150042929933862,10.350438162283709,-37.327458197538476,30.15943527055964,-69.5910226880969,66.0917209326076
1972.60346966532,651.1031343310672,74.73508375437038,-48.983717815645804,37.1119691218732,34.80829788158749,4.529212075161098,323.17388153012894,17.913161946874087,-14.009201132259696,54.23987431686858,-32.57561283018426,109.72661490926984,-77.05571316080017
1261.2635975387996,2210.5125899180703,17.03831902373745,-70.45129004158461,79.8613015923451,165.07755773258404,3.9964184068272823,291.96579969455615,2.377115043857409,-14.937697282960272,10.730248277036157,-53.18183455084732,26.332086739709588,-106.5429095444146
3112.001307743931,616.3037723475505,-55.35649991501153,-260.2512539025773,11.346050152476906,19.23000189642382,12.165952274837936,257.527156500074,-14.10953535761961,-65.55945164416345,-40.38463060762424,-198.96057804789166,-83.74530601988383,-390.7794739217223
2584.5918263012177,757.976465641905,-348.5672242354111,-148.75043007218724,45.23741770233006,45.95998859362992,16.050966067891594,203.59147569266074,-88.47618201794806,-38.944603070035946,-261.1994861018288,-112.71405647313628,-520.0930530780728,-220.88807555398515
609.3753725567512,1077.1499590875005,32.09162323849597,-24.45912499376562,17.686321209391565,238.36584558752958,3.1589274484353624,325.49892622418696,6.1544167483326415,-5.438569494924318,22.413229262107933,-18.095051229077452,47.07477900999403,-34.17415583185012
1207.611606787453,177.19274467586,60.6554014127786,-42.99964468516486,65.14003587009168,192.56572230832617,9.186927426546827,326.7471432004945,14.00034798746486,-11.426889862908357,43.85357575460331,-30.863729869488747,87.76951754556094,-60.49983534360715
1840.2143862526855,2154.5074876729036,-302.02392670458863,-185.9347298270218,3.735163481581283,180.09522269188628,17.088459206552365,211.67072941332546,-76.55816522978066,-47.37104963741285,-227.20457983944848,-140.01647958935808,-454.9882710220884,-281.1765861990325
3272.2505686434297,1762.5710939223864,-249.4539487257282,177.44165561059734,78.96994303155147,37.7129734338593,16.726197500313432,146.94950945427047,-62.35360745921451,44.350972771281114,-189.46983252413114,130.00274086153112,-374.4435837279526,265.4632518397436
3120.436521524298,156.2042824675291,36.51526025928253,62.88863161690905,40.632747304672534,11.303866732586808,7.418468502181299,62.150630680904825,9.51930953941862,13.69058218935864,28.99655484998353,44.80717028595123,59.45043726037085,94.18661863186173
3324.031421456393,354.770756564297,7.067242725823091,-16.100776283484947,33.466500998454485,115.03766263622636,3.023658386745085,291.7091294400495,-0.2008677790376434,-3.4062214706946388,2.8333304225332956,-9.091292782439606,8.132261273740703,-15.242635901990427
1395.9950032816123,1681.5315568670972,-387.8578620781242,-29.056244493844613,88.38761119858817,1.8765066516929796,18.672330384607346,184.14544898996098,-95.91317730593336,-6.816807517221042,-290.2754905928178,-20.105236779538817,-587.9399503407479,-42.654160269141464
3432.0014130377267,803.330510665751,-55.13749318584129,41.29860097275735,74.41861072315932,191.51344796580025,12.170246850506935,141.65299821190544,-13.29402428727323,10.621395130384112,-42.37873189281082,30.91351617017391,-84.85277807713018,61.81420076085957
1874.964614982279,935.9034753242987,145.4753886213197,-8.553403364134715,4.466002887722375,120.64473601064091,7.828720404457112,356.3717368589784,36.19022493402621,-3.320714898254852,109.15733941423406,-3.4728662921630757,221.32083156027565,-10.266791792780403
961.7950802258392,2026.5386204736442,-324.2957041249387,193.59818520293393,45.9822430909179,75.66663730375575,17.308317635768876,150.41477019825132,-79.40902595083732,46.72628566154023,-240.0201965363296,146.00923182980182,-485.9614996930311,295.24162756714287
2224.1141636819575,1766.559387092258,50.59209588525084,-4.9633608605792165,84.10276377574118,274.25271487531097,7.080098863624853,358.82150438078395,12.815503549112151,-1.6376341004694202,39.009472643462765,-7.163982366190633,75.54807944555436,-7.050386370336338
1000.6844578925884,268.06529694967253,20.366116639417687,225.50108374849617,77.84683399151851,25.133868534802303,11.133913416417066,89.23520603662227,5.6777914808883265,56.56644226852079,16.733102808263894,165.7800034977799,27.8684320551925,343.0123245938435
3091.007140173781,2255.56695882914,28.67839705361256,-38.57809649101039,49.37694913726616,140.63063572956207,9.438758571129174,306.9852284634954,8.912735676109861,-9.807893235652077,18.567609575966863,-30.044811542278374,42.46562960010995,-56.35052810580596
1110.0616565080072,614.9374836585648,-44.88574965744178,32.40407807548249,83.01169113081227,244.63867042266656,4.723439649657546,135.71777851576377,-11.026221412849312,8.212804308053533,-33.90525577081882,21.23269908904813,-61.514339787983246,45.7815153524205
3312.0107728064017,347.2903648114874,317.7610390833466,-66.63874231611868,45.185866513424045,69.26797363937015,17.88215196795895,347.24886688859505,79.50099710742809,-16.160137803294898,234.59194909044834,-48.76866380500088,472.2696607622684,-93.83707367745855
1127.4494915553764,247.80743235258288,-184.58901020579776,-134.224021602525,25.270785970912492,71.22767388395918,10.840839691078978,216.60120783489378,-43.73134543006795,-34.531257725738755,-138.1320223774555,-101.57624960252886,-281.1826365225502,-194.76111763862255
2016.9794339555815,446.3965058176626,-18.39930601548033,169.6162034694449,85.61495725959415,327.44481960405153,8.993233262258451,100.95475016648767,-5.318439140390049,42.49802904336996,-13.410314328882702,128.52599086225862,-27.5558130344877,254.9949380821959
2514.377032481125,223.66102730568878,11.766681292088487,-94.29536280236238,63.17361768234109,275.2738601725286,15.570285897051146,277.24019480290275,1.6126094259112727,-22.01987503073402,2.921460388615153,-70.90639175934143,21.072709869583555,-145.5346480044316
545.5895276336694,1676.6573198941333,-233.80191933800475,273.28658274824954,98.05921238047873,289.6411372087068,17.20033505819091,129.4692275444409,-57.90063954284571,70.4626657640087,-171.78200493128148,204.23892550412256,-343.1931655917987,410.00331313193004
1129.4302140127543,540.7926688075906,-52.548546173661926,-90.44041640478378,54.25702034080678,158.47883026956072,7.8022642686786625,242.1241902340643,-13.612841218807324,-22.337333745748886,-36.37894049709683,-68.47326905585471,-78.31149026432881,-133.48001303594086
736.1686379186604,1820.8268793021955,-131.14402600322236,182.91214311326115,95.58117431743744,208.88326334158415,13.63994894561467,121.49089021320229,-32.58606000977844,43.93021051862968,-97.38399126185584,134.85035284649723,-193.89843044984738,272.35458144449
2847.5751784887675,1120.3324026617768,-108.17533204980494,-105.15348882694009,18.081063503763527,232.8389859894957,19.85574036527173,224.1327232593084,-28.076418236145507,-27.71790603808082,-80.53417043173633,-79.25090007744684,-155.7913504123642,-157.6204222707209
1512.6390947786513,1488.2312257099686,-130.62070400616787,-80.34357137504017,38.58553767217361,122.28423758252117,12.689601463469604,212.78234809763612,-32.64233089855089,-21.80060490730916,-94.48665453290619,-61.325459419772294,-194.33017673480236,-124.87904127829442
3105.1146962398616,2103.4910278202706,39.16233592839749,366.93872685714274,95.87846047250311,278.3740147487959,18.1197581251783,84.43111391469873,10.032315068364792,91.87400585370955,29.863203924328168,275.3575125241155,54.923865570856044,546.4546910293872
1946.242534048775,943.7041384549956,-1.9172795635274147,-73.7290108005716,0.14257282875326238,263.43792903131543,15.034340829569668,268.91085768723735,-0.31334491198137115,-18.70506243181248,-0.6553681050271767,-55.272041095878784,-2.513607948637037,-112.51071219935346
1287.711922318098,1955.6614841914286,-103.54562153189947,106.24270141366453,36.122273523428625,93.77552846064567,17.151062541998265,134.87511299517396,-24.07355875084318,27.183780633870867,-81.11326458482613,75.92832799773687,-155.51136364820692,155.7258302758724
1899.4688392325504,2187.668288825372,-203.94939841874495,-21.83046714704635,7.323150427723391,215.95247033581697,10.529970546564826,185.8439152568985,-52.378166531604926,-4.961301143787675,-154.06444485670082,-21.842235434942243,-304.5895229663224,-32.86048456796199
254.71440848700678,2192.1300101952784,-75.86348953047441,17.96294640410994,58.19372139940333,286.4619773891418,8.607852360321509,163.38163725251295,-17.577393208816822,2.8681541106056354,-54.84998217235599,15.001658761741307,-119.84993663000522,30.912273129947224
3387.854361916508,1444.927657266276,-17.963361234411014,234.48853976105158,72.85652116332709,124.1938244505162,13.398983620061601,92.80715837908534,-1.8971613484259193,57.122365107995236,-11.298408486143622,173.75617533834242,-28.80200826015957,354.09907177323373
1122.109903509183,1554.5393933820046,-190.5408015053206,141.43542594414782,69.55851743035441,253.475886383082,13.653970095516737,141.41077810291398,-47.86431862898733,36.37833477661934,-143.3900275241265,106.56774223775514,-282.3717866255172,214.52519754629927
935.7331113447442,1582.5038666233138,-8.599420589228682,-23.843514239679077,4.321993725495721,301.61725917249635,3.392481860631449,251.0489040601574,-1.1522570204787321,-8.291110285164258,-8.206660469748085,-20.979310844156185,-14.287018713621695,-34.39974434991214
379.4854042385745,822.3871272926424,22.349884130467522,-111.37713711211049,42.437676701387815,195.35734156916436,7.44847392350014,284.36821208020984,3.614403654851867,-28.970924844484056,16.448078960262013,-85.41375341008184,31.07805088204383,-168.11529365739503
1106.7982440804903,2050.159321781859,-119.20341831844131,55.48780112768706,30.204886548934017,257.0239523671386,12.240941593155112,153.78521846701383,-29.995836059392822,15.112546884933678,-89.78340402791999,46.5883398132008,-178.40384575549928,86.41705599240555
1734.6568210269854,2134.122178927768,24.340901800692624,-56.76628680595548,71.96895960453546,40.15796664486864,3.554089223936281,283.36423065819906,6.944852138703554,-12.552226798096365,16.354266216675356,-43.604807287779096,41.72506698654469,-88.07472677629404
2254.613127638577,941.8105411442573,-5.1549035181689575,-4.929534681077044,61.328639383312975,292.9493864043171,0.5256954467521413,162.22357725489925,-1.745627569491799,-2.5614052099912827,-4.190917275728153,-2.8118618732319534,-6.159664737397346,-0.8829454847818976
2872.9957337536134,1480.3803415972727,-270.8492332105817,-16.815319143479208,0.0252454490562104,274.742778819506,14.936962425922362,183.50017400393318,-67.36701071072554,-3.6447361583962365,-201.65534146191334,-11.635262654357144,-406.25289506710476,-27.131574038825196
2475.2341748719336,1294.4824860580509,49.98865906861603,-71.33351188237846,66.66474656992774,294.4346628925701,7.486741259203924,305.5207232227355,11.514035462052885,-15.454216533539453,36.53398284119024,-53.17445087210335,76.33695707715428,-110.41034718033015
2280.6471853660278,1803.0962491563398,295.16074417430775,-78.70770511927684,40.29997590536022,260.1194747818162,13.679606651203787,346.82161621314566,74.22905385952023,-22.283978378065463,217.442749311283,-57.294374795078824,441.1006008958773,-121.02513189981197
267.55268492233273,2190.972914998227,133.76727446637423,-99.75497780131592,58.114791497326046,293.31672528492896,8.462363950954607,325.19328032382685,33.82732244944185,-26.226345450500574,98.36913333597192,-74.86862496370111,201.70015514530527,-157.04445655061207
2911.436995007006,267.4223228333972,-79.38002703173527,315.26886985973897,34.84953482460029,296.1562041757387,12.968478635431575,104.38499584936324,-20.351477046320653,77.77303355937842,-58.24120764419154,236.14514739735114,-118.96933760339589,476.1714442980723
2021.7696959808243,113.05369284132425,80.65417030746468,102.65393774133022,21.55011558337655,8.918685696378148,15.090790653907751,52.432486569539186,19.053656574449573,27.263679828986206,56.88766998732062,78.65417250823972,117.18561935320243,159.63827216145194
2201.7177868824947,851.5553374281366,-110.77318293901307,-113.36043593167884,2.8864839458030755,142.2318680483878,18.60961639159734,225.4683941185917,-28.408827320358032,-24.61604323030562,-85.13335279887252,-82.58546953620461,-167.91762671466105,-168.51351846312684
2760.9106828618314,1560.3822315506222,195.3029665461091,111.57660678641678,68.32083095475865,173.3592229658136,13.340030653617294,28.726936761404666,48.29650360513413,30.8836608047539,144.69823545018443,86.18439220777088,295.52382925861,167.32332377611235
3349.2284458212143,2139.552055312607,-102.11347415294924,44.11122275521457,26.244806696384014,83.68885447803483,5.953290118586285,158.87200045984568,-25.323875797870347,12.816766434321366,-77.88072886140218,33.30969757638154,-150.92903474595147,62.20320643725348
3021.218426376299,2117.3634737990856,-373.71677702214447,-91.42132500693222,50.04194958350817,196.37072378575115,16.66099262137982,193.54485626904767,-94.1107228630628,-22.221880692061035,-279.3459438567862,-65.97551000685723,-560.9366687078867,-141.29384705069094
2418.4775659666234,1494.4763819437933,-132.69092693080265,-8.979031801005105,42.72471962317044,323.7719504115337,10.385268289756887,182.1122274703278,-35.13820758206017,-2.037282403054754,-98.71137932438556,-3.4777888742485765,-195.10580582804104,-10.874793326252343
1967.3483396153367,945.7432127482424,-38.03936801926882,102.71492546828127,64.81179230208346,326.9839044554384,8.333607608628759,113.18760949456632,-7.925324462323688,23.756985383871744,-29.654015837152855,77.24174553689026,-59.78351387472624,152.80578614800768
587.6232816033348,469.037693507126,-83.38159913905169,-260.7938035459596,4.5572521613820305,324.77550791504814,10.815364656546727,251.9853885769814,-21.2382322582491,-64.99414377312912,-60.08224760394849,-193.20624067864583,-125.79359413564278,-388.887174234935
2088.6991009241806,126.81261222583353,29.823509557458785,-61.94017116987035,33.2075242181336,22.407741417161134,10.43745945529794,294.28115418250314,6.93023858051628,-15.387068279025426,22.625378974626724,-48.48258954009771,43.53915898873861,-92.67813390652302
2049.4810792052986,1944.7055557120013,-92.5108514621698,-183.1297341233345,72.2316177293954,47.22663741148751,11.849492951272298,242.01090002671685,-21.364136538263143,-44.465065131329105,-68.18085827023884,-135.0803681120977,-142.01123048204687,-279.20139694202254
3149.9953924657934,137.66858875375618,154.87321427808303,-7.276124780097347,69.8820581244282,343.7199188730776,14.124563399159474,357.80831576344156,38.124356753078985,-3.8230834143738015,119.32571400243204,-8.340394887280592,230.54480124520148,-8.190247896730618
826.6519195948592,1567.169595914753,8.8674846156951,-8.565183391673699,67.03200658307816,324.40724614302184,0.31891372906621696,307.09463836194357,3.8961173944334915,-2.1192872866626598,7.849683684997499,-3.2116833047294544,6.225834496920255,-9.011153793409424
3407.2139101087137,1332.4236193153133,-185.30945557172424,-22.461672558983658,25.396639831222213,82.83268513441425,12.227060615502836,188.21790983193435,-47.28365075293459,-6.213428879903452,-143.33670081517968,-18.384040568753587,-279.6452428257659,-34.218583361660016
3151.88762836411,183.48940652771577,52.7266862465601,169.26112904233005,95.2765897153333,239.24859408325432,18.83378416883898,71.87748719363218,14.295316637361635,43.464792361400704,41.150753923181156,126.66259592274342,77.52416267341246,251.6503853024939
314.9627534521544,1849.9921079906924,26.41881299536789,12.550796714766395,62.17593860953973,113.37851004524983,3.2762732718863075,14.453197210346534,6.1785048326769125,0.3789203088226545,19.41279765295187,9.081760238258694,38.95345880024527,16.94381157272249
3358.1711356912106,282.95581289142274,-382.56171713295896,70.40390819118561,64.36413728787262,349.999693548122,19.564473371627493,169.64039912534756,-94.62763133618257,19.102642350474014,-285.805591759783,54.77234093517123,-578.5806111856492,106.21832390276649
2629.2196900033045,1141.5633092442038,263.32474450211714,-114.75989362980339,29.479168400750932,288.7006592670391,13.934272007060567,337.442242724892,65.1146330069212,-27.252316413182783,195.2628891488604,-88.144050524288,394.832372981529,-174.45551157026293
1964.3287950013055,304.4056549253472,-108.23700719259367,-165.87692574576585,37.74977091375226,114.14967026146222,10.721127086541745,238.02872390349768,-29.555828725103865,-42.76293940185088,-80.83013165621408,-123.70843599025979,-165.09085765189644,-248.03712864485928
1091.0342867689349,2231.453295616461,-6.298175630904369,-68.32240996722592,31.942209871420445,33.57175312273348,14.151067118386395,264.24153163572635,-1.1490799807200032,-16.583251836139283,-7.410366306927452,-48.7656099297849,-17.907769913078628,-99.98144859529077
1252.1984132454922,1965.899836466992,25.746440987038817,20.911713044288746,48.35070745776653,299.7803152069727,2.1043694828364856,50.76892389612087,6.612471149099725,4.232058697328892,21.053791205281197,15.98176023644121,35.24609644171654,31.610943316688626
2047.3610814437527,300.92081760373117,56.97657957433072,32.16455666851922,20.379383529992168,11.199090307469808,10.265871649189966,30.431741505686052,14.563382182254529,9.65479052807044,43.94934486717158,24.24593254763953,87.38408188159276,49.60432437108687
1303.5849364518667,1319.6008898225016,15.773074435433829,241.3537723368496,61.54056774277707,115.77021853048743,11.40496249894799,85.19593661269698,5.707036092652303,60.77007124116547,10.427566661720745,182.7107870224865,25.3568271665126,362.13818838984855
404.7574523908144,1602.7097756650394,90.75571354556536,-36.937400920371246,96.2264078035172,108.20775889944798,17.228958428086962,336.1167163469778,20.938368121521613,-7.659019583890492,68.32385132327727,-28.1329431793918,137.4261083338573,-54.69647479971228
2583.8088714182313,1923.128872936804,70.00418853102504,-57.49914259297692,74.59546179039995,227.0473877924339,8.539327883820185,324.76223111122,17.68339523736755,-16.230414895984573,53.464680845053394,-44.181181601113714,113.07722781840364,-87.95679746573799
601.103109830985,814.0679383846083,65.14828533275244,354.52828991742007,41.008968326115294,290.9566189859411,15.403190461723051,80.2718909235653,17.06833402449678,89.69767426781429,52.48805242234096,268.4627901090035,99.04143716594773,534.504109078038
2591.9709148595766,615.1711096326134,-120.09867723058576,38.683099090653485,37.126692411507086,53.02848445628149,10.11530884669611,164.06186424488868,-31.35179861839178,10.942532746199268,-85.60681201902726,30.63334886533559,-177.7769688198018,58.533441665165036
3154.127059274682,2236.1649273291155,-14.870558507880048,135.25931422421246,66.74280060069894,349.8890868452465,16.64956000063818,97.49957052238534,-2.931298193471231,34.433806501614406,-11.044914622804836,101.80596076342587,-27.963431615412702,201.77128449460594
855.8819113283694,568.4370910617226,5.439048345168482,-0.620006851600148,40.91893747197987,357.04308790365474,0.017073948748065337,70.99412300316028,1.4567654670039552,-1.3198664152871422,4.301053851121321,-0.7719299863862468,13.174697836879686,0.561643663959359
1522.955714619125,939.2808451329,-81.98027875980497,16.40921008149097,9.82088890488636,188.58801853541615,10.290043297141839,168.51673600185794,-21.622549274483596,5.9593690237415196,-64.81618402836057,14.920976317699136,-122.85367065565548,23.14541413621048
3238.9679868531907,1412.0356319452046,63.46001641230622,-172.60868780081236,97.16506046194931,49.12240257736507,11.366102091896737,287.3250172823146,16.721652014341295,-41.732992909436916,46.626356376622844,-132.331087489212,95.39703512067051,-261.3657764615516
1162.5757225026418,595.8665674970255,-7.6072512581484215,-9.545158621390971,50.5810683519715,218.1921626003532,0.19544462838962495,280.87436599242875,-0.14039014749466583,-1.9768874926384905,-4.435626498575382,-5.5921338020216265,-13.184925026617464,-10.153841180166355
2655.5098728723665,950.8944589265068,-106.65104099670782,-23.290422610160217,89.8706829574793,63.80005799032908,5.846948484303029,198.4815153716674,-27.320649424631895,-7.639889263632929,-76.42877768177108,-17.240229267293074,-160.85685570200167,-36.133908258198375
1390.823653953489,892.8764912629321,-100.47297013332941,-5.451852011273966,39.174808760521174,285.66765527051683,6.483088059243462,180.6833449449593,-24.538995080543405,-1.750721445778951,-70.99581772957279,-1.6514607586705194,-150.20039992742088,-7.576593662281895
2145.311033994461,1757.012948465983,18.576562569582688,13.648641714672653,43.33194902328968,197.05599125990867,1.2414027341702227,32.34885048001686,4.684356131190491,5.29291659431702,17.714979033343706,10.394321672857995,35.280645171669605,20.378939113999813
3152.4318320671737,983.1922167472183,124.06189655964127,23.310671721306175,38.512507091922224,1.2776370713176721,12.268525230424638,10.717886666567512,31.868128923884075,7.62975796050729,94.97158915183999,19.795761169353092,184.08555455904877,37.37796706963077
1610.7395680820978,1550.0497475674044,77.88128164934864,65.66258234036805,43.976850388814356,251.03727731444968,12.679468168808842,41.27320908798353,18.33285537301326,15.495984212961556,59.51743166176951,51.691151038870984,112.40230258439715,99.54975673317624
3221.4603117133806,520.6026860140958,172.75870584210523,-9.045356340413543,79.4950932824677,348.0021600139055,14.541854584484721,357.4291590664667,42.802701231562466,-4.980259334633351,131.57696804079063,-5.042607309152668,259.1544322960018,-18.150777334687593
1290.6865460640925,1798.1937354801962,17.591394573506726,329.534848419507,62.24833190290374,171.35389974979694,15.587265300954364,84.65600520303013,6.248784898851971,80.77603781515982,15.360385786271724,248.89558776220576,28.48228922424829,497.6532109121809
1092.4926868871685,1177.3180927539393,-61.42205740131885,82.14411409364088,11.043437130871647,169.77134392529493,4.876477052008097,125.67491513786953,-12.636186541899589,21.278514416991626,-46.49700976818081,61.49195092734613,-93.3960437060178,123.48629589206219
377.4115433155517,1159.495921237331,59.19922330270696,-29.15423360218037,40.6172012911486,218.22383008143635,8.776956194227278,336.2676657377344,14.848681345124009,-8.688185443315964,42.77264155254167,-25.652113155596062,86.02990425893816,-43.449630958289205
1182.8874650971873,1260.5570320841168,-7.536334595137889,6.884333552979765,94.66317459653378,140.8421596620539,1.2981339242933965,139.73812126571408,-2.273727206507573,1.657766602133613,-7.1103498911935965,7.49296011677464,-18.41715801262615,8.73332281833362
1264.633380332666,148.07302985711323,68.15237575468485,84.0411379689578,36.00209378545035,320.2163965438308,13.807866771873673,52.35222927435834,18.854707650845327,17.819117723692784,51.3498915064113,59.34880576526448,109.5539293880166,124.65733335204813
1730.1171777058198,2155.626495208926,303.4019439647593,163.11261675217432,24.0548848214587,98.6488898538549,18.414758713861122,27.62622494829224,75.49888353525692,39.50210851092201,227.72967050064364,120.66021770631347,456.4286427136316,245.17895578520213
2613.743066046403,1290.4264161991325,-154.5123009294782,-94.05771371716648,93.26170171703338,172.23726169471556,11.224113061977388,214.59546996123447,-38.599434420267656,-22.25637688047101,-118.44630299835664,-67.07521746277848,-229.06315733039642,-141.29847251470562
3264.3935768544115,2069.9109277474436,-289.85977398904146,345.3362085510444,13.837086181363823,306.03024767902906,18.967274620429606,130.0498900464977,-72.50108277733615,88.12638744992886,-217.08297341971445,261.41422250492263,-437.52350115427106,517.3884352616811
1437.6061595914423,1714.660200413225,69.71505345546372,119.49619199128495,92.12864116801073,90.6045853897117,7.1047103466100525,55.42595787759343,18.254545521653615,31.731186779806432,53.810438175946835,90.23926451047566,106.57220777914347,181.2655944899362
3252.424814189782,2277.856893218599,39.73836301083036,-144.06651532827095,58.128273196105965,39.19738177121967,9.182598155508728,283.536412726192,10.304208872002063,-36.644302484171206,27.35441740902796,-109.91793489400807,61.90010736465223,-210.1821986732657
1332.1961821652255,1511.2724357722939,19.471167944839166,27.492861985249053,27.12215203841182,286.13889417755763,4.586379006153079,57.18157033752563,6.308368388161247,5.300187506348288,14.645860361983045,18.354024652941245,29.05392508006854,40.5607671148313
354.46559300277727,1145.3237963451415,-10.330985181592352,9.158799958880364,42.16816468528943,159.97860958970017,0.9066260409598814,130.18188286145966,-2.469602577277427,1.8001737624554957,-13.925107830580217,3.8045530898807507,-13.171669451063105,19.795797696454336
2255.8993958880014,2022.7987361833673,-52.01889910495325,-57.11460871781171,74.63061694876093,178.8758610072464,9.237289180003392,230.25662946472175,-12.78030018618,-16.47174279952892,-40.61192929195668,-43.46276600001808,-77.40483350733766,-86.86768919345884
1281.7716748155005,2288.6695755359437,118.94653648529014,-196.02035942314635,30.23985198289777,85.94584033053597,11.357810966108104,300.64541880355347,28.67530627909094,-48.577638869731594,96.17997492111724,-145.5405997520348,186.62768520608566,-292.32423004870117
163.66402690092826,1664.7000192351054,-106.30076591862142,-47.56367383918256,71.23943019529881,41.569119064039654,11.404788848916015,204.61002567687885,-27.392566677481447,-11.449849924189072,-78.84001010313267,-35.50062331812994,-158.91500350492427,-71.86695531018195
2488.6634738828416,1802.8072884014712,-207.28243422038787,255.4012171551652,28.195832714264547,103.64001457674328,18.12038911552976,129.53953155332113,-52.20674389824061,64.13385571748609,-152.6721874638636,190.34254499669262,-309.7156803856403,382.8904447113498
2601.5175296377274,134.09981671870625,3.1899285089319562,-30.484722645030754,87.99856915608363,36.289722552680736,2.810474483601717,264.41726421997834,1.526601270899508,-9.343000101417609,1.7605149266428022,-21.55195230645474,6.034869945043715,-46.88376090743358
2622.063325024991,2147.841469431803,-112.66307932500288,-96.77922277626338,16.551973560490964,51.93047308197295,10.828587886099934,221.1961157406343,-28.80512865042496,-21.844175764956137,-87.13487915174673,-74.8191623754873,-170.01831265057461,-145.3600839294326
2372.9854707167865,1959.2324101565762,-14.164328919866996,187.82599837187794,35.462709444311855,16.571929011018682,19.735511947711153,94.9313719623841,-3.9611626486900122,46.01037363918482,-9.053980257206879,144.0201189334519,-17.89359605498862,283.2445537058966
1288.2132862577755,1409.6836540555903,-0.8882755562422434,-5.002719719241663,17.064358875210527,112.09548128591659,0.405404113461052,276.5793412078281,1.3625276922804832,-2.2004483266398163,-0.4013224654223375,-5.4120605397908665,-2.274269895110947,-7.642565410772409
902.3169622061347,726.5423759467712,-17.340196944934164,96.37799834521846,11.185994634632246,227.35328750735775,4.84795752503778,99.94301986297981,-3.007978739383803,23.2106055555477,-14.85265495875536,70.70363237253584,-26.167638516348603,146.30691403092854
808.2122584879519,1655.39331998692,59.634198269792314,96.93933247008808,28.442032390379158,96.20891102557884,17.584980861555696,58.49249521568524,14.377608187741421,24.92027575549175,43.54022033437042,74.12358731675367,87.29566928435135,150.90535752786403
489.91622408747855,1671.379618208067,-52.749371822706124,-74.45149338512945,21.77626185490178,63.58443336885293,7.166458571787664,235.18448811341406,-13.30926714435085,-19.382132948528486,-38.105158050654666,-53.888260234891774,-79.35921783324737,-110.98561531714199
3467.35250671268,655.7628133239042,53.065479968965775,-80.39680686650632,47.15363875782448,127.41396356710932,7.115214299886052,303.2215555493577,14.661244922625091,-22.82540470381963,38.12846108411895,-61.294536346857974,78.89027965684782,-122.06504236268137
1848.2398151314383,993.8045612310904,-37.31322044419865,194.63994351167787,4.481631067080727,344.69696083354256,19.057390407161673,100.56827636667356,-8.224673078643228,47.91072632621674,-23.437982234274838,145.43563778854573,-55.528853813432306,287.870606025772
1181.1185681185132,1258.109942868732,-47.805704780688345,-144.74537614236166,78.08258334109281,276.80875563285423,7.084413560685519,249.9397621486701,-12.138199394071027,-36.88037093808837,-34.233705744098565,-108.65432083688154,-75.66614232933591,-222.91242108083114
2067.1041876770078,1118.4621338698037,199.1033491493928,-106.59003192892978,16.86016912375524,6.679994065149746,12.196233159574032,331.4903713228124,52.152034171884566,-25.738393939483,151.96973687209234,-81.1822442907186,301.8294320617915,-160.82278016957875
2666.751244568162,1237.7431350757076,93.72911659665992,-360.19178023238567,57.21377471653535,46.76141746755195,16.813630172351644,283.3054858671109,24.920424518017654,-87.71984126194354,66.92769899281333,-271.9869050846749,145.06950407247479,-545.9187878124695
1555.6584720177211,679.8638740430445,-41.18406862539189,21.004214054346843,76.09633177608087,191.32829854466866,1.3535032645119993,132.59394202540517,-8.556547428680881,5.480165235970222,-31.57222420155368,18.125154229954397,-65.16645283519468,30.83027668038124
261.6618701959559,1510.6729785170544,68.98658894414494,207.129124774789,6.4437625552692275,264.17884299172414,10.78180290044495,71.48987216139002,16.227694888271074,52.51040304566627,51.42601016737056,158.9737991495185,106.96885220324941,310.23444564873927
2509.2519827582737,172.40375330086636,-2.932418969998934,-5.539914325316927,29.617431460160237,313.5314379059635,0.3665233709039728,196.29124065430932,-2.12843962303993,0.698277563459285,1.6284191673154416,-4.651069304440003,-5.510722200646946,-6.4726365292292645
1263.0611063016406,2147.6266719973078,315.653499097975,-6.56441800189504,57.85117924094454,64.42625416860037,13.273902778247654,356.67437599417667,78.34396269705864,-1.8623588036338024,233.03636469566692,-5.309906790498634,475.54555820658646,-8.827277936424869
1640.2816462441017,1797.6096218296636,-175.3534551596655,-188.57618924101817,84.30434366717034,255.91522593007525,10.155545721391292,225.3117994615325,-42.80825348908602,-45.639168926277954,-129.35756954059167,-141.16579208273313,-265.12560401413765,-283.108122505568
2971.491677421345,1582.7587990964116,20.213542794895073,7.956363609099122,84.92586264996466,49.87707928008995,0.6150588101943266,336.3748345377005,4.831209588064405,3.1499295371843425,12.226333282976372,1.5269715852340342,34.84456274277467,13.468791178714323
789.084481444836,1568.563400093173,364.9311180450592,-151.88298782474914,64.97328487573907,324.4351449029805,16.615854456781484,337.8479265423947,91.42712609804221,-38.45584876228331,272.89650119597906,-118.18717209334258,549.1766868664829,-227.03891011538653
2906.4855130569945,1091.3136840279196,74.9509534913174,67.19802183153026,38.778315744637894,86.32070598385708,7.448535023519365,39.97669942508339,18.913227989355633,15.872642584603913,59.343125982657185,47.32948109180364,111.42211026286162,98.70868159325649
1520.3862835234436,450.8122151308878,-12.778083781524657,1.5286215969237251,50.60738984667101,30.677071284637524,0.9303699269013732,187.1407321758485,-2.4945416555091198,2.081912633693645,-11.958149481743618,0.14269324805476868,-13.877229271388277,1.5209828936177854
1783.314329976731,1050.2535313996486,-11.83730107074216,-177.37588938732912,41.030561355991516,181.66488585541114,7.3379132373075,269.5583958558508,-4.1045631759264785,-43.014301244045704,-9.190951562925402,-134.1389609773603,-20.559778343883938,-262.4753834164153
2240.500790383498,1552.262777378887,23.89991795076902,33.91135611142275,73.37360117263562,322.96696787193713,8.651289985368628,59.915547598484544,7.43970320530592,9.557753410054504,19.105915632534597,26.73364053324197,34.003935279932406,56.44058462100612
3444.234318185723,1351.9610302981623,252.96621941402174,-127.98268731326651,20.27692093688391,105.41262783772238,13.871249119409399,332.9062434718069,61.68622306523925,-30.530713192810733,188.42375676773358,-96.70594907749823,383.80034989730984,-195.340482654359
866.3671902139208,628.7100906821071,5.631988020277596,-271.3981178056292,57.47092028675753,201.831453052555,15.374584560241626,272.81279004993576,3.4447994834172233,-67.18850564267922,7.302823306920054,-203.00695550921526,5.9028824211471225,-408.8472055070793
283.3167248852184,1361.2902380573485,179.55574694400335,73.64920111803555,68.85995206754953,117.41389816297017,12.271683697117533,18.776603107198525,44.82248868939358,16.823913207760963,136.51409319629929,56.814125149161114,267.3069148302314,112.59626329866941
754.6183802608293,1398.027430202131,-7.63047124970793,-15.618857954187906,74.10857977382197,114.89022559230958,2.094103137248431,258.0286978476279,-0.7188391998961348,-5.464127573118808,-5.433693512944767,-13.628079719796453,-12.2304085442415,-24.46258667090283
685.4409936895934,247.90299825578307,125.30692486954158,94.93326659561909,67.13298173865903,166.82527705897243,16.621068817946764,35.60070239363411,33.09872007062421,24.03213748134527,94.38732170581603,75.72291560806582,188.69943116315784,140.2753414093499
628.2592101852292,1011.6429725838085,-108.30500636774856,-214.32200322331485,62.911314348043035,281.60244016996444,13.700903514172392,241.75207045966638,-26.874221504779154,-52.19397095710801,-81.58543282753445,-160.4233147818308,-162.73904640029295,-319.0748221176592
1364.4531679548002,1114.317327159814,5.019989912458209,-8.421365573525973,83.45719568709472,237.41268418324287,1.1849690479945507,344.7375736018215,3.487050110745368,-3.2649299529631524,7.5304145778328575,-6.2486003361446265,2.02327343807469,-13.169656323246382
1335.5034613880878,1989.9709277907539,39.13682249472126,-121.69464910289675,46.8034692922727,76.84175960805933,18.692107761545063,286.7761643394157,8.919775726970036,-29.496968297107376,27.53073303153556,-93.56659089565306,55.169160346693126,-181.48585781547078
454.4268762082435,1593.5009959881297,-63.98806336244355,24.618534892709263,77.90979397931702,180.33458558994198,7.2766542053677075,155.5353768695315,-16.7962817831455,8.992999841702428,-46.75345880541726,19.898133571806383,-92.46341220777089,36.979008814663075
2653.704403504112,1812.8800671854153,71.98942535064084,-44.618400823833255,95.64007794334167,95.92809883531297,5.352963247336984,320.02281204863044,17.029043659149515,-11.500360431437958,51.99016748296029,-34.53510402815565,107.49236009569472,-65.72081420175674
1235.4419791839255,1947.6876074790882,176.79215321366854,-73.95146033737207,64.77557612860042,255.66177866508048,12.720036079779211,340.63066222148353,44.24865312880936,-17.808171895220237,135.44420744726725,-56.78669676650156,264.23297925934787,-110.87908051701767
2603.207828831401,1710.878632116295,-43.35808161488749,12.500743406733104,16.51487121099744,344.3976318327168,4.478162630822286,164.78977225759175,-10.791884544436273,3.384073224372318,-30.009262113030136,6.099273936700325,-63.476593157530424,18.71634575714319
3329.8670629814314,2264.445818789704,20.502938412156986,-28.67700130001517,86.64487806342642,327.43857267903644,4.345575575342728,299.16244403631885,4.503940486518591,-8.811598948751403,11.809000260973518,-18.715882433653256,27.889160753827998,-43.99204218900756
3298.5388584640646,1751.0876458892124,281.4233623333064,17.116732979614234,0.1243438866102009,275.6207822479795,14.795899853157175,3.503145655988278,69.47084388122107,4.819075032821205,209.69262523265283,8.782344223080777,421.4733558967326,21.605464312561736
634.35359817195,1329.8143857689583,101.14430965411124,217.7196818809142,66.3713252520194,22.476342250083874,17.42264242164336,66.65071861513279,24.08160235943689,54.816596213484935,78.34589946790922,162.2799752788086,148.88202101044172,327.07459860868744
1367.4419556835749,633.9276766026161,-83.05856943895827,35.49420520106628,51.746555365372636,303.61000639391625,8.725342696088397,156.00313093259632,-20.358978983313015,9.494255178752663,-66.81909460211092,31.074901697304796,-126.31432479772577,50.4408943263243
2731.466719398915,1098.2476986626132,-39.71970861644365,-51.04203636402374,88.22695165695013,53.24800908439036,10.16694192027273,232.90764624767115,-10.691874595029171,-10.87987565145476,-27.035159322540586,-36.978959654602015,-54.092638655902405,-69.86601644647838
399.99670597115716,1003.7198344007566,195.18968990512207,-132.96033336129815,54.57771532249376,166.3130972399076,18.01564000376851,326.35102756301615,48.54205529431775,-33.891372902807966,147.65721029460065,-99.8292751255829,294.6676420413388,-200.31356446120313
878.11813779989,520.1315750703487,0.09982629718777153,6.990028072164836,51.89954564321649,242.10409294706614,0.8866450160456285,79.58371141699801,2.986825380685144,1.7093435210599082,2.7187345059089547,2.792378031604958,-7.044749839971036,6.259747637142171
3008.5895989947585,210.37145569711507,-147.38823557782734,-3.3586956834631185,88.19624278318685,306.7451416182805,10.127325071235783,176.47302751402617,-36.08657390270284,0.6416934594629479,-111.15619232331075,-4.385442781692762,-218.59902772362526,-2.631045191541281
2317.67216043005,1215.4957812607613,-6.52688531503083,-32.34636409778849,14.99710594634972,118.69015921381863,2.7383158495378113,260.96873142684353,-0.19793848624250376,-9.373849262678162,-6.365118557316029,-23.03670223910009,-6.975093700926369,-44.85811697343951
2643.6107203771494,515.6428219871278,10.08780579493355,-36.11667533439389,15.759032215646862,85.13423493219152,7.317434062979514,285.71939317288843,3.2081525998053824,-11.461868073580032,8.15435339320086,-28.72723077172423,18.422934611638205,-58.51121251193311
2935.623504449512,476.4449333423453,69.94375101396697,297.97933441678043,93.08730929145203,191.04773078247976,18.45855530347937,74.78282959264013,15.913122580828045,73.80462473570434,55.82978629585309,226.42345816354916,103.0568265806394,438.51408876656416
3362.4816086196597,1711.908521072963,-58.143372131258346,-393.6720046872567,11.0601751482577,76.36682551341995,19.511532688711178,261.5275993656713,-14.953725655550882,-95.59607902618654,-42.8136955260068,-294.4737403821432,-86.13660037756596,-589.261868163367
1759.4838224702917,939.1642559278158,-51.637506687503425,-0.9087004102791019,83.13762837143706,176.47252508025608,4.927427972559637,182.64367163599786,-12.317910698278183,0.5468920991555509,-37.724649454931594,-0.466577906079749,-75.36546812636686,-8.619377016626915
517.3136864506505,1288.23636562794,403.0811625292454,-84.16207933013115,61.12067518581934,359.1725550510686,19.50384822143053,347.9030250747434,102.01564904870239,-20.272202934547714,303.4923367700454,-64.84624141368298,602.3008242590537,-125.57232063185901
484.7406224048993,338.57595905277617,-81.25935163149943,116.71655136171962,72.43569348298357,51.01747496912608,9.354645422289408,128.51345011599278,-20.80617269251237,30.230399110905903,-59.086966066341056,85.70033587186575,-118.89516448082148,173.86488274061432
1214.8216433662922,1644.278614064094,56.45433488880725,-127.46165369941383,4.5109006285336095,138.8026368397152,6.86460349935103,294.0043461393324,13.68529197729161,-31.833971388466182,42.87021676370146,-95.90843848513646,84.73911259610753,-195.74424213083705
2981.6088117708605,1996.3268635456377,96.82760122936482,-80.17040051993291,61.620185855729645,334.14333806384457,10.001246531804162,320.0529758879526,24.83602139344502,-20.852754024969435,72.77901083744746,-61.45794569296387,143.05268304438607,-121.48086033029332
2724.1819211489787,578.3170353615648,-62.15765282174252,-95.30410846832227,22.36752120549389,99.02764264965228,11.735335276560548,237.47973540866937,-17.364886698592642,-22.407079971575158,-44.86767426789472,-70.45581361559994,-89.16629376047743,-141.59929272477063
2646.9568687591427,1357.822084552709,7.025388789446746,-40.1842737121808,31.218321682151096,268.48157688045785,4.135927327152129,280.61580472975214,2.1417865852807116,-9.059049258797257,5.204143902560531,-29.661757845041517,14.688355419838045,-58.856820818595516
2603.725286170152,2229.1318222535883,238.79498526184338,-202.19640644402276,11.48830910787889,209.06095181141006,13.838628393461843,320.43543270756123,60.59976755785702,-51.24744329548681,180.02276326222403,-151.4049808003356,357.6919588896833,-303.5836935227988
1774.3036869461052,288.0252505233245,90.01298410941453,71.9056665626817,26.179000110270746,45.35202989490058,4.4826435932015745,38.21207501570107,23.550335104058323,18.63100423791576,68.20305389696883,55.7649529559957,135.2875583799105,110.81220938189415
1042.7889113126398,2036.1687595444575,-8.92572628379096,7.87360321817066,54.147282741308715,326.20953152420435,0.8033562790116244,143.10567055484478,-1.142706858122857,2.40121804556212,-5.4222584588870335,8.602878688324322,-13.838488299199023,8.464144816665371
1408.5901670066714,1822.016650985461,-40.420117425026824,19.834481657322595,16.061402646920374,351.39426448013586,6.301317505218281,154.4125347864574,-9.220860004820958,4.160449101135743,-30.599670250475313,13.02480872244778,-62.27536650097378,30.55036826644261
3120.3377310477845,2100.8978944695755,51.55171556772865,29.730529830917067,10.49903751251351,356.6636770952796,5.950591067909778,30.276601607378176,14.468370690170492,6.421957220598344,37.9035171679296,18.278346681559686,86.74884208189968,44.14703880042347
1122.131482231405,1567.971221161168,-37.36763848853182,0.6293825771135773,64.50845035298298,208.015742257781,2.2752344342175324,171.70844079454002,-8.695773277615018,0.8971219777729482,-31.54692030452892,0.6604588896924077,-48.74350236011,-3.0609748712737055
3499.562890132055,1517.19179837263,11.633369577680398,-39.57884221782807,69.42649300626135,176.9234916844987,7.089791015650597,292.6630741129942,1.9917639320330314,-11.458242147931827,8.637457438865187,-26.045816495538638,17.696663145308985,-60.36304466353674
1498.883207250652,2128.0359219276356,2.06379276831554,-68.70382709694077,49.95623111402354,255.23105253816203,4.377369846590938,273.95048323139514,1.286238141097233,-17.331698756828242,2.1572318783328415,-51.60829950074814,3.391267227189473,-103.65707559344284
2075.455203244116,1201.187289690676,-108.67171434088282,-305.2104595644512,97.08474014850094,46.67414417680631,17.91997903361827,248.8465480091797,-28.34365000471923,-75.85509775904958,-83.84714121234809,-227.77158016718178,-166.59004747959816,-458.7727134380953
174.8547932682032,566.1503867899065,-7.4240290861145075,229.6905886277599,53.637202372412574,173.36194839984458,10.029941910721274,89.16727624077647,-1.5959944036005629,57.71729720612111,-6.212739109840879,170.33827812286006,-7.424590702735611,348.47250692244444
3025.191138349092,408.5899555979428,52.23345628773663,5.705895803010491,42.99397477851188,35.00079045351292,7.791904968772563,5.438680411573578,14.572907758985354,0.8598521758572171,36.4957896256244,3.250305836811502,77.36002622587294,13.223731887693031
2569.015814800052,1601.0316678801346,-27.12342277826018,-148.30018303129728,13.536246176025779,51.43965630921619,15.106840308682678,259.6565856547502,-5.943001615424331,-36.91021556997548,-17.5604961422464,-113.64644581398481,-39.184419115295555,-226.1951829525539
540.5914820339469,104.57740618782867,-151.32781407687432,236.83884534717487,93.1531801409579,199.76197542307534,18.53881325564079,120.17934853274593,-37.77877092197234,57.57382999583889,-115.89614577225966,177.6626185712296,-228.20510797908378,351.3195290904876
1489.958802133872,798.6279071633064,112.50784341772115,-40.90008413064415,14.854515150998093,1.5745244763526278,19.40470124856041,339.6597226934137,27.978388681290568,-9.08836960222126,82.34473259042757,-31.152189492905947,168.15850131978064,-65.06098597129476
1256.5812313208644,1128.8478732136903,251.1626775183324,199.06458134029495,42.917202775906205,232.01208935275804,18.74379097751709,38.83116183992729,63.04533020342319,50.56282918554293,189.78173669476536,150.94197855923463,375.6390181473811,297.1557929929684
2062.2584385554755,682.9577004171427,-19.968927338871875,-25.92957406675529,66.13482063119197,218.90536117166937,2.1629919602652525,236.16524865294227,-5.266950471860064,-6.567458340563653,-14.900746720345548,-19.154125328330878,-37.1994807945434,-38.85039337052255
1933.8735000016939,936.2331971747687,11.072523853079629,28.559845263392553,35.99079274936733,167.0207550199247,5.519660673423816,64.81796398804276,2.650378739720792,8.063649153187853,9.755081382963015,18.69087003946675,21.02773651250893,38.57886255487674
1136.9847622291318,1459.4201650435803,239.13365168736456,-210.90848296084053,27.574626058503636,18.349944774800377,18.242718038463668,317.9538726744464,60.53104618029673,-53.13054736030482,183.20739037003432,-157.77366089197918,357.7399690063846,-317.98358102494785
3358.9632678168496,685.529883245409,2.8809350549266144,21.016395949168544,29.65217203911461,71.13505854278861,2.58147330613659,83.97275092343926,0.6484550482398128,4.959299746891378,3.118578170444646,16.327674759974247,3.544526078087382,26.838958208579527
727.2587823589523,916.7168558430628,-348.4948253356629,-95.99888002064863,52.2243251566884,19.19908434189203,14.297408213547705,195.5856097335871,-86.41797316484244,-25.234852461124742,-265.0262515965723,-71.33887423981083,-524.3275909971954,-146.93926126882474
1942.3952428271157,474.47219674041065,388.34754426947666,109.18760838842792,2.2220639519938357,121.31392407885022,17.307416030021162,15.648623756537337,95.50772196647561,28.19685852151172,288.93846569917935,81.93658330276172,581.4967551591991,166.46064488633894
2228.5511995834363,449.30782983197696,200.81853550311,-48.85131076247035,20.61648446312071,357.1042934891347,15.061727888826585,346.3098731186655,48.82721758941028,-12.819870958718196,152.13463276842657,-40.652201316238596,300.80304999678197,-67.9650405263175
1887.0229654164698,405.68105907404646,346.7048679491888,27.80962329124618,91.46909247082321,334.340711277136,13.668531808360074,6.347307216248894,86.18525922412539,8.544122574186991,259.18154406051923,16.701165665095097,518.8833926119618,38.81423134723916
3015.8994992121475,183.49106977393927,163.03764521311325,-1.1606135465692287,15.087804682460447,45.04181747381479,8.061510854004561,358.9152843207102,41.081844359000684,-0.2937607640660417,120.03205687470341,-5.4974315644556615,244.8959478538482,0.6430032908671337
253.3773847693392,997.2985195364561,-73.64098458778805,-89.44904130259413,41.64904123690699,347.57673783760254,11.983941820422164,228.83438561721798,-17.806925204373883,-21.807741668223628,-49.50133545374737,-67.24839518850231,-107.65246473919409,-135.58653138468318
2692.2267135954594,1685.942763917873,-216.4026362221109,-60.75112834241828,99.71494397581668,93.37729442702059,14.709145033508426,198.5056109661242,-54.91106033144549,-16.584699741025243,-161.6483382578611,-45.72707034665525,-322.9753631720917,-91.20889938622695
1445.037218289413,157.84776947045077,-1.253296196938152,-2.5978482098263336,22.434718637176452,340.30664817745844,0.2752938667079996,196.55788875227103,2.4506219670544485,-0.45263997746900053,-2.1085173059136064,3.7169718463710444,-0.639065162264222,-0.9263979540610503
2824.4617005086075,1830.000660525309,-24.600343249476662,-15.193975661747427,19.10451606552953,234.05887170635174,3.9929603836266825,209.99537216775752,-5.712276035575542,-3.3892745076120363,-17.42959287080718,-10.786033681902968,-38.72099089957419,-23.573973960676177
297.72029516549037,1974.6919831626499,-60.20508404880444,50.68918617961535,73.04362943536913,251.50151016400352,6.793526770913376,136.76586790256144,-14.674895457281865,14.919006912087195,-44.272804351019595,41.032353472113336,-87.31144636295735,73.30318315073929
2103.0753739842603,128.00001971782518,160.37182873266022,-157.47278242861697,90.16441777703093,196.4317025967528,17.372545309590635,317.7852620336081,40.43983549867363,-40.54263808507014,121.70894694204497,-116.58516461637522,236.79229589737486,-240.6072882472721
2561.859834087371,1199.9637695306371,-23.161920559020963,155.060682196545,57.0570709130388,256.64608453134156,15.551500540781005,97.74596798390569,-8.606606685716361,38.97316489540862,-22.528627202057137,118.60338143924476,-33.17720713612619,231.75502898054373
728.2009606326135,1599.0042662772312,155.53038963669798,161.50847455898267,92.4644712582414,193.92118548675592,17.528169771589642,44.946532235982374,38.12183581144747,38.03066787551639,119.85159402547578,120.60889562930274,231.98035779093684,242.10526379154186
2514.3539216156264,2046.6253293204777,2.4614021602332814,40.86101075265209,51.39047125496729,209.19906781146193,3.2587287793809216,79.43254008442453,2.471996583293155,8.468174757964766,-2.5404535686328105,28.200083717300423,-0.9291949110229667,62.45019432129188
368.2711267875794,153.71149260888865,12.289335814025998,-69.92889756803562,25.125916346712707,32.973132292008735,6.726812770415336,278.25607452951203,1.1476606305751238,-19.497557075038234,8.386997697108038,-54.33236745738008,16.883876392749343,-105.55192609939486
617.6844423803807,198.6883396078488,52.49665641195431,47.65477002006152,29.240449356051347,311.9964926504063,6.78884411474769,44.52905954425652,12.427644705502708,13.097137435227774,36.30210153369238,34.59114464181395,84.18370627990771,68.66332647879874
662.8808112339591,1056.8589807995,132.73106176066295,9.55154043289019,63.149910667349765,138.74512266648705,7.151990513729198,0.35963721609935995,34.60031203255775,3.795701243254567,100.96604519673768,4.7676545911572985,200.0359628925734,16.330065530765108
1505.8703910785125,895.4220909145755,-30.750803571162454,109.63039946249769,73.79480082833204,266.84557096938966,12.141159850113807,104.92812867504134,-7.665958552910739,26.613326325902083,-19.559447376309024,81.96766428522216,-48.892278332275225,162.2981214521223
3248.851651828995,1357.7612343086225,133.31274137156802,374.85000162836616,10.46895682836545,69.49301839715558,19.976521190284966,70.41923865078927,33.14657633020157,94.95904080029136,99.96773695481549,282.7646604542951,198.66756948729434,562.8619240274862
2633.515621991072,843.5912688862304,26.03085526599876,52.86472452267663,35.135901433178084,42.71610409538038,2.9371429728040455,66.87326023423564,7.023298072900549,13.196646784354261,19.194205179566236,42.16967951626277,37.083257285832836,81.05663225686895
2011.9435131320454,264.161922251158,-286.89973190207644,23.915559267494668,34.80890322516831,81.31038538398131,14.378196306504218,176.43264883717012,-72.5121029513596,6.555219798397436,-215.7954861219551,13.717290746247029,-427.5416783753178,39.15814106816779
795.2386308519706,228.7157331887601,-227.60570624801895,270.5028052688672,54.60067515335874,252.1100132332114,19.96503580372512,129.09997882122147,-57.777785920356855,68.28395525150091,-173.98863865998587,204.5234338840835,-339.64505400643105,407.50941851067586
2736.40935088584,1254.633730363029,-13.384775058903177,53.02772694124222,28.456671007985168,291.39985579630843,3.7220112387848303,104.31345673031618,-3.325837303044683,14.339585577492308,-6.624648451723204,36.19532590402453,-21.031704740934817,78.74354032518228
1478.785752957008,599.8855270198031,-226.12752867684765,20.52374493463707,24.429029453716456,321.30413560027057,10.615183543716498,174.0488631564064,-56.73300215902854,2.8179768694331315,-171.8660011453437,17.079101433894394,-333.35924006527017,31.88711361708474
1625.718552881521,1998.6571144643867,243.79988439243127,133.66895982185417,86.94591028404044,169.44883835056046,19.45851420817799,27.21063326596103,61.28986803210472,33.09920070144428,183.67268339157403,101.99242615043728,368.7082558445123,205.56105018944584
789.94801138676,1042.1515405717869,-2.396514175917231,-5.734322072340988,69.58946514633787,193.41081792120193,0.3716066811019836,343.2804504192354,-3.393582465425114,-2.79531396882513,-2.625345763624307,-1.9727564819420582,-3.904155450929973,-10.158560265265928
2542.581344174424,548.189416247134,-75.46895229912045,-60.904150877553946,64.64685204315495,247.35184995733349,5.104042480311959,216.20075618182653,-19.80068774355917,-18.054223501605808,-56.39207676721412,-47.3492007758628,-115.55495366593472,-92.4202673961232
1685.2729197990695,107.44477046275034,3.268478643389373,-3.248668880606876,40.17852451627589,38.064696453522174,0.4858540679956058,296.81101664802077,1.9428881884173528,-2.109589293948004,3.9711369483010506,0.01517765348425204,-5.0209818924081056,-5.327092031637541
1791.198690270849,1061.4529674170803,-52.47590234698197,-123.58060592314365,39.289229583117915,179.88861703900332,10.57030342319521,249.0848330701035,-12.711936072759553,-30.087552520482536,-38.71840671928866,-91.46830921816306,-78.47962037878499,-184.55814485659315
3376.070469754386,447.9737589007374,-172.7248678799548,98.0840065931549,5.247768082940385,208.48506667338933,19.669864115995498,150.33788902886283,-44.51878522836584,22.71677379105422,-131.3331895658876,73.09087313247299,-261.08272271778543,151.0078104590495
3091.3879207985374,2139.269370864239,-229.00343729426163,-29.977792250876394,2.443130930768811,355.86110517415426,14.20045463000369,187.34120135746645,-54.626584973231225,-5.731307884233079,-173.32621718921064,-22.75351060045093,-342.7713617324448,-42.376446161629765
493.4252185344966,1224.0472685071247,57.48412981203686,-135.66833914168748,49.725431594847144,21.74467276545371,12.13719407205895,290.9975036117632,15.352794261265123,-34.830001446004566,42.87494994584011,-101.68854327572167,85.64514373792215,-196.11346764620615
766.4992857919261,2290.646099530965,-101.74811776719645,233.83892853963738,89.71621948276149,105.30277021046285,10.821418415972326,113.94077036770467,-25.415983609168673,59.34653933981104,-72.04531880744898,174.57298086406547,-155.1910410217755,347.2576394053417
3268.955843211317,1592.7656599612733,124.2239904693411,-15.897415944761585,82.66371477710057,97.60023429675466,10.875803798597442,349.7026561162194,31.673659745193223,-3.501821099409851,92.93383476531457,-11.819821448528804,182.12303645392313,-25.597285854210657
319.6558034934912,1265.6987998406908,4.38094996310222,-8.883193622447838,27.331931995714164,286.5733757508824,0.16105243250562395,303.3097384635397,1.9452503716370524,-4.800118699874834,5.8188832319309824,-3.422485209965926,5.1250520916889215,-12.614849695653207
1309.2046716277691,1054.8000365100497,-35.0474758507525,43.29685367311493,26.062929787496646,62.145817296920555,2.778549598257256,131.89802121237065,-7.927008575859659,13.739581102317075,-23.897679147714033,32.98833971804983,-54.43200666613178,65.8265225646944
492.47437594393125,1738.297598133967,-42.24826034166302,92.25974224710778,27.05348441339891,226.30723760480146,18.34813852185497,113.93083138962899,-9.124335939948434,21.818099144206045,-31.011277402519426,70.07228638702792,-66.21825621612143,138.6089261338039
2513.208765401282,898.2231943991218,18.4098152850958,83.50228136059998,8.565039391541019,303.2879065965452,6.764330343650111,78.56957970416569,4.774277474890648,20.07143107161699,15.73269686265037,60.87827119220145,29.995640810634008,122.63588821108307
2811.2279023820083,643.8525481634288,71.3945942476215,101.70608086723404,71.5869543583235,292.35763399107236,7.171577442138235,60.3729993563017,16.894891334307033,24.80243125578573,47.5130301336982,73.3177113921849,108.96775990905844,152.64997221050993
2153.2440204922254,1432.6980405692223,93.71088373828599,-89.80519151860359,12.802476286107678,358.73599182365535,15.45689888469337,315.7932038738417,22.334679042465083,-21.303214342786124,73.42790148010022,-65.3641172178073,143.53512359620038,-136.38546467177102
1969.9625391883374,2011.798697493966,5.933088680361819,-1.009839121332706,76.32935525589475,312.6872275334834,0.4032276423578818,87.6622538658941,2.3859956937826072,-0.6185818242003649,7.395906423217312,-1.5116077276812852,13.428273608380623,-0.21237773737614152
404.3533793026107,1183.8612968271632,1.753661452168338,3.099604056040759,90.10384977340232,315.73390645558965,0.9362791446845509,109.33144888642082,2.535555471603655,0.6174587939349183,-0.7530866101495142,3.932143672715754,1.2911287434873633,4.404196055966656
562.0850997951763,803.5100359075793,166.58008733499275,-31.110457299560736,34.198580528798495,323.8506779263545,14.836258185330301,349.9858685473348,38.807967875364824,-7.014767915596243,124.29047382662245,-23.794559211020776,248.92662982243854,-45.97067613228492
2562.376006843243,948.4491175073819,21.709603234008476,243.7883864928194,7.337838974377597,292.5828177953709,11.592611404732267,84.87414463088629,4.213849181756945,60.20408807311237,18.164468978595014,182.91498715508123,27.172973848125395,370.9237571728896
2629.873509957204,2224.813733771591,-169.6562676816935,-304.6666231822878,22.920621116269103,51.71305142596306,18.25763490445394,240.82310788462934,-41.2698196088486,-77.85920762893883,-123.53038547586583,-231.80660146507068,-257.89035036625654,-457.78529779430403
1696.0509556404586,1620.0192082702722,-53.39732860087915,26.3765533669068,79.92838076676499,177.59745964675687,3.3047578042080183,149.28757547379536,-13.286776708276546,5.549163827354049,-41.465957036881825,29.283987567398643,-77.04011937121729,42.14812401738022
2574.4910615558492,1001.0292124168611,-47.54946548553608,-33.009741912831586,63.168978722656256,207.7002873518257,8.431235122338393,214.99656990695755,-13.0434528332035,-7.856288853940499,-36.86447080788275,-20.36066098607213,-65.61015858205921,-49.5339976514845
2027.5618374109274,1393.472924454182,-22.07321119954108,21.385192796030655,33.097606943747124,166.35045766496285,1.5624286157948841,128.6455289992533,-6.056720428673748,5.591225372660322,-14.523935417840478,13.441550449439408,-33.953697757320334,31.72218649195939
2928.3593917932767,782.7260156960388,20.476430089732435,39.52940058314313,6.310522485867843,26.923739221031468,5.035175975775072,64.08574099974945,6.481098136979961,11.929332488558227,17.536324920345823,29.611409463975193,32.64096841159449,55.431965095308655
983.5907299293434,518.5277443793577,-40.18776451072336,89.18963469034782,45.88023153582921,220.89530475698814,4.971154140334808,108.24882722054714,-8.374761745466529,22.0484201901786,-27.621560699635932,66.57470477790481,-63.18461605095061,132.8746697025216
3060.2592239037704,150.92175225954037,-91.5639241922015,-164.40986675826326,31.579271633582252,66.49006661791393,18.630786603150646,241.01316176041004,-22.72847624125459,-41.77662979758983,-65.74098569807613,-120.78714024119843,-133.8004014064761,-248.0995307238658
1914.3235982704998,332.0243860207228,-4.009803355353191,6.724256791903328,79.70993070673453,343.104403057365,1.2007262600471735,140.88648193220877,-2.544766607569615,2.1722583034525984,-4.5505403183903645,2.454303100964655,-7.300511743875917,13.292500128258846
2665.714061403062,1066.7730188500727,52.188990291196205,-50.261726293560145,78.48683119938885,351.45777615733437,4.796831161151602,310.4429803069954,11.999438323024195,-11.120798129527339,40.239049605682204,-36.361478967365365,76.760891406217,-72.89028772461
1069.6644493670294,1844.3029716254364,8.156446731193343,141.4302324362245,93.7737469895422,280.489412447136,12.11157354061523,87.36168611944963,1.409336302993601,36.5822919639406,10.48797948001716,103.80700420467139,13.11077726198274,220.3916959020669
2953.939501807701,2004.6780057730207,15.833056915634781,7.4314150603801545,52.2260404529016,333.81443728570946,1.2947553215296126,40.76128521043832,3.1086630074605823,2.934727723547524,10.069305574709873,2.9808290118928813,24.57312733593202,10.59835269533246
2275.6478826830567,599.0636101023241,-10.254945306336573,354.0422658545114,21.914496823258034,310.542516633395,17.87515016554093,92.2071927463615,-3.68110232097661,87.94412299772323,-6.963906947929891,269.38924487078293,-16.834476829093695,533.4777611123493
2326.509268371822,188.28333597216272,14.564763706910245,64.52402510193777,60.95812963036007,258.21780810744093,7.375004290112406,77.54785389437049,3.663059115645005,19.162634158265753,12.671863954973892,47.8765174801694,19.40002741606734,93.86138473898953
516.1967427343275,1770.062010285372,-35.1015334982323,-46.95462458851167,59.55492804058533,219.2638209316194,4.369408620389272,234.4206200857502,-9.63617425764648,-11.854080811145089,-25.923846058883623,-33.02562267090092,-55.30950704924972,-71.22038741034585
3319.0087706894233,1266.4819052061862,-103.90867659649633,-69.14757564306582,28.292792908290387,126.07744684734342,5.4139436184429535,216.65153118851305,-25.512839423899184,-17.939316835734136,-77.88901793371478,-50.29073843930037,-156.46958590090736,-106.53253649399714
2786.090989583768,1065.1654075443612,67.53412285606517,-94.3044332286424,43.192512134592256,200.44421169078478,11.633811694953604,308.2666711676297,15.26882538239633,-22.840142233998897,50.94641549519618,-69.06846383113486,103.30841004758685,-142.7194505367149
224.4730338634829,1059.5236198146386,-236.54114337140686,-228.67645793113454,11.756707047322779,150.06263733373237,16.777031685287547,224.3055720249069,-58.95878006665369,-56.201894113367395,-178.83007052192727,-167.9645392813891,-352.60690713434735,-345.73971065182576
2166.6008252807187,1202.9543369345147,338.68745562006575,-102.87072912444846,62.402093999446386,74.98281098312411,15.878774130639126,341.3386098073101,84.75303354968162,-24.756393886490333,252.76307769755007,-77.11219167928553,507.50115815197387,-151.9152859096969
1693.1086788536027,1959.8512847034165,24.80864812193256,-49.64580941841586,60.92463103757779,219.4205747006092,5.930688587096249,300.2070146128269,7.031115476120309,-13.73553548376505,20.353491229329805,-37.197828812657946,41.213887868478324,-71.04435039265996
2225.078196367073,1470.201630288034,-44.042460673133064,16.2044547663292,14.712034506758464,195.74602421901432,7.721358669034515,159.31339767982564,-12.384569238167957,3.9859160302486214,-34.93783165293584,11.57891616994396,-62.03536011643059,23.495166237205275
2092.2952075796447,1433.959672066146,170.59049931348542,106.5090074263635,20.05840300832403,123.80178357085194,16.90484207681664,31.628226357545234,41.81963472519121,27.50008102547393,128.26499178128842,78.42639929658193,254.82920762586937,159.55195248136297
2149.8475541177836,737.3312453172981,-14.45424870916142,0.8012714510726611,43.29471211954022,175.84901360997668,1.2902522147606765,174.953442443077,-2.989552971709241,-1.0739891364201941,-13.932030789143145,4.262348263090512,-19.942876850940195,0.4092793216258963
3394.6063720833204,1192.9075862930013,7.199210125374697,-71.62912615128572,29.020049550655745,277.24399476111637,2.649135817337569,275.61176555172534,2.396359296544274,-19.754404042190707,2.519029601925703,-54.5061321381976,16.28469097538752,-109.99846472443338
341.1052566723696,833.5196031812363,259.88930196508613,109.31542218225057,1.7794890012825193,269.8183819662032,12.813825352334016,22.561968492707713,65.0685576406724,26.6219071395739,197.91248524048498,80.99151759227762,394.82269391259155,161.36120490047585
444.78769720760477,392.49499568512726,35.03546470316379,-121.3023608004663,13.971019064915835,16.389179927907666,10.826577185396076,285.82838137570894,7.774894560282673,-29.708763812912824,26.34663577877522,-91.33131977582724,52.991902891812764,-180.17967243281902
2761.9336199990435,1580.1395608252662,52.34584270119026,331.89159605971116,49.743665352301626,258.62126464218454,16.482082477104434,80.90339190181128,13.146126178536356,84.37143094223916,41.65338914240793,249.15391011127406,84.54549230907377,497.52293299174534
391.19186397180647,492.9897688791477,367.75671209078837,-69.71839732118877,40.43762007162456,178.14206441515495,19.31467402472459,349.4345878972044,92.50531919228757,-16.147439604491858,275.8413101514795,-57.132367275496264,552.3769381349053,-102.29330410960048
1453.7075653767229,364.718646274577,-150.39922439146295,27.060011662173196,29.3746801625561,352.20248380677,8.74726125703555,169.8622069841499,-36.9063832422221,7.949188421448472,-112.11493052033497,22.64032597743257,-226.48884279721784,37.598586852902734
3402.4027007079876,872.5031899104439,-63.75917912897789,106.1524135447012,86.78279137313694,33.556129478953046,6.683676847509393,126.34319690185666,-14.077446626376554,28.08343889629018,-50.444207901592094,78.48408507670786,-93.08875588955804,161.03442902836156
571.245093533886,1171.024741462327,-277.7349623611382,-64.26717685411721,24.87156819788625,60.518470034208136,14.686506269899981,193.71489677022132,-71.20580308332856,-14.286463242365542,-208.66615539903987,-49.75811060017803,-421.40301140199375,-94.28120296091393
2983.0319540732135,432.42035018411696,116.08237798665476,31.02088414077705,36.71290894369199,44.96540591671305,8.096642679704507,14.278069790737362,26.574720890740107,7.875033529376558,87.4316730011814,25.941706578151845,175.32220750302926,46.081894054928206
2973.3822044419476,2261.693185413962,-41.064666322423754,-54.92653860999304,69.22338746454207,136.16024598217686,5.6172133335802465,238.79442372281315,-10.610159748928243,-11.895792962917177,-28.819649622186155,-41.04140439031422,-66.48462660087579,-81.35780759607445
1581.107363417828,1235.8951754680593,-22.562183884544215,14.497735273667779,9.671983355112957,267.7545627310405,2.18707866709946,145.77037681277005,-5.638517970455304,4.055574422079118,-16.90646356572587,12.234394113769554,-41.5460311806176,17.48712697012896
1238.5759388520307,1274.1432937884138,39.23149795675719,130.20751264827553,45.25546619485679,13.22887558447949,5.20870466847005,76.72420803800102,8.912266362458178,29.586305729265746,29.72423957129068,99.63847025591885,61.897176557083434,192.69896984309108
1819.8285862728412,456.69027960537437,-263.39073169522675,-167.07512436629418,57.681978759125215,328.1020332506222,16.8524523495164,211.25159014871917,-66.99671388503283,-41.33134804648295,-199.44363937688422,-124.73139280032458,-397.294293198462,-256.98282216463593
2519.6684017513076,2161.7366139166847,13.089966373914587,-66.12025953452527,89.40937735563851,20.73305834994549,3.3814360511353003,271.6549914808052,1.3819380284903289,-15.345210664089043,11.744512386188669,-48.08241525161604,19.089113245844626,-97.38922100257228
2432.456902331847,1425.75580925632,5.218697741983393,-2.8737489012612056,52.52060694570885,320.54993069581366,0.06334628276800647,101.56017819729516,3.8778477210788833,-2.8731149804157896,4.803581751446783,-3.8492292286331073,2.10638061390868,-4.915946480789284
1690.6299538639241,561.1857534929616,-174.78267780663782,-10.095665602190074,92.50866324861406,19.43014771832868,17.308340705922408,184.08916394400634,-44.22445448899612,-4.155576125625255,-133.66971444395023,-10.312086633068589,-260.74057425119474,-10.712732336641013
229.51521940439704,2030.3866640321473,176.63078808691284,-69.13231575772964,29.679614048016457,358.94695568873175,19.083814606695714,338.5910580055075,43.90799178873361,-16.40626309328138,126.2496237078786,-49.01631307064031,266.0072202580424,-101.54829069344242
1045.578241242812,1083.0507598236532,54.4975136414527,29.164382837976046,42.89659756867638,345.3606605822107,3.506218210292793,32.24748142599446,13.8128105881179,6.444536821267262,40.473442740672674,22.755042296720788,84.79384001915797,39.345472402647914
2689.5317074836025,1203.053089610745,130.26119401962183,340.34789107051836,88.21156871941554,14.486551779822928,18.44389677268741,70.67080796234688,32.590126400815635,83.21039199187257,97.12368927842694,255.79735070088813,200.74569785028206,511.729991173587
3026.0237640342343,2158.244232444883,34.17395532746663,26.433843587466715,78.46399144689325,235.01822335992068,8.672401706255318,40.359655507831064,9.910831665701537,7.788793919300258,22.49491380317486,20.484008697166413,51.70117540781562,40.64064174472138
905.2561253559921,809.1080309946003,120.8644271799268,20.751198379316467,92.19276706303697,319.49466721464086,8.102928767161792,13.790599916922353,28.986046209598193,4.687006101579095,91.09364079057197,14.22179298695507,183.02825772747406,33.28825589373756
2877.9352472712094,1564.8843969273298,177.26270954532777,413.9272830632091,73.53453218142022,97.84035871498847,19.860160725683286,65.93963561779935,44.91336940094089,103.50730038722199,133.60496777993782,310.7348674941121,262.5162116295855,617.163064159979
3006.063620002681,429.6808252876476,-158.29009677592416,241.17501016882386,94.59278612960757,182.69076767882672,18.528277571673954,121.24540394129271,-40.67411848998862,58.52658216113928,-120.82073926929793,179.0153308686649,-236.2506851026497,360.1840191400552
3204.3125333828884,272.7246800636366,-79.49550497390129,2.5657888474598147,82.5214994904573,197.07121867430016,13.383948987576012,177.42756200577728,-20.53439698074307,1.7884288746576171,-64.37294428125624,-1.1369681854399867,-119.56529792820483,8.502816434218202
2782.458339035177,261.71820896588554,184.6059632291525,93.6546305382293,19.15939679029951,198.55232987268982,18.9417664950539,26.912824819840914,47.96089527405543,24.651993506629385,141.1571610620346,68.22562973583044,272.3336279206857,140.88144527543207
2977.176298592398,1900.1236620222458,-11.44415666808415,-24.64595034709817,39.607185391669006,211.89873084978794,5.156513918718795,248.34658634866852,-4.631542846453497,-6.111972450057704,-10.222205283598347,-16.81647232700991,-15.246066759027473,-31.90445436193889
3453.249512004407,2299.7821494203095,1.1718699177611434,-80.76032406912246,86.95260833173299,273.59401294755037,7.729128280011475,271.1796217672693,2.0755815479831883,-17.539762101256727,1.0113724803101478,-59.4023000868959,0.37937858078378284,-118.49171168692342
1589.5423418895664,1134.9096472985818,-182.16133363375383,-96.68596888044993,27.87280433353797,136.72449413206388,11.970261589335504,208.86759478963165,-44.624229880145286,-25.676433428205286,-136.83074073754798,-73.96956347791527,-271.8219769004753,-145.6793294157387
1220.7980889422645,259.5340919426375,-59.72778620705391,-123.24825605167338,99.40559567681136,313.2081097881018,9.318655666021847,239.8955487092654,-15.394740227558183,-30.61630648540183,-41.12570775603404,-95.99946997189902,-88.76372176231925,-178.6105675921292
650.2174483121878,1277.5265412124136,216.34749894302226,102.1136670208822,91.26923734444158,5.611530519131014,12.852675469717092,26.514156457923093,52.31868806686019,24.93710908784933,165.3111437895995,76.73135543961756,325.39068200123324,154.0047393180439
1251.09656268693,1845.6033423746567,152.21536133093832,11.696882430447793,21.217845510890786,265.83303644743796,18.96768852545233,4.947780488744589,38.33224173796035,1.5887683543171398,117.58397211592364,10.668151082017571,232.39989185020883,15.960330978340417
3412.8192386940214,696.4088747757427,-87.82388335982769,-216.36016648108077,70.3028616537946,334.24871486225646,13.725735252340854,245.19941951193343,-23.80667491361707,-52.79750336337764,-68.98882392269401,-162.7385855613285,-131.0024616909249,-321.42373058567483
3311.515096179659,1364.111749349525,-27.972125790931774,-184.55654517831678,12.390803059694665,61.51335618185116,19.781479527356943,261.2034710391124,-7.183857822051463,-46.535162042869906,-22.811063182366247,-139.46343080170487,-42.87868391956344,-276.81938834584963
1123.3167523953912,2153.984776872741,-185.44955396200925,-71.24576962319846,31.05295693420057,129.76537935843058,9.463300964681432,202.2096149465309,-46.28725815233095,-18.193723697396248,-138.56657279377967,-51.195558813184626,-278.24093161331984,-106.91529589572842
2478.627939580299,1687.894610099181,-49.88311338494621,-29.743712446188496,17.253170068710865,10.148513578753061,8.165670264463941,209.77873276788796,-11.928752281020266,-6.36874216602735,-39.68431062505805,-22.609617868622735,-73.92176494749208,-47.00396318591161
1588.212797816913,307.86452539372,57.40009118318925,176.28716071572742,74.03645721560946,287.7570602131031,14.508312615729027,72.81391596624465,15.153407117867653,44.06986511591272,42.166102567777365,131.38856018830253,86.42649149236625,261.22542861605365
941.7110274150027,303.1842081263766,198.5602285709584,-20.38047432710999,35.98780123338343,98.71473782168812,10.22208613028569,352.5240937788705,49.94819414311242,-5.6926337453063685,148.99713142974244,-14.314618890343302,293.72957308881394,-30.590560223125447
2254.8798762847923,1398.9620177136128,-146.5497181613615,-103.97523198779626,65.19330594757506,9.389983206499855,10.974469766981471,214.1765436590543,-36.003353689785285,-26.308241406074117,-111.2483487911475,-74.88006885658787,-220.5647890837027,-157.19565321141596
3353.011938530491,782.7994269449746,-29.527954146478834,196.86689488660653,32.99009601490644,68.25201519517813,16.13701202277531,99.23192288721985,-6.76808628826287,49.873784314008006,-22.0267815207926,147.4915360790507,-41.15835193026383,295.7383300728477
3463.8397846763337,1443.4125465899106,26.98272093154119,41.29787916739339,61.2898436981518,271.5937304975741,4.6427790473066555,60.164950146767765,7.106451507935177,12.639009678526849,22.17395637438318,31.0307074138765,36.24881124469376,60.44693125946418
891.1058011950895,1557.0941537726787,201.56751908191336,23.208248015370884,50.10703207072771,237.2223049219608,13.721519285243398,8.036234243178342,51.597391793662396,4.099141209967546,151.61138666089417,19.971045584756524,304.13059482094326,31.806044709155003
3288.022870897126,566.1063874110653,-120.71785642271486,83.12735977656644,25.59956205265771,53.64307562819442,14.734432872528034,146.36214123251733,-32.640874739615725,20.10938834546496,-87.33364653096655,62.907296885433134,-184.67186927506958,127.74248268798759
1897.7194392352494,1948.2775518069518,-147.5778141452579,-177.9396964622133,6.820623474272547,28.18701611528571,11.123401360995068,230.08144622032916,-36.73756508466482,-45.485371048578834,-115.2381156129113,-131.33704855626613,-225.87388816295538,-266.5879852989727
2627.895304995872,194.7483378734138,190.31860633713282,255.3425535233079,83.15546881815776,301.7132016145025,16.657320248070057,54.92466962376115,47.65809507873719,62.72512673077224,143.66373655843734,192.92264849612098,284.90099995285436,384.647667797514
3162.991656559816,815.5241106347627,-4.56645489271073,-8.776841086687597,73.2796719691153,265.11008823952164,0.36699752908186944,129.98149138015026,1.8575565892782724,-2.611506289182402,-2.457863429007288,-7.762196417285123,-9.771583471813397,-15.194209220763483
1998.1817378872174,1002.6899808144633,-109.22101820670292,135.20343188726744,92.02859446364178,316.82257135133545,9.667013267777664,129.33495890121512,-28.242773750558747,33.74752563326695,-81.54900500685476,105.42369524463878,-169.5804296080475,202.7007108866273
3175.8896876079048,299.069842069016,-14.843611100129621,-82.22620608274052,86.98240088870314,135.61387286973215,17.612470319500446,262.3541249996581,-2.2274115703090005,-19.578586733976056,-9.190576352776596,-58.9881992200785,-21.012391348238552,-118.8963319117583
986.6907107831466,2107.22855020758,-268.7887299569355,134.09342998422173,1.8214030931977931,131.96221915373647,14.577405861943266,153.77617481388276,-68.58325588505112,32.488400912702545,-204.5201808527408,100.0766549917766,-402.4465396054212,199.74417742130936
3141.708914831428,2160.8985533115883,288.84196906593075,232.70043033863345,61.799872849698936,18.99884973574145,14.817252599235468,39.6343098942791,72.55688460507318,57.98081280161978,214.99328064980716,173.69550855749836,431.6918970008655,351.2456624878129
3108.0523273691124,1621.254200931474,2.2719158403424764,-8.03134725815174,66.61833328505901,131.5150427393436,1.1880594778154197,298.8263153540078,0.3326997377141042,-2.1898588669298613,0.04617580386770248,-5.7197096167447405,6.634658485108705,-11.104152940791488
262.85327298924443,1859.710929962797,17.336752828725036,-6.702915710756548,39.44774409821187,57.416628179235595,3.521929605349181,330.7552357299214,4.226220983644049,0.5014324473157898,14.86127821682572,-3.809376480478015,31.87952408899288,-8.584939801752782
2006.0334404064483,881.9427671174885,-19.17632702322006,100.38507884348358,56.88607973611776,92.68751971149325,8.805583416815706,101.07914661368756,-5.976756199475192,24.864181076553752,-13.695278443711196,73.17485312950446,-32.699651833562164,152.05325271696202
1713.0388605819153,1999.2735673514856,181.69110588112179,63.226019017339105,17.42015086764829,6.915791906465341,13.039902813271446,19.2593549119266,45.65042945495194,16.585663545129943,136.81474281557112,44.66023849661019,276.87767267443786,98.65478343627576
2084.5683815316124,503.66304959205075,-267.5472917708234,-94.04950010127409,60.342985849476705,20.34393873282713,12.184767111438447,199.44612687874277,-65.22144929008957,-23.56713184586612,-202.54019762210686,-73.97300613793337,-399.7817940540043,-140.33238577502792
398.3890132282122,1995.2519181961338,48.78677654084433,21.191649560055012,79.30127248793653,113.59413746274768,7.104332282631192,16.72613179988747,10.797445289832815,5.896224924181304,36.95528609378955,16.219919509758082,75.79569852088876,31.935366615733994
2972.4173248455777,1708.9131886837638,44.503867123126234,21.26960553603788,73.40759156936286,37.94165062231079,5.4167207539133155,24.06499913436338,11.104512480414684,3.3527624008949566,33.44444280156223,16.086988508890744,67.48358849614972,30.123220722999594
2299.5507730833306,581.3352407766836,131.69330694247293,11.982516945028125,75.84467000075756,31.343293192668163,9.788903624624956,3.5723545787116517,33.12412547100121,3.4983382879418543,97.52516245538641,6.433060621256476,204.81821725526856,16.39045978970591
2373.454505359737,1319.2723737015422,-31.779831167231393,4.198566033306399,35.13139208218558,320.7302210033651,1.6278411603591647,167.85217952765822,-9.563132035920994,2.257869475041777,-23.579523408152184,3.6049755954532023,-50.13859262843416,1.90733974004638
778.0581182334529,2236.3627961848083,52.423500359011626,-59.46452710059123,51.72964958900732,322.5804074992745,6.9299954203369545,309.90297711509123,12.74432886898701,-14.11346819760704,41.67038052840561,-44.82065032525914,77.09478544719528,-85.16854784093655
2975.465791901215,203.2988863112833,-60.71461392513755,9.772255268510827,78.20463029629902,74.43570939613222,5.722418156475744,177.5573436944137,-14.997609134307101,-0.6572921487254799,-44.03623900867415,7.858939207375256,-91.2088494477077,14.720907349179559
2951.10523555326,2276.581033280542,-65.59685283907315,16.271308736475394,47.248502537138215,349.0525211236562,10.946574846862989,165.4617585139019,-17.01037102241069,1.911496729756113,-49.80241854688914,11.20115579550544,-98.15619705646158,22.592339907685542
2653.6199226502677,530.5615915393495,36.98352292539784,-180.55905861698724,36.791093781607074,5.981841621777804,16.790441114444242,280.78686897540103,9.624496140839044,-45.06364565076598,27.420900594665497,-140.86285522012165,54.15572459879555,-265.47027179224875
141.19191837264793,1245.0635116592064,55.349397006498066,8.388119770271942,98.39282017016178,188.30192723029867,3.6485337097822734,7.953748957718947,15.069749757563422,4.96330062945545,40.118827432655095,9.8468247296292,80.65207458997932,13.642878095629303
1003.3640423090449,1939.2066853789847,-1.0771112065161959,-6.2332850887763165,90.37489307433911,194.04296552170788,0.632712344258648,333.71048548503654,-0.7624436282136609,-2.179301536697972,-1.0958994591310594,-4.7778390742642145,2.150011930129451,-3.4439653320107233
429.9216469337452,1409.0215105404823,7.550219033137104,-2.702739911508846,99.86539186088777,340.0088230121546,0.05341986735326598,286.33619207892946,0.8671792256228681,0.3244460568784576,3.1630146685453964,-4.3520475875669655,8.91620134651292,0.9094299753318316
1425.1302243317148,1174.8785189450994,-45.76745834683831,160.71353782575505,41.68697833644374,298.19744859338846,9.300040260533857,106.42116967590455,-13.330657424561931,41.26292956414735,-33.34285059854399,121.13692623569193,-67.37081694048153,239.01388818056733
1849.367994180367,346.6623503579375,60.451356835068275,-35.870790747543964,65.15926064807248,219.4080491183302,10.312837348015652,333.5296336414769,17.11665055202748,-7.959905073904812,43.38028612125007,-27.056738319555247,88.1739063173382,-53.993727425847574
2419.2282487222155,1838.8100947031926,-133.64370338268705,-53.76610816037039,96.2380327227039,53.56875856624431,10.648406710666084,204.3134523127507,-33.70615575872305,-13.106025651195067,-97.60034799369554,-38.529198622066254,-204.85485882777968,-79.91830217608613
3024.69916650287,1080.6469707497588,-1.7302764127879544,54.527998280834176,69.5510476458275,235.03431346925754,6.397060778594201,87.54032646926245,-0.06981858971421268,13.828276309615797,-2.080991888610603,44.270670067738415,-1.5197512395124686,80.56649886678265
1666.3987915326634,265.6871116056856,14.02562177645352,-0.6366627356689503,71.9055397776866,105.06670772997228,0.9777645901037046,324.990365390668,2.4212332473367995,-0.18658117715956812,11.901981119759965,0.5044892446807674,19.013315630421875,2.6374894461896643
2446.984401774183,100.10587256748585,-164.8210854375689,-247.51128279517425,93.17976544659986,198.13796471101423,12.40677728123999,239.2773888740755,-40.89129455933364,-61.16290115698902,-123.88733666561096,-187.2487532596604,-245.26210990682767,-375.20674105451815
2843.1597247434443,2225.8835595633077,-163.2044057894449,-382.1716121378529,45.45961069547201,283.0385630313375,18.34103184080759,245.9971557129185,-41.5791345700925,-96.461053787886,-123.11193794087967,-289.38375626422544,-239.6398065112063,-568.7989642313493
1092.718429462919,2125.350575490766,-37.19338647466154,-94.72187951533445,91.50999076078628,141.14449909885408,8.685835388605943,252.89896205660824,-7.936247757770041,-22.63097954351407,-29.114360422228305,-68.32693817358293,-51.442202426780824,-142.42233121787189
2242.1520501806012,1142.938873139917,25.00325204712355,-69.57924042398335,64.46420066063492,326.500561133519,11.327636012204147,287.9230289256382,5.898048840849573,-15.700917650242824,17.666602182877636,-48.90463877539265,41.74910952876476,-104.56544798244188
1107.1318896157989,312.9865245093149,318.48915484126536,-68.41667156540738,52.02555846134271,190.36606024934954,15.943355444507475,348.5949142435566,78.09949147312936,-17.00613775738078,241.67210932758337,-55.12951560724,480.2134841573098,-98.50061343794673
2528.0175262143202,1044.135510014175,20.29021796828427,31.57148284816414,72.7627290571009,51.746852167098915,3.251726235262271,58.619572498606615,3.406940397120369,8.386651305924596,16.1128911221054,23.218890173714318,36.03702081396884,42.665436477544255
1663.7694685263218,932.5637937065891,-19.285902002041578,118.17823660198796,22.327912693240194,247.02894017445675,14.364840525442409,98.95863297866381,-5.285634301552254,30.536332161525802,-17.317362189386778,84.08828225077674,-30.228705523945926,180.059974770179
3133.7516119120382,1457.2661037057055,-53.25807039147083,-42.068077267851706,52.72867240336843,117.22122256588648,4.874233925623717,224.66103939984552,-15.295115866390265,-11.162404926497569,-39.354930434038465,-29.350258798975382,-74.72121272280972,-58.83643663566453
2544.055143899267,788.7495764876471,-6.396071244975369,-33.83314870205453,3.3844370833002846,291.8135379157235,2.5781010776327484,259.8551053957959,-0.8289832967756298,-8.688045639264281,-1.8958268997962766,-25.92731822775815,-10.502430502839669,-48.7682561060447
3372.747812948056,1887.2695318413032,94.1010816131478,-465.44189332266023,83.71755836394877,5.462274301860517,19.084777266365872,280.1124805855467,21.287421549841476,-117.85582628071856,67.74316434318509,-351.29307284543904,139.50506084082494,-699.6223178306268
2277.380797526892,2122.6686506590922,26.02529919798737,-44.004410813014495,50.88516452498815,107.27083884479194,3.1832039544445268,298.85161141893394,8.241373471333663,-9.958922065082522,20.657751521490678,-29.493297756814833,44.791492801801056,-66.39385618366231
1445.5630907602233,377.4419589409741,46.18273615624126,-24.147036695127237,48.889338312123975,187.8897134456347,4.038043067998784,336.8229682783166,12.302111781088204,-4.53969808985282,33.82258470091775,-18.396931554380473,68.78388254216794,-35.677823017015776
3264.523542156855,1152.9098329111087,-213.868751912275,219.65890922265024,34.038670990848374,267.033411680747,17.536788121503715,133.45688291245585,-54.39822962539218,53.85296506489553,-158.93043714178413,162.23996646097822,-321.5996964527125,326.7723553314308
2225.1821480992458,739.8919426744478,14.38620159782252,-21.314705729745977,6.527438470165803,29.456612224548586,2.5193355260937267,300.9034889525359,1.1761899098319257,-5.574982173314088,11.664230418463635,-17.292975086046187,24.127868357716153,-34.57225660659991
285.7293818060475,1488.740585675562,-134.08871084194973,149.87749607456328,35.08478240521797,276.80739823709104,17.26608572870787,131.33557519830583,-34.1891406158373,38.073279060701964,-101.7951724753851,114.15363368537311,-200.48607790046643,226.12329344761844
2769.909707430214,287.0713977042619,343.3039013256718,56.8807873782787,58.27651134435444,295.61116568352463,17.231807055449984,10.307413704110946,86.14914388725335,13.736814895545397,258.06847123309404,45.02019205497518,516.3209872712343,90.78835956507224
2312.7102818482704,1889.0062744391107,-288.03296973082513,-79.40660829761406,43.422777699297214,44.825568780103346,18.79966570781653,196.29436580886863,-74.51549957619294,-18.069146775338634,-216.12058027880164,-57.428163267153955,-430.9579332933599,-118.07180921368867
2902.7299482998446,1688.8149474464838,6.97598151026933,-11.709452585920799,85.48777168075819,139.40264866426892,2.293264122839207,303.2835135741052,2.3083441562699205,-3.4091685173107202,7.1341905851837,-10.202029659775219,15.718199486650729,-17.81819157138019
1396.7180544501239,863.7093136085072,-156.75625745854765,-222.15936324876859,84.13595989593323,12.708811625065074,19.494738945150146,233.34464097553445,-40.5807863261237,-54.820863614025775,-116.73371072009921,-166.67079777504296,-233.57607631824624,-336.71910601898276
2057.0323458071043,1343.1134898388873,-3.0618902111603044,-5.14268943210179,61.512328965161714,180.80567052776212,0.33861500515316,324.0348521267224,1.758514212177256,-1.9335925857350174,-2.690424833156814,-6.217546151001191,-1.747817478752892,-10.05871372582644
462.74623986752266,2118.4234962205683,133.7744507169005,98.19341021756615,89.5327179943911,327.1524540959837,14.792199972066534,38.519989734095745,33.60349368237646,24.811507005350446,99.50535784218727,77.87953618791451,198.22520468374856,147.922893812241
3105.3366426682924,1296.310079447748,68.19572912356728,-75.76137989868428,4.01350504349427,331.1647652375631,9.786039476737374,312.6920909619606,16.307883628814817,-19.628160073343945,48.602734643289466,-55.230930166180585,102.29994894840333,-114.28615349018693
1759.4123637058046,459.4008481820031,110.3156943070892,8.106252022093338,49.451956297028445,148.19799786119512,17.806590506847375,3.3314112781068506,26.30343597009887,1.0314947452629142,84.2597331843425,10.352269432175689,165.62761773704185,9.708091657219311
2790.0452029152198,278.62809980471354,176.0999399180141,245.97785845109428,88.97389762304199,208.1903938011825,19.012489385406333,53.33083838005523,45.92201429915882,63.314630516383254,127.93821496144778,184.47627125062394,268.60347217456723,377.6387166478388
166.01290358032313,721.4323067204957,187.07645077720417,-5.425156689557087,5.318534146714948,324.05571052115596,14.504463255702708,358.6014612694484,46.52029797654319,-0.9763898267284958,141.4609262007591,-5.977246876865515,278.7721049114298,-13.096538721454511
1406.6799605584638,1974.6090397035,93.03842262279029,-53.684104611493424,77.13707788722239,212.03115651414726,5.499182207938064,337.6758699799402,24.766635060475046,-15.060139724298008,73.03034260413169,-39.4894079545772,140.40744378462523,-77.5062830224506
2874.0755936969535,787.0282669563614,29.645290601893297,73.12855273045771,22.85870587048169,155.04036823182247,13.554731991615665,67.4089016179405,7.564144575992761,18.597952875925166,19.701722710663283,56.9587903657216,45.6074362679512,111.39474597156334
1543.0878536030377,1663.1641798299165,-172.45292065270718,358.79533769885364,86.7688877181142,351.23476730085775,19.047030079181106,117.11801763509095,-41.73812184495503,90.5086179440329,-130.54635814431245,267.1355365725931,-264.9202288307881,535.807481511039
3441.8777917229454,1936.8697670701674,12.036876725910629,-46.406133727406115,47.9686754620486,316.53670539112846,6.953058951665936,282.8981966004952,2.7859301867952273,-11.47117720144288,11.71825246992864,-32.81733535469006,21.715144686564436,-67.44812809592865
705.7732944776502,1391.6273811386823,-8.71827693047175,-61.24400671946296,94.11449472038798,219.88233712963358,12.226726939059061,265.1182711607768,-0.7576983787027203,-15.488869719036103,-6.713601988241199,-44.4753603295933,-16.455027877143,-87.04379642972415
1292.4368394733638,1049.5099033148729,-15.252711359516352,-193.7608266392283,74.3076134782676,180.51866897095903,16.281193488966842,268.2786517906161,-3.391701849817928,-47.6764563372479,-8.07996127161976,-144.62320016917127,-23.247032340197386,-293.09681437579263
900.5304951316066,2265.374847714726,-37.761516526669986,64.48214850767997,54.22901390113669,238.46966858921706,5.576402724933933,115.84688709153916,-9.295131220252946,15.905645308460198,-24.31029370300453,49.861509721180504,-59.35188561669133,91.5664928934333
885.9637868233289,2254.4599943182916,44.53649841696463,198.33326312982732,49.700297251031664,358.5876896867752,9.795719561225326,79.11045517826425,12.247281790198485,48.699734924089384,34.18496098055577,148.883817768015,62.80836076155425,298.6945930488178
1812.535921362095,1664.444494911264,15.52273572890053,108.92807739949458,77.4360386181588,0.18359604573968458,10.100541770045881,84.68444878943276,3.4750921960300545,26.97208647743663,11.659604649856432,80.05790018883991,19.120844350346484,166.80821293932584
2446.883122096475,234.27418086112317,130.840183898741,-59.28921890525284,85.73346449228768,293.96419550612563,19.70992542784171,337.14179312466433,35.31544257209963,-17.082478164771103,96.52846894845169,-40.44360938459577,196.12647983212585,-91.051783854376
1856.9861566091188,1980.3030578043106,-12.666867827011275,56.28751866817878,73.23490696478979,28.54889091121909,4.1832536686453015,112.27956631738118,-3.663640656263284,14.68353514681611,-8.45535086414081,42.91104751199412,-20.438679973368288,81.34707456487583
3398.345998727309,1817.7332611555435,-157.6991277322714,8.447735541767551,28.259083253753236,203.0190370720153,8.086522456989576,176.38746347776674,-38.3376702609383,1.91516043638204,-121.21105531970339,5.894753043305935,-236.84236881392349,8.97424014016065
2693.086241520284,2293.8513167434626,252.46501712890083,-197.73539793659197,78.74086284309018,315.72430521942727,14.95664721869776,322.35663627219816,62.40039186555981,-47.794835112230444,185.01327472259698,-146.4416596510319,376.8359030670142,-298.8532114378173
854.8358165326912,1307.3937263590685,18.708846096831117,2.7438234944363034,90.61606345318933,328.5815853918231,1.0952755505165102,28.763784342681667,2.2007853272350766,1.3526123146529094,15.853134794209483,3.209713176911329,26.08892866597159,3.383448555178831
1107.522853712312,402.2110400647861,15.223535000344466,79.70799233599932,46.735872722718085,56.13665447378818,9.256895153159546,79.5610412368732,5.130544200146862,21.873665067343147,6.054943686957048,58.01140135018773,21.926044269180654,120.94297195914342
1454.254193845503,824.05390836862,148.92529096612878,-440.02726451994135,77.12010290366335,329.9275102437142,16.99563397480461,287.17341490791665,37.2995897430462,-109.192650945155,106.94364749621967,-326.74442234680356,216.77449029655222,-663.2783822306255
3220.2677509102014,890.1747725735378,-63.68482869162156,20.095266871132623,85.62269417630833,325.0313257649907,9.990035399979096,160.8976934514318,-17.184931449075716,3.934709692423019,-46.84216891724457,15.35064852219813,-94.05248351466092,30.784943475801445
2766.0496792687077,1701.330768556581,142.19454732571288,-93.90596887151176,41.406194021334144,116.9260210308127,16.925547449458385,325.94156385444194,35.65193307806085,-22.436125025967407,102.68786666374928,-70.36908491112224,216.2289284649719,-142.788415298871
1626.6994349921858,459.75765893786485,-118.02273253225678,-168.67426268292928,9.45287640004956,170.25124207024058,9.29910047235461,235.24498015394258,-27.683644338102972,-41.48061297008511,-86.29453874715315,-125.73107433386028,-174.55944668519882,-255.6305517034256
2755.5043947353247,974.3575992515664,-1.3967548285712723,-12.28065740537529,38.395345288342206,236.80665540926975,1.8681536352043193,264.8246940783032,-0.7405099415269181,-2.4395907617396135,-1.8111909016423768,-8.336266604019784,2.094264858510291,-24.652465085965417
2527.2292744517104,166.31089898956168,16.26082497187714,-125.96732125902163,29.050941277818897,219.0668753557405,7.147373582982375,279.00902002661763,2.590506926037571,-32.7918638944644,12.440887463767286,-96.52441409127876,25.670855327895335,-184.48055110088202
2909.390640786998,380.6508038739489,-91.96707885638828,-248.76076110359617,43.56118578222239,219.3894373169157,13.520031218838147,250.4830703124337,-21.63804218196534,-62.13568657881231,-70.49458713396496,-186.16463018506073,-135.12392823187892,-370.06808628581433
2736.9317025520677,374.0218544788765,14.112011310143966,276.84191845353666,65.37325001261435,106.46060578260288,15.205424868056674,86.53462345132783,4.374738009568214,68.48743715907952,12.174054832157935,207.04996059102422,16.00487558832696,412.3156289588622
2769.6154704591418,1002.62856343695,378.6363599284402,-170.2915769292336,68.45883976530838,216.87669201255855,19.512774381952674,337.60258444858135,93.83666081218249,-44.828255433262974,283.9459853120799,-130.4457791438449,567.8520242480573,-249.09005296516145
2363.6965236718934,246.17158999938067,115.27617522708684,-101.29813817594977,87.59873317074103,338.06490915638466,12.358148482372972,317.3007595092829,30.00837926887349,-27.04370694168483,88.49912981367243,-76.72416394822417,169.21865677623103,-150.20931132868577
1242.840034895496,1964.3259527786427,-76.18855263244185,102.22581408880826,38.64797499874585,192.88766360363226,12.978838719046655,125.21147385093003,-18.82799244076422,25.471375331753737,-54.25697193068473,77.5699641480213,-112.90981411508203,156.83419250489598
749.3389038366898,990.5498928958241,-6.623903467086791,-12.144487014820749,53.86724999816228,303.69953848947904,1.2082398338898837,214.82002417225047,-0.6848002072919116,-2.3392057462759683,-4.6889257573597956,-9.480401753312726,-6.304883650805527,-19.337893133702426
530.3210809675334,1578.0523379698284,61.72992315906094,36.2262571448588,0.36158617715676966,39.50548099648198,7.017006915369737,30.09682116878905,15.594769401790554,6.838796789549619,45.36188956682457,27.712113490544425,93.88106871847361,53.7264640914877
1559.0192804584199,2165.5132826004915,8.522684266591002,-69.06696912746581,99.14005415521356,189.59753740010973,5.760880195697011,284.67965108612844,1.3952767250003792,-16.810197535711048,4.469019802655458,-53.33890543017808,16.81890539840895,-105.44058057661827
2526.6075477327026,1557.5526028441486,-10.508155311163144,78.20699232794964,0.6285545868591202,51.1715928169402,4.465950982041336,97.90410457398585,-1.6258282901526857,20.150941987804465,-12.051734978224353,59.59578673664173,-10.594349984631068,108.27892094298389
1462.165950239295,2145.653485994154,-62.532083649905914,-145.9573807854547,74.3883110942502,86.86859121178703,11.71114374639737,247.9280943352203,-12.176790579421116,-35.16827175753294,-44.45927137424165,-112.565769789027,-95.91969151273925,-218.7120262598193
3095.089800969742,412.7220150043369,3.9312477175976803,-121.24952701062661,67.39198740845364,140.83323901719308,7.995754950844969,275.3602303000118,2.54758682209539,-29.686865274001487,2.649031957265545,-89.8465051021853,3.4483190607681755,-181.41788935934758
1319.9331939341475,1006.5082969566491,73.69794110471217,8.630734924310595,83.5237316824051,184.82126476524365,14.621327465969156,6.84266400924169,16.075629559453635,-0.5148336378519285,52.76777145662008,8.205373874169283,108.6425036066661,14.328978312037798
1445.5520579723582,1543.2178386360195,-171.67546309522965,203.4186339487717,82.83690072301977,284.9511856194199,14.433711986153956,129.27469807310078,-41.78562091853299,52.51405665635901,-130.1364610494317,155.2152463805688,-259.01887698783753,303.4940807551427
140.72754419855875,870.7081186336892,91.17229195500796,-70.63206055301603,9.174405087997728,115.73592940446872,12.564201543324955,322.01210001125514,23.27053689795105,-18.10290271125535,70.17621320385456,-53.44581465173597,134.79348446668578,-110.3521557758261
1816.8223934862876,2063.7537349958693,-65.71715765049966,33.72672881615682,86.87574316050558,206.76782530939604,4.435510195617813,145.20850982563505,-15.460328036858595,8.99110987142939,-56.36438405887567,28.018586006936875,-101.65503880765715,49.06701728908507
3293.44225777537,795.3753810949111,249.53410965227778,-120.21299959255444,80.06914635742855,257.5249276634907,15.81835200556258,337.23652801395684,63.40889543822078,-29.16678027493208,186.0593394976383,-88.22830421227269,370.81743112097564,-177.08741995924484
2612.7373174947484,1118.542063320567,4.037303582016889,14.656056592278347,59.754437452722,149.7023933150048,3.239658538596486,64.09063065793092,0.15070193141778465,4.260325218652832,1.115468460273893,9.362456385686393,1.937581623786107,20.472292848533503
1298.8355070521602,1702.793717056277,-255.951866455942,42.33627243957649,61.100924845418916,29.225413941009442,12.754913324914355,171.74778176131684,-61.50904804450477,10.461887224334362,-192.90086604602962,30.382151731946852,-389.1082092920333,65.96925591607622
1798.9559231413095,922.8114386212363,-5.2347182038273266,-0.33999779947388237,64.0553796644048,175.3723306010912,0.09219871946336333,233.88510166033825,-2.8513225433360416,0.3524706967781774,-8.850652736295178,-0.30966340846826546,-9.653147388531709,2.538867129059083
1658.1026401491483,1686.8282069152167,-245.66705155522075,145.38585309971194,43.335120693063935,285.55759296474804,13.233687124733297,147.79048102081777,-61.74810137016647,37.10979215837574,-184.51072618933281,110.95351181838778,-367.3496122612308,215.44437069531168
3424.5590630698625,345.216707083737,224.07184931940972,209.24781641183336,46.1948048124762,65.0291583411117,14.900730682031842,42.5012039142531,57.70677680282294,52.671767842705925,169.31172560432097,155.3401318834112,339.1870321105184,320.8260313991414
948.2316417480124,830.9205095430908,-182.99926323504968,-90.81920044092308,96.58850129433422,86.62508162257885,18.03290846510177,208.9913416047852,-44.32334224788537,-22.410578883367222,-137.30873360205703,-66.3550961903022,-277.0671973348862,-139.0929301624634
417.8762396250647,715.3290293853487,-227.32999633450024,115.05315493462533,32.112203305813914,348.75577424454957,13.372047611216754,153.36182858988394,-55.476095069220264,30.362371439375117,-174.2676431029076,87.29963759490231,-344.91545852523376,177.8545488755638
594.4149103148907,1617.1140387210128,-162.45783623857702,-254.9270240732039,12.958216792992271,68.64068916762237,16.353986236952117,237.64215460505545,-39.104448343767636,-64.14418031732899,-120.11590156371935,-184.8372503449969,-243.3712744123119,-384.2884808641259
3161.9649639147597,1816.2944682292027,16.34689123288654,115.06268896188585,78.63171446992621,57.57445388748212,7.168988942671273,83.95376999408488,4.438057828502318,30.388782041643672,12.382404764407475,85.77399753788542,26.259080593284224,169.981336981425
627.2030528022057,1288.205526414972,243.51565899551005,145.1696521673609,8.061128846621756,276.04023283196756,11.698421894496594,31.02000962450941,59.94778727392881,37.35764966192263,184.23603324777966,109.95461497294866,363.1619887190567,220.41088999986164
1465.503151869406,1009.152207113208,-81.09443558916124,-1.2540153906358107,49.12729181044718,60.25422655444898,9.049401008286848,183.88187658557268,-18.927524800642693,-1.9868074000691092,-61.699064419510215,-2.9020799831179698,-116.4889127686089,0.03706544450617377
3003.652411700201,2208.8170076877786,150.55832549325928,73.6240536783611,48.98864402897695,202.16726518537234,8.312831332956605,25.91349734031435,37.471434842003724,18.185433682260914,112.90269705348452,57.219541679608824,231.11937234376236,107.91477622953252
553.5820363459252,816.799334032503,158.66376532301183,-306.00109615045966,6.454780502388324,234.48237871302376,19.41782518116237,297.73637681141867,39.10232960273445,-75.93637422622655,117.0961251365799,-226.96316934214258,240.73548983863859,-457.29658778006154
934.230990353882,1795.9705032150803,2.5327888395839095,15.254026050680311,80.43696250082402,89.76766684512435,0.8385270875596706,73.48402244091515,3.2042422923749077,2.9485630817182344,2.045457330613749,13.676779730993438,6.653015426005458,21.897593145302395
1154.837843937876,274.7321391916682,-5.38953620064051,-8.62673721099286,44.504210751024,282.6335903392771,0.6156166350704617,210.91760819625316,-0.3750029989987511,-0.5354153728671196,-2.5878632478903194,-5.293500337832315,-8.463882449546714,-10.61536215174733
3447.971124203268,574.453789488036,-357.44231798891917,47.268893279432696,71.43651619473286,192.24335423058812,16.33801189369767,171.63738741831335,-89.51674424046028,11.273526622524194,-271.22747209367003,35.439817858625624,-536.062822192924,66.99433415370463
2092.074401133649,627.8194214799547,94.63165786652456,-116.12554136467317,58.73894744562131,324.1223869947462,9.463465160427075,308.6604610513853,25.043467176434692,-30.736857966119477,71.30414309052415,-87.30638629854718,141.12550938029773,-175.41536559045457
898.5705836975013,2291.5363892414216,-103.30845044455212,-194.8165881804784,0.46005457258844196,230.26975534925847,17.393731621217057,242.01851544890522,-25.871082541250065,-48.28127875922919,-78.47485543433473,-144.36969412917895,-158.1902513523418,-293.459251800017
811.227615440883,1545.1212649705897,-139.1266784879732,156.03418411399008,51.07816180070809,83.20746982521703,8.058192327233051,134.34604555092542,-34.89673729995655,39.49793516072602,-106.82804599970265,119.21433560321745,-207.1579810824617,229.22341491092283
3429.499633312942,1096.8944671843738,-85.70540312417396,63.32997574500358,93.76369703165807,329.1708672881142,5.075252246899895,144.65498655035788,-22.347712657301066,16.096482347280176,-62.64240590286834,47.47963372796371,-129.45131163290463,97.17334618155648
1906.650736992552,1634.243752992823,-80.33126324817192,-59.481170314902386,34.000926690790536,23.356518513817853,10.108833134356095,216.5888648964011,-19.2810463887336,-15.356144190638616,-60.2802044884496,-47.09380197144834,-120.09810947777538,-87.7772695106522
2538.498631641091,1048.7213810593357,131.9042436280282,108.98223407837854,1.9932167119719568,232.60693261219393,12.638485628562481,39.75394912679991,33.63419645525914,28.069469486981387,97.59536034807606,81.31765411206601,201.85981249427283,160.12175812034647
2489.33835326286,2223.000460848782,70.69836545853349,99.21126049699137,45.36412314437085,227.67680985850453,10.783817414450635,54.22268164076546,16.795184029753383,24.068308869181887,52.70892211303633,72.01159078592971,105.91348898347967,147.65065486447256
3460.5759533302175,1574.2349505889865,-30.968924929256325,168.65540130180432,75.97861212004047,42.841940658574515,9.462017229801816,103.04031636925701,-8.480700716407107,40.54640122599587,-22.93038350235429,129.5746718241886,-47.62102082947477,252.74021767849615
2661.5104416530717,2238.800571526873,26.599618667041685,169.77686408709107,62.028700948851004,308.35483944796607,10.337514863898523,83.40514755241125,6.4068461602342275,40.20404201903175,16.38757571778024,129.40116268552717,37.70227976377729,251.94280698842863
270.3584501169043,1145.2441086633894,33.695253654991845,101.27125995060139,5.732427086440584,258.65071731933307,7.438589110657081,71.77130342897874,8.2205444574881,25.587436680494598,24.356939063354684,77.6028770986874,50.21168077019064,152.57402317269376
3251.285046753099,2220.3395718209763,7.308096425026341,25.41960757434843,14.549135745701424,350.8199579746019,1.7144593685856457,78.6844031805079,1.098093927027994,5.998003447034166,3.1764466619504566,20.10745749522788,12.474916370991966,37.18383518175231
1210.9692961288517,1346.6227803791674,-126.74270632945723,89.3963616491673,39.7566008789177,26.65126346612889,7.257276597934101,146.9045530929351,-30.193192470612267,21.920195743858425,-98.87222543543027,67.19615791344992,-193.15544071709502,131.92402714656492
592.9760565871616,505.87890607803075,-250.50911924637353,-152.61577896996607,6.3178049953819375,319.8423113756591,18.620156192982463,211.23734129780237,-63.08582484012675,-38.35265780969646,-189.54386874037772,-116.33410580574132,-373.43638271371213,-232.1732735045029
3021.815426955937,951.5219077245904,-22.13571951779172,39.33613921657334,87.56180199406924,122.45112746919257,3.9403175923003864,118.66997675798046,-2.831184055200029,7.7684657630898455,-18.902905529932095,31.142164763369973,-31.664450506590132,61.33497438914059
895.9329246815981,2244.9440377264027,-62.13972467298743,-8.360698497494635,66.47969910304585,162.873679128014,3.150546511070327,191.9595608309273,-16.288623619797963,-4.429748635951965,-45.33587355041597,-3.5145442519473886,-95.9574897535766,-17.176735091237965
1139.6751675646744,1408.4943680097458,99.29496567149239,125.41065057708086,33.262453320683974,261.2511701219307,11.595743171674522,52.454380229103236,23.24018792529824,30.10679659528931,76.57482388944118,95.33301375153958,153.10279047909424,186.06774733120858
3104.702250862586,1786.9680634553063,-48.99176625143671,-88.07065001130842,3.419648557083299,297.85280809182774,15.489619169087348,240.94448573514697,-11.392539595015789,-24.04343399887102,-34.39049220971686,-68.46955772370148,-74.40976033624676,-128.37414924206425
3160.469034396212,275.6456489708805,-16.4296741393933,56.53018610602914,84.01131642004498,298.2863323581476,6.4398779265352974,107.53746736486139,-4.054868007179318,14.129257197530315,-13.422023657272922,41.16758098676523,-27.879603700474544,86.24327423716764
2789.8928828430444,758.2301134897959,-3.3944371065726053,25.08242219416205,13.499556933063516,152.12255940696534,1.8193969685371214,94.7677162583688,0.6933996349353186,5.184057718352619,-0.44582494336625533,22.047473549197864,-0.49321626288864895,40.587921241973135
1407.45474298463,2011.9667931489453,65.49273375832999,64.29017560882491,16.23078454964608,318.19876676609545,6.845636860639887,45.01138161910411,15.767080891526481,14.499519056407317,52.571188944167126,50.566594477452256,98.87447789805233,96.53707706864225
2449.706634083562,2149.343180713219,79.88194302880153,90.869942281491,11.793319489517451,22.09425473285239,6.219894040239073,49.17201781551262,19.07362663061572,22.03987384288931,64.47476531501161,71.98416009264628,122.06174971300848,133.42307389299802
2591.908617176318,146.15598863465328,-110.82162804123745,159.66280968752596,39.57577037223166,320.45063083258356,10.406372164876764,125.14600851803795,-27.74736287381718,39.81486850298907,-87.09541302021992,122.97210389132756,-169.18257223070222,236.63701937589752
2812.487040421248,2242.751809191939,8.812857765368706,-14.35640935478379,34.80410704487934,14.09238489924595,0.7313155581821684,273.3168294758585,-0.16389178753255118,-3.8951887212691165,9.07517146240935,-2.4043600418175686,9.60635985043453,-20.265374151202625
2329.1075935129616,1104.5220332527947,12.805582143815014,54.79448695719231,62.02048319408592,86.25773625103643,8.6878978775471,75.6724372029073,3.224393456369551,14.032724040101375,11.637117291421589,38.37515161325354,21.6401581351683,80.4850158765202
1148.0025731618025,2274.1450112710004,-6.2831330312523,8.325032903865461,60.51447854452936,303.9880136193588,1.4563093915684444,125.38779025902775,-3.169702920280751,0.7797215136871418,-5.593653334851005,3.408986655558881,-15.241099275023185,9.08121677278682
886.4873230764861,1498.663935608542,6.889660602235214,-6.794871823104379,68.55280150108364,168.3255464108703,1.1141379138684826,330.66365424787796,3.3354760117211195,-1.9212960401167878,5.26883290059365,-5.69370503276142,9.50999376918114,-9.080801702172293
723.0699399428114,1799.0085765442748,-96.01111970474217,80.65753094218529,25.50864311192933,69.11433632183345,7.559785011384701,141.30072441727847,-23.826738236387477,19.652655523737746,-70.75270501024482,60.45251836632856,-149.70468524186694,118.08503879487931
3493.0528327077723,1270.3317137142035,-43.849628270163585,-1.2133959467823598,37.524140689024854,138.90989280297666,3.8991899206702096,184.400300681114,-11.844422890389229,-0.2167631719889179,-33.69431684837275,-0.5544072748641217,-63.13982570893545,0.6976496159982462
2313.668517547459,1710.8499981625694,-10.97389534224464,16.20966177250865,8.796578101305775,261.64099884789636,2.733766394477659,122.22212661786378,-3.5730697512625236,4.308821085328065,-9.395839655470148,10.588507510218,-18.50074309816304,25.824478980299673
2978.5489811964303,390.1886654277619,251.3414967359181,209.0570251520645,3.5244449070156336,142.21635082908043,19.5888328394259,39.7232020039598,62.41054155149506,50.20713132639267,190.08929897397795,158.41876889841242,379.3647556250506,313.6721551686202
996.8659483241315,628.6849724623128,-18.165253312339388,-14.895122813996862,61.38064011754337,223.66693231804405,0.9308007912994798,218.79997645928313,-3.9037591631275435,-3.7721783859324485,-15.731330888071295,-12.708110911288191,-26.379526749957105,-26.61269460563945
3329.276144447222,1439.1182842407804,-49.17973269802053,-34.84937019936692,30.332312023765994,229.88512010428346,12.496845951955748,214.89304886267553,-11.950577607730867,-8.823484175488238,-36.322422450704586,-27.113945351520375,-74.7841591979782,-54.002130810480395
2040.8588400952228,1404.1153267488476,118.87393770386078,-80.90796194519822,77.52113172341713,221.51210660187814,11.872294087611214,328.4471113160898,30.11591943053325,-21.656753950515395,87.57320602836862,-58.21764702746217,175.6778170152415,-120.84954620599594
3279.649503555738,841.1716076925003,324.2743875654348,38.01872124708119,99.75056931735013,352.29159210592155,15.576468986716229,7.224154346508018,83.75295636480617,12.641616627977388,241.84980847069352,23.596304939774797,488.19806725031805,57.58683925032558
2126.0067500705054,1985.6550730982078,-117.48088836894794,-127.53582676646944,86.27799113025006,186.7797633053733,6.949392829952432,230.24659439954917,-28.838429078029222,-30.663982459532644,-84.45624712131134,-94.423810100371,-178.77833358878124,-191.74586882529763
3372.063964631498,1051.0616939652314,14.234638965651069,-8.441859685172762,66.53892371680176,191.2717572801463,1.093461439551091,342.98877635731384,3.7364298626365855,-3.267702469122743,10.85011183435771,-7.986485272618038,24.49236115895064,-12.220832950664956
2565.1955009257995,649.0152628732641,127.27250779989699,253.49014373891745,88.84261421878568,206.3673593452821,12.127589571480675,60.833292919984196,30.276169817051976,63.32157736816302,98.05960680685695,192.50606671999293,189.62347639557876,376.38595929924685
669.713897603553,526.8658861271292,-95.28069289783706,210.9735305527675,39.139066438226955,346.2431811510817,15.284870308152968,115.10942444156308,-23.11428414779107,49.87472779612754,-68.08157018494452,158.59197309708324,-138.84015436790585,313.8023855817289
2065.5122518135277,2216.059889959036,-75.38002458283938,-89.53040384416224,38.52849260339827,324.4379271338845,16.41285094596579,229.55914245220447,-16.45104322030292,-23.906717628295592,-56.72886736389545,-65.2800199873687,-112.97578445385942,-133.80030711176366
645.8834049833932,518.020448628755,49.86916740346875,61.29707034487124,71.61110355892511,18.14320592761743,9.606831524444537,53.35887952926598,12.63773771063367,14.454353303975456,36.0766566815458,46.29827138192402,70.20422731911613,86.72089656655348
1234.986533078844,1327.027428728446,156.23384373479283,266.6566873482576,34.595749006011175,149.90734061201016,15.950470948832113,58.35936795487252,40.35984054820441,67.38599924092189,117.33416747309992,200.57274237668028,229.90454577574198,400.4561485329767
420.2543540826664,1270.3362375416625,-157.48675117726975,13.327356220286724,74.6826506149094,148.4181080907767,13.402148986888697,176.29893138274198,-39.04489380973368,2.499881719921818,-122.84093990530357,13.130177118311245,-237.0874209140137,16.64216381952667
2785.0879952880396,2057.1667187363655,21.08589140755945,223.92134451247674,70.25765699642201,21.568383317117096,13.408195532022372,86.75481223666604,4.874567106817958,54.092963780093555,18.794991553241115,170.8486936704573,29.61290865127869,338.6455838821888
2719.1428137691964,1068.4058573572586,47.83408060748968,109.71012936222162,67.01726920589348,164.05897682350323,18.972203395818866,64.548815306992,10.771400424753608,28.46120384859801,37.7827155489297,87.36745262334544,73.19724030289348,166.7374766508507
2927.8518266768315,565.3144935501973,3.601398251298583,-12.37561429434981,64.02192043670053,14.486709030616915,1.378812245584402,256.869731773655,-0.8844769790448936,-2.5752751534301446,3.826246773305985,-10.126714544697538,11.657186405729949,-25.431103234076915
2663.384250505647,1814.747337167355,140.19426256202777,-49.425579720636065,64.26508330805682,337.8354535485875,19.645968726408388,340.8787599748621,35.92691588883061,-13.047592465907165,101.96825884293385,-38.21281120245334,207.89469714876225,-71.05293255338377
2841.7612244465213,1274.7004068754336,-211.8288722604136,-77.52205249351455,79.39272752349538,99.31675669812375,10.160546311076416,203.04856569678552,-54.69889752910069,-18.663036392732895,-158.2215621679038,-58.69254677872514,-320.39541751323503,-114.20112901929072
2191.317443972965,1084.6022591112924,55.97434670650336,39.12430761485022,15.865516996309392,191.46855936857918,5.630381849328345,34.64788469672576,12.59853286654683,9.541890868696584,41.34564977928033,28.086890664525026,82.34508898306369,62.24054881591834
643.6510249993895,989.0555994015518,-137.81755482382175,114.45546027804194,55.53115572870575,10.650306109684987,12.552836028803462,142.23627108532415,-32.57399661062783,27.556214149859745,-105.02243477038064,86.17321091661402,-202.5916426957222,174.84305181892012
1360.387414089978,2026.7287181113497,-216.82919078728818,96.31941445070206,84.30143548449627,63.05994860390563,18.08532616971737,158.7140537382279,-55.13115292924606,22.457328863222223,-161.63942801100978,71.4837316042844,-323.5197071998095,142.46637854299877
857.4039798176296,2232.1115641096917,23.951283043364665,-24.549200212008927,63.61120572029383,249.30630333126638,4.35633038570415,321.3742730742305,7.734963599805378,-7.671184228074367,15.735261107050619,-20.067083109245473,31.41965077211634,-37.01204589472084
1744.592268271588,2204.534312019858,-174.33034113308835,240.36979049999988,83.97840356173904,338.987131020008,16.126579496947173,127.71033694065962,-41.059348663856234,59.54398849567581,-126.50946767820459,178.20961730402578,-259.9430569909912,358.6270892435811
1338.976000863207,1898.3575923145459,7.484190864004122,-28.50906356525498,9.79690903950673,244.71237156565388,5.866566664130204,286.33794268414243,1.146435201896832,-7.136129753843717,4.929566432839245,-24.16626029417681,10.995305303591168,-38.968847662965565
2093.6325153883276,2022.258342386317,43.24208272759141,141.1460889902182,30.881891358884527,252.25175559674014,17.233345173565066,72.94165225062362,9.340038428369136,32.73741005619934,34.16651873125361,106.37551761399618,67.56911922601739,210.40742565885216
417.8283311505315,192.1243377410724,36.37193282716261,-23.979997735131295,50.40451831234613,21.47840039901776,7.849796024684603,322.8401220729244,11.231482692373621,-7.645569480770902,27.554549235312585,-17.604437591240284,56.41817883350451,-38.410076412043615
1806.4362855445167,1741.1269773493864,-148.9401926068687,11.415793026246542,49.45155505222182,46.06493907898903,11.398188933784784,177.16823726304236,-36.447545583117616,2.888200137870006,-114.48650051764078,10.42906093075852,-216.67172486962826,18.794077379853157
2275.2238514474793,1387.559297724002,-117.34246556632236,59.96067367318854,17.773615462153735,12.093548068622692,6.756861047337088,153.90797564169128,-28.44455647683611,14.807716135894317,-89.67596263469484,44.496375180955205,-176.07212774538758,84.15256372190457
729.5157369673325,1126.4357513151763,21.398945600109094,5.0718115927027885,83.63431957858374,314.1424692707807,0.9852146942146423,57.925208898926456,4.289065154791464,1.609345330968674,14.496171962636856,2.6228464475708018,33.31448090815104,4.1919751878510345
2016.256736684149,487.26193613299915,9.137810229314253,42.80471196738228,99.01728054184318,151.86122365258575,1.9413865630987326,43.40484610384144,4.645698428133672,10.701266010657333,8.869124619070885,31.370185247681974,13.532670060789588,62.8469739882609
1837.3722899317208,1435.4709241788116,-102.11566915602252,-225.8577210702427,27.607191236586324,153.89278955490073,9.690755004281133,247.28759232595678,-26.268832557315974,-57.67744987495948,-74.1165492254338,-169.72886115223395,-151.61796523322582,-337.55381862371877
1024.654190695117,1405.6146893940397,68.20641280689023,85.02654760508416,28.324906227737443,39.24833785901753,13.683954869493613,51.47911843035796,15.976111774587759,23.486383247785277,53.12025572094041,65.79078513686665,105.91999938103653,129.1422292344242
1625.797220651238,366.7559666912594,35.81364665823371,6.838883705772651,55.90677276092374,95.41567033608334,7.688661948583004,6.269365418841368,5.908947094404619,0.9926063964221631,28.674364930227,6.077958428341384,51.936009055988336,10.380720213330413
1797.223983147301,376.0077969901602,-101.31131186541732,-9.595162360412647,83.78966746987135,40.99320093793134,10.265767207729905,187.59458483739135,-24.22047538708907,-0.4763261026288401,-75.2778886616162,-6.980554565864335,-157.00930667285795,-12.14991280480282
1397.1698774436888,486.84955183211144,19.55290817459349,24.748646827082908,72.29141822013851,254.7797976078211,4.013000309553525,57.056156345620295,5.724804437190119,6.670352468835654,15.853743306101874,16.536888391851406,25.744150571345067,37.283513063565046
251.28105118255695,1636.1923102849587,-123.08241406681886,-28.11830620290898,73.22592825084566,165.85164472194091,13.537710335131546,193.76620136896818,-28.93838130720602,-7.389274965351255,-94.55001910292181,-21.968152408995863,-187.01229346854976,-44.25855320721347
2587.6440654704747,1134.7471521771606,405.28773418533626,-34.593334139374335,70.86306979709835,149.8390850727457,17.794712050078104,354.06731078018447,99.28314241859403,-8.285500500621499,305.62885881603677,-26.55806476886304,608.3103688961461,-53.72857519308472
1366.4457105139695,950.7235836122226,-9.534971823245264,76.11762496775236,88.45712064137673,307.3760548366416,11.976847511449373,98.25078506556021,-3.9430408437624176,20.416314120257187,-8.470193069443487,56.885392874141324,-14.291136165202278,114.90916061021026
182.40782015818758,1290.7074492745169,206.90842514112916,225.9271255182126,87.03539993056498,278.11876833583295,14.018133682589083,50.207275655652566,52.11888743333186,57.636426416867465,161.09113047436765,171.52810300315033,306.85133043920126,336.58887056023895
2871.754304321202,333.8486930992111,-25.139410517810465,-6.5208408729113465,48.73543708786357,228.3830134189504,2.0736058074205843,187.05855437004462,-5.265729908478499,-0.9603133859524106,-19.41560543267248,-6.044208041995898,-38.1889422216122,-11.433303849337307
3436.3848437281763,331.6007368539447,31.867309078742203,84.05674246662637,56.237278237119945,2.1854242129724355,14.253656320881253,70.98936925393478,9.067072079106312,22.612404438988126,24.506089413771594,60.774011810475876,46.993631210522395,123.07215854679055
2034.4746621459963,1329.538451024743,-41.47365845035328,-276.26046370678176,11.907342598274095,12.396949072747985,15.964686277476277,261.3320773185619,-11.447602306607894,-68.72052595031283,-31.231695415464102,-203.06551474607278,-59.4606046093614,-413.5371596126077
2617.1168481682193,1115.79041996672,15.565621371905475,2.3192479024165302,98.43559883942264,164.25219641111036,2.249013464670664,357.35570901097776,5.812049871267784,1.0062939870150198,10.14608292217007,-1.3213190944720425,25.702013839285126,1.7772864005794926
2564.9396813126286,2016.6321618804961,33.34567094853627,48.89056103582986,17.004989290165927,26.488669737510556,2.387670077173467,57.9665998167251,5.415390443595292,12.000827251242567,28.232341060458864,38.216654529600305,50.70163377823228,71.13382657087733
1643.0892419578047,2048.7211874231825,-2.1688302919696274,23.520787722207398,38.821109964310196,244.60349185797088,4.563074565181582,93.37411206871056,-5.265283479640878,7.1959076420400745,-5.199125007503099,18.890532739386327,-3.159601668945747,41.63330003257212
1238.127787654906,1918.3014673576017,123.17171348969299,-66.8413719928432,72.77210963267102,141.69972310006392,16.952355704577457,331.2929700402387,31.22589281184166,-16.478180531231093,93.34907861811317,-49.83621711601469,186.01061444959123,-99.98196241047
1809.2524504460616,213.3334970664713,43.726413984245156,13.137799410329137,22.121865607745615,88.12544630967744,6.757142582739,15.697218091036547,11.021917145780138,4.512527763255215,33.19044992025897,10.334006655916156,63.47363598353974,25.613275669108333
1088.3793663995298,1020.994483305554,-0.2718832335861381,42.33567555519987,44.51996462706344,327.79881029577473,2.0691656740990605,100.7030688507414,-0.3752037681998285,8.799542101985605,1.637509572145411,32.80541990112856,-0.08388541172407904,64.91577305744316
1891.5258488350703,138.9222308665263,-14.139097461689902,10.770807075321056,7.209906915017994,56.197799149464096,1.0951986237925615,144.31076596977354,-3.7412001115193556,3.1726629077940545,-12.703111349463455,8.146041318887272,-21.572004386902794,13.943355525261264
2621.7710796909055,692.6025106068076,58.93420997015534,-35.22659549453057,56.234788893532006,100.3141225882146,7.772261217860816,326.3206746505769,16.316282631367297,-10.516258279317563,46.33521644540733,-24.68277977113346,93.06209938658249,-51.68456914541672
3023.2508268996885,1169.4096670290512,70.26157361936313,-61.65965547904769,61.9862262830103,193.43401028389718,11.249412270573544,320.4172475546187,18.816746187725876,-15.00147217101598,51.84109233993513,-46.058860585016156,106.80865050220999,-92.07181302318068
369.16780161623103,1381.4034870330586,-215.43064367799997,37.75299255839786,91.54786028697147,3.4902606003748415,12.618258529316464,170.96482505914656,-52.76338457432436,8.801452040794697,-159.4057173141984,28.44129086113412,-323.6351493561808,58.897834366122325
1063.7159223185145,316.18345278930474,-108.37797209074357,-205.6368590829363,47.9091921049229,340.6668913578389,11.21815056140742,240.32235664302178,-26.748652320109194,-52.53143998074467,-79.07849089678096,-153.6111786559668,-156.61941894502172,-301.27839347339517
2969.7596822507385,2187.4912303911647,-18.26232590386748,281.5207943782823,53.8545442140131,334.79790567107597,14.503183025996593,95.24128607841061,-3.5598195794274483,71.05976940132648,-15.596786689253513,212.74548684295095,-30.997127312481012,419.76796654437686
263.6291738904933,992.6053245750707,102.5469857394352,-256.95806790354294,62.311484016277454,317.71903085463646,19.793794323829403,290.9122511055833,26.299123011831096,-67.12108013835734,79.40824338008562,-190.78236497087377,156.67447642748445,-391.17003699095017
3193.56097187352,2247.8883802434075,-206.59125989460978,125.49708936829657,22.72480911839545,69.41921965680292,13.53371266857297,149.28619889643977,-53.37812053866292,31.86454517665231,-155.55627827658424,94.15545897983681,-316.1224490885863,187.31607737837336
2394.556660072443,1504.3778851357806,-53.57793555894753,-65.47828395726843,38.0835880182809,2.618273332292964,5.045472587899209,228.0052260680984,-12.226573364528047,-17.09482366497503,-39.44912307076211,-48.96362768000819,-75.75171838510646,-98.59352689389516
2711.6662406905616,1194.3523087927674,-41.60356848632513,31.73680864322735,79.56301142973078,93.97451999051874,2.4450607258045776,153.05894807591386,-10.791265954151799,6.4871284302742875,-31.663822131975195,23.077824965589844,-60.2228821170174,40.987407425097885
883.9273996128752,600.6378545931086,-29.5672528446902,-118.0622566576766,77.78299791402038,346.55099866087727,6.472259355029124,247.67712670884487,-9.660460191917029,-29.21294727482157,-21.050100831845374,-91.88749119801314,-48.051961760020944,-176.3363950663999
577.2332867127419,1470.862873808306,-87.24257807034267,-107.50267610191376,31.087011721747302,158.71688392855106,7.199976188795459,233.40107525490853,-24.184845319182593,-26.145312527000634,-69.21854517895518,-81.11112957498831,-127.82998076159524,-159.0139595845866
1052.689748272328,997.6945973997582,-99.44438414370534,-79.00759384271556,3.736566013861109,85.34264439516501,15.584385667445984,218.15505729542062,-26.696108997796014,-16.885999966316945,-74.95944654510684,-58.71922874979915,-151.2423687374109,-117.0415038357152
2193.4950338392937,2015.371839504889,93.96508102695358,104.48557806108867,45.79017854781379,260.7460225888784,16.407867059979765,48.96951295593699,23.53105248670969,24.94377453523905,68.06528205698179,72.81593603301155,146.18933352596002,158.395561048942
260.57737486258964,277.3660947867231,-0.7073886699556673,-9.524803188462162,6.085915180478074,152.33411356736772,0.8369588976586861,268.58925605927743,0.609796657612606,-2.1872110616380214,2.2353932487389385,-7.840535084179614,2.1944837434695827,-15.440952113853882
982.2137384842933,736.3875602392715,-30.538807871265757,108.14345664668748,67.7869534017454,76.57678618264669,4.583083740508576,109.8944744462693,-7.4814459791293855,25.91012930871066,-25.247369332998947,79.66356388729358,-39.69846473688239,160.97695268736658
1408.9726223019186,1865.5929657461515,-114.89513554271385,374.58821406858993,73.85232465713936,264.56935757744407,19.70379379354777,106.28279185378854,-28.2972220900723,93.99405263404978,-88.15801025808992,282.1706443518761,-176.81295134080062,559.9197681256039
2009.688060052411,1025.9767494465825,169.13411826890407,-238.2918945753403,65.1665995687557,174.16556389962489,13.944662808805413,307.23237702329146,41.10936209177342,-57.34275337371808,131.54566017510675,-178.2840732831099,254.14800579207997,-358.446802978499
2504.4829680267094,890.2384504150577,-51.255928949838314,-76.79482258310553,21.968288362527268,329.42822465412604,8.534098016102554,235.33419772861583,-11.922076350384803,-19.372804566607503,-36.547463762813095,-57.28290008423303,-73.23250366128914,-119.75884978943584
1467.8580681645915,156.21942622863486,-48.74484327584708,227.24118375280264,47.64826341747147,159.16706721733684,15.136985310032937,100.6606434331578,-13.959282258444627,55.083798451759336,-35.34219568889306,172.28910893739197,-70.75067226621425,344.18810561012566
1478.104006100567,1321.4467956114372,101.45116942055255,-76.64776621624507,25.32708956674702,12.774025852451093,16.720433168919456,322.7344177252218,26.13875732410571,-18.564528130778267,76.37843082994358,-59.35240286819382,154.40824303457518,-112.93074064818617
603.1779830633903,1256.111314931747,10.353757789390228,-30.740380291027268,85.75587063627029,114.6666875707023,8.502337978235943,289.56906408107966,2.9251132501926724,-8.396754268438688,1.6258247013897336,-20.525040069909142,20.91470352557299,-47.94777001535804
1637.6933925802687,382.920783695422,-37.47186792238912,0.9341919724867639,88.01721806407565,154.22232561323713,1.4800915139900495,190.57175549919398,-11.503547885389317,1.1026282048173863,-32.154737713557545,-0.9759020587854879,-51.524733092239806,3.8953807221581145
784.0845792709824,507.9487310904094,23.892850426621287,-97.14054599629544,95.81507477598815,212.27915029844496,7.802329545885362,288.5190100810223,6.3486118595481225,-25.38060244599906,18.952106769370147,-75.64939669646364,33.35608147084218,-146.439561687705
2080.415229683962,1602.6940435860893,-172.16446053496608,-28.6473113311711,68.02726189658028,229.33238726617546,10.004495618710916,187.01014206935724,-42.64948396105671,-7.385588441458518,-128.44770306231842,-18.17039270877226,-259.68113097056795,-43.885003884537845
3155.781368331914,2063.8652348104174,-26.81321461445344,51.507787343240125,11.069559569569154,286.9979997947386,8.932901386198253,116.62809581899444,-6.666274958792637,10.334872425015208,-21.053835304714536,34.94813916922854,-36.112638022152765,74.95368755180897
2151.9027052951706,1537.984751098094,6.183699271297065,8.40120711389456,21.058389408264443,117.18077951768016,0.4233089522414857,39.01489462554116,2.4600681112035576,2.4252609530710725,3.9156872826822635,4.790439007641126,8.720893957649539,10.151106915359133
3199.4167900953125,1819.3509323360834,-93.53433038597414,27.955285762055734,72.29001004453191,191.88990175057273,17.66971484671046,161.7990473668782,-25.178250715960743,7.790168817536436,-68.24553943239023,22.548196782553422,-139.8365795232918,44.234602525443464
2750.0394381017477,1756.819295497594,65.44136975604322,9.172301983795688,25.780904846719288,111.68133405755736,9.569647915057429,6.854028310529459,16.571861287480104,3.817330489581556,44.10658993661385,5.793759867685649,97.0007028133254,12.749522839341598
2792.4479356501474,1123.0145908671398,-94.76609381263829,-20.80774683662853,79.03202454797547,253.46989292422668,3.8779182876675766,183.71061511604125,-21.227677770968256,-6.209783661855292,-69.10636807206927,-15.601752177374136,-142.33195925431542,-27.681707609092566
1641.3202024791067,1826.86656666605,85.53473169693683,-85.7079625781101,9.314050904487658,317.6975258708928,13.417267090952294,315.0941787568792,20.67255284320806,-20.32303413388941,63.9490967095758,-67.03383909412112,126.13178587591598,-138.1597378028017
1921.349980185981,168.58078109900788,128.22562147285328,-318.2897358392812,68.63011257436234,175.38903910383956,15.81930797737398,293.52584637375503,31.46036759084659,-80.53518287655776,94.47241297646647,-242.55290988531442,188.51087259523592,-474.81232355062696
273.3209957934983,921.2129454599831,-283.16039459180223,-5.873781147869845,85.56296161590757,179.40654390667817,19.295675154908196,181.30375119194343,-70.60463092683817,0.24750722080083443,-210.68452865059018,-9.27092777020742,-427.90238443126896,-7.796250745730973
1519.212344109913,838.2896624140044,25.47134464927012,36.00938318124587,35.04089448180384,32.88057782663096,3.196869760004608,58.25954433103969,5.03650134305085,9.263327384024125,17.476580384744082,25.891323139257835,38.98239749686238,53.034626900530135
1785.5589374452065,1488.662301067319,-44.880713321911145,103.8802564162468,33.1251246991996,199.3302309842386,5.151380650473943,110.89305897416453,-9.85630274642916,28.50682359887972,-33.37403857736193,79.90288228998865,-66.2909589334803,158.086899343767
1358.8662653362621,519.0270116952704,-175.16910199912803,50.97317796950191,81.65330985672048,217.16687570213216,7.208317058960027,159.78089692890586,-43.60131501116128,12.601259295327015,-130.11577265846282,35.62336040351709,-263.728588781198,80.04532316146216
2337.1135559017202,919.2900390962186,4.012550277622357,7.788853555101689,69.5516256347494,91.54616924077169,0.43861084870792544,341.20350532366325,0.9947431743014442,3.317053064249026,6.055077307541493,3.3320531489326113,2.2500179817025012,7.768899011790008
2593.9897291902307,781.6308939860373,-206.28767920813706,0.9024106722996642,20.07726483544251,290.75260607876595,16.107420674544635,179.13085333447293,-50.682124381324364,0.6629166541967888,-157.33483784728975,-1.2031876137135922,-310.394975373596,4.549860343164552
2512.919898394858,425.0468725110514,-91.68489509940956,0.5265732365615444,75.58381253766747,197.63375364895296,5.372232798209218,178.0214270252058,-24.24633144150009,-1.0355003822938333,-64.51400507820802,-0.2994364311622728,-139.5152728305984,0.3145499224606165
2679.0725414039243,1085.0123572989937,-361.3142324863978,-71.70384240504609,70.69291351881851,115.98999263146342,16.886344828126468,192.53810816644128,-90.44462801609608,-19.95532176999543,-267.692366164911,-53.256493046271686,-545.4606462847498,-113.75833356816436
1918.8637141750253,967.6516194316094,80.32117251439752,-3.861023668856894,91.4548079101156,306.4507079883308,9.099473901557566,0.07015044143416915,20.7496461042512,-0.8485817429409233,60.06241358956847,-6.232075182577708,118.0225647022797,-3.9839294065247435
2715.9783630930347,864.6432697110191,-37.68076683659283,-224.32993381205299,53.05368970467577,219.29803669423447,12.18727423048508,261.5484498888659,-9.68660970637532,-57.31148074716344,-24.709443660507947,-167.78848884074918,-53.60597132560774,-337.3908968898186
232.42204025822534,420.4598141000869,342.7287162703515,27.821086966025714,32.25294544775592,124.36623830278035,16.95588446056033,4.032401539764674,84.42551510247176,7.446965126343841,258.06281310672307,18.379260693689808,516.9971632271164,48.7480992736233
3494.508592027569,1304.273724794566,54.232360538667926,34.16571590860466,42.01165219594439,327.43999287912294,4.683685917385764,35.10935650685123,12.858552586342876,6.970452867057806,41.28891030271858,23.523808478449045,80.93170775540588,56.543489425286324
935.8263121859015,1465.9541921998448,-176.34741295920995,89.96774093340652,53.91577233688495,61.626860425338386,8.113638010042605,156.67095298867017,-44.16684219897018,21.680923205690394,-131.16567211582264,70.72117866728473,-266.0248064611453,131.8893907694849
1180.4328750907503,674.9632090055392,-14.833333129030333,-212.26728473902318,34.31355535139661,185.34718384600356,17.09738049566552,267.13175846175227,-3.0719099580127174,-53.239677783072466,-8.442018519710713,-159.88176673418758,-25.19909865370476,-321.59125270732005
2124.7659935866764,2295.5617941564424,110.90322187297008,-349.96169472859754,51.757241797919626,337.07110910158457,15.724996564974557,286.5111531038046,27.210977437855778,-86.266720340389,85.71978140023674,-263.0925863229998,165.60099022548087,-527.0588432650682
3336.8825423765484,1637.945008096764,8.067758144401212,10.94406469547425,75.49391648058904,272.7019083439715,1.2114016632788904,73.15473357375521,2.231176155735882,1.3436151290198721,3.7189602805064688,9.74704855292829,14.747092057203814,16.49538376181285
1841.5769862428115,446.11073593282555,1.3668475744020276,0.4009131690594042,62.78142966875448,213.19206480306505,0.5390951959626245,32.61398606912398,1.4966960828662241,0.4444700583458031,-0.8489322731489484,0.4242398239589229,5.975286462766025,0.15390778668737493
759.9528083681676,300.67141325582946,61.26032070828852,77.464743454129,32.94347383382601,140.00321903045025,6.125153528118088,48.686682824840155,15.487972817023659,17.348181657198115,45.827668341010366,57.27794399669788,88.06761939328,117.07014406293584
972.2989212464347,582.9682435943627,-271.97687907599357,356.3124200585653,7.055795526542418,125.22863561043242,19.57931532903879,127.39694632689962,-66.91477680843548,89.40443347925768,-203.50558328212182,267.3583636388972,-408.3805721710103,531.7332364428659
3423.033886889363,935.0496628538367,280.3125680127655,-116.12937462904777,73.95563750993044,10.945044388313704,13.89674229260626,336.46562370992825,69.80731634013364,-28.81120257423094,212.35744986539794,-88.60180845769558,422.2589381618797,-174.09443140391554
1735.6129941764168,1589.3074626441278,16.596656525355733,85.62971360049096,50.97833657415842,339.46757844661647,7.973181841352178,82.72672386429602,6.048923564055189,22.34981729528336,15.707231664572417,63.03113832612472,24.465485787127005,125.3112618103131
818.3568908957498,731.2348722631948,-52.364918604698396,33.69204519005371,64.78801735123027,129.06798436902454,11.147431154360444,148.4653524251732,-14.45621671190146,6.485250444129942,-40.43702883907119,26.595114633749454,-78.53818699472556,47.4075692997963
2297.0465764130063,1419.2397351022544,8.918803120961472,61.93925435516155,71.38730452741808,20.4304255822886,8.564032255167458,85.88538862044952,2.7480554340188754,13.075082634211798,6.53138320242527,47.19685098984212,11.666750624518977,91.47088240084769
688.3352048714984,523.7149031752103,-269.45792489171646,-37.02030283392746,76.2267022537447,21.96997611567117,19.948054138860684,188.167100819854,-67.61299295380827,-8.748979958250409,-206.231646085892,-29.52401393284585,-402.4129268558532,-58.37482609018882
1482.3903938837511,1820.328638755449,-2.1360517868170494,-64.37385665318044,70.8950924334157,69.13791590257355,11.258338402402012,267.44718457756903,-2.399875639690114,-15.573066966648433,-1.7533269321216325,-45.643696938140614,0.31267685872894857,-94.85143492816745
3144.0718672426387,1710.5366135525503,-154.04721792898042,-127.64428436095136,14.876857619040573,307.63165305088313,12.371558317310123,219.4019130168985,-39.43008863988346,-29.321294829449705,-113.04895806098186,-94.88150707605827,-229.38829703554134,-194.21804663043213
2777.247513749823,1083.6450964599214,-127.96300723586906,249.18591622989734,32.32335770678543,4.875956612784749,15.94210044668187,118.0579172529557,-30.46493824885662,63.42416848908353,-97.18119147710301,186.2807930816616,-191.0096243826294,375.86207237128775
2303.575390179391,229.58553346635156,389.63570175687784,-74.05686468973227,81.78730575039265,203.77949619097913,16.957688346351322,350.8420261452341,97.14728281452818,-19.65173884145405,293.43187171992224,-53.584344534647606,584.7582205921475,-111.88967812648195
3394.424871961293,1541.5747770616701,67.30451832910514,422.3312255500918,22.437243111755578,127.88389154395443,19.533011113169355,80.65886833164602,14.700424568443959,106.05339245670467,51.10051128174072,313.0757628062667,102.03534068007913,632.296169467939
334.61645328136683,308.0638696582959,-64.61858190912703,51.28167339335203,34.222630892726755,42.51303295096801,9.514000425109849,143.88332055907333,-19.277180714159076,11.792737103650317,-47.284488575387584,37.806054220773156,-94.39149126476744,71.50870136186037
916.1141868727227,1854.2258244943969,-26.70152332707977,-79.14532157169678,77.41986595291866,106.67236984093583,13.631081462869073,253.3944719141819,-5.322197021198041,-20.01766037167174,-18.16381458152605,-61.972878852665566,-39.30149977768323,-121.53174983535442
3447.237042670265,742.0425516130238,-48.77477790331769,153.58881963434447,84.80756163755828,359.12569693195275,11.77108177441488,111.38439615409273,-12.479884641450711,39.71524929326943,-34.33162640213081,111.69447473896628,-75.24186686512738,228.22274639280118
1868.9816849631156,1000.4000030216051,102.34634650448731,-218.41157725765578,29.498238392232444,19.422407618676793,10.415484772770432,293.97931401638704,25.48633177108416,-54.464472779114416,75.16214908505171,-165.01372360219938,157.6531586821864,-321.59349759889665
1427.8619988631635,1489.7347042108354,37.71660652210798,17.01544221660654,94.73678255108501,61.29175777997262,2.4082181943291125,12.020605498431243,10.632388549918174,3.630349491808838,27.368169178233448,13.964883034819884,59.38071604889457,23.92375152169053
369.9880306124004,816.8629168596234,-19.716731576898464,13.186387330105989,44.83501070408612,67.34578147220557,3.5982839322139637,152.95034088487034,-7.358557033012623,3.8689582368016437,-16.196344494634477,8.000398067165095,-33.34625658927802,18.95361341089752
3378.368249980952,336.69457811972364,-2.4037720780976826,-136.49105402456655,98.55774344892191,303.08158296024214,8.463032350274782,266.33388037975567,-3.7859360595126867,-35.636188121610424,-7.845467520910637,-102.52803531810243,-0.6344994073124655,-204.420078787461
2251.6196643856797,1689.7659249747883,85.9729071915643,12.956527271914442,59.74831337307766,231.48636566904082,11.566996568963603,9.67194799049635,23.1371449203387,2.8347601767260717,62.50242652263845,7.872671874611747,130.92466160221403,15.225375683604666
2870.99792547504,1094.9742221655292,-10.750940383355905,1.2846599505264882,37.924889064108235,350.48863951259375,2.335080720232776,175.1877655361613,-2.5743719546654207,1.9779682215376213,-4.658066082411403,2.6505114792993343,-12.451466350866205,-1.0451506383745506
3358.3919142047353,2257.776342678012,16.486122212818653,-1.7867179276065992,63.81030091372624,69.69545199175222,2.3841782282791346,340.57571194095317,3.8101812392868775,-1.242695424269964,13.04439341665662,-3.6173679921472486,24.209347374347697,-2.704077036238743
3417.4159253652874,869.0862297569889,52.63838902512979,3.131477232186582,25.820439283705,80.07946408587696,3.1763179234713568,359.6893474379435,12.166322748577342,1.6944648489820138,40.834152174179096,2.8098267560498575,84.19051729496451,4.617939284178685
3401.752729563141,1618.9111099694685,-39.8633092274243,240.98638814738638,10.243868976608061,88.04143833526416,11.90192874685298,99.20009353388619,-9.761467124841491,59.34952790871982,-29.05475276100295,182.40735322637457,-62.63479357177109,360.57558663686945
2875.549835474429,2171.8463969086506,-79.12505510416163,-3.9648570411339654,38.82729907962648,262.31118810626214,8.215268797815114,180.8160979867918,-19.68994182344169,-1.4513728424870023,-57.32198624786196,-5.556993706885449,-117.39734971114,-7.908357622689719
2295.175047194126,2236.7320323367726,-7.012264753890315,0.521920816232323,91.1235363258148,101.98903075189284,0.5463314545087394,235.9326820002328,-1.8018666656717752,-0.5949756259969621,-3.6241205931321554,1.8185100357509032,-13.28664282152858,0.7759591881530601
1396.6375156173258,2150.6243119436017,-24.52790490332482,-223.3668741160903,22.96125565197147,115.11160196858154,14.936543509261417,264.0890839989377,-6.524528664081208,-54.13233294864247,-20.646080250447547,-164.39735290046505,-35.603044592151896,-333.182318526381
173.71203966767,1611.1542860392044,108.57354688168515,-111.88032456452966,19.235247273235622,152.12972473340835,12.494704042459254,314.1784228664494,26.221450836743973,-26.9773877463008,80.89130116656347,-82.6390150007355,162.08249239939144,-163.12844479215906
2603.9891173300075,442.72270546660576,-34.07982106408867,120.12483199631349,26.950645838648278,35.94881680992923,17.302879628756063,106.66547559701975,-7.420475379113874,31.169377599435663,-31.26680222463952,89.51615356628571,-51.79250797045147,182.1950056868487
3285.744630442272,1110.7445004635683,225.10353281567754,163.94676935703916,96.43528966401658,265.44773160895,16.58669183264312,37.755679805640355,56.27754065417362,39.9721037584999,168.45623792062733,123.13784866806121,338.97728689395245,250.42213658393882
2932.972508124089,579.7376602789539,16.75913790504068,43.90266730636368,83.32736842131185,34.04195109628847,8.076593928893427,71.81452494887345,5.978593725068071,12.39870844950605,13.011557964075523,28.18235961492158,32.67210450063105,65.79420627457378
3365.8750415361856,2047.4239223013385,98.29843477591733,-193.67364301512768,10.890803345048827,95.75294090162157,16.662188348392725,296.7504871749145,23.42136716476948,-47.79877030746689,75.91094600033072,-143.39995169606348,146.67124957304924,-289.4267076726009
3461.7639584055823,437.4655295592267,-68.42081767125825,7.021751687451463,60.068889185958305,236.58354189845227,8.379057905317211,171.01357515733915,-17.77231840193047,3.335984647682194,-51.00172385674366,3.4016373626348626,-99.8788400461062,6.74006474320208
2337.7941823468873,1651.0164430656562,15.828401428699836,-49.803872230999715,99.2465078777759,139.21117558106593,9.306309489702018,289.6602123691227,3.279053042516763,-12.899681323456665,9.38934844944022,-35.9147268548361,23.585710730336736,-75.6309437542005
1155.4721727262374,800.9297489622841,217.14242483729845,-98.78554865073004,44.52700281815615,240.80901380433997,12.329582400759879,337.4141795239952,56.52226037435018,-25.808036285830287,161.74718990439496,-75.63679424499132,325.9547754565752,-144.0673734756771
1640.3175324094884,1663.3759952375528,-187.9880294518851,41.31673022362809,60.19249526069718,349.4570595916805,11.679493045765339,167.75057748501118,-45.14503862519832,9.170385809869659,-137.44058796385954,30.510011813148925,-277.40801394928496,61.95941554305367
1633.0045678538888,2263.3075148019184,-93.50232356503363,-24.1355584862173,29.289158920388868,33.164138932586475,8.600236023081946,195.01524895461085,-24.156728151854214,-4.398791694656439,-73.49567499400544,-13.557837514565566,-142.30737473908312,-36.98944339485027
669.7804433016662,907.4038326879443,-62.24661373638459,-108.84407627849684,56.42499547629907,236.44332394719453,6.6274209257200045,240.29968306463488,-16.73124073911333,-29.48322765308781,-45.39802628546596,-76.4348556090671,-96.41568342461574,-162.75477326650636
1171.7105745670526,1555.5790953712587,-72.04189713518826,-97.60231412509442,15.74142005921777,111.18306078166638,14.06012965670624,234.2898873096602,-17.306458495012343,-23.80013824054823,-54.0488863338281,-73.08070612908504,-108.30749808805173,-150.29510580514045
304.03678411069825,1465.5928264532436,106.5335658713128,26.779215267523263,58.14061568565664,73.48546247875097,15.958055177882521,13.416740194874354,26.746216535593092,4.477497677431574,83.15116802577239,17.201396042541937,158.25588981977708,44.18396261257677
650.1680776925448,1054.2780363436345,13.465616615910308,23.13244350796425,77.18876450029445,281.0745945894251,4.610775843418267,62.98763036066875,1.047997535824981,5.56091293353861,13.883465941703534,15.4486933122555,18.447944143456173,31.147812272357186
2760.7124669950904,1516.2762898962076,-248.56918287298407,-165.01149256350925,32.62754911512387,239.1485760935743,15.306258457839332,213.29480914300348,-60.62812136824241,-40.85090089004946,-189.07487778905585,-124.72602990380577,-369.2259356928091,-246.5430088842106
266.1578596040229,1413.2926777536186,-42.30860675604713,-45.40248392074618,64.3173795339342,216.85213416538068,13.00067368474097,227.29511073749563,-9.91766406857047,-13.103459631661034,-35.31229014635177,-33.54176442814359,-60.822120517268544,-68.34242702807768
1550.4494535636018,1485.6571891349038,2.1968882453681235,-13.108342861039267,3.5350821040694203,28.008040795955566,1.6261614660663692,280.1666749055204,1.641178203622603,-5.432577810612406,-0.624730824838335,-13.273537605926323,3.916696199264806,-19.104371155105262
2037.077475752998,1521.7130724530448,77.52843156337231,59.32163003867344,55.71731665549405,282.8117102590512,11.020009715228884,39.98770723828099,18.015556287996557,14.860568062856244,55.64775545112173,43.590203613958884,119.00139699930034,85.89505602377524
3006.3579314787557,150.3929065138045,1.3614219843452946,-34.45861030327114,56.58969633550004,12.981514342416167,1.7049849002310058,253.83025246107925,0.7163858740463999,-9.076572186531573,-0.18632494007460654,-26.794918620855658,-0.008938478854814136,-51.09085211661852
252.66094254858663,334.7788268154096,46.89466365843257,184.94097628495646,0.024088398716759496,250.91645551984527,11.244706434289572,75.5550392535806,11.800403706779427,46.785114782344955,34.62490513597487,136.55986760892537,67.05705363331201,275.45066657188966
3273.6959634168825,2038.0239900114555,72.0862882510524,279.42535065012277,19.91471165201164,126.77324005998602,15.246307833416433,75.06217733047764,18.194151938390796,69.34118628004956,53.599919707411345,209.71361724440362,110.27013083131567,420.40799611972955
2347.811426051308,167.1532750570708,-24.883859672527503,38.75133218712944,85.79195484604065,263.6870086562526,7.569026249679684,118.30689299358095,-7.578002314077622,9.71817946472891,-18.140800208001775,29.90411033325748,-36.65719752016037,59.67471697163625
727.9588409239088,778.1874065697485,-318.6242356153514,269.4923837324226,48.684857510347335,218.6129539296745,18.529188746725474,138.22252768409004,-80.87935278102059,65.85177498724174,-235.58868807438793,199.91713033014574,-478.0190212325738,401.306721102505
1605.1047734500812,575.2884938418754,31.017012061488607,108.01332961705425,30.026983585180222,348.16260761819365,5.77296972019872,76.83340822862797,8.05913440456091,27.20964162082035,22.05614054315676,81.28544605712713,44.40652897214404,161.50562063365888
2645.0287331275877,239.7120324196635,-119.83199160393293,78.58111911302025,18.573106673517724,150.10503262731874,9.25296734229744,146.33341211340442,-30.205763800819895,22.61155733177935,-88.89767946978193,62.5327766964027,-180.5112975889564,121.9662867910956
1769.514307547125,1573.9369675820672,258.4964142509919,50.03175109258969,22.124394441204885,138.93463329525392,12.496824880234156,10.395456935665099,64.10142797682735,12.88931764011294,194.95966375780813,38.77331996111283,388.93683347514843,76.78889245917325
509.9931348019988,1236.434918267509,-318.34663510896013,80.07299059259029,44.4243920802322,112.01456817733683,16.68080819439211,167.0901128547241,-76.90350545439149,20.13709765868188,-238.04531970490174,63.40400255214464,-477.96983873212906,122.14706231465797
3022.61413024111,2100.1834572272983,66.32424848252766,80.95778363081233,90.41404723322756,299.1046618470174,8.131983232825009,57.206693513064366,16.811436099588477,20.86101969495113,50.58301307013147,63.65490640664216,97.92997259667739,123.63347830600318
813.5840836738834,2137.9041072675336,-93.51211937470819,84.7227547676234,69.34808763573784,241.7492077409596,9.345904772568998,135.6110133456638,-23.229824393678324,21.626094902212042,-69.8236535523867,65.65776631312286,-142.16551163825423,127.64397662965581
553.0966578070129,1375.2749574345871,158.494425521424,-148.6771995390353,39.57128699580292,287.5717871515806,10.86355749748352,317.62477402248163,39.7868594222278,-35.28139437261725,122.250281042477,-116.40808303937054,238.49075976580363,-232.65466014009803
791.7403717993741,2088.2322884805208,-63.30884244359825,252.36743601404783,75.45350015232681,245.15187216955923,18.998499419489463,102.38195948862169,-15.298481164377,62.808443240288156,-45.50818510433775,189.0345378827639,-97.54633298486215,373.94356000847523
3320.205240040074,542.8917920495978,59.532841218880364,68.65594285360484,57.85011516511452,139.8637182816401,15.483337701374547,46.54669362168866,16.800941046856188,17.92439969480612,47.724301828568784,51.11389752323433,90.19675552988598,102.07937334679117
2332.362668440227,830.7812331346685,-21.16562515524685,-0.4117381631956271,51.58257984924495,347.6069927016258,4.328739412646776,179.83274318785448,-5.419583267409943,-0.938784665537544,-17.927483689606227,-3.7291306659723453,-32.1879925699049,1.2382183980374102
1787.3440407951673,640.283410202506,11.505531827413401,-2.659606948399957,0.012513875657549356,323.76040442392866,1.6342951407260964,347.1295827730425,2.752365672737528,-0.8624157308692466,4.872769064062565,0.14518107997132979,14.39174143586239,-4.698971968817144
2643.9972708728615,1423.4180292157396,37.83557001900673,-195.93490101197372,36.421704474828,61.76697975472895,11.869034783411207,280.29502062265584,8.408190300502143,-51.034645813825676,27.293746536191957,-144.07829665015907,56.93087542519159,-289.77947877724046
233.55893206759427,2181.652946372645,291.02471901249123,158.4375613354061,8.273406343452184,215.1660609121522,17.553355258670315,28.717127190069796,74.02839119145392,40.91850699215975,218.88322819758713,117.1164307652587,436.399052032599,239.49021544482386
3365.9131855272954,2163.7875709355385,62.54779989333171,-127.63584732138708,90.29097382343195,327.5463509510707,17.96637586655972,295.1601780741056,16.876692957317946,-32.70314354343507,44.46056450690625,-95.80651731406408,92.83247036338796,-189.09623174261216
2476.12138380164,739.3071530991363,67.46518152587869,-18.68052908533967,50.007125067379995,293.8509761509496,3.135546928487354,351.8105022861402,18.63352882927961,-4.758155647659547,47.79413375378417,-13.468708453266272,103.67664266268487,-28.09702773597429
2198.524125350541,1687.2793806518437,-86.97224575330577,-13.988246983498664,33.62638796625149,67.85415906034238,5.112844597992073,191.94393375370618,-21.53460640178465,-4.1258181907961315,-67.41587373348624,-11.209767679733355,-128.3635720204824,-20.850927896752715
2204.975488117453,1696.4194142174679,-27.872107944030784,16.769504476830175,28.265181850587208,212.0334636921105,2.869544885956805,145.61393227119913,-6.385967072828583,5.4258343510072695,-24.299642600770994,12.700111260965135,-38.90804697185637,29.673144459906727
1599.5411756721912,628.7061016437317,345.47794927413383,-137.90215937380015,43.06959368452669,314.19818119923144,16.735322205099084,338.8972499917305,86.44108646322015,-33.37778854024158,256.43353054681234,-102.87989218717874,520.7527369995383,-206.86136404124528
1999.6414995669484,661.2560022074678,60.74331415166262,17.551054462972903,3.1180864134762842,121.06863844346447,11.451818281289158,15.340783813498842,15.623987241556991,4.265866806898458,45.87260250626642,10.571596631734254,92.03255203975004,20.35038649999524
1977.7365387734012,296.7861465346607,211.56355689551438,131.6886885267,66.11351469183498,228.41333853084424,15.38934549268928,32.63705771730156,53.42409185719946,33.59615373412558,160.5629309977111,99.50515765345027,317.8602966531783,203.0951041913658
3431.0395013116745,1628.683375536503,-52.58229588627356,168.88408444494968,60.13671768130031,147.19340194328328,18.048249971581008,106.45527441779741,-12.566259904594636,41.55706758179714,-31.775891558738902,129.2056220449758,-76.07341691678859,252.2672339751979
1182.312833109695,307.10747347331505,52.77763298470515,125.93054768916615,30.272899397194507,257.52727665643886,13.151637736066577,67.68617527928802,11.610047005358304,31.039876988086167,41.137816972323954,95.71011504338396,82.56148508806137,184.42477211136685
2797.6263924413524,1301.3374925870069,-78.25569825671882,-73.42966581409233,58.07487763069806,287.9489598310408,10.576867484375187,220.0156164814682,-21.729990793022896,-19.613751885767275,-59.367209671642165,-53.529456824942386,-117.43176904356446,-110.36069135264003
1831.2676006694028,338.0849318482918,-54.5278016777227,69.9214146732461,53.76776168742563,295.0068903036233,7.55301901678388,126.95213035234879,-13.860504005676644,16.437822184963558,-38.940648757059876,51.97196751545053,-79.96806151722477,101.30134731776711
556.9808314184829,2198.746570977194,-56.271728021939154,74.5532843572429,59.301495927228586,225.4524229154413,8.675468033209444,123.22177655987602,-14.917084250328363,15.88977125506865,-40.12041482503719,57.98497874416283,-76.89668210604373,105.20836698206142
202.03565843207997,769.4527434283165,-16.66295252083315,-59.32732107791793,34.601707423060944,201.14181674127337,11.16599534742609,255.56392718203432,-3.9134887993230736,-12.695669289888457,-8.647175135504845,-45.76248199526728,-21.820111927261618,-87.926461150166
1395.7659656133976,669.2752397938256,77.74570710033032,-82.0800328234839,51.87364357889943,224.03349085926288,8.40206062811493,315.6158457575118,18.970177806017873,-20.48852628343757,58.807627371438564,-60.895945180501435,120.05829783444159,-126.41613668043145
2884.5194812564396,1730.011814721798,125.68177342447113,250.2623295761207,91.75827840298412,311.13891372265505,19.8922302818322,65.7401085274124,32.37622885824258,61.30964346133666,98.15145977250374,188.75634838432492,190.08116857928698,370.4074122301494
2531.844648419628,1942.982334897829,13.698176824050691,52.43489887653849,45.24998508199809,269.2285988108258,6.035659434796994,76.69682883797711,3.184749324180355,12.627694018873845,6.422413901949177,40.80253092660871,25.507585562553565,76.74076416302907
131.50722015254215,708.0657969945472,-128.95528090129451,128.52286782692426,14.237224378501667,45.939305795217024,19.18080432894494,135.5617193624704,-33.984121479720194,30.358767523475652,-98.43047726571218,98.54081625069847,-194.43899256357977,191.19548959397952
1416.9720875616347,214.85036110921618,53.406178116751086,23.223349900901066,47.86802542001748,266.4027045982002,10.274902889609232,25.882322585222507,13.509247254901734,6.648757050030272,42.1905562066181,15.19921109880778,77.25673117174942,33.865238073189126
906.5895814681734,1514.0440258106264,22.361468525409194,71.77302377070028,5.187610599699166,98.16805441730294,4.166229552843492,72.40863984355153,4.143987997094104,15.692043129303174,15.79790998533564,53.01470857872697,35.904863008528935,107.71027830758024
1432.6961719897179,195.3770710629618,-28.053786629780245,58.53182267983803,70.61673428895246,104.79776598978297,4.901900146097842,116.73288025126635,-6.784394739699809,15.351421486375152,-20.095335936438374,43.79318637104544,-43.354609931418096,89.03439610045339
2548.377804174546,1168.2452084375795,126.9787435873952,22.954318171424624,18.70451636699282,251.54636663878165,10.947751573884908,10.934596357765379,34.56623391435534,6.398832282240035,91.85285862183706,15.675651354844948,188.59637277555805,31.96546969679221
2891.2203353468917,458.55621174828707,-100.64230774196163,-36.340132501517935,78.0233367151801,243.01822433269086,6.528910502816654,196.76021226346361,-24.869335834555397,-9.397369692045126,-75.29741959169539,-24.866848671366746,-151.21519430929445,-54.600836932629754
2915.1147146653293,1181.3269658977536,8.333256464621508,84.49032553773222,64.18607787630198,148.13455540915518,6.910150940249638,79.99214870739054,3.60966806558973,20.81872579528911,1.1181944941681259,63.540934546730604,13.586775107871924,125.58740288334991
2059.2440504120386,303.4119250300661,216.90544695255767,-120.81263689765065,64.88983979970759,153.0254683758276,16.227724471759917,330.8092549185586,55.29024134122316,-29.95368815100655,164.63913076641495,-89.45206267334517,326.5470030484971,-178.27726556950137
2932.9256217807315,1641.4612525912385,3.1846508537127605,27.40776515829413,8.737691590679075,274.33566283859574,3.587193791006593,85.1793633327502,1.0922654718862936,7.186688122440088,5.756255827744071,19.33482273602157,4.109410039794955,40.793049622118644
2398.3031863303063,1527.3515624200932,13.88676624029159,-33.200982616515766,80.16293954628756,221.79823441303674,3.137832499478328,307.13846113807136,4.565394080155781,-8.409042363043485,11.240180335522135,-23.496551056490027,18.481320122620232,-48.64692223072704
2823.6986900540896,2112.0620959727057,-18.885251882390936,-47.99386104214523,35.41044466378255,254.10350227098002,2.964082653374267,248.6939216806897,-3.3659792986797124,-11.132657611552723,-12.783784782141687,-33.908171612534,-31.314805045318884,-71.40696876783477
662.893263134536,1904.6150334759789,176.39576361920226,20.62121982489154,80.33129122072205,221.20521335041065,8.776802654323069,9.371753936498033,43.87174640898845,6.49835257552356,132.29856503282087,15.527822968333124,265.21623026239365,27.22268335211794
869.0996037323985,1499.8882481677545,-17.591291611799537,57.772030215469236,93.74401748839256,283.0314876606102,5.463273808381103,106.86910498776257,-4.610700111442574,13.857130371081798,-14.422471545676546,42.671105774232565,-30.587673103952838,83.77922338656833
2257.297379753541,2043.2658602141685,22.705589300081503,-20.92619517925539,45.48417208732158,268.79946219605466,2.9202073422134855,322.1878963117913,5.051882154045754,-3.6992105802467856,21.052451911779134,-13.21996242592573,35.73275598937244,-29.103983590091765
2035.5898317018773,1572.2026594872448,-11.95362166535651,-32.74180635327363,74.59176109628997,47.93186128802556,4.009109226107599,247.89034400670604,-3.2044590505477224,-7.752284317606945,-11.845189573564117,-24.82531538385889,-14.469126880769066,-48.906755158687595
1133.7341704279183,1883.742558758222,3.1350456178876724,177.08607096795404,91.1311582175626,26.264840297242905,15.12849072638502,91.92363701417669,0.19810469946726195,44.26762812770068,2.976209533285484,128.35769904269617,0.3144164205496107,265.88810550829254
2740.9410450252285,757.4967487586156,11.36382456703108,47.73689650536721,58.041002317797265,97.74800119367092,8.503357459735403,74.70526509008289,0.7260224257364816,13.893289429778976,9.374116978222782,36.09323618051128,21.468675668421795,72.04761208231865
2660.3393874741864,2127.940429512503,-162.367443967717,128.37327863298123,21.40178672380062,297.8377094825787,18.110407570093734,141.39467314112795,-40.37660760839593,30.50917276413313,-119.1191055295612,96.81992122620609,-239.54512988136437,192.01269184726408
1158.4971097843509,1365.8100447911422,25.854092943448368,125.96179466815258,20.84727789007158,138.7605423299747,17.150793956657022,77.75574963687181,8.0676416075347,32.731759603012165,18.660434469909276,89.96257804450347,40.527640405384595,188.56698785808294
1187.826131995397,503.3106928949137,257.2271183974188,-138.6134607717855,36.55928428755782,241.0256547367244,13.947253807229306,332.6606335296025,65.43139278559934,-34.80977393994141,192.27254327929984,-108.66443425806621,383.5066508590286,-211.33812617388088
1300.0596733617529,2108.0246415483316,169.19255204055844,-2.3944601299966344,99.89337371045391,278.64154877595837,9.686526049870132,3.6625745042924285,44.27576944268301,-1.432625672371338,125.04630069970428,-3.0718437106641545,255.35744186158055,-5.87800577515797
914.4745869166236,1144.4227529720617,-137.56926217832873,235.54499637418522,24.698899528567953,208.88417643671877,14.41147536119936,119.18690593134355,-36.24615573181538,59.19543416651602,-103.07336017529157,174.6786617584552,-201.64784751096903,355.138235692139
981.486476057459,1951.872898069242,-336.0267271916439,-50.73177982066817,95.31423397737832,179.6541492941509,15.210627299396025,188.94540763576538,-82.87465387042363,-14.275985062100592,-250.66540275053768,-39.42403074415931,-502.6103383465157,-73.3756408928192
329.20973228568266,558.8518623236423,-28.557240789250603,-5.133085027875285,85.9361595691076,43.91079634893425,3.1186419261604015,195.84119655198748,-5.3564798812268455,-2.142219250775843,-20.886386073327053,-5.600476967371724,-48.89064164386299,-11.792949218366708
889.7781392283601,166.93726204596447,291.1731805970759,-87.3346579339775,84.76891943646456,117.50763097239332,13.621820794596943,341.13146391961465,74.20737363358707,-22.13628240312184,216.25119020513014,-63.4031711481373,432.6646075664026,-125.16021668497339
122.4065536210243,1876.7715493039543,-32.214774926529856,46.692820802157954,12.283034891970079,183.5836221609411,6.724523861696312,123.1520548322439,-8.120556554316526,11.209758672095369,-26.8935766913471,34.38288942063256,-49.56634603383377,70.99241130686573
3212.078454973628,1392.6671508151992,-40.33689054119437,12.914377432790744,2.761637610492962,346.67014526737796,6.158825190917073,161.99098544802723,-10.743983734182862,2.749686880935184,-27.247732041860907,9.680101992974159,-63.40922433017694,16.498216078477213
2935.1962848852813,425.23434805132183,362.58569069044717,141.13998236100238,61.67275917865472,343.8048538737308,16.826062991546152,22.25348416070251,90.07599359310694,36.016735161287734,273.7960203144965,105.44575146947028,542.6449156039583,207.74361971717238
2754.123453556587,1446.073263769803,-24.08590904639228,1.9512244482460372,51.384974352021636,213.09547832013712,1.923993876045933,171.95891121176652,-4.653970899421848,0.788606902652518,-17.301767990910708,-3.678126157726674,-33.84133182729643,1.1888149636416085
1003.1714656930784,123.73469177748291,67.34570040709019,52.548174571128754,15.483131819344676,354.8458449259805,6.396024918959771,39.17660472458898,16.57425894500947,11.794361241784733,49.14855581662565,39.71532581131651,96.20655776637041,76.35503972487672
917.2233760613557,1429.9761773858922,-11.356841010690214,27.786326401278526,58.854198576540725,227.05193040396966,3.177653408650427,102.85532815043798,-3.5921106694990383,8.50684132367016,-11.689300932022338,18.425126177768647,-15.575353647600885,38.194547445006364
1920.7660276971967,439.6216807296252,67.27397569688536,67.01182834708054,16.777970610442306,356.1306222526397,9.054599872418654,45.28846512002646,16.191296076354423,16.50003740097642,50.13797235683979,50.669618808071185,98.72768564085371,104.2458319584409
1712.9508843952972,740.774286814699,3.849925144022387,38.08167063320126,69.64412711073699,304.03671093889466,5.725403694791762,87.19835171889328,1.3461341599046874,8.526973186274702,-0.21000259755860595,27.976080999513744,5.417630188751625,50.490407367630226
411.28437269889884,2206.7408628823796,-132.07220482637635,288.42274986072664,66.55621562121212,36.912593263570564,16.45724368656919,116.11977514061235,-33.837104383475314,70.38352172091706,-99.93209964431173,214.39731417085204,-195.3460558350729,434.17331482013066
1230.7797876774289,613.8985681596007,147.447963656683,15.279060700678007,83.26425783351343,320.65344985893165,8.200430466241286,9.685495385868187,36.31441164891815,5.724047785464824,111.00198337347258,15.755572118747267,222.99091008512343,18.622532157354375
2605.4888824758614,2242.592481561408,-114.38792969314545,-112.92428787248815,38.01089468024135,23.210116079886397,19.75942442442704,224.57039739319305,-28.30621335632813,-29.460849814913775,-81.67504636541696,-84.55848393112606,-174.0321171380869,-174.27504970862788
172.62765109393507,1442.3146991661638,-102.97236726782836,77.25825187783008,42.314352134647784,331.11526817284124,12.835725954096098,143.53001692188977,-27.49307662677702,19.507698156605066,-78.18413153188332,59.019834688176466,-156.67909667556137,114.07327225145387
637.7081659363746,2197.2874911533663,23.377136382611646,225.7055533331102,60.20315961413084,229.62136752363384,19.08650931357567,83.00701984520255,4.610752003499788,55.26396138569428,16.090490335025265,166.8881557201794,31.001905590699543,335.4371895471336
3427.75923344633,2152.0083881208716,-102.08132910562554,136.3270183296615,57.45100995248622,353.17974182771155,19.823960206383802,128.1382956062289,-26.948286820480785,33.23977111002607,-77.32762426834827,103.67589237152252,-152.59400190205614,204.55053146094502
593.0763887186515,319.1679180892508,-11.873025120040838,29.617898833971623,43.830388040209066,202.79925138268635,5.8876071775588095,108.9079533049919,-3.376099962108599,5.294784517355708,-10.59445474678382,21.234013247507416,-15.882336412419916,39.40209905720277
2908.2969624405937,899.7639647570699,-3.7375084303059105,-228.00207853281583,34.790154054784175,168.48025238927616,12.891111999286926,270.58185447563136,0.2253793495531664,-57.22072674331947,-1.7812042699738737,-170.84054851567026,-5.891388656537628,-344.8434699904623
1524.8670021543062,1420.4535880931305,-202.42936015527184,-272.75652213707235,81.19646087075782,302.92128920990166,13.403892174110165,230.9530911283993,-51.91344896808434,-68.66000588351031,-154.58959221445843,-203.7786490375637,-300.45067160848583,-409.49790768181117
392.46183771651374,166.94277846222923,-57.18353511508209,40.32260392111661,60.64778473818876,119.18207757416222,8.358754138518306,146.05581191699935,-12.140279203996862,10.160465571797902,-40.69278884323082,31.911335667108652,-89.65392386923672,59.97471441981835
1680.566309325867,1525.3519481812423,19.823380670813215,-1.443598704595939,60.85920866051679,25.387939363898674,1.2990486816438351,347.4928192158763,3.104341348335835,2.341873346546391,14.393771761813285,-0.16081881347535865,27.420939327200994,-1.2024401490796615
1433.7705560576903,1730.185153486942,50.959671903812264,38.86546656488575,22.481694058946545,212.31757643558853,3.0687405841812065,36.97260889009359,12.115251337502706,9.154324895006074,33.02783269162946,28.94128322319575,76.01987181390126,59.764184459110055
667.7072685604439,702.8943622385118,-54.98680564173312,-5.843376378296388,23.896653358859645,179.54686064278974,5.8301024790914795,185.78202198709025,-16.224208609459932,-1.0732911141722572,-42.92503047214752,-2.0597510599472497,-82.43810726095413,-10.863812656936533
2012.9097041279751,1629.6659634995149,-11.704515545913761,65.79638239118758,49.77967970337582,174.03969542924634,7.358772233552255,97.72609820370255,-2.146458288488494,17.153013951591422,-8.350956895301612,52.07699937774734,-18.505602948443393,97.82366378057579
2051.5470292753826,906.3315781084881,171.07996693712857,37.036618121282146,55.80482412457673,179.45202392563132,12.04396159395097,11.560244665163522,42.39805118147324,10.695295214964508,126.39283466207661,28.36061903593046,260.983943279848,53.43506191405432
2217.0833860374223,1165.8369136301872,22.16411660308902,-47.00204929669195,17.65291040526691,289.13253341671606,5.463332088231539,295.3724693982874,4.941721833519056,-9.137807346109295,13.719697671023654,-33.07613656578243,34.745353723587485,-67.98983526837247
1221.917136654152,1927.4654526115708,-2.3571562548296714,-9.058031543560519,48.73425308531789,62.86999130548614,1.5542492400705332,251.85806914939934,0.37504459869366114,-3.2161238875281346,-2.736605439831502,-6.640680723398669,0.5872004797182093,-13.008695082167884
1038.8174633696901,2074.195572735014,25.738942786409716,-35.295634053439116,23.62604068746369,27.530327751859552,3.1987861887912805,301.3210327395306,8.155246075670515,-7.666262132065196,18.884127920296763,-25.86357519949016,34.78488355169979,-46.973007758703844
1401.4236288496986,334.76982146630644,-256.702630402399,233.71455095468374,13.423333059494224,301.3158461211527,14.99506864651124,137.64280690479617,-64.74451317651634,60.351967091199874,-192.29103761115493,177.89467378731388,-385.39540658214923,350.78642597814843
2106.0883034701337,1310.625190432545,60.14615875178863,-288.74359832605893,60.997672173516015,250.43097884961244,18.362179400682837,282.84554943937115,12.635004657340875,-72.13845466858234,45.989701627311455,-216.7352741674497,91.29338464425267,-437.14056421915734
383.0185427875251,579.3647412161788,-163.61760357012602,3.122092443104955,76.33163880745207,108.93565452978979,19.715321411254692,180.2941355137824,-38.690144420204035,-0.5238516705664318,-124.70794847666251,3.2768168295263926,-241.00476748366881,4.676846712508598
1607.1740440775804,464.7698358184763,-42.40799793517237,46.0101133226681,31.32169431566907,76.45664307782528,2.516349358296741,135.92920587672737,-10.116533002036418,11.034756790586068,-30.27809302878386,36.163270260734095,-65.2456204456237,70.85761306611535
2578.2340789091477,881.6193057018824,165.28119855496823,-24.963524042187093,66.68447595683995,43.92782230722292,14.111731601290298,349.95878204428067,39.23814497368928,-9.770612096368842,122.10464880441218,-15.803900510906416,251.6950132349633,-39.601081270323235
2752.1419358450003,131.67729957220294,-28.859746893970456,111.69638891113186,14.379047584073302,76.71534521345272,7.032009375157527,104.9213100355031,-6.182718449776247,28.240785511331367,-24.498479137933835,87.20124810230226,-48.67811431846143,169.1355019134466
3491.249690592325,992.9818025275707,-44.62215469614438,0.5075925519859689,21.22866087651827,226.38565624222,4.885097793810138,177.870975563218,-12.397946354581396,-0.5222304884077641,-35.43928825764119,-2.2178678674546286,-68.71433032517834,0.9849259832679549
3208.821041496981,317.0846846544441,59.184637554007764,-88.03198968112704,27.927339410003484,39.34347766306797,5.133456530513203,301.562574699171,14.831344707267956,-19.079078036277902,41.662647823137156,-67.26797116351796,91.67895942504614,-131.62022564540385
2119.538082573905,2123.135095785401,-154.05889862058493,-284.2341760314986,35.69173695931636,250.24967010989914,12.973309449252824,241.35618386258707,-40.82780132176474,-72.29653286750808,-114.04204127694356,-211.4492139827131,-231.7204793726059,-423.90030861781804
2018.210394960163,2063.0755041526654,170.54039011543856,184.96491214544514,99.38480628553845,348.9459704515278,14.356877425374684,51.561920811664656,42.010564300825365,43.915901280515534,129.4899104793006,138.2733035153124,257.1030273852501,273.0203319735972
1327.337198715121,1558.7564462112966,11.30384611509517,27.91524661884526,56.456314117747496,332.6319652917386,2.0322430340242637,79.43070231243483,3.9255439427322365,6.2383067528656495,7.337088238203754,20.98614201214461,19.576043632484733,37.7666063214798
777.8221965652841,1920.2610936827116,-157.16529390219267,121.27452057066728,67.65759070836643,169.69646194120554,18.312475621335697,141.04827753287822,-38.034536565701906,29.070092478715683,-119.51272746356915,95.14416836766942,-240.72714693743373,178.14292273178015
1063.792292733662,288.5326589455306,34.714867305492966,-243.2026791631365,26.820468552250055,115.63248552950341,10.953680125306866,278.5638632680979,7.458504717936348,-60.47631326228885,27.5126791985302,-179.1249993347905,57.91597389764473,-364.59443935375947
1609.7626656491786,1252.4912572982296,101.73711865409149,-161.5203129675593,39.835230480325635,258.25352161344836,17.532219410957765,302.7041780877369,27.37879848370233,-40.85064977191314,73.99712538672651,-117.29329695287191,154.18597063215125,-236.51375252539856
1037.5034425608096,1521.9247800937076,-2.0053950913456795,-1.8969277565442577,20.424708634452337,249.83578233329956,0.06221755246485605,197.5581049542371,-0.9866359367078902,-0.586198558598507,0.5977639366411394,-2.2727848194056763,-5.247654855076023,-9.606660880898538
1024.2370416846761,703.0920693894068,-141.91247769207672,-110.67105961483306,6.187176089174839,220.9694132231283,8.961388060906927,218.14589069668605,-35.799281989230884,-29.055374014580405,-105.45934420588182,-79.36196281851362,-220.88772746976727,-167.60999844977476
1866.2559079181233,455.92861585984474,-127.82803911600038,-78.1120439152554,10.871173927698251,104.26949235066184,14.190095839706494,211.7836381807787,-29.989644480660285,-19.80417462220096,-97.164131997005,-58.33915639769388,-192.73371823610125,-115.17878380886206
568.8286432325406,293.6902169494947,270.2847490438528,-175.39669432919973,72.04403138421108,253.42861204956952,14.003242496265413,329.67099816536376,68.1001000617626,-44.55291556353534,205.10964281231685,-130.5427578383501,405.8791811394308,-265.187591205708
2149.9826297568293,2093.4307565809477,62.832656365891495,5.52540530788413,46.76035145184449,24.49765980178702,4.190588032450309,2.9063141344234467,16.964531303857687,2.8973362468407413,48.688589738817754,2.8978816407116392,91.07479939696569,6.6562886609114145
1891.600165122512,1611.0623822177974,103.63859448230151,13.506320652620833,49.09215784782912,237.81863945195195,7.298410287999689,10.052135005910397,27.201632864280054,6.371058471794719,76.80890184949808,9.381645230912932,153.1442038400992,23.63666326705195
929.7378150636273,1723.3323761731751,-56.09294434706974,-132.55170467054757,73.6068692022982,99.5045962810425,17.451369225037073,247.77005942604325,-11.23589326741236,-32.121608663222084,-45.02477602115295,-98.95974416855199,-81.54749368536903,-206.1040057014794
2752.2133239762165,1538.5893217729938,4.472687846712403,10.387946398688952,42.65909451859348,350.78393957729236,2.1559104335945034,74.44975267978862,2.048697424825261,3.05089416108144,2.2106372987943512,8.864938620089612,5.349558089010799,15.771114686497786
1155.825036199728,1873.1643486223188,68.26697318505187,191.64047105631082,45.666571374333955,53.97887601930044,8.771067629766254,71.29185316640218,17.96767612010863,49.36761162382527,50.92081576151298,143.7286070449495,97.6798301074071,291.1793198201689
500.3913671244839,1078.1777799465708,-74.72091748686357,-24.433727601673713,73.55533222833047,346.2040060915334,7.48209782244164,195.3803875337916,-17.803950831798325,-6.258935950095264,-56.61837585038151,-18.895227902919807,-112.0391368349016,-34.690279290494374
732.0866402034434,1173.578815266236,-325.22990856328613,-166.47810154403052,78.32111553790514,297.6913316604685,17.279385132984846,205.04552511147068,-79.79019456671601,-43.45373743422939,-244.7538907125047,-125.58611444270296,-490.4404946459904,-247.0985154662894
522.4105485644384,1638.0847151195576,47.04561587402313,-12.23180497284632,84.2928012543288,7.155214510240242,4.671995414824497,340.28363695305,11.165237071638062,-2.391149512026861,38.6396191784965,-11.844321450771204,71.63543342955056,-15.855740385383253
2952.6746583363,1142.6889348684545,44.04973000931344,-19.676367583475614,71.73037377050443,352.7930902950312,3.0697711425951546,333.6914492337204,11.009082144035366,-5.402375569011488,33.87883736079945,-15.168086937292705,65.81906673715716,-32.10418965359667
3321.391779283027,2082.277550700651,-70.62689165877538,58.01364525894746,70.13484423745501,212.1699787185869,5.614618742656803,132.10456059088372,-15.972718757996056,14.810264563330618,-53.95325841238412,40.70527255696645,-109.63176566269482,88.26326858779537
303.31776254873597,2073.615448654092,7.842932689620621,9.28275495284043,53.43144197853958,48.46615466507447,1.0685225489509942,43.14961922891621,3.6798091628195957,2.1196203898685777,3.978753237322915,6.05887192183715,10.877402198174646,15.07483382438184
1099.7015598857852,1654.4981295857692,-32.32357458205168,37.62870561720474,68.35503170576072,288.14400766217835,3.6773328289588214,126.82076159311319,-8.767516097425949,9.281234044319161,-21.9516906680917,25.69236931644532,-49.721831538652964,54.18782773174554
290.9649594525195,1144.9274844585154,-95.0481305662548,135.57901386637315,20.89206776950879,32.84928968364085,8.224316189649581,126.44114557469578,-23.116679625581252,34.01821859383831,-73.77073300666525,102.22249134987435,-149.94842161919684,204.61009839859307
1729.8089298408286,533.613432249992,-116.6788260179708,-75.92268942330098,50.08270423112718,54.01431514471567,14.880861613817398,213.80625368121525,-28.239076146927587,-19.269620107225673,-85.98700743191249,-59.046938996232235,-176.9172301238451,-111.05323397656767
1776.918894544763,1833.257379913436,-10.871421113455009,3.088328816157688,49.494366270671804,154.5105825448546,0.2314641297891762,204.49422091323223,-3.8361205098272615,-0.3468444968721791,-7.282349510970375,-0.20222819535853986,-17.784940283489476,7.940074093604576
2321.7077592767205,1325.7441231645198,70.87942191636428,-3.4714348640406034,6.45401044820354,223.83007089504412,16.27806944544987,357.28139530778736,15.994602366386015,-1.7457884277226432,52.90738649860751,-7.396812557524342,108.62610748358118,-11.366615825603422
911.4089467917028,1497.7958883424394,-31.916239350502444,-41.90113441186319,85.37630041248534,80.66413688947647,10.15754431711245,233.52832243795993,-7.971053866886862,-10.977054093525831,-21.34527627029604,-29.883409590644707,-52.755364794098305,-59.06382406074764
946.915705152827,1360.373095703512,-102.05085365127157,115.70504986723024,88.17116471665707,187.40354261089132,13.229441112099206,128.77071823460167,-24.967443672180153,29.736040494097605,-75.12208234050652,86.20319010922427,-152.31267757379652,171.60687554215752
2142.8640908284415,1524.7321232797722,-17.183992745023716,-21.595221406184066,68.836605416203,272.47671089304475,4.143538549728207,224.02926476452794,-3.6219225281219245,-7.461551034591613,-13.07679320766306,-17.37988425508614,-25.018891344986354,-33.63947692360403
3156.1721461297793,672.4816511146855,-28.03122819911397,151.97799755589756,62.87731192513989,15.241840924254397,7.731289433855908,105.45916083398221,-7.336320287439592,41.667183605355575,-18.386400240494112,111.96977223762403,-39.80832013757081,228.1645855328056
911.3282256228582,782.5559097510796,-26.414920745839158,4.7697088561831835,31.609044741996872,290.1594436404145,1.9808066368430466,164.03368355603268,-4.886193718815526,4.796548425014983,-20.57333648524116,-0.07611683996295504,-39.27175020900304,6.538275295795161
2007.4491403017696,1358.7781300328443,1.9149254602657428,-3.4575631626491057,28.6511285899703,293.3626644910705,0.06541850662500348,120.09642449910915,0.35522644183700053,-1.5994293799566894,-0.24732073049999692,-1.9201652893508545,-2.3751002151756317,-2.8178484650235314
1402.7207303254386,1068.3761072369407,-41.57060303795255,73.14053618582604,42.270702253033456,239.0792005738904,15.367361371815262,118.50396811240368,-11.56371268746859,17.204077685929345,-29.194938494194744,58.332526468128655,-65.59666224166307,113.95504029264372
2424.32394596991,347.8367908891951,-0.7311374561907791,7.8726860595766945,46.825612457405605,60.83438744144134,0.8286249225687325,121.79745730378791,0.4340838326199358,2.896626119610324,1.2134144599369798,3.881783145678129,-3.4277368749008805,9.738805307534438
1960.2350443838102,1593.4797764349375,191.93885706430905,-232.9602522771125,5.30517659116806,21.60813640485904,15.683413736335796,309.41901034757274,47.54844489465762,-59.86013473353819,141.9309045308699,-177.40343502467726,284.0629330111197,-349.25873495457614
2841.0007122510065,420.16481577248834,-104.2229851074827,116.52235682330969,48.09936394209524,268.54968170895717,9.700414153791925,129.96794289190996,-28.307157706308256,29.264799505047346,-77.5372039430247,89.68354835700673,-150.87556794638934,177.50671179409065
3010.4107638180844,1710.1934766961217,-237.7742127612988,-84.3107591699215,21.112419421574526,168.05647598663504,19.605966639724123,199.64185695459886,-57.77075709944826,-21.455296234946466,-179.98208956534924,-60.94357565146781,-356.81448238022836,-120.76858279237165
1199.19314276759,1008.526504082208,-75.47882596993324,99.7546875380858,89.5351867212262,129.42636916411456,5.74798546638916,126.65059945564961,-17.279787830522846,24.714501337737627,-54.9894433092545,76.85221899687168,-116.69057381199772,152.27880383595294
2771.9636578264053,2205.111271665355,-93.82153232490907,129.7756297303875,90.14895298426958,41.382800090519794,7.391048413456421,131.15619259113592,-20.91567351737631,31.990489697292627,-70.14886523480949,98.45041065034916,-140.7688851871453,192.42503653349354
3475.354329056634,952.2859853073792,52.90791707601108,-38.108066425973064,59.388123721447215,38.38923483437412,2.823609974731338,314.8853231354265,12.515089025304386,-9.008271756938333,37.958372921140814,-29.977149552363834,77.50651244287837,-57.79120595784625
3012.924440184677,1992.321885962186,-6.7901302895696105,-241.03049269076917,41.29328984826898,220.3515248484511,12.839031418086094,269.7329215245344,-1.2563914913655065,-62.337333226089164,-3.7870539131880294,-185.30172275685902,-6.728495277660569,-362.51083997195457
348.6428151345665,1358.8633059302842,34.88956034751754,-123.00141883789993,57.56237505871977,138.13823179393194,8.420417891262863,288.0472899178543,9.357886533313694,-30.715958218791968,24.55195671410759,-93.26612732620883,54.76449471145135,-189.00760781359227
729.6236895438885,2099.390895097891,-34.55022958939047,87.76720506015548,41.10244006653927,305.9866361850637,4.984730890576334,112.74060782978911,-9.345660329517814,21.82885387458853,-27.507601198468787,65.83838344183603,-50.86684208483915,133.10426030762244
1387.415002258045,1508.4810656208374,157.91258900154315,-329.1360161865363,11.20281553133321,252.9197953065543,16.45464817982939,295.82843347376445,40.374315701000405,-82.93266581090005,116.62696409648251,-249.52894653739187,236.9692458629192,-497.9735051112502
2967.25704048822,1261.714702358127,-220.4409542934006,-125.75793680822053,12.344000969309754,90.6393356017812,11.257237345626779,209.94748400540166,-54.819686376105835,-30.5960485879538,-162.80651481919583,-92.33098928542347,-329.04717708116596,-193.31300462851254
2963.3953894511515,751.5580065736515,-144.78628094549364,-141.97284549545827,89.71704995968602,223.3375019156275,8.463497028661124,224.34586610410545,-36.98103674770676,-34.978972082972874,-107.90252429823327,-104.0653656029111,-215.83526302242566,-205.5340743256795
673.1214440857116,384.59030219762957,105.33431382571335,-267.8590770440645,56.39907834416131,17.611757270999814,17.47470605906878,290.5498511289434,27.731670851301644,-65.30303580470472,78.83746893240128,-202.89170688496498,157.75794990761966,-395.51361926028653
2392.8361783401688,1895.7948743492775,116.87717447433464,-88.81351324519294,68.58154331217676,221.80112489898858,17.071805138889864,324.2118844331237,28.598485936460506,-20.523087073433764,87.51080185015944,-65.13678132499695,178.90198120827077,-129.8748969213045
3073.3071137611037,1562.8355514221005,75.25864392841454,174.29216888571415,56.20211823041872,255.7146687087757,15.01941598006253,66.93406064945351,20.230977716931214,42.654368861356375,53.24989040801137,131.07695280292225,114.02849805543816,261.71975216472794
522.6482174543262,1216.0154820083037,75.14291225990554,-115.89373538253491,5.160835415052823,115.63786760269042,12.412053551879826,302.78049697107167,18.89210912993433,-28.83085611706761,56.06047435740362,-86.50343679052271,116.31298190580205,-171.3030715397483
2624.2085019608185,1208.8009910281426,34.15736739473494,-46.8487857261281,1.125052234795254,94.11508219286698,6.466017500087622,306.73318222143416,9.045588645309135,-10.98077834040803,28.501191963338304,-37.45847193857734,49.918585090261985,-73.80610659881569
1382.165800349568,623.4606997870752,-0.8881264334235888,44.42881778915478,87.63120495828825,244.38446477248542,5.598786211275986,87.16347382645343,0.2798796172660871,10.89722715226809,-2.026099660126646,30.150938996855295,-5.435804980971676,64.77680382001576
839.4209153554168,765.2360413894879,-146.33717771671604,33.50600040949976,86.42361699311809,276.1498394025446,13.619990283201044,164.55707735129764,-36.86050847904738,7.8965513355750865,-112.50788366982034,21.696966789849135,-220.37131600066076,49.05271230076005
989.6006570162697,248.79672764274164,-92.33307206702995,82.69241381304427,32.60997005896973,25.9997661919826,14.069156862193402,138.97719596063175,-23.6459897734771,20.325917686442278,-70.7767591795644,62.87149912762118,-132.3340298727728,121.41409688786675
1985.2821709269615,2250.7840162660345,181.40895631252806,-12.286878237581071,78.57426131225226,278.70961540589633,7.111907881620625,3.0223771502910113,45.23362785156479,-4.645013142520986,134.79695844141511,-6.8671675672494175,272.4089711320312,-15.752324099564957
1682.4430067223827,1831.4788528296078,-16.61785137870311,82.8716715972686,10.144349704178456,278.5508896358429,4.859040003456534,101.09251698596552,-4.528102546578288,22.208260587275955,-13.495058481585192,59.92122109839838,-27.3140422992389,122.07351268865816
1060.7148756451647,498.0477924325969,-82.43878446282493,114.17810703111309,66.77017570826429,208.7970325326422,12.96883785966857,123.74090057813775,-20.29462309147258,28.778462378278284,-63.38806820034481,86.79930238713109,-122.48493216598725,170.63730219574626
1586.5484340378844,2170.596900568387,-182.26755893520473,-302.1908126343031,39.24516888622668,342.63887781263895,18.51477975466662,237.78968039518185,-45.22876338765719,-74.09100216754221,-136.06607415667324,-225.96822771141476,-273.527866722297,-451.06886299313504
318.7059638403237,807.3657855308907,-78.84244064744388,-209.14100810063132,35.14126411299669,291.4415364516326,14.70953784341846,248.17933784252486,-20.31808270604694,-52.110417750672276,-57.50009741224115,-157.82849316200318,-118.77780899398684,-314.43468895244297
1542.930108806252,1953.0030257928552,-78.18289783957557,70.31777486996123,25.484905447520422,358.96932553080313,7.105236262770567,139.12151705410432,-19.01343721497352,18.37411641518539,-57.91884094394607,50.43471234418794,-119.51163799169537,106.17960427077651
1683.7392247421817,673.4704704687374,10.747842952864152,7.802666652104384,46.7130142763483,279.745556876235,3.165191196206394,44.38951401169576,1.914523546916393,4.571998864325314,11.59432113398396,7.402548195266564,15.092536637072033,15.305888961095745
2435.534486035437,767.0432370454221,-22.432692298567815,-123.65013511213924,43.547609236182026,322.4257672332237,18.998152186619087,258.7742448938153,-5.712573914927903,-30.175506070441827,-12.961835453935915,-94.26973359109749,-34.07917696237165,-180.76629915447572
827.6030658198621,1801.2790139963674,135.70767631790957,88.9585463919002,32.03512748736276,63.039876945788734,12.632803798500266,32.56332011652614,31.40921132420366,22.417232341482766,104.27424339122393,63.696567312025714,205.01179916880676,131.60477653256862
2078.905127247358,2112.878183464524,61.067648603595956,-9.890039611309346,36.48406537675234,353.7773971441652,11.516552934280464,350.42470422751217,14.40294807501648,-2.3516091487680346,45.01822159189959,-7.07302748298982,90.34216376829349,-16.865491623602964
2253.44029368672,2247.9900191888732,36.69872240775757,-61.26179426991761,11.782285261993442,51.37476091701063,7.377407934019606,301.0388895919153,8.730913332438805,-13.424502982616248,25.248098176948066,-45.92003075932784,56.78801334250814,-87.44050974521433
3168.295986867284,541.344515865337,-18.446528563151663,-33.22849738791641,75.97261219326121,246.4817982189083,5.316910676195043,240.25631023469703,-5.783100965050741,-9.01718228263547,-15.538724577807134,-23.282392182901525,-27.877636205714893,-50.80528376487992
1740.8640740139524,472.30650798027915,147.28361816550776,83.7418348095468,4.404833616254978,68.0851739153048,13.582055236731488,29.607723810434305,36.568118354316574,21.08364724008519,111.0350959846657,63.45879436825859,218.64985746532406,128.78796093860575
2897.7980708386776,502.16457663641773,-161.92333913631944,430.465179722384,12.440920585502823,16.18428005621545,18.786207260111517,110.88392317389852,-41.48351509203778,105.44862959404361,-123.50730724763984,325.116403171638,-243.34868516414238,645.9739564702157
1879.8945065810435,369.08966498423945,58.09009024506092,159.49146079006573,29.332347643667646,93.10514129512991,16.778641471253323,69.66621194623109,14.542098597583763,39.566155747303895,44.65267749831238,119.79094666823153,85.48717377674161,242.01447853646954
3128.0972263071617,2170.9487727129763,-57.662404463824764,96.67747181059318,49.57924232990394,127.64557701340516,8.284580312117122,120.31431905925561,-14.62650483386717,23.52658617780895,-42.04446784706107,75.34344806147872,-89.93181052206212,143.48545834670418
2248.105110736229,2052.6216620819814,-26.512196954028663,-154.51833097429764,64.62727180159138,292.6453876740807,10.43055677108742,258.4695984267704,-5.471277886750869,-38.10483506970968,-18.81984667022753,-118.03198136285604,-41.419356194502456,-229.24734610247424
1477.837514881733,1352.9389806982826,28.39956918598928,18.667549518527128,51.91676888845621,14.108181493368832,1.9734419617082688,36.16796854957008,7.66729251912164,5.622450440672088,21.97664821453045,17.737161201272656,42.6860735589613,31.937302648966984
1936.7108648664905,213.8882380725433,7.42871357787988,16.402118553982458,66.85228650359667,98.33035521781801,0.3938784435764098,23.917378502170816,2.343933615666581,2.8823354008160695,3.584351371487434,12.242682542898912,13.121792239039792,30.191864490315226
3034.429162755493,1440.204350514477,99.5494344956691,-29.43014500596441,57.39461797217537,158.67062039974604,9.255741397777406,343.5772417124818,24.027317685010097,-8.825001983680533,74.69454602036183,-19.762680731640575,147.49267476468754,-48.26519034822908
459.8234010671313,2088.8786274252234,59.277810452833435,-93.33236925951253,40.8197832091432,352.94083365350724,6.950775465250385,301.0881770017636,14.126997528488092,-22.457126285395073,46.26200095688273,-70.99865858569453,92.81517367379544,-140.08466610436986
1373.2184117854756,976.4139578196388,237.32552784239758,-24.418486027042718,16.713836177825627,329.88450729418787,17.93567388025219,354.3181252433185,58.476888310113466,-7.394578114952651,176.82874388759402,-15.676655999119067,351.80934691057075,-38.55283213183163
2218.9265058832075,1864.1358943010018,-15.693192354564038,-3.233350613460983,6.960783372315927,222.801203209851,0.7147091176044951,189.47964635262645,-3.3832850155827296,-1.120303185047538,-12.79164401547218,-4.154483708537132,-27.781695932067397,-8.216125432060224
956.7712025095941,1075.6245746649113,-13.265340615989468,-21.594542692798214,64.22981233693712,112.05249223921058,1.5939984662851137,255.0717096815388,-5.609357691970472,-5.281720955136235,-9.237184001144579,-20.845810026142157,-14.065866042578508,-31.458191256679005
863.2825654345446,1549.4543799241037,80.98183622285458,-8.04220716440982,77.85880083807523,243.57311620811643,9.636562196351816,357.00503440206023,19.21791579058891,-2.331866736306422,62.04320467906016,-7.52463367314431,123.42436380121468,-10.404328273600626
2959.9278042618143,1024.9589681502619,-19.537234194315065,-63.598589400289725,86.75496606935285,189.33727500505552,9.411942338720163,258.6730784384793,-4.159954505786491,-16.528736347438734,-13.145697658338987,-47.063793414996184,-23.752389105415254,-93.82487224370645
2206.157542236206,1928.6300039123532,79.11173709294515,-48.22526557373384,83.58608111858811,212.32547994424505,12.650152986595447,331.8753313792188,21.52369287856118,-9.772885320468525,57.363345563907686,-37.588100679562864,122.09517409793017,-70.73733838117357
2790.0414738397585,1683.3029367819163,-31.704610054110614,-14.83051489254282,88.7427954498092,78.24559664549263,2.145818929838943,221.5306692328926,-7.6729868287724425,-4.056270171348295,-22.34253317448122,-12.565523227944048,-43.55897852507812,-20.36715565391749
135.35724187984454,817.658949202237,-200.56474334344287,136.91392282341718,21.4345560063674,359.5609460695405,13.4196446477047,146.04172303670777,-49.799362803479575,31.583562492983276,-150.24309660482152,103.02056697474535,-304.3975906622918,206.18281889390568
607.8012570289636,1204.8332103898408,38.49352311001594,19.209873027223242,72.87087046016492,270.36438219183964,4.5182876775251675,36.03582462501117,11.408900278755299,4.638378807886663,28.873822687275975,15.488572330304978,59.25628649664601,26.057216238701514
2673.090565334004,257.73944873082485,-63.052950611194575,-31.888059152213774,85.01391296312289,298.55606039850863,9.450821080782358,201.7521067017126,-13.72444402015883,-10.656634559822244,-48.739140503280915,-21.43053108300492,-95.68976072705942,-43.04269515392011
1382.4126384323024,832.6819809204283,6.1222671997524465,-7.279530781432409,96.49448154923829,277.9104278552324,0.4039188154705875,344.66957514655263,1.0230573070793347,-3.9139120486555483,0.014986062058189198,-4.952037097578015,11.151267666285062,-10.730302815412976
587.4590597640918,104.31644028410172,-149.67365541906457,-82.15752618801297,7.687821328212518,166.57498659658643,14.13864059604647,209.07489719418805,-36.922438480158895,-18.7509016007485,-112.23661308969083,-65.34789595293866,-225.22499175572477,-127.3954264986668
2270.6950540514154,566.9021858280674,-212.7253427698273,359.1294161189977,93.14039483761962,231.32592447287118,17.54863897912861,118.55445489011467,-51.22651242363261,90.08295249924934,-159.54742807212844,268.84114658243345,-316.5584614970059,540.8178641956571
637.3651808454333,1021.7360908421131,18.23888755773108,-41.21566464165215,41.907195811933875,37.310691059660115,8.860910153829334,290.55346513056196,5.534631017774016,-9.126093650933967,13.329720082832688,-30.732304648995857,31.8241371624526,-61.28475429452081
419.82116672692064,126.5098292511093,112.25530530901477,-57.24768027909611,81.45618315996582,256.4259795239361,8.244128338288853,338.5427157267019,28.738779531201793,-13.581230404283726,83.24487506282613,-44.168564489808645,170.72484998657663,-87.5940756226933
2856.521793359242,1189.7377632667726,73.70110053525114,15.82267984112119,58.08322592519212,297.69197506862395,6.251872013554864,18.064359689890786,19.011854673911344,5.145164730838898,53.138228029446985,11.441782916499172,109.81160070011147,25.090881259032216
862.5759240760617,1895.148664341239,-38.66495834588147,72.48611297759923,98.1219938723857,237.65769314811374,12.496209780491013,114.99511291958252,-7.643899248154829,21.842648068526504,-32.463762770142374,56.451764876660704,-58.466180836855145,111.8727330075365
2480.522167704352,1499.003894126747,101.30806447692132,-74.7984957285755,11.715608311970326,224.1501669729401,11.01405355962192,323.49746277212614,23.863014203458135,-17.937891112917306,75.191095845573,-59.211426584260096,152.40521417767098,-114.69715693343193
1452.322313452839,745.9569174460019,17.036017722081137,55.35094409460277,31.581937965130557,74.62199010566654,8.230106706438697,73.10090491198825,3.97064503824213,13.516329171714903,11.001309091680191,39.788585960740434,27.664838187357912,77.74730834595276
195.7868784373557,940.9997090879467,-119.80565328394029,-13.725919129408538,24.638512789259646,218.38674529897992,19.703386621030713,186.35566038601414,-29.727898225667293,-2.7450663104022537,-92.14393483229892,-13.664687784771964,-179.45496250864008,-24.27693840875515
2631.478827092805,700.6244598047506,-4.445272729616516,-1.7986372050739812,93.87329080433751,70.10526816106355,1.3252468118886673,231.97099440596435,-3.4969053098943332,1.8550678422328215,-5.927224597457554,-0.22956457612964698,-2.1358302974102514,-2.255163101111505
938.8711307730575,965.3910022629268,19.01117664537615,95.99722338401799,95.07680742803991,274.13306557931145,11.454463690236711,79.91905961041803,4.803990272953,23.497811941262352,14.225421071802872,75.7381279876107,30.330363800367092,147.27333748879494
2581.336795712666,776.1932788509796,33.38875593843018,-87.37321713477154,26.32758256832364,216.31496115429405,4.001642807961687,293.5483616275276,11.368129998884605,-23.29165007735803,26.893314113337382,-65.49719578917372,47.51973438884417,-131.20502285404302
3348.8041860057738,109.04895549601419,203.02460148623112,-79.0687651682506,77.60960138390483,11.261531077804605,15.224283813032768,337.6580183452995,48.978162573538995,-21.090427372978958,156.88434694482822,-63.49768158120016,305.84527149565605,-120.85805656543374
3102.020139678109,711.5712156425999,86.89138219121885,19.718864042177938,18.03909018294848,273.7819525388629,3.6708344753129896,14.851857730664385,22.26411466531434,4.383688640204523,63.41412503181782,14.797553087050456,131.89417151010284,30.506046871924205
654.2577671407732,1696.2985331395857,147.69529493976214,21.310729274214108,44.505251907312385,271.3933631724186,14.278558963706114,9.576082966681948,37.5609787555217,5.666830334929868,109.82473630553507,14.57928356552044,224.4536879536477,34.819304966537885
2422.178737200936,600.3692964920708,-45.66100015805376,-75.88217258444497,21.513406321387073,239.88278449252368,3.725003689184321,238.16279942659347,-11.235038850960128,-18.44440340058288,-35.18192910057374,-54.93990659500197,-67.40849439854934,-112.87774376499
1023.0588128846898,999.4273563340536,93.11104203316408,76.64040602683623,72.6014354314904,35.66002712290944,15.1106706867868,39.770253379707846,23.075488843122844,21.04169857607148,66.73917371827324,57.73357372975176,142.0592942395388,121.86070109568772
658.4037825090043,623.8618029682822,-0.19267550468006434,2.6715640552492173,6.690362901245717,23.862085952202964,0.27551571904853134,79.37075717391015,1.3704020129597105,1.7037496852881506,-3.5499158058762976,3.291634895855466,-5.307024411192099,4.181466989066547
3169.9036402033216,1786.048650181626,-91.39687986649975,184.35969476809,49.300590600556625,347.5645715441328,10.93510893460376,118.27277170450134,-21.34119094721172,46.95454140604321,-69.98230865992457,132.9304172065121,-134.80128227344392,277.6396024737003
2789.435285683735,149.2610125047671,-256.6587787934784,214.647303428693,12.437234378458783,307.00014490278784,16.67645656090067,139.9704419335353,-63.642974054664,52.53433681928457,-189.65882241898095,162.11429273579162,-387.0528529751344,322.2127426151287
2499.877263750107,942.9400294375895,-44.87648365669514,-201.01962133884686,32.02850012191099,357.0024778321445,11.807995319194555,255.85886637698806,-10.075629779932843,-49.46311026698292,-35.25993693704407,-155.40368163730707,-67.84130967283386,-307.82017454594586
104.9809764352468,2078.079622214546,-60.642294583458614,338.66327942127964,28.624440021215868,92.77373955939994,16.40652390707484,100.07396226089114,-17.36077725128431,85.28938581697163,-49.92187383177367,253.61469163015818,-89.32013254712916,504.6416452869705
2389.6820650972295,1924.30972404945,132.04657774313614,39.8682236211642,87.47517831537249,253.60628557244956,13.74996173395024,20.4032395211301,32.10933693722746,11.010604404712684,96.54830756203975,29.537341848010357,201.56888574938796,62.529723489544956
1329.753880855627,1826.4426214700513,95.00497872886226,-20.58841774271981,23.990665192212646,249.0853903560562,14.599291628409079,348.71665600395943,24.800132731486645,-5.370559140985594,71.68104548519477,-15.093890098373906,142.67164736862344,-30.604212975910425
2781.851427498008,1063.200252532363,50.61837106929672,12.264017926456907,51.0450234676244,335.6947536359883,7.56511823105299,15.10094630311459,14.034541762944492,1.2451536603946431,37.57949926190882,6.939829812456752,77.21914543897618,17.3209740926187
252.8861270344369,883.0629987147464,283.61399104628657,-217.24402391282356,63.13740799691089,328.71174409869803,17.359868453877905,322.2691198261789,72.98651296000452,-55.823314516982016,209.04926736928775,-166.76980881980808,419.1822222115525,-323.8465264247746
2795.3057805154012,1494.0052179135255,-55.89368612808994,-86.28265211194925,68.97557615389456,83.17252807983489,19.391505769627848,237.66339519826752,-14.624625672266674,-22.906538870215606,-42.1067374827873,-64.32536053980583,-80.64368341300998,-132.93014090262886
887.3046168935057,1310.2666333700568,-163.2208557864275,-104.10804654021565,38.62819866096155,346.1685340173079,8.656117491009754,210.3027063054207,-42.43070792344446,-28.081024594381436,-121.8845637584502,-80.5708260696254,-248.87627819548288,-155.55376700545335
1941.883459735401,2240.8241417883896,-301.993595573953,-146.60554227380138,71.44085958537897,173.15372145000669,18.321679711627507,207.1131683419101,-77.87614071413462,-38.622615040180605,-224.56594243620876,-111.3621755454868,-454.8393593282561,-219.40899821858963
2951.9415390786608,511.594108537056,216.11845656833475,139.3085554931662,97.91511617091211,135.59873004092367,12.328992943006476,28.016502802570944,53.98869428904528,35.25546850778799,164.66327162405722,104.98225461315249,325.61327734522735,207.85737849901923
2112.5284772827163,1696.100297845956,42.01315438004936,-114.54276113971311,7.985402266344521,275.8275660432253,6.215738091473169,289.8836196659431,10.371880888060316,-28.582306517059635,32.61195626063145,-86.4678406548287,64.56894941524749,-172.07034696277447
825.9107869929176,2294.3327416583966,115.19950021488731,-86.23314317926119,69.75809089595323,279.5016326639356,7.937223444050716,326.5229236538235,27.835171324614574,-21.916299719915816,86.04791020980102,-64.55623174880417,167.51112935220615,-129.75552639100457
1709.3527834397814,140.20613242438534,-108.03541897857016,-42.59599462817045,5.161218307070648,5.75129838361764,12.38263740094228,201.63345036307507,-27.12808487562482,-11.094193717078856,-77.30911154387827,-31.82253682663091,-165.10315159591858,-59.46859097115692
429.88513286218085,499.00907259578184,-32.2534228506632,-174.0478238852889,48.76077600551566,178.09032778501202,15.354375296427069,261.4235852060109,-9.34525460003461,-43.12480866355612,-21.65711098038795,-129.72670824642898,-44.65677915850868,-259.3805916606466
2819.6733527380147,1972.2276676784202,-72.00737864227422,293.15321890584727,26.666378299755422,313.6566682153519,13.081879969269819,104.30120037401531,-17.8967528550084,71.63618471000655,-57.16415346235757,219.82093596725267,-110.30237646697537,440.7657570272652
309.7509336370181,946.7909310572494,-24.484869770528494,39.47976633476204,40.982477778470496,115.10661834953503,5.1589327515650085,121.95948420343093,-7.788533513571319,8.507808018927012,-18.60382248459064,31.067258996156326,-34.12510603132495,64.05682136861573
579.5022559681888,2166.9889922673606,-41.18842867591545,79.2514154172496,34.586929185576324,16.1130080821139,6.008874136883753,120.82814131763739,-11.301947220899065,20.473128591335154,-32.32508042586626,58.3444183276233,-64.2191181045279,124.23221250071472
1928.4914213522345,204.14093538014816,112.2514179041804,63.899422711851884,86.12489631007233,61.4057591542292,7.203046629101763,25.884590337996116,24.400130689980333,16.494504066658454,83.35842627846986,47.40214011485071,162.68499486470213,97.3298995254004
1881.6863028477517,553.4619721730553,93.64163262583045,-114.58463982472735,83.81726722079114,359.8909954772649,6.44807020241299,303.2379386137187,24.673279868068363,-27.573295227729492,71.22476165942315,-86.77276150834368,136.25644706846137,-173.0488806827494
1944.6057004644654,1999.3856851352728,1.3050794213677066,-5.863940399207034,96.70879097781138,269.35481582203477,0.11245772542724852,48.49227376774421,-1.1850654638309015,-3.6286781684833285,-0.3471050296832857,-8.325280189890588,1.4901156620305582,-1.4410344833016389
2948.917821040731,2080.3061709416133,-11.08868602156842,-115.9833114396258,46.96838533675992,86.3092729255138,18.903848389186177,264.6139114983322,-4.187866083207976,-29.323637891519116,-7.8000987766080385,-84.64318373842873,-18.4935559028969,-174.54447254362907
2109.4945062610254,356.3722053026779,97.56663663970984,123.14032176043683,74.32202504026063,288.99291482777573,10.879525159196824,53.85702929070869,24.690504334350056,30.158260897190285,71.9334251313046,90.26042815103672,145.16570609855884,182.14344574107784
1053.5639792343754,1719.942805775764,-47.19115353487882,-152.79113468666992,70.20233881890438,343.7737835142116,14.488433703460817,250.1343910876986,-11.707977930175225,-37.13390017107943,-33.266099310268686,-116.13332754955302,-70.69050731964667,-229.22568306605564
3442.163313064948,1566.9517323256314,82.3889855858275,-110.36960595291751,11.363388975022925,94.75518597598531,10.308339244321107,306.52108203527337,21.15438960987708,-27.00179355266737,60.91666262321603,-82.1033626427002,124.14048705587471,-165.67249080380674
3462.2177433995,1425.3402622992135,138.84382394552756,138.76155303641917,70.92672047211343,342.4621666627113,8.998557224824209,49.27206883816558,34.32964801679623,34.68506247240983,104.12654345501555,105.36839813480042,208.79772100771478,211.8339645702544
445.7877644941877,1454.2530806902828,33.48883951262691,238.81859795713186,99.74002763196093,12.505601752539505,16.835883950300882,84.77308643427538,9.671454371967762,59.79315924113861,21.86800787820559,179.09681554671184,48.376534895075714,360.982589577131
3281.3452593175107,650.932553274929,7.863124499389431,2.1932273947213727,16.77206528702868,177.5966369438476,1.0103023594048666,13.108222253742351,2.2487343314368315,-0.7462686936377233,8.00590855172236,4.171426969339953,8.744583890828292,2.3957085694925992
1798.255029868457,2058.9498608615822,43.44314543503868,-8.257231647903733,46.87228489412328,70.44517790697154,1.8610660618746078,339.81358971559666,9.93760128222065,-0.16193719301025933,32.695880797474786,-4.219913796967835,65.86075741778211,-8.443001942767026
3308.2471254218312,2100.0949662250596,-64.28592196244202,-114.61771380766595,48.28880420104019,114.57864915708579,12.033375746912204,242.95956540101048,-15.442927888666075,-28.735963942554694,-47.13640629728775,-85.66109954129647,-93.54222983946458,-169.0685104467744
2112.314390546699,412.85890859239896,-10.250077014563974,98.91242020006513,51.971429088628774,90.95983218124955,19.973451087025605,96.10629843643939,-3.998273156091737,24.661960006447462,-11.192495651990425,73.69080813766007,-16.69923636293675,147.96583327977942
3399.1106869668292,1848.6470644987473,-190.5837424783625,235.92270205074405,25.44133065641585,147.2010604939409,17.24579149190257,128.66886695637874,-47.75072458776546,59.06583610186719,-137.83053419726335,174.64664858118846,-288.0162071261866,358.8155308663833
2600.864855903807,388.9701863808545,-221.93514132910798,-129.06052626343376,65.3445548270779,297.48201393085304,17.788879456750024,208.6439385434001,-55.29636047789822,-34.26209385048727,-169.18066610875093,-97.64091833326728,-330.4804224427752,-199.8206374317464
1214.705917513102,2029.2869569654931,145.82790347282358,208.80547681813502,86.46027004236932,64.3584196612693,17.998977484761213,54.54313598018416,36.03450096350693,49.96387017925896,110.97894650415746,153.95587715108422,218.5393131866505,313.6673190184054
3007.726329202404,1213.254217790828,-398.0867836674173,172.18735793091662,95.65586390807805,49.05311847414887,19.47344796415973,158.7523060186229,-97.85949147083913,42.5749582616548,-296.3664827095973,129.6682417708865,-593.7784855079242,259.98694064706376
3143.2077530865504,1752.0922348767274,122.90113617957847,-263.83035252070084,71.70174013647662,347.3085208910106,17.273693157831453,293.53603304979856,32.018931168619005,-66.8592290277429,89.03199666353962,-200.86053620535384,179.16477746875333,-399.6419733558446
2365.0684655245127,888.311176690384,45.26266596775538,8.504417836635266,2.0343936614245828,158.04885624763384,4.483041323571754,10.370569602463187,11.058717271017244,2.981127764477657,32.84063932200978,4.679819392871412,73.00638784023161,9.329802793192078
115.59930006105151,1977.4430724873655,177.92601951472295,-10.99004971901175,7.6093973049830455,324.2358536106782,18.988690424097975,356.43700588036825,45.19918599754679,-3.0451402904228657,137.0733696790962,-9.653927664380772,270.93564068373064,-12.960274850633503
3092.074896596258,366.26690704516454,-121.41276562795693,36.55823891212399,52.21616962187704,261.1719680768959,12.722368858483291,161.3930831781363,-29.7087933318307,8.397770483708216,-91.66942023903826,29.47164817140987,-180.24806881140682,54.88411208589496
1920.7263681853094,2289.161074855535,257.0740514253955,33.297822100215114,14.213099369205462,310.4015114148114,9.944060053459307,8.177080049880537,63.528897204242234,7.425100254711287,191.60671389327962,27.70388991538336,387.78919351742434,46.71596379426963
761.125568859901,1952.9577625602467,-76.2115553768097,-88.80879719577864,26.709301210816427,141.49017298188494,5.96073721594196,231.81240521137167,-18.682317378254584,-22.18627178095244,-57.25046282868119,-67.70629455308344,-119.04152118524082,-136.5688486722935
1228.336275473427,2069.028064578217,-25.308554199503007,22.83535307743025,1.8976150208404041,278.9698994568498,5.058663576118834,137.98638389432693,-5.836645956769721,4.970243836160127,-17.626174730518525,16.38033867633254,-41.658484035906,33.44617041244704
3451.871130375735,488.59594230580547,97.58289630750883,-36.595056091148294,56.76198212322694,204.94313211460832,7.456269023555597,342.53589331768717,22.931839441836168,-9.712219220232523,74.88320783023084,-27.513033525236878,147.2752051360258,-55.741630719835676
1521.896801491399,400.96435754691237,-9.432251948652056,47.94433635498462,84.83823039886565,349.0633228289143,5.825414316700233,109.27303554314479,-1.3599142447907764,11.531080070138115,-6.167035324449708,35.45806970993832,-16.226416960816884,73.34057820593195
2174.918096247915,157.93660247538068,134.337309154726,248.27287883636419,70.83781557708652,264.0843081543378,15.786770171899946,62.10901948407657,32.48046509418678,63.25812268439139,98.56441923190364,187.2745346850701,203.23333366384438,372.57424586923315
2235.955589789354,209.98595851081626,-276.02086387927574,-46.360439636821816,98.87621377366268,56.47187867359162,14.361382053942101,191.71081406311055,-72.45932290585138,-12.322445302867978,-210.71177119509585,-37.307039462383976,-406.81742234269615,-67.74615505337447
1685.86949214805,2072.6259596010977,-0.4978047542697286,-45.746954160050585,31.766122852949728,208.1922684432413,5.999078403879706,271.20600856531235,-1.7938962118785293,-11.31449226102856,1.664304774678861,-35.439791329677426,3.1981040046162947,-71.2385070478179
2742.9902138056345,1202.6022639393611,-67.24683122373081,-142.52223929308033,78.3213384366389,114.08508159415719,10.323192934328116,247.1609750299706,-15.54065907680279,-35.69037561707363,-52.30836621175045,-104.50694038579392,-95.9686360007616,-216.84516485796445
3141.1389039998703,493.1592119477192,-36.966067306880696,-100.24547541789792,51.46635387419801,42.76239167677562,5.589103106402624,246.95328934556724,-8.296255060409731,-25.25514163260166,-29.712525737819256,-75.04899976529597,-61.263020903786106,-152.04549684316171
1059.4941458761482,1291.2462663941042,0.455702285033019,-17.33072089403976,48.35926907518701,173.5081774632331,1.762834622062306,288.83454516976917,0.14546930521241153,-4.909534348505559,0.9657543612430572,-11.35770591064549,0.12883357649856508,-27.377748060523487
1363.8581928805493,1157.9356388231392,67.1908703890919,-24.02611990210392,16.89028740064522,207.90419140699052,8.715412958184466,341.02690682142907,15.660926308191389,-5.277514841893897,51.885405227665096,-17.778603637801464,97.5753983364939,-37.62152695193224
3302.8859414909343,1114.7837926426182,80.98480864508028,-117.20795661252039,41.72419986627665,96.32419192539008,17.831705898942886,304.42203608024704,20.101721967569016,-29.964783228973754,61.7899034499023,-89.78403082526285,121.74671533400578,-178.23710143046839
2728.545083686588,2190.1316371077355,6.54718469641318,-26.197853911812597,69.85275629694127,35.81703274845006,1.7704109942828206,263.3752974737037,2.4346538333857297,-8.50297100537463,3.647163486856183,-20.35806973087222,4.027592568517734,-36.62693057949063
2082.9455095795183,1329.0926486629842,74.69123672094274,-159.04900955456145,54.22567291435616,44.38840393675059,8.803615487007141,292.321418183565,18.86020172633161,-39.55617791596662,55.557893004546095,-115.8452157991964,111.63587588162683,-233.71554810287228
2604.520016712354,2036.2423629395798,89.85406941988468,72.97898231170197,89.05415851305968,163.64828670748366,17.186853587040584,36.524656982776726,23.758298696676103,18.617031494357565,65.85867267369133,57.72527192633283,136.42472984081112,112.52185242916522
3464.0153896962306,1906.9914878791005,-188.30813574132748,-112.39488247366846,51.94232178954405,132.07664262153233,13.643096582976849,212.4798511705232,-47.47753489307054,-28.69896129488073,-139.81436971321222,-85.60073515967929,-283.1139515972455,-166.1550190080309
2014.8752284627071,1653.3157243018377,8.209861402628928,6.4912729138554415,95.29366992517265,328.6556054270754,1.1438460676275986,89.33970355534109,1.6488483782248236,0.8276052704092515,7.050045295388798,4.706097440408079,8.698206290111179,15.189014360128706
2829.5245694909177,749.7227443084425,56.107097924375545,64.25814539733233,26.57962613602184,236.35716368798674,7.809747239361899,48.930489700192645,14.655849239026852,16.38789648967361,42.1658576479005,50.81795958607375,81.68536796655826,101.56622402736825
2300.4703857999875,666.6153643598709,-9.262515539849394,-2.34840071996536,43.47421137695533,75.43646553666206,0.7636990535909605,211.874346207134,-2.279288469496394,-1.4328208381683893,-4.137669295436416,-4.349164775860289,-14.978544707366279,-5.039569914483455
1920.6749888733045,2197.1097320012796,129.105509836257,-100.812743806367,28.734261824375608,175.50987163945572,7.9986172612883655,323.0628019308288,30.104612604583647,-26.494310804294695,99.96973049913008,-74.25032952170058,192.68187715915823,-147.47932676668452
2536.8089076807337,2115.689702465508,-90.81796445967778,-22.166328543305177,92.08247944507053,253.4504409772713,12.738043856250723,191.34938718900244,-23.37034539597179,-5.504789128699246,-70.8636344450582,-18.68055898787606,-135.7786232316755,-34.73285662341912
2317.4486694463544,485.9871170730623,-30.575928043723252,-2.843362582232168,91.92415409246131,288.1776767742458,4.606386336150161,174.90590312995346,-6.261282771554551,-0.8305115567996678,-23.495042835046426,-2.5321910273196684,-49.277388517963786,-3.0321153783057477
354.7690919057071,1038.6282852563177,49.532695422789146,34.346142648524456,21.964643085814096,130.0379827924741,5.194221602049149,33.34912658042967,13.552302867144835,7.54827751184834,36.07058644522416,27.146094928531046,76.31347614847998,49.48335212017604
760.0454851895597,1636.1716992736542,168.85437293241785,-32.29459261733581,85.55304049829037,345.31713814833364,9.484950308005391,349.59928427356226,43.13306039340883,-11.177563407631808,126.64028016037305,-22.88193019858174,255.7952296836156,-50.83969809974495
1247.7871564572677,1895.6557758070596,25.02270033268697,14.851433139514288,5.684198898388515,119.58407175912889,1.887198165212789,30.714416728499323,7.745120692717105,4.329412297851081,16.558938948759724,12.090731254384108,34.46514684442625,27.096524813207356
1674.6863028757316,2127.4420666221586,70.52298163003441,46.61311170326283,35.9964046297747,220.30529147670194,7.269634668244791,34.10189472880503,17.435904831216348,12.58755329143663,52.55688808523463,35.39289412265869,107.3901178878807,68.6276383790136
3171.076320558102,590.1726895178685,9.30393239825593,-114.14272055894092,5.932418996861111,32.516689339903586,5.227616707527265,274.12166777284614,2.938580179843978,-27.490768452885547,7.097796137079668,-80.32230465590229,9.264675334369755,-170.72519582584235
2395.0118004093306,686.1204160609092,91.40121501468637,60.850673631406316,38.943496647845386,132.80972971682743,13.44050044239797,32.49099420595826,22.45278005624735,17.780972991357526,69.59388211337526,43.58252630348074,137.8713637420051,92.88254808170541
841.3687766424308,794.7518572808507,-11.931485698005247,-80.66522197523798,3.0205867011095178,220.59296670316087,12.259859617631331,261.1802092954965,-4.235513829721972,-20.17998420054314,-8.873091094716228,-60.60964411164992,-18.829560083370904,-121.97601393021303
2925.138626212976,1446.7071960390776,-62.35720026116476,-43.412375808480625,60.47156081539724,172.5644776908024,11.37990028804582,216.63708853385197,-15.944617370686116,-11.872821935603204,-47.883655425631204,-34.68684482798219,-93.17039642480704,-64.21907232033772
125.73494270348263,655.517762325072,182.10740241616728,-7.815512842571471,1.0361547077779032,257.3526595567251,9.388436041109568,357.8467290531801,43.30530735102718,0.5970326429481765,135.4523864005193,-7.169961805195852,273.8980933483827,-10.072060328867424
2444.698873667201,1359.127350380067,-22.176400336949044,-162.3270302092337,68.93108081610592,353.4705179545091,7.703206752689866,256.50921127556296,-7.617682378859601,-40.620412597987155,-18.660244139433697,-119.7770826255375,-34.10783523598393,-242.56477465700092
1348.6000022019643,1468.9230685334712,-323.304865755721,-231.12640649287414,60.53350704632533,28.090480321851665,16.925172243818963,215.30337603471907,-82.62623911998523,-57.97312168712043,-241.95155802462375,-172.372071604358,-487.7303889537739,-350.4960034768979
2432.66694031455,1151.198078378076,-56.17367032319104,105.44192519058656,8.148256184636827,50.92126046843652,14.912973670246224,118.28503025345911,-14.850282963654873,26.91600089532819,-40.15012661504473,78.39670247218787,-84.46790617945072,160.16880349741308
370.35417570483224,666.9322036452302,-125.88609195253319,-68.36152568311722,23.296992031553298,86.02693939478051,9.877634107585001,209.9612346089656,-31.346012992835348,-19.06489348649655,-97.70680088793746,-51.16752101574218,-190.10387854462556,-96.86754750949505
2442.6255368732686,1149.5773874113418,367.99001747979133,177.32145403794456,97.7333782884695,120.4865823971224,19.651458740047765,23.390619292431133,94.07064646584975,44.15298677889949,275.272543740867,132.4676281347461,556.8453610347063,268.5482346779201
2007.969308737828,1821.1665773027087,105.6784340303359,-146.457206972787,97.58044202094447,195.88652258550655,8.335810234854517,309.72350201764556,24.86135946774555,-35.56203431092193,81.17123399249971,-109.14309735157576,160.14869374213393,-216.38919809564854
2958.478880359829,731.7486899538561,126.2039266063853,234.4845595863346,63.71164488122984,212.61725622863312,12.448392015866895,60.70749377283908,31.386802842611356,58.8801786571598,92.82472987957019,174.32955691770414,192.6541859068956,350.07997425565856
2299.3153976071644,1829.07001930014,30.09346096485173,5.125525834059427,58.30311063353062,92.78390810129285,4.559883604250883,3.240254110949925,9.172132422311249,1.156972378188497,20.696108264093468,4.814582005884563,42.91185153507782,4.841030666233777
520.4869673465184,732.8187499903075,-230.05583011740362,55.115404635100376,72.8598155539733,86.90452923862186,16.70719294120773,169.02611824507483,-57.10726982396971,14.067342521495128,-177.11408726991692,42.244367088020006,-344.57774189604754,81.45084335803695
1046.718476333361,221.03017298272295,-2.2281219083252086,1.999564306544871,66.58517290986221,174.85912567215303,0.23924299403447868,39.93265407828495,-2.9158498412957177,0.7978815777260039,-2.327801878272018,1.3708228387728694,-6.889556704223813,7.299192977977894
2527.727737075641,1481.9765210956039,-205.45697554794424,108.38847115153717,65.1254185909738,285.44137596159567,12.62316156752502,150.74133452708128,-52.10758028487503,30.201273552659607,-154.17612911848332,80.94818443441271,-310.32613279473264,163.31671777451865
1662.528850217664,2285.5590929955115,71.20743510613602,19.798700677517463,71.65386372090676,196.87351950057757,10.660657698781533,15.755429612949992,16.01431500948323,5.069448828086617,54.31725537159298,18.79569184487657,108.21966010277356,28.34899864638424
1307.1544862181286,844.9632959596001,-231.63834916185476,121.66039503124075,1.1817335778210536,355.58243385228616,12.240086783437276,152.18285982695664,-58.65582359902738,32.02717558336111,-173.79228151479097,88.17475631584794,-340.52614591859106,179.07010912876345
2724.661652846591,930.1801526924526,-12.160855692570554,50.09769524271874,16.036369550931738,288.0176100582326,6.653813626624217,103.27748320560626,-2.8062119423086047,12.342359816654827,-9.203826830654158,35.34435094262336,-17.361875220184164,78.9880987745891
550.8225060763378,478.1530489071012,-193.5397069759506,178.0961386952049,86.4141675834805,189.73049892749404,14.116735475334249,134.30250944390332,-49.530620536521226,45.088198852456365,-144.5537991915073,133.1929432119358,-287.72110779823487,265.42894528573436
1072.1867822953654,2166.817652511556,84.31133984554036,140.82885561258536,91.4452912837003,15.574742506363663,15.408279737348172,61.006233684386544,21.145137011279424,34.7558564993564,67.38422548804763,106.00278786000827,128.73391021635672,212.09773206489746
1662.193308549256,118.41284432447246,-37.381348486550216,-93.06744033846113,63.0652681596854,243.0476746571586,10.429899787919394,248.14975328683764,-6.32784047084874,-23.96570090258905,-29.25914542505759,-66.25455636367325,-59.696777082217864,-136.1913428480922
880.2267580495512,935.8996516471335,115.27459306717532,-146.55772443667377,59.29230878077101,241.81387800624043,12.903401387090604,310.7756100571105,30.237085995392302,-37.108960110493186,86.00619753877531,-112.33267544495551,172.93354103902666,-217.5563583178454
2565.454620233176,1919.105287022212,6.826309339642798,-276.61493638001673,20.377437484549244,78.55820479185566,15.17182912196767,271.1904257435043,0.4236169337210649,-67.17906307042776,5.374425989274302,-208.96891794861168,6.067047006138584,-418.7924069647356
2438.211459212081,1120.0065889125985,-48.30514959757229,15.263961554764377,75.20938447714501,143.34236016673648,3.017267709731253,166.08510942848875,-14.407961422226224,5.668779615433287,-35.78122747913115,9.992154822889926,-71.79245115705827,20.38950115122038
1823.8284927684876,1186.0710535956875,-53.888694894621395,32.825578405811505,6.749624529922982,230.1193608780729,8.626405171786615,147.99820402284715,-11.622840825945799,8.757263556021304,-39.02721661518336,25.565655305511306,-85.35400389581041,45.643884756476595
2925.452370381775,622.7233745078059,-321.03447535460725,221.9389595929239,46.117237367360694,69.9572347280099,18.276814842784272,146.80908471478514,-78.92090418385226,54.81095275545652,-240.4281170560998,166.93361149120156,-480.9585907097845,334.93193698468957
3055.339609365079,1605.760881207914,-15.351253887215153,-38.80727500983937,20.184766854371038,219.43983659244353,1.8189247944628195,250.4602908785371,-2.544452581130635,-8.100698613675947,-10.800081047976649,-28.008507980045046,-22.740953731295765,-55.9092361238103
1621.9839380396882,2229.4842847658133,-57.01674174406037,-66.27715831674482,46.413118779765604,230.87679878417677,7.461242937168779,229.07744136710204,-13.791040893294175,-16.40245095970064,-45.08380648300204,-44.68448544844253,-87.03572620603795,-98.11325375878052
1396.5495954788928,1125.8033291752922,3.103848050946351,18.466935281719003,29.84583945121182,133.66282046705226,1.5621037384883651,71.27409220184087,1.9913433804322704,4.9866549323417875,1.1148603659805145,15.653818130917921,4.67959364548924,27.764893639648356
244.74067853101366,400.91436109920807,-237.34208346460383,-111.14521687855503,48.58000651009557,74.81836954552313,16.073179700000377,206.35816232497135,-57.812882349343205,-27.764144320891916,-177.68853912509653,-85.82942412488974,-352.04879697619975,-169.68112657815593
163.95482675214183,1575.0412595670152,-184.585599873972,-225.22762149195142,10.28977340161874,23.31639107771688,14.492466019172259,230.52317504546644,-47.056370591796636,-57.24455019676286,-137.50071343724716,-169.26850621201186,-275.8956922804042,-342.3112406874849
3095.8570074236036,1124.610094232072,-134.58313753011475,133.7629748975005,50.53993025722535,48.39807813401762,8.409109851355222,139.31813153108814,-32.99594006317288,32.12232785462124,-101.7542850179004,98.76807513571991,-205.0710315138239,202.63614172453916
2367.8506579667533,1996.244299654796,-157.96519935183275,136.0810761263423,65.20247914130005,42.972145169544326,11.4715514809489,141.7063263161583,-38.10323769529061,31.95541139414926,-121.62038819828402,101.83386236419929,-240.74050097328228,207.78949001834127
2322.63609432937,944.0993491211594,-28.97599514683787,-96.01388718991862,70.02098938562716,240.40780952027418,10.176255118420015,253.70639665589908,-8.165263739787795,-24.304027119228124,-20.567437175836954,-69.9815481151634,-48.27276445982977,-144.93043404386356
615.936038895679,1108.4232218611364,241.9588589032357,-43.64970354801869,88.52457430105623,67.82231637790917,11.373184579829758,346.20695828001215,62.06510513841839,-10.842772257566146,181.47285110045596,-31.389754566145793,367.6673609937263,-60.93840947616012
2756.8785362341882,1910.5248483903301,-103.16881030370743,-322.5617316861231,2.7229316206060727,264.0094430725396,15.676304892604753,252.15459820496528,-24.994977409643436,-78.94789757745893,-75.79184937875777,-239.97817874186583,-155.9214710554084,-479.3476628979356
3478.7572961463293,1795.7312149198497,75.8834484959232,-164.82469038964157,57.868000527998554,336.3088571087846,18.163966789160366,293.2441435203354,19.204628783988973,-41.34749069274284,59.47606624469298,-118.07922575398656,111.82960712168477,-247.52766576603037
3100.1645371634872,797.3872981746655,-220.0176621231457,-40.631847853151314,64.24603344682944,218.67608122921274,11.689736507690537,189.25639272417027,-54.691298905353904,-10.949451178310714,-167.16566694970322,-30.914333801091548,-333.2200934458037,-59.04237866278628
1830.654564232502,773.6135451690931,54.92887988639204,-7.787130948499225,93.16900644340004,82.18370385761962,8.398370430840568,345.4176948580821,16.357296466476978,-2.933664881883253,38.23744158519503,-2.045117355440086,78.1007440777909,-9.631508288551704
1385.328875650377,1073.1014839972254,30.936244902732998,167.71433654727176,86.40086835624805,125.39984213997177,12.702740962316527,76.82538147080352,8.242692236461089,41.08931141421593,25.56468897614236,128.14733363316685,46.767085099357665,252.26362329028072
1125.321643992586,877.5002933110803,270.3147746265115,133.63295053846855,39.111097319989426,11.091122675318182,18.27020630816514,26.4789373913294,66.61062014252772,34.926547152405526,202.70776884265246,95.98570672464773,407.6626334318616,202.87806308620517
816.4373727033118,417.318532545952,-101.11423003996373,48.44378061512278,30.396960429409823,174.15149460332492,10.780100896515012,154.4895327439005,-26.075007816896402,10.141064048947321,-78.14129807800643,35.38576196615424,-158.79103425849752,71.23939385531168
706.2790242283419,1089.7360999190753,-9.408254016016047,-13.453498171288189,42.18439682587392,47.2916439574055,2.623750838360217,233.10265674445105,-3.9851133258665348,-1.2856536808765093,-5.719109748764893,-7.956644612666529,-14.363270078540838,-20.672323583712696
164.77066407726974,2151.7451413063277,-0.8701606169308959,135.68390636969758,30.395165868817543,198.87486010972518,6.361392657574838,88.49110391597645,-1.7642095091901537,34.10138789776149,-0.34391345674333457,101.73281112304213,-4.559714638292848,200.77426721761873
501.2200431445201,1413.7131673398453,238.31327393591613,-109.23721077325114,8.922699901396292,275.7629029694678,18.384470286611162,335.4736000375798,59.89795711580224,-26.915093593236282,180.46851226239417,-84.90530494944237,362.6266756250432,-167.0225861377138
2588.7374715302644,1801.0675850993166,-306.25572495367607,-88.07758701680547,73.57751920175288,104.09942195558452,13.721353934584442,197.643413614422,-76.95367881628341,-22.3573018975951,-229.1358843614017,-69.07704784270209,-460.10062406407474,-130.38762634914184
1199.5870375071015,1341.1092911511103,-68.3485763505382,3.0630131337710482,35.67427176931353,327.74977727423567,7.556960852845238,176.55921090700815,-17.466433819551124,0.7804454073521554,-52.62503352654714,3.565700409594374,-104.87333555083244,1.9155481494158835
635.5293695635497,1158.328031629812,-186.6554985691407,-85.6765009117263,28.36879596167089,357.5836712618124,11.59937586730878,203.93201701952657,-45.99698486571103,-21.279512163952578,-141.42619122688612,-63.74815309914676,-277.3476501782865,-128.25420581042326
122.1206307920433,467.2068682431573,242.14487355327373,-20.610158158160157,81.45615561026163,321.80655836789384,14.143212417365419,356.9616589103355,62.26827790421187,-6.540874588977061,182.8905444229216,-16.64261737975579,368.5515439601655,-30.724897051244223
1288.8281578252356,1747.5707589809308,-2.764858496474237,-14.872162193637797,43.84043341210082,61.81726223042475,1.8111678759790983,255.81137936664507,1.2109748520145125,-1.546798481349263,-3.2944498038030794,-9.928451111432244,-5.80411121597929,-23.168862227152502
1104.1634877142828,1041.8246546596815,-110.21536997138122,193.59797668010904,96.40284059539837,235.1037610349688,15.657478595583909,117.18355867937646,-26.342219444442538,49.97712542521946,-81.30355695826398,143.47602704579012,-169.07555007652505,286.09474703015786
1648.526779822465,2001.917551721307,153.60543347019362,56.03983403112411,14.025194151121212,19.64504802051141,8.040816378275629,20.010635691151712,38.67205788584879,14.009883497512785,116.80222244872306,42.79627060499005,227.76600511196958,85.64637420325413
187.31525184022837,671.8384718764364,-150.92213798732934,46.80946905650703,91.57733589927702,240.52785793210313,18.389382085666487,160.6142816979334,-35.0290134540352,12.396117856609846,-113.13873279228567,36.84637398981917,-227.82524821092355,72.98324804245959
3422.146333660148,273.39052172739525,-71.8440291909296,47.935362901890876,72.48295255132646,237.80386323370598,3.8334301170163387,139.98383958475296,-17.53888390775768,11.995341824482747,-54.625288492352965,37.700954593457794,-101.20029961041985,77.26059702640113
2430.226083391423,1613.120490726105,107.63807800663369,48.243078326186996,78.97924883859737,8.98956894228566,18.873603812748915,25.222336556128774,26.722193880291556,11.049213166144707,82.87924038508724,35.01620112811955,162.4417780058935,70.26455661047376
1482.402840978091,1393.051497039123,212.97240155397645,99.66597993007419,20.553177192054473,219.49332651418518,13.479554548322255,25.283363277988016,53.48236703249757,24.836053160297613,161.27699616798293,74.94758862716023,320.0625802338295,148.35101285017674
1985.5304872546658,379.73366211972655,6.36018368848664,147.44993585738604,61.406267835361625,291.70344980455064,15.05964860265224,88.61848561154412,0.9550189682607931,36.25862044796765,1.447587179731876,111.67372662435072,10.650784437190971,222.4542319348619
443.23516163436904,1517.1066222169381,65.52014830014308,114.40496432288884,72.18336015257705,257.697841314947,14.46285415707875,61.00480283365344,15.167815210315954,26.4012118255054,51.441616039628215,81.5862587790437,99.3095544405087,174.04249666859891
851.7691133446701,208.86367172201903,81.63109783345647,-2.4514820414670138,9.93210647817666,116.63730016761801,10.07766050991571,357.5711056265258,20.728682080465788,-0.7778890375579153,60.58207275113513,3.0935749739720095,127.05148557227923,-2.190707767914855
625.4292125560413,2002.6269475470956,95.95690295787175,-136.76704624759773,95.9506810298213,204.11987463002683,13.645416935951962,309.5400531046467,24.218433664214775,-34.49262424505533,74.90388182188074,-101.93637066431309,144.33562234033548,-208.7516619883244
2706.522525523904,2274.2700486997564,59.50290779404725,-92.75634482830536,88.43972763852587,311.16586574183015,4.9492027629279605,301.6744566152571,14.617495196351577,-21.98849454018221,41.984718131665545,-69.20052696442502,87.36016343025838,-140.34559660085492
1493.7240725481051,1398.7384490920233,147.87830334867866,134.06386926707373,28.401953003345415,304.55850800692536,19.624767020132687,43.25574683324916,36.580511851826685,33.65048953250052,110.54749396742662,96.30380204987092,220.34498247408592,203.78212657345554
1380.226545523628,824.5434460212467,-4.1275519230235185,16.47803863321376,0.8965336032905613,343.8725540825231,2.779917682729476,103.56029215316892,-0.23710153416644397,5.6440590748916035,-3.6504892405370644,16.363709574531217,-6.74304162616885,27.203683394590236
1847.8892542760618,1629.6362889953846,91.07724143849774,65.74295876020065,52.056064109546,68.16083324987807,6.341412360898239,33.226008529969896,23.15898001765474,16.160132572741844,66.92949642963778,49.9777221693215,141.73892230920674,95.9103823124301
2052.905174916546,1460.8036625697207,-16.24694745195831,-70.44716887845237,56.71351739739261,287.3020915097605,6.408539135939573,255.04644524377068,-7.126794266860012,-18.145136826571978,-14.675754757548546,-51.788432284009495,-24.943926763639173,-107.55565495017808
1882.8078232902153,1336.404041586805,-0.9813780559598023,-45.97477420409488,60.14935235424667,197.51831847415977,4.915039419423753,275.23790494884065,-2.904417960555466,-11.37263547105332,1.0757230556944997,-33.88835079520988,1.3422609929720901,-63.067680481162576
2035.380146171108,1192.2135640314482,-114.28412793690624,-68.72769783413027,80.7580401404455,18.152668210097506,17.702598158586554,211.0651992884314,-27.295202761085157,-15.379772022209938,-85.59747461395663,-54.208916194586074,-170.04499958648313,-108.18260619116596
2609.2111623796695,278.76851208004337,81.78704929599202,-30.11920779790183,51.57624235310253,222.34673547441304,5.907349071944276,343.0812538065626,20.52628865648909,-8.090189086506173,59.111043502100856,-21.97576673542233,124.29717441649572,-44.81491856918604
3426.205073965114,2054.684460425411,-39.78787486063073,28.033239746597005,80.70785808357405,75.37242121679925,3.1287036499186027,160.1811368227276,-11.79430291975028,6.700471195480117,-29.87555953048134,21.704763742965163,-64.17332509842534,42.57238838910931
1848.0648423281832,661.7690287754748,-0.2390711539217888,1.3591532530121948,20.233625138346646,99.2600103394564,0.05519297010561974,205.2544003206062,1.4956012340231688,-1.140019159116485,1.7702232555117614,1.0542853143249729,-1.4929804719914643,-1.4090216780525555
752.654314878204,1645.7517011071059,-76.33483179388956,-89.91630755697372,67.83261797532577,197.24313661164967,13.963260736073105,230.24332101768258,-17.722580161617067,-21.235168761856407,-54.97125336726098,-70.12494773500661,-112.9266447927873,-135.34425703321116
1267.4456439931519,1426.6401148976536,-114.08774285052034,142.44131100766566,75.0145714192176,326.30667444948284,8.75857206907822,129.77463895497647,-27.149669719504374,35.587278447362124,-85.4943105552929,108.82587199242938,-174.10565151885814,214.34760982111425
608.0204414983207,1798.6576151206507,27.287508643914418,37.37889891931659,75.06920585755003,303.3981933931699,2.1147027301221133,71.33215719485437,7.628403456143671,7.154312679732486,17.485395537839906,30.542073810470786,40.19094357145893,56.56087584736731
2749.935692317814,170.39674110028665,-27.588186413851886,-13.2021570734942,49.79660607214902,310.1171268539759,1.7299054804279512,186.3860171379011,-7.60480441960257,-4.429780222767064,-15.119938985271174,-10.098706432298812,-43.433356639605705,-17.683476274364516
536.1431400996751,1161.7423753059993,-7.152777616105533,-114.9461375955543,15.784141087292058,249.745248838646,11.512617801834345,266.79880692679853,-0.6818969103224262,-28.508779307312437,-0.862909249189312,-83.80006432654733,-9.266344321474936,-175.2301640138569
3326.4486054150793,897.0364108124577,39.126343796477194,160.23445445919762,73.44331887479893,126.30839163924065,6.098821135228906,72.649469727158,11.114155933093329,39.5143537911996,27.07811087002525,118.57454403897967,63.839803942268844,238.38055059697768
247.0262849295022,922.6152598808469,-32.26630233814862,132.5851616966128,34.624490194584034,88.13460501433173,13.085746718086899,104.39642894892384,-7.5953365974322224,31.782302452736513,-20.49803067144455,99.28591737280384,-49.691478892708034,202.30662175567406
589.9950882756401,1185.0250602319652,-1.0217763430736055,-4.980452123481832,7.15187357812157,187.9565069401863,0.38713576008099215,262.30011900218284,0.33050595004296124,-2.755615052773578,1.162412336736534,-6.443167444627417,-8.557255742783628,-3.758890429733067
2388.202833595603,1014.5885575381042,130.1414915125203,-140.32089602383206,82.13706025750328,262.65544496469573,10.812779890261623,315.7418457309589,34.15149575284058,-33.4385280487722,100.14781396245479,-102.78042416019215,194.95971129275708,-210.80139118922716
2243.8394154439934,997.9792552082807,-16.870111675471772,-5.255339285435463,76.28516453057635,44.96734161461958,3.8304598884107866,201.04727127713028,-3.288531327231421,-0.7684214386480854,-13.323629916087011,-6.066649902885725,-24.511013908867252,-7.63133107011492
2405.7631271105915,2266.59225817676,61.54233865012904,46.87756157707312,43.439527607029135,323.23312397784963,4.101684493326092,42.44557212388551,16.592312597622335,10.866538750582937,46.92021836225811,31.065063025284644,88.7173952801597,71.72245126735791
832.2694787094855,677.4844207106084,-39.046368530361946,-93.05193851737234,57.653010459556185,197.39387991348826,5.477274392837788,249.8624251117213,-7.405136650985648,-22.145210031297935,-30.268555030232005,-71.79350884900859,-55.56297483413316,-141.17798464771957
761.8419753990534,1306.2910669164487,-24.543359247228597,79.27890378853239,78.29355125008843,298.6481494429372,13.33132188569466,107.82999081427783,-5.927016796318076,21.35854803548621,-16.127204777216377,56.95207274303143,-33.85883342012208,122.4917858010427
3318.81079284569,907.7938731820243,-11.81520117315403,-36.711353743169816,3.96575389557835,327.0399669926674,3.209982377081626,251.03460217947568,-0.5290447591992553,-9.288962333198146,-8.485500636754333,-26.853286260730638,-17.90399553470326,-53.44049369244979
1896.1884877934542,680.225133922955,-22.496230391296365,157.39869223359173,98.56016678008685,19.849224658058056,7.172408352336205,107.17097931670062,-8.018333991905118,39.62572146726595,-21.473019306490723,114.96733277113746,-36.39318517394026,233.074909917077
733.943332457585,839.2012258567383,164.33133159209467,-9.299198790971493,62.44058032491711,139.16094073546725,14.246464218525844,355.3121410876631,40.5339541528414,-3.736436473867854,124.1951453431282,-4.535006215367693,248.10761387606155,-21.309464901408514
1852.9400917436294,395.03598909632166,316.53690498610933,-107.53390017201647,12.481743215461039,16.869872080513325,17.017198521108007,341.1878897045444,81.59324660829263,-26.850271042188698,238.76482475334936,-80.6371643873179,474.94440357507796,-161.48716045745255
1237.2425087658016,930.6049137904047,59.760370348388776,-301.9848756355793,70.88294437102253,334.5757595547764,14.324015571071536,279.3098071365828,15.785060934387744,-74.80399652972045,47.1148149030963,-227.72740973798454,87.93106774981001,-450.95704923209314
2537.6325340768344,510.3746280395484,401.1450070192547,90.64987172988674,9.304911298812923,206.83548433808195,18.17304397566798,12.765248469274768,99.88105659073192,23.09144835461757,298.6333409688158,66.29231810860362,599.7040632046552,137.38409566373244
719.5744872844812,2033.7223855882735,-22.05846191259894,14.949248343476187,70.58821929128382,315.13679205087124,2.78710516521381,143.63294564206885,-6.121259760016869,3.581046054131483,-14.329198196500979,13.182198648723542,-33.25181828266033,26.220382983415178
3393.439910937333,2110.9411179714043,-14.685403662696851,3.3384634520877405,55.13516251001316,160.1826951849902,0.060688558058457076,255.95803142612417,-2.925051531437135,1.6087518463143913,-9.596176292488003,0.9584726462374678,-24.817648633090908,5.59331091118913
1806.0642317387096,2148.503601845093,-0.2577156763583163,-18.47014866296963,50.64575454452288,283.93163623924994,0.5781997328391308,262.1093086305337,3.80446883060998,-4.937769446744544,-0.4516273917756214,-12.540888969046321,2.544213193902948,-27.19586764509018
1192.7770005989396,1583.1605117286979,-49.82191844017947,6.3654094411251245,75.71618488220965,118.9901644873234,3.2868237106128895,181.0474350848184,-12.990774548080013,3.09034235020416,-31.953168524007104,3.9411997051326235,-73.29307922787237,10.743346634138025
365.3540517965771,2088.937252572984,4.67671096191186,-24.51323558093506,93.74966525042609,213.4394655684428,3.735012265098119,294.6293397732562,1.0268460028195476,-5.816067732957157,3.879698393473277,-18.66047476643086,8.361060557999837,-39.30485309867746
1120.0673670621568,1349.2606620944507,155.3732543893606,179.1052033433434,61.62194328412611,150.25294150486803,19.499299604741914,47.45994051059249,37.05739983067116,44.440562507601165,115.60500079049251,133.3090639494888,238.6282829822563,265.0605790621024
2238.2186492908904,100.21465303623908,-98.93371071386943,116.73680659854108,92.09576668983999,296.2249849916358,19.278760788720795,129.59508410286944,-23.13378997847636,31.719984852795235,-74.57523527734963,85.64776099374006,-143.88252790727708,180.77635860641402
479.69562100772265,540.5707950826675,-251.2314249918023,61.926987469037805,25.263974260409604,175.75046226857003,14.627120961914375,165.86112801753296,-64.07745637292463,16.385191256488177,-188.17777818756545,44.79897427929895,-376.48853209678873,91.06904107737492
2661.895027793085,824.4951816790743,194.84427538994586,-8.767094871888762,48.834940908069214,334.35426176098076,9.422177283511049,358.75946210162,49.741239654584135,-2.3760810618916466,144.6506304003022,-7.391116824117196,294.57402703158624,-17.982301911571263
2973.790812067609,947.859525094993,-6.085570499779454,-70.32911166406366,91.48086592534843,87.92354148405434,13.870813746075337,264.856806173618,-1.6292315643497244,-17.64785767904638,-3.9963350079807265,-49.847199506688355,-5.925657387695312,-103.41350738469845
1492.0765144377142,418.00249795229894,-233.28512704781159,94.03266635001225,79.50367993628954,163.35563012222667,16.53848461711865,157.5716928336046,-60.237007361883286,23.873093475287337,-178.0923601000718,68.68836373024548,-349.8906647198026,133.70089778777898
689.4156327848441,965.7331378275536,413.03770531966643,211.86786044128465,38.54944433069235,102.96137406321458,19.96992649604904,26.505903237944896,102.52932433932467,52.459669659448274,307.4274591332094,156.16706093018786,614.6198946208197,313.81322778697245
1497.8911396917133,1662.073404771286,-75.42214594681454,26.10071359629425,24.55801328657352,6.687214475443808,9.793611027625433,161.38484791375103,-18.90541554277869,6.068703364975726,-59.65503152084326,19.417169995618142,-110.07644515281473,44.59208964582699
1001.7268363164288,251.5420152810776,-26.30228414755813,299.9131027035225,75.50191980403346,210.7670740534592,16.842524990172567,93.52800562921786,-5.820930729866206,76.24704539826915,-17.926900828363035,224.2112371746122,-32.85585577615312,450.2803840275439
1785.1465624718323,1095.9839130796895,6.879202355250947,1.4076659318455667,84.79777172388565,106.09358941390528,0.7325844472744936,316.72175167618605,1.9460827939920182,-0.6052104487241879,5.317302735194635,0.4781017196399292,9.86213376883695,8.264320037162646
695.0249196118804,323.06666497985594,150.8265994554846,2.2395346702701073,31.329234813700324,167.47440465600445,12.84416633689689,0.4500459066598639,37.700864458808766,0.5817152089966786,111.12890404222371,-3.411196894616404,232.3884211377775,0.45330017228501873
678.7066520497743,2006.1947777977543,3.6285503233932577,-3.3178188114459917,55.17640185396393,325.51543728477515,0.05263288042969494,226.79572089347872,-1.0255448327487175,-0.6744273461282858,-3.4447861812968488,-4.925070168191752,10.723308710555818,-0.6415262305476821
2634.7344664389275,2056.307025277988,-15.644362654729877,24.74848219287113,44.01897971116888,123.30728075119839,2.046407550225726,121.2609041615639,-3.005353513082922,4.448624941794109,-13.515615056890216,16.996415711341292,-23.299767542439575,36.087837086825694
609.8012468308945,127.2166023072503,38.30398520974989,126.6889265839119,10.485116433681728,112.95690897161296,13.383263802234232,72.94429919956505,10.499905530661154,31.144967601463293,30.31206841838248,95.8120712909874,57.135419984375986,187.17949348637828
879.4665681323911,1686.6742992235256,-0.6141585676903462,-0.47075238964514826,97.02378247258905,293.5294124581036,0.7055633350201274,113.99749007192429,1.565763005058874,-0.7199238884032584,-0.7323857193964954,-0.6378035724357202,2.3655751601507253,5.0934540800851975
623.6159986391823,1974.981739078622,-86.7767980768327,173.51074527919138,32.90594141012074,132.10824547601504,8.409201616691771,116.17267346601687,-22.698467111404177,41.00928291741677,-63.43994631126757,128.4140655035194,-130.11811027542157,263.2738471205111
1777.415131298344,1887.3331836443435,-8.511430044591616,-177.84093006517276,13.8450146884879,235.33168368454528,9.519659889745192,267.5991705536242,-2.3978027728482894,-43.32187066272179,-5.651046264930357,-135.41924198038964,-15.734779218315566,-266.31491491066424
191.78637196768665,1595.1977786698337,130.1822187351892,71.46770268703635,68.18496118721639,216.23689619869032,17.184456078035943,29.11551832565221,33.78172287924385,18.669787547489985,95.54610246338116,51.448078761582366,196.21069267123897,110.1730703038221
896.153355690704,1253.1559940168668,110.35005132641055,35.84791775093892,68.58604714722493,78.67766925028367,13.09812816415472,15.1721459343964,25.774562855477985,8.95519881023966,84.60666400846962,22.95134208076152,165.33189966529702,50.1245233040587
1490.512940069276,1148.7121511407602,132.30112131256396,-17.32801893709586,10.556082128029942,38.338951336210286,19.282219054926426,352.5723841409167,34.92504823298347,-2.1168539662551376,97.96988427172751,-10.7318129428825,199.5198033008102,-30.233522280774835
2444.532275941284,950.4495317189647,-240.52234804140468,68.26137623338998,84.83386499645103,345.803973414474,11.38791452274704,164.3731423978386,-60.50482470072293,18.045021879646242,-177.4324488509756,54.144569485097605,-362.53661865448595,99.8199000503876
3214.4235371666914,503.5126783455175,22.373072505482057,-19.538351083405438,17.35746218476245,172.66157054419466,1.8439473647568194,322.0654280343744,5.817847148028529,-4.848904963230819,19.101366300303518,-12.80487034726044,31.274048126191808,-30.65687144318664
1219.0770171601785,914.3298472039946,-102.3607584418553,-149.46995713818623,74.82828167590337,311.8656790511045,14.934702394827761,232.7310363944061,-25.4779155544799,-36.73127787503486,-75.83113470569542,-111.32013274293804,-151.74439950564621,-223.66270402249467
2105.704175796419,629.1811855588485,115.54087443559948,56.59241492484397,21.571722944819427,200.1010560093775,18.12967860992422,26.052460471827715,28.194398763573282,13.456412605990419,87.27730915392416,40.373156361643005,176.69572189476503,88.02603274136993
1910.003518871261,2196.3937932642466,118.33651038466992,-106.66457932017029,88.05327775900658,344.7472113598608,7.775909562543559,316.00193758380885,32.06077588357483,-26.66112528979432,89.08706628069493,-78.46849785173548,173.85868262918387,-156.70722718139677
2436.7948958570323,1063.138265606164,-138.3241981634263,66.34747942178124,85.69311828837738,141.28218500453076,9.365440433131138,155.73159248769284,-35.79456062345543,16.567324605364327,-102.03235206811617,45.29936784268638,-211.3067642938434,98.51595423500183
225.7642841669395,1612.2990653757688,143.9623869237013,-206.11783497146868,99.27371907771425,330.91438820278216,13.66541821721627,302.9507310659145,35.1711763556975,-50.48536217728644,109.16672526662597,-156.33125657107638,214.89811127724445,-310.1710918360281
1988.5873831561648,1936.9719229599557,-144.44822646407968,-80.6042497535406,26.846742527462908,302.8097457739746,16.15906793091949,208.47794434536078,-34.49297613436036,-21.17740723861609,-106.66711798831737,-60.05684780356578,-216.57978385058814,-116.44788369541541
1759.4229585968383,897.4911531931837,0.41644660321660076,2.515953686231449,37.497383614876256,155.20812417023612,0.32064688852060375,30.076483397833673,-0.28815080073261007,0.5083579027899491,-0.5753920771046462,0.08118347850036,3.592224556753009,1.9016453781803362
2967.0686160630207,525.52091811581,283.3101810602867,-67.80497529728149,12.393988391284738,228.2984943557106,16.09247111390863,346.94031500068735,70.32940393781803,-17.198393791283273,209.86952563865412,-50.93703243182986,427.64157771177105,-99.07834937642016
2963.030400957532,930.6511073250549,-25.440622841330775,-66.80925925931693,1.3309797230643627,93.5049378148127,9.356233990505539,249.84406058977817,-5.6279056296070324,-15.519417458712041,-19.14204143688696,-52.235070025846646,-39.7173651085208,-99.45074745009632
2794.4899106925473,588.4099322176787,-122.38111516673195,63.88787552179738,50.30847954736897,338.602063490149,11.42668469644568,152.65960261342107,-30.046811245145097,13.498859299532004,-89.60905961967532,53.36121130924148,-189.83937317162804,94.96958625321895
3189.796352334706,1091.7671758701185,0.27202602110914664,-38.06299376367909,52.84488673460756,236.3320741788872,1.3531208486306934,281.2637309267683,1.070199016398091,-11.023160272158504,-0.39950482919139596,-29.89798252373128,0.6719237075175466,-58.04272989372998
1176.2514304997003,1720.0273489714555,-101.83405394045602,93.67068294917141,4.591513626960564,78.01256395709935,8.160068506593971,137.75456242585668,-24.449024806279947,23.13504162345822,-70.51147171141383,74.27952645199107,-153.6967114519011,139.14962065647217
2763.8850093365877,180.86281418305032,193.1670531218088,45.96066981367723,48.95266866866807,190.9469244288826,13.77424121352248,13.484256264048668,50.05048359565237,9.706981734772066,145.00143612284685,29.76940054809633,283.28742856369104,66.42294884563795
1102.6014270473906,2287.249266229166,-177.54250994446087,14.700066275241888,73.35492939723778,139.94891726145192,16.580437833308384,176.27979625634046,-44.06464216808442,4.627026540980408,-132.70097192362962,15.323260452891688,-265.78568200665876,25.025579555877194
531.1218457031716,907.0832010065127,88.2843672391444,-86.02659491608253,44.59209517353771,336.7328458088144,13.183709446116447,315.0999226065207,23.48689008827839,-21.019669550735024,68.02052109803937,-66.29497305718712,133.06945155487784,-133.26413630419728
1574.0176211450664,1324.2468870957755,-288.982460159961,-108.99529989748184,13.553342402827251,130.0420351846842,13.338076617323473,201.07108586916985,-73.33945211472806,-27.100331155623362,-218.91527644591574,-83.3409924153147,-431.6122396681597,-167.21046549556422
1406.7911367701076,476.56162446827375,-103.16223087025544,84.48175888411848,88.75718449877596,314.6935276576059,17.249258470644705,140.6681792128054,-24.04073475381889,21.69499246971563,-77.09512922022553,64.5811598336476,-155.54558472304882,125.89833554305127
2085.133530637193,833.6307875265773,157.5068130291148,0.21531854653172333,91.02473752449694,220.19124018095005,13.529852268467206,2.0954556363249255,38.84769556829333,0.5403084773407848,116.16113071363661,-0.05006049891558095,234.5251293827099,7.122446784742659
2237.5764243074314,1591.5136557539086,-239.6776876534036,-69.16304206617716,61.9432250031238,105.85048413865432,16.739183144873376,198.60703177504467,-58.52396186486916,-17.964974137483928,-179.84483020446527,-55.26849939240806,-355.13859904004414,-100.40333790256636
2576.2555029626083,2005.1500974944774,-92.54925107655326,269.75230510704483,39.28594430336376,254.3874933469882,14.64349295540503,108.09868684571649,-22.63312532018641,68.40214830891078,-71.87064731721493,203.7071822186714,-143.08250125214252,398.6889935637652
2594.44772836867,1460.4679995666154,-8.577583172445589,-103.89796014829426,8.586059062626706,110.7712626794064,9.460950089230911,265.2238605085175,-2.321495785321875,-27.590122769072682,-6.03990076412437,-77.77901352627148,-9.962313934498951,-153.2751706124562
2681.314331870659,1997.7307284018382,-126.73212322637575,32.96652568808338,95.1785462852208,160.4542120273179,8.330217560842538,165.76720645630706,-32.71688415443654,8.936823524933189,-98.40705359197952,23.097923006866598,-189.22903976985523,45.83733530435724
1369.9390685657381,1116.9151802665813,-48.58372238218226,71.44795005515128,19.5863004825516,276.4320489618324,6.294241669014915,123.37854444968357,-13.095572054246526,18.12179477109695,-38.134002874312316,56.83178305472129,-76.23221461560271,100.11825325868196
2106.501775443691,533.6919880877111,-4.57687686863417,-49.864434798312246,92.73328408283614,155.87997354049415,3.3364067183201462,274.5834600307982,-1.2220926539943786,-13.71456645285786,-3.0051698734403485,-37.52744911205211,-7.146257158965898,-75.42394942816613
3302.331459911855,2263.691603005525,-132.2790455226873,103.58692642689488,82.49016077271335,27.35936784590735,11.227100566870806,144.04427736136816,-32.38128253568749,26.976535835065615,-97.0463085113229,77.34883889429926,-199.65990146808653,153.5037745595483
1764.434929857831,234.94491753435435,189.00952989223757,-121.39058877450702,9.568578156654727,143.07961382005396,18.87772593469108,327.0289295797201,48.43130745139856,-31.229693767364694,141.65059416740698,-87.77519830785741,279.99319591002387,-179.73809778170485
2175.5454599163704,991.0472908207865,-14.43028190199159,-105.55774996193219,63.534963973595794,170.5935224631675,9.709443004794668,264.9175530866494,-4.967624084656288,-25.713809791223806,-8.720331680677136,-77.5970844257768,-20.618297584104862,-160.895346144321
3368.882318060388,524.2123979793628,228.52889587164148,72.12417797310933,90.93028311161545,218.177261738646,11.818897346634238,18.69216563551218,56.94237206583817,17.83060628644011,168.08017109860904,51.78562777226631,342.5892913437449,111.52933429423537
3487.917818983668,1721.5204418669184,28.491346774462787,31.40803676485937,85.09235754042857,35.52201576960296,5.062045105297919,48.760630405858166,6.323230015725481,7.815180357215842,22.31116749039447,27.676814505801477,38.78371002805545,49.70700170248773
1047.2501162292058,1862.993172799668,240.70770921668606,162.6383444881458,71.85623129848263,208.70231443150126,12.56286951564161,33.85590462039796,60.37778974189686,40.07618959986206,177.9219208369135,120.89869967557635,361.8699330016233,245.2649085613293
1257.4979248870845,725.136804285895,-117.91590181840505,-161.17483110400272,73.60122941611394,301.16547453827894,14.317009285916189,230.3961210128669,-28.823058269739576,-39.40490017539463,-88.386454115936,-118.41221636803137,-173.84971684940902,-240.69911731455764
889.8882046008322,1076.845496563693,7.882161552336316,1.161059197949491,62.0652236979387,329.4526526489165,0.3167202209224995,76.52633694236191,2.6440188805375557,-0.18829173520683368,3.2612976536112606,2.116050253900571,15.424811604364734,0.0233887326951141
2612.3660170561884,1368.4812129124136,6.251766324357669,-47.185696694923735,14.476750274056183,289.1841470332215,6.150850571054962,277.7752580396985,3.2812995758439083,-9.760287336642541,8.496549440376754,-33.07677747055507,10.776463265856217,-75.07540181818494
366.343152240723,364.31336438230926,-109.44177061457434,51.354247047868085,65.43393129613905,175.1690022085623,15.166641736688675,153.24389315660568,-26.576011244339668,14.38940070698692,-82.18526410596034,41.131381466362626,-169.16613846511277,72.87467778010402
3260.2700529503404,1605.7143987923778,76.39442099212738,111.80444620305197,62.14336345256386,272.8190294761719,11.216676562234229,57.30003831086161,17.690538694646374,28.461682595077686,58.48267565852752,86.15234380994912,111.22137369981326,163.1909666495143
630.0197548359644,1937.5623072592286,267.1943328157403,25.47325182173204,50.9006651643742,200.5268675917178,17.669838303954954,5.6990219231138095,66.70165073891377,6.272398673293024,200.59609415949896,19.574201506262778,395.5737322858579,40.720946751710855
1572.3468728898847,296.69293863825686,-161.93842319896368,-111.16242641153913,99.81518880550014,271.83076688578853,12.429063136564558,211.5961902820376,-40.24680983068201,-28.914374833854453,-120.57795256303385,-81.59367827750532,-242.52574114726772,-168.28544732019787
223.04125365221626,1726.3279042242114,-230.932436934221,-28.888073115414834,71.2470737350969,28.659896919604407,18.13244730073589,187.89454390510883,-56.77329878567079,-7.212785379863446,-171.81025912901518,-23.81774622261048,-345.968496611642,-45.429899295274
711.4653489162048,167.10611032249386,-63.17189362042307,64.24462836473477,33.49606973052141,95.79746989946366,15.775417976315083,134.52499478811617,-15.631947106199185,16.09689595569249,-48.42272227980433,47.841464655592496,-91.82915917264489,98.37905984329969
522.171899287495,396.9713751565174,-43.0447961409932,-57.70031668190455,11.2246007544896,308.580899151429,4.1993521738720885,231.5346283366998,-10.999131206887316,-16.48360496877101,-34.91718043213571,-42.34493990186956,-61.54849018567834,-84.49576176347172
2991.136278205763,394.3585435985098,248.85861290761923,212.85259263111158,45.550854903192494,340.94932196538446,15.441670848886154,42.1057374646134,62.34444223121289,53.112682253581205,189.36064037510675,161.34774794775248,368.99509639556373,323.88198998926225
837.3278515064055,2136.3520848216276,-110.74008359510803,96.30283633794264,51.48297815580215,173.19595723485816,19.922081771870914,138.21479581985156,-27.68534325317872,23.9123340110889,-80.27842765863605,73.42693772367005,-168.9865369557743,146.67627624992113
737.6791364992235,1860.7008509183506,6.487186534674353,-10.83519999118369,41.71296891728799,329.9760272816409,0.8487018159141324,288.78509861537873,0.04777114492069279,-1.5273728152154433,4.231963307976205,-10.71775293292191,16.348817187024572,-19.4123177702388
1004.409192035211,1788.5203436129968,50.787069731951426,186.35348249636667,9.846024547938159,201.7632108962356,12.470633064882225,74.45936918345231,11.03303818189443,45.83627400854333,39.192709419803094,139.58643780637453,76.74365400303105,277.0807424774074
3225.184462367427,2189.3034204993514,31.743442317057106,125.82118866899974,84.60074771117758,308.1363956496538,13.043659082349311,79.35231891419731,8.761705122631435,30.35617844965652,27.560329060165383,97.2863516031763,45.08439340689896,187.30749327805498
2219.729644039234,1389.712576135658,-114.6482554491473,12.022932109588945,33.80121877138049,106.52172031651939,6.944889233245681,176.35800185957527,-29.374584549555703,5.014248417493009,-87.19490265559804,12.239470020959256,-173.76474838615462,20.34792558038581
998.8050367280357,2144.609798005129,1.8548046732226648,71.94743426524803,65.76356228668494,41.150719398368274,2.8717054026386846,98.05227577930059,0.876732796824915,18.772904052397536,1.3269306576545055,52.27912174755992,5.063918380913643,108.02136300249705
1531.7556164623738,1082.879954021407,75.49587774230129,39.124783741579215,11.24837547863783,230.10212283755848,4.217939517781932,27.911972960534456,21.019625463041745,10.94509016351131,59.47995662990926,29.39460082803391,115.71089943079659,58.962125845172245
1751.2050105135772,1839.4490546655172,210.54736620401508,176.96167775050156,40.73603536836341,156.68060211951942,16.979840904758337,38.7575407287588,52.34771623789247,45.14951722265668,156.44121285273707,130.17275975053983,312.1900033530313,268.89077085456836
240.63692278564423,482.50853531883536,7.497819718166165,-50.20436845932482,25.916535236932603,63.377092776894855,4.074491202822667,276.8244986424076,-0.10085955882420894,-14.443694701375158,10.404684900939342,-35.03814598878971,13.5536452529448,-77.28572670119054
1788.1882459010944,115.49581774137644,124.43013651723271,14.190920179468426,59.13406333166802,287.3013989504891,5.009334756309157,13.63356337029336,32.07834660465184,3.917998279288573,93.41598870647704,9.066870563165406,186.30448954954417,18.04778215786277
3345.7430151191897,748.4660326198654,73.68959037087535,229.45361090101053,48.891271381574086,138.333466824505,12.596539284964969,69.78417503456117,17.534365782245544,59.16545032425342,54.78947264767216,170.3012428263997,109.47974012889988,340.88224866832786
1111.2457322338144,1418.153467549435,182.47580678976098,-111.02828257241768,36.15404154984234,254.01227881650422,10.242933620952988,331.0172202655439,44.95647236360739,-28.681748756598296,139.51446843739726,-83.2563325984241,271.3776961417218,-168.01473333063566
1025.2368016521737,322.03934506266603,11.179679313041195,143.48396594101797,92.66954163079961,314.144694728009,6.169834339703046,88.91561373547214,2.739119525307844,35.614859237285955,9.4817044988842,108.55305874919429,12.054230049880148,214.83126235379922
2138.9960401329404,680.3116694260633,60.687834044806934,-1.3019393113252837,25.526425799591635,290.7359148229247,3.0853167059322617,1.9877322247166873,13.672736932605645,0.7621427536943985,48.65395414586827,-4.146932926342341,90.51811743167325,-3.0431149166761986
1481.8244121760204,1273.5695022786592,80.33757793448463,-60.11114000954854,48.64821073609611,258.5274761354377,9.468533508329223,325.486794176996,20.43801794446361,-17.032497735987235,60.38348532784492,-46.820169759144754,117.79010914820664,-94.72879283427297
2790.6410147462925,1556.3208409510603,-5.536533056950185,-119.31162607689568,44.610609312384284,207.9058727105782,15.337175106404583,268.48214827062776,-0.03037580360715353,-31.806380136876033,-5.825789023848582,-86.72676599233762,-10.498078083210483,-179.13818160557406
2130.107823122429,884.0956102148062,-246.66115194095204,-115.94154166681633,43.352364760078764,152.1362224608929,12.648185774850855,206.08752562361312,-63.58421574817455,-28.700091175966975,-185.19084898028535,-87.88496825721384,-372.9971722981152,-176.6139050601048
3340.7875778824455,624.599055783989,-31.626281823162845,-142.98154739919815,12.943257118739782,45.11493284682641,16.126481469770585,257.3453068296265,-7.467536002411666,-36.12224283146736,-26.191813454742682,-109.34927807744943,-44.055766136801914,-216.64937404334896
688.9240290342236,939.9287165740636,1.001430655079742,80.14624630782224,3.0832772784410434,297.5855822458588,6.814375326140105,89.34225113101479,2.9591630673188196,21.295797394082882,0.9516458561264568,61.59314499200905,1.5473596404662493,114.71137436980823
796.6144487088287,753.3638506009415,87.98468597740172,-194.43103946867416,68.66488480670338,154.64640637364903,12.542612611627742,296.48724887266235,20.252044604009978,-51.02051382408977,68.80206029850926,-147.95955323316804,129.82918874794944,-288.6777455747392
244.66173552016116,1664.8669792336375,31.85425185098198,16.047878751315267,73.43590449698331,346.90413978992757,5.0741111515033,29.78103247352057,8.347940606492601,6.336395634019249,23.08193349269223,11.645235003984551,48.497850754284094,26.96512505991706
1918.8966820168564,389.20736265588147,8.606602436668766,-117.09790399134614,48.90322573130509,143.53331586329355,6.315037362780465,277.98802397949396,0.8714753895012355,-28.915668256681982,7.109064393602415,-89.63036763763792,13.376959425876034,-178.45169949942314
841.9203274657567,1445.9998701108252,165.531958763003,-186.54682111951053,21.454382525533987,41.9335107501814,10.911499643296548,310.3902496917428,39.26439480580385,-46.89976476289818,125.11093779474798,-143.31828366122454,245.64263106834332,-283.5119969997979
893.2252827201913,106.61751323358706,116.05120510445165,30.135631609854855,69.25502368087977,212.59904437232046,16.192890803942312,14.763878442352972,28.21359045368527,7.264612268049064,86.31552435986815,22.761601766926493,181.58975806302792,45.295880760374224
2590.5807407775746,2280.936195294661,-21.427992729500737,-157.39623649652717,26.00937135077649,116.06033569445101,6.82290693617984,263.36977626918065,-6.908373615134401,-38.60784401749389,-17.409006464586845,-117.14471330920604,-30.64414027171297,-234.45555900975333
3406.7583004005646,430.6150421844999,-203.29329095421312,57.34864469160453,90.66129944146003,122.79695893986187,8.321197295906233,168.640222639237,-53.31761156523927,14.4005335732487,-148.97236500438126,42.71755885247729,-306.0239425913943,85.94986350991925
1946.8575865551427,1475.4074812746435,162.44225936225806,108.15727848556521,98.12074187185617,14.685425373822367,10.241939149102677,35.335712415010256,40.509944872998936,27.038068051909487,120.2096383386521,79.79189475086825,247.04872902449443,163.55917457335008
1331.0674810601013,1051.180098807567,48.37801073513517,36.2838562859294,11.548951367775118,55.0175116519293,11.367031900520416,36.956212469437304,12.170359733236804,8.79556749403762,35.22421224460603,29.10986356682052,74.79422230623534,60.561624181892256
879.6029605327917,1929.5580767898457,3.286265063367784,152.07102494660728,73.55063521523434,99.51436259524193,15.067260457292678,88.19791686027811,0.579262821040964,38.142443148519334,1.6250720720598573,113.16388405435764,5.393741207080991,225.10012228564136
3424.7542083001695,1553.568448306048,-44.3809559940941,59.851225987974594,37.413669373807764,52.61374997332532,3.0567138876530153,130.59115283404216,-11.372842369181331,13.336922988135385,-28.891113712734317,50.0370069323619,-68.9126297263542,93.45509812546918
2690.355537930637,1167.0184359851992,-129.2052414766859,75.58489162986292,63.791740291146496,347.3386020371332,9.426311150405231,150.62567750872205,-31.623478973206563,17.202142660170985,-96.62024752404108,59.31476473312643,-192.6514533276934,114.38379767429232
1604.9291478004975,889.7624636545282,17.528304038143272,-139.02926766492013,45.54332660505255,235.00627294473585,7.343183057736367,278.995783931191,3.2971092930996644,-35.40927082993477,12.659848768449596,-102.07155738186528,26.554480425290052,-207.09011018985444
570.5417611925345,1300.9903616347056,-9.304053715475206,-4.520530380227009,99.35451477242422,203.46180735573893,0.0373869025912521,335.90876529255087,-2.2916949744118913,-0.053860631266874126,-7.95131388983282,-3.9814842721878425,-13.718971239371314,-10.440239607848543
1146.621865968631,192.54991297190475,-304.9596734264739,-186.77443975997178,45.516738531110015,268.6281452871529,17.83390231919975,210.70225644591216,-75.26547352567488,-46.593218576968866,-225.69296224822227,-137.2785822167258,-458.4482810015855,-279.41547008006023
1877.8065916056735,2210.7498197961604,33.99050728321209,199.43302047495627,36.16603921760989,106.17341271195276,12.024159312095152,79.60299284350923,7.546592312737405,48.42649935083237,21.98461037932505,149.55176952302696,53.10106257306783,302.01163282860307
1015.6399482963845,314.35735882340555,86.2963734716106,5.921055419130046,0.01800389839627936,214.81878685733602,4.227274929072977,4.529689236554084,23.41002463877062,0.6399880894329788,65.48077653291118,0.37508666719678985,129.41061045725849,9.182369011281667
1974.323238379169,1205.5617370838431,-0.05146793887985972,-38.47762563827669,80.31861581360322,96.06227545208701,3.4087603228559393,271.4735369753503,1.2750210583819495,-7.908862607478262,-1.9122731410746816,-29.819086317504205,1.9490679072039963,-58.11253448865919
409.7990728450707,292.85467613842707,148.38017643403683,-215.62522196928202,68.24510186285855,64.06993741638367,18.342790303865684,302.52930274759353,37.18559237521707,-55.712913451160034,110.38566506853006,-161.53260063415763,226.15424438142986,-324.3756100183246
1610.7184308017102,472.18586008870307,78.52515796190976,227.55544196073745,95.48602930190968,95.85919437352801,15.96856531268121,69.76589988201656,17.83756579319321,56.77624647584451,59.606995557586544,172.1559904774896,118.50004991481941,337.7753363316018
2892.894747533113,185.22027511505758,-62.48662825322291,58.314941505798075,49.58431032876197,142.60423679817052,4.2424945931860725,136.17000135551436,-15.457432633325903,15.722615637353261,-47.58183600707085,47.321067453272825,-87.97628340305386,88.18393725875609
2862.1770171747507,1550.7930503559892,117.94009594538899,-176.30639664418607,97.7491993890093,295.1361316073818,15.543204092157502,304.23656843316917,31.032277567841096,-44.99449396963258,89.69203138920315,-132.0660484519879,178.2902264213943,-265.4688245741607
1061.9058651474459,640.0961700784325,-89.81884846388262,136.57378952756454,49.837519809935074,25.63362189233773,7.686140259865663,128.04334851950773,-22.918987972529113,34.26730801734732,-65.20048496671856,102.32506443366889,-132.67408761991518,206.04882218455347
2391.871285057205,196.87702159293985,19.70600710387977,8.807734640598706,96.80066562066106,330.4866746050843,2.5315907982524655,40.56882006374957,6.533443402463972,0.559053825172644,15.097136423718567,8.696217517430265,32.83242655540911,17.051005477725553
1973.897054693562,783.6679202828861,192.51305310043355,-366.88444344601834,37.779418491023876,113.65336745654983,18.349961929641097,297.5827213837595,49.93305112674707,-90.87807740622794,146.2712760172717,-277.45471234112404,292.28378337128817,-551.2751498989487
2804.2434655500283,564.9867438896176,-170.02232321023843,-66.61775231850123,18.385527640330302,258.3834196625518,11.009497894563209,200.59412784553763,-43.21104816114168,-17.033311891503484,-132.56822640855262,-52.290981627987364,-252.26800594083576,-94.73303777283377
2056.7962148843726,342.7103272538374,56.51149355759271,-54.558416964479434,35.20611695653535,292.4489299104533,3.4982244783327454,317.7674103536771,12.775048828255981,-13.297240077604084,42.58770412508786,-41.03829375081943,86.49474281700252,-84.62957414039236
3379.9612408410353,362.9131828450118,77.30614761294673,79.04933290436014,39.91819901873145,80.61557199938541,4.431230348090858,42.834903839885094,17.860324491995744,18.911739522829752,57.88855942261385,56.83690819793265,116.46778069262992,117.99068497483327
2903.5758180819344,955.7518674156473,308.28077578411603,-34.540220829516294,11.002962414545415,356.4028824324833,13.111860610576374,353.59045021496894,78.00367193112102,-10.289815601695281,228.6160849040333,-29.507803604608526,462.61208965431354,-52.83269607288652
515.0415014799454,570.3706895699279,-54.8862498377249,-16.84519382273839,71.71178206126382,112.76738142620798,3.264203948767619,207.87269294249307,-11.943179513174018,-4.493860440058898,-42.035627948475025,-13.402585398471587,-85.18761454449414,-20.065867388706096
2513.9947659386153,664.5204916191191,-80.04745422944566,-54.81170065596571,32.48718810667669,322.80395370674063,8.433130536431763,212.74324909933839,-22.12735946881262,-12.184879072067659,-59.005770843224845,-43.305385444346705,-121.12021865852768,-86.11720572886482
2907.7262633278947,384.30446563580267,-1.0572998379547407,113.08722573667019,12.90214190567951,80.78486961297504,11.038346142445981,90.6204521735687,0.7917550498382857,29.55483498164859,-4.208390998519864,84.69194561787313,4.446872896748051,169.9881403104984
1663.7255199149201,280.23523619803154,46.15541762729259,-31.18928390297115,1.7983229558083957,118.03565104842187,3.0044785218662384,326.2284885333584,10.84508095765758,-9.7588631939664,31.61527792286162,-26.07746925558519,69.0578371806105,-48.157784855066794
3433.0930745104947,1551.3926654130246,380.75415341952595,38.75234093958162,35.541066373308325,52.59513040314116,19.27745211291522,5.0350902743339,97.15126205528054,10.114394287289713,284.52846458818965,29.261436269553084,567.3870022715195,57.20995600062913
3009.368169679504,1750.0825825894528,-106.95456700923812,16.841590485048997,57.3176994815496,176.04768432614236,5.117372811519516,170.98252771499477,-26.49169284639856,2.4099815250421854,-87.54159552710955,13.446966883079313,-163.3895911376375,24.963247575386085
721.8344485150402,314.1305945929531,13.404697372922092,56.90048375538063,24.247782766798444,94.85164178304228,4.901517229860907,75.93446454681722,4.621407904693446,12.996813479626283,12.152169496297635,38.90732590560764,19.49839280835302,86.8118049608969
1936.9747948743995,1111.964337117888,23.090432591778985,-218.02473890521446,78.31595623439361,21.99337181351813,12.542446081373278,273.84009996557626,3.9421105847157003,-54.099049266357476,13.59539593025821,-165.5207555027226,33.121871070640196,-325.4964415196654
2064.107217243007,246.1057728864835,-33.26989867796667,-68.84243538533013,24.69154868426355,61.998363381740546,6.710910752789259,244.37302885591689,-8.501253035165467,-16.471463514614577,-25.589327658483604,-52.126753595468585,-50.15681868691693,-101.83332000367902
941.0727936868142,1458.3814908737975,-173.82400827339322,90.41133722589767,13.291299183618632,25.972406483888072,16.555667038191338,152.88147886511763,-41.60523489155583,22.609726197237773,-129.39165602379208,66.58403118979625,-262.4342934359831,136.84504842959308
205.36143805231117,1607.6202596667633,-40.34157081165479,-29.816226209959698,85.52817832429774,271.4787703836656,4.055979612301563,210.15644300112083,-9.575138041960459,-8.267262994768014,-31.760936775695225,-23.471160874014902,-58.772167075370305,-51.63098035360528
431.2971213894097,1357.8422407067585,-43.85716702377682,-412.79337464672915,1.534837476262152,321.0728618135112,18.414833785577333,263.90547846426654,-12.27308845590385,-104.88610005275996,-31.71756712715113,-309.8401937628935,-65.94101025354337,-624.3065423016284
3335.057403650087,1147.3251584802981,92.67214771519384,213.61949544975215,86.35995219214534,21.155318757101135,19.06060836926472,67.51121292937832,22.0645517230831,53.87139000290834,69.86312211522694,162.95431615678254,138.8459880248893,321.4447065809411
764.5227749206454,861.2417987701639,90.56573280787298,42.749166012821924,73.69656060934943,237.27834755851535,15.566948152354502,26.449305193515272,23.351184264218325,13.16725119517225,65.47539659516833,33.891654376385574,137.49591872643387,63.09766741848872
2090.1596219363364,1836.4199205146251,69.22392179560441,105.90688862353808,44.98642065368301,37.10650919454957,6.653729164792521,58.01370994381074,14.890646703107643,26.61937893822961,51.5144878582213,81.4532935556357,104.99295018799111,160.31338803972548
2875.171681954923,2277.5545443556216,22.628275993382235,4.930381226232542,74.87585158729645,12.254736858713429,4.108678699614899,12.670254117059226,5.870994640916051,-0.6485605173852653,16.825811621627437,-0.5703105439104359,32.393979381998584,7.58611851252951
893.0708597309426,1650.5001143367942,-29.071192315160225,13.74225811327884,77.29280245402997,205.00249229550116,5.416580558973534,145.83028202018642,-8.270862381328778,4.566416712236224,-17.82188962070126,8.183909283564873,-45.819047692786576,19.293780282691806
2396.0594120715355,1090.7140939226501,-16.85493577434658,-119.97439952241517,23.51697010699809,49.54607984383315,11.609591888832668,261.19797847472677,-4.948304526233828,-30.439702572779687,-13.321063925635192,-93.26295737479596,-27.30386989479883,-177.64180063933193
1947.9280444231563,298.8195485100948,-19.86024651287354,25.725727333112314,46.45110051365248,63.95003761583097,4.223831177811301,132.05823627921458,-6.676143779727968,8.006802099869113,-17.154660238678606,21.963304923291663,-33.8266107924603,40.565074331089676
1007.7615841866851,265.4962958904708,93.93881614162571,-246.02118607043502,42.014115221317496,222.54282723444038,15.775898876212421,291.72547614156974,23.239431900923854,-62.072415802058934,72.48530070559129,-185.08136659970822,138.2326470012943,-366.85314864136654
774.5292350568427,1995.9766011216213,-10.450817462816788,22.579260475302526,61.59539610767438,356.0481785923329,2.69339352558297,128.2062266039328,-5.077718134288768,4.171117839803521,-8.333647028919184,16.49843412652036,-16.406852945337135,32.7206223782511
3339.6532448321072,287.8453489436813,-31.153000797648023,146.54609761266283,81.60148267428822,321.1387751947778,7.557354829017708,105.80198393946327,-7.74792135110313,35.26448295582237,-25.70438550015539,110.69035684969073,-43.88924987906441,219.23759901572663
1908.5090434180722,1746.6843618147793,-25.64927969649972,67.38120365868627,17.414452829144654,38.15215129988117,4.792347152644796,112.99694860452927,-8.11931976769223,16.768531036618676,-16.920873512059853,55.343298911147166,-37.74746232278205,98.94436571814484
2708.3265669437346,730.4196969600132,123.69796951838065,-70.2473103248667,68.74888619943076,71.89902612316223,15.134576274234897,328.2387008841793,31.186524890800275,-18.26034919876705,96.14234456011512,-53.92346542734788,182.13989480214394,-103.2815165835497
654.4287434888016,1825.3434088900503,-132.63950170668394,-110.39996493635662,95.62446552387966,276.3300483154185,19.264089643955003,217.7983526893354,-33.138371555138136,-28.177838750609393,-100.00122662830972,-83.00765485848576,-203.29538757120974,-167.5099251442447
725.2069351352178,1233.4116371409536,18.830957396329243,38.154513778652124,60.60807775021575,170.07218497170894,7.745040296913648,60.5781228452862,3.8277025529288466,10.83089082642458,14.296396356149353,26.488259032738945,30.768825665991947,54.35697081988784
202.9662556593703,390.0739523075341,198.27467876938778,-85.74990140917683,49.94723703137795,82.35231641580677,15.965237079202762,335.18598193895804,48.78198985238713,-20.68799448300357,146.92942682123936,-64.01127880192853,302.6454399302382,-132.20862105483087
2444.6348850125155,1828.2528332826573,104.13087021081125,-247.12670946612562,59.33277027647701,90.47496646295801,17.78506485869743,291.99866868492757,27.613723433982027,-63.1966132891614,79.71381061333625,-185.17650359431076,152.35283628782076,-369.1056277900764
2565.373569362408,761.9322992939402,-0.5556770758984679,3.3078248293485473,27.239095294880432,141.03958520682124,0.23993358125351305,348.89063765806094,-0.14679047423018132,1.4287369197624833,0.9760921799546813,1.769396758201338,-0.1548269710011525,9.743595021539154
3160.5430041851705,1169.6851290566226,-37.8127914847291,77.40357929323523,56.65070641877756,137.5750249911164,12.400800734457684,114.84055113151457,-10.458308656228176,19.098626432428333,-23.67559297264525,60.81529418906831,-59.33219676266094,116.9084311468347
400.9824270356615,1810.6031000308167,5.624062954600978,-78.23909458572845,65.03341285359268,58.28918209436224,5.067199453670681,270.08653942530657,2.034500031426383,-17.611860685813703,3.8447498739538206,-54.33522475579045,9.655607469882716,-118.23003140557647
1910.916952769246,1407.500284523917,294.33512407577774,55.100751032258536,99.01089137531827,354.60564417815056,11.726219699998746,12.224614326287826,71.5198476600403,13.905524277813184,221.04838692478546,42.44375278725443,439.77411699234807,78.62946366476581
2552.180051399013,754.9327679318899,21.199218702991647,28.23320096370351,87.96062020611811,59.64260326474468,5.290101797296973,52.163500811796,7.015251632031225,7.891250064880045,18.54644161844366,24.249414632887785,24.74918866218853,43.38016537163949
2811.3102713681815,856.5377499533749,26.134520099999015,121.22729173772291,23.001227210660126,111.63426284434065,8.792958342463317,77.06065968098623,8.107462490884146,28.297977304284764,17.66744629499803,92.66633953771627,36.7695651659341,181.0158971898192
3458.1129462432336,288.9308309308987,-242.9245514274028,306.04038514755234,16.860612512357743,172.7395018790903,17.305436670890785,128.1175282612654,-61.499110659065614,75.24867676869444,-183.656270449741,228.83867623885405,-366.3543049753325,460.30207293678023
278.5311646688062,1805.9831141211405,-100.62684956038856,-74.19325484473693,90.46631697319293,275.08440526744795,16.507044256639528,214.42380401907764,-23.179202781236334,-17.84206509551475,-75.25001147124664,-55.43852008082281,-152.35077257926835,-112.80119870683355
154.96613234623015,390.0534071430001,8.034673577278099,-190.76459567879164,26.38824928499246,259.5728961181018,9.515350180050202,272.84527281024623,0.6546465646853519,-48.5191677047932,7.269777109309742,-141.49314623567204,7.876354102234585,-284.4018628625413
684.3013308867304,210.59147258414885,-32.16833566019519,-10.678037757935988,4.561148177851948,67.36901033099772,2.0106506464644425,200.1987622520795,-8.745114836865328,-1.5490999267947134,-25.178582699305792,-8.779318752320208,-49.117545293565776,-17.98912266188792
2260.1169224296623,1663.6420223131304,-145.61056989058773,148.36627973508655,88.12387838273958,194.72814934527818,7.868355735219508,129.18015426040745,-37.70373123303181,37.60178868573607,-104.06060238768956,113.8582927143823,-213.68394194046928,223.56859586920072
594.706611918947,1450.9065696973719,156.36756446940032,-62.1863114136488,46.947951157763015,322.90493742278073,10.392418757926507,339.45659066669964,39.61346657472067,-13.782241870191307,120.86652694412145,-49.23709986392727,233.34272519789334,-97.71711288380793
2832.409657594685,872.4178769990264,-241.73682055103566,337.9100149168954,1.7477788380604764,174.01026706262243,19.932571908492438,125.64755843577086,-60.92630057617872,85.19624431981985,-179.31008857319705,256.81808593241766,-363.23513754532803,510.1231919434243
276.359464416244,1363.2094799995264,-23.91666662159452,81.51455854727408,95.88783191184578,5.267224621880429,4.8051597684490925,113.7844043870832,-6.930470342873474,20.0072165131204,-15.449480714618472,59.97403599516111,-30.833500051859957,117.23123814394701
656.1699916788796,253.3649996308674,33.56576434165054,-29.97773032089483,87.99560419315607,119.29413461254518,7.006744661362654,315.96762581238903,10.466557491098037,-8.517537840099358,25.47999042093272,-25.1344757869112,50.65872710846349,-48.167815129554704
928.2194505945234,1095.4263632913921,64.75385999302831,-52.237272551593364,66.79693671744307,315.74684939782276,3.305780061705561,321.57688155037135,15.594860595911754,-11.555993984648149,49.58296041765409,-40.39114789619665,93.18371731815206,-81.4551639787565
2287.6802033937943,1405.71570856914,225.29988816231298,-131.4397629129295,91.89367014936865,275.8475283153171,10.807297451478536,333.92370306227565,55.16726103289804,-36.729017571096556,171.59287319578016,-98.89082271344961,336.74864020926213,-203.01476625855054
782.3206458636913,653.7765550344163,-62.898708772096526,-6.850199679466441,66.0420083343875,42.096937770238306,3.7564362198935464,190.09244144567307,-13.507244652755553,0.11565446403363433,-48.98203078465789,-9.330639501571213,-93.96393042910722,-10.134479170486646
3128.6940027048054,1567.516607194098,128.5737886822797,16.798738944863405,85.6723571671022,30.673595120917053,7.542538857037053,4.713298451584986,31.466431821847067,6.644483364365802,93.61571610964414,15.051192203821811,187.84824473914375,30.577266472944935
1999.3659884792069,423.59694032556,-93.02498552898027,-304.7797422819657,39.5824853617285,134.74031661246747,14.727890413056166,254.3074250285036,-23.963170574433814,-75.71897340570264,-68.60619490306033,-230.0308064007124,-137.42515266457107,-455.2071982950946
1097.3054230181933,2006.4924062173416,-117.13339844495772,-72.07386071228078,72.26681359620729,300.2282674384826,14.1721096949378,208.65472514868262,-31.769033248633768,-16.903130332758636,-88.40400477580903,-54.805326812527454,-177.99452118788236,-105.41207802676574
107.66038474107916,2293.4383264894104,-252.61317228020917,-185.44195383138361,21.068223385037086,235.93793359334177,18.538440091499876,215.89658446821733,-62.92461169510264,-46.139267973125875,-188.7997529640569,-136.73320809312352,-384.7771481801937,-278.8783806600734
111.42690761855962,1781.8675958941028,238.29724619990995,83.03692605809022,27.699828001405468,118.68404233872147,16.86962449694088,18.810416564143427,59.39614595450319,21.89811741600795,180.1720706147588,61.10509226920028,355.59338017287297,119.40593660533833
1058.0039528906868,1081.2258465550692,-143.48907485645356,-156.5643076448189,0.5089032428282514,109.23798503889773,8.905881278753915,227.60646613419456,-33.90782074784443,-38.710882054512034,-107.55667051315429,-114.63979707673309,-213.1447406393132,-235.29008091056767
404.4193302176516,1454.2544417112679,-47.26014998880531,-51.96168930160979,34.2188716243777,25.49642338545326,4.274890172216404,226.05595668622237,-14.658164238053786,-13.918275168543058,-37.77747638202867,-39.565058571865045,-77.72959445209976,-77.36985572188627
1623.7638138390732,2084.1385856712427,6.020740265364577,-5.27983693481718,18.464344776353848,290.44206760444956,0.3638126565431077,331.40591753115064,0.9354003456344987,-1.622613778348727,10.564304244747884,-3.486035841588356,3.314389661455534,-14.3783081077524
2104.8104348600523,1257.9777207023376,-11.001103141768672,-28.393560524541424,13.256753886265816,70.95083273461165,2.8358208285810016,249.58640959910852,-1.7033247418537056,-5.787483293220971,-7.756583756179306,-20.906461571752175,-14.642536172115673,-41.19783218362968
1275.2256364698635,855.3421964328674,-126.17749195531137,145.51999740523155,94.43008198998163,329.24683307743373,10.96994682210445,131.9611626981525,-32.29051632181197,37.50099280905551,-89.3070277649512,111.50782354670962,-189.34710703503924,222.0585193877157
1482.8480232324364,1452.4579005839857,-7.136688837154608,-287.8997754195193,65.7659510848882,270.3224958106199,13.364013945201707,268.45984629479824,-1.6681140676191228,-71.49345208540355,-5.165061738898475,-217.32506364555593,-13.170506631615226,-436.0581119889937
1662.5895298900982,1804.1216420553237,-66.58426393099373,-15.517076879625998,50.292921437095615,170.88490469702836,6.039442754836921,194.35400706697308,-15.271424657312258,-3.2725946094373684,-53.63137054458598,-12.945863929806151,-98.91050963508876,-26.077285721475096
1833.6032679706216,1590.9433361771107,22.607925686855275,-76.01635307417918,23.71331564550696,116.51190051958041,5.841906989972781,287.1546631827878,6.9081119454239435,-19.605442868911197,16.651625599128288,-57.214092061425426,38.74869889518379,-111.35360384909458
1102.4002944729427,1426.1910559950297,52.4880930307394,82.61029675028092,77.6056568006644,125.11905806740043,10.507076798662236,52.78797852203522,14.326119209535028,21.612457545897673,39.070594536636,60.49062439669528,77.52586876785662,123.33996576226114
1502.8365892778577,1455.5816679089228,-200.12557372162266,-105.52754048402346,17.84976799744188,109.80962779962736,12.78341643834308,208.55687672059682,-49.42044864517275,-25.43220035611337,-153.86647780391598,-79.14139377863067,-299.27273345618045,-157.0428661844773
2948.8836366588293,409.73649992384924,154.43668252721505,-123.51320696978736,31.481287818927463,152.9586136438744,16.767039446011214,321.439202177276,38.22894067109858,-29.962356855235875,120.40208441751939,-91.77430778042311,230.5227654059271,-183.18002851061698
1827.0171853967643,607.8493491439376,19.70481413055329,-37.563140188100114,51.45039189033348,245.99964413638256,1.7104218558597561,313.2421937306178,5.87571517759759,-9.797179954537993,9.494928264700896,-27.184631254809776,35.95659942539025,-57.473494506318566
2169.0408926510427,681.4081996995612,-108.12784900493727,-252.97334401162496,56.331290453433645,255.0822351429534,11.697708146533968,246.40640135183602,-26.75564331404758,-64.83102787378189,-79.37397200006528,-191.59198695475706,-162.94258718242003,-378.46833633833194
646.3039022261145,2025.7858086026529,-79.62824455154626,38.94605835219933,36.127191508850565,156.45010858525077,4.419390048870713,153.11335249841298,-19.729641376145583,9.638314646070711,-62.476967411542354,29.394667866587824,-120.63613585974166,57.76872407461292
194.57438503229355,1257.028017355476,23.423886051346578,-64.19521280023234,33.71229225256053,346.9584438937103,3.426627927229684,285.8085549853003,7.342051382540978,-14.477805858326704,16.578704557259208,-47.51889772372453,35.36334608556375,-94.31420362357424
2308.488771472132,176.6752434318865,210.60461578884806,-87.87255544954185,96.09742145155738,202.5330655478215,11.267262259892572,339.67991384293674,51.463543755242775,-21.14305323167714,158.52576097526844,-65.34704062116019,317.9094101794122,-131.1668544949415
2864.140251450439,587.57205044579,61.590504162111586,-9.682183403903455,79.86768663103605,343.1527483511178,2.752128940368619,352.33123852477047,17.02265027916305,-1.193526390691702,51.63696162019398,-7.5723333471723,90.99135525521909,-11.942185807945105
1878.90151169335,118.65538625611731,29.38335792068435,113.9125298265759,68.74363997767932,70.33876726134302,9.620025074275379,75.67387786096535,7.699698722439633,28.45800333520605,20.161022889445764,86.15804809073681,38.677949046909774,163.67914629274793
2827.6953318025685,2115.558452217542,112.68971430319418,-1.3975609655746462,8.224154328873457,113.05342330301963,5.968762537702299,358.5773249708466,29.864682721628757,-0.5992999800140388,86.32975621179413,-3.334145756231763,167.78893352539512,-2.348471684144369
1504.228062780816,1310.047611861925,-41.4200306521209,64.42079224962649,15.176161391317521,66.20871786934143,9.297255966463139,123.3826964760264,-11.432044412179259,18.2985397802753,-31.135650245858674,51.04452529908704,-67.16974370264748,94.1275994241641
1332.3281776473732,2116.6782001017955,24.391611954928788,-95.8363500177229,36.09340323923277,150.7785765849838,15.222631071562256,285.78008366941503,7.6426131698409545,-26.22588911311407,19.730962528728096,-68.70759424421861,39.03619709054114,-142.5598863913049
3071.003107769137,1993.5825663901828,-66.33000258824849,83.19842445068545,15.316891547952661,90.38488809371233,10.046506098551442,129.14614584576972,-15.687698640319736,21.897318680377282,-49.966640237666994,63.483313097214264,-102.18211768416843,126.7964122967791
2470.209861337208,130.97400281272624,-2.0430924838312743,1.4866230456362417,12.630538044061412,153.09321069702546,0.24185389612016328,166.30770796215091,-0.46450152511773335,-0.17178705671747574,-5.223897411976948,-0.7325829878899996,-1.0763783524842687,1.3235434130922537
1224.2212406039075,1268.9643692883076,-99.32974480402999,-111.98895314259377,3.303533723087937,354.564877023013,16.49893415742379,228.38434010880346,-25.44909410579121,-27.04202259604279,-71.46426637083052,-83.14025634715664,-145.13938443905454,-168.09101467390553
546.3390853508281,1714.5750833237153,117.27359677058162,88.34001841976483,94.29820915209784,119.4779955576838,7.3267288482392985,30.077883788707695,29.000122581949135,23.26676077093891,90.41824714318729,69.57381264881714,173.72650956168306,131.83421370529385
172.81283148033134,1042.123029177852,-9.73682512012836,53.64995447545719,48.12015748233568,296.1641765483611,8.288232998229423,101.21755490404894,-2.9278188364700357,13.075971236236683,-7.0040589247202485,41.33224275387322,-12.183471396386437,87.24148266199535
332.47422613614845,593.4940449413377,-4.202627401874135,43.943179771199055,92.90429144855882,205.92389177316625,8.806507962956605,90.05594829133177,-1.668740729756057,14.172378020565851,-2.0652704478127983,37.20219507226704,-1.8259875663091893,63.99703125644743
185.07183447565637,1290.2638459241093,53.54020498470217,67.65582125090869,11.38762038290093,156.96299991089998,15.822506337160329,51.28586865374406,13.311964810448211,17.96814518362527,39.60988313813609,53.69379422564585,74.76751480600058,103.45416494829031
642.1957740908032,1742.3804843908702,63.21669368560949,342.59116387387337,0.1392844519135683,208.63896827356135,17.293720527569274,79.6598232395222,18.79904078795373,84.56249563017404,50.44592602024475,256.7966101641043,92.36904031681384,514.6820878269542
3117.6437310610822,2118.3905165374426,102.6278423250947,-42.67506949784788,32.49568278494609,221.7664050772904,9.846543003694237,339.128556706736,26.46807512009797,-10.145070975201206,78.97489067919193,-29.02357875575631,148.3125099454225,-71.03799657837908
1480.9490768944218,1464.4659593484048,17.515743398930837,-6.519094887275242,40.666392923299355,53.097953071174906,2.130592324172935,332.81001908776,4.721670052721212,-2.0505204015406373,12.300907026360708,-4.342029433169433,29.4064904922461,-4.969749290147866
2525.433257112781,1143.7875900374431,12.361709881862756,72.15462891722552,26.998682753344085,238.92450096835006,7.42714853045644,78.82304436437776,2.371467440497666,18.221963460368162,11.443858789935613,55.58845638578963,15.004590427451678,107.11680658934132
197.9824754789359,1501.9403188716199,32.092200583472994,66.68536604012309,26.899340663490978,167.00025136366233,7.727110433150617,62.958526541086556,9.248466576350648,17.581568646659427,23.413744184147117,49.119337278294275,51.42999923220256,100.72409057840763
3133.1897867727985,1930.20191696084,243.09583485693062,90.3077586087602,4.3397946084427375,295.51650647606147,17.981823550421634,20.42967245495474,62.90396168837008,21.42792476302638,181.2066878445038,67.52816305731142,361.72015898101023,138.39731709950806
266.89006170844766,145.36636835918912,55.38926202573406,-14.444213455024201,93.13612685773181,90.74736311190081,8.957983850461272,342.20752304358797,11.97055198134812,-3.550734757322065,39.9131975725244,-10.765818194846158,84.0451036004302,-28.097378869321922
876.5407494912168,1552.413886398993,-145.5267307381897,68.69801592293227,5.181192169630677,174.5315632334257,14.299915625787667,154.78058122443824,-35.870500676082415,17.486147838932332,-106.79641570003898,51.85551014531709,-211.43465039063145,105.92861860283573
1613.3351478511108,420.40481404822634,1.259532958763254,-148.72284632814717,55.35032333488667,351.8813628958252,15.743719914645686,269.0994545112371,-0.012206553930044384,-37.99339305534286,0.04529653354905938,-115.34925067258543,-0.6371918537095795,-226.80302013818005
3185.686249787425,836.6377763571336,47.68814646518934,-128.0466250558963,78.5518046729897,225.30013208080538,6.750758912627477,294.4037771209262,11.71715311640437,-32.22341028619467,36.85291540889273,-95.05143637106669,66.22014219148481,-190.51414738047185
3271.182776670623,1472.7172601894986,51.94113841818479,-48.1245233372201,79.66421194517882,1.1818513037575507,9.00639201750721,313.54167107518407,15.426179234600873,-11.549199761113172,39.40593337271472,-37.93728737518585,72.81176820740416,-72.40442485165067
1438.9919766318376,1971.7081034080063,-199.75660089987008,-103.06693878427262,92.71928737641157,41.84459297183522,15.559212679111534,208.1617625579509,-50.98303899479642,-25.46244283648625,-145.76223249354464,-74.0805455450179,-298.9032617643115,-152.26210596033445
3450.9986589971045,168.1836758698366,-201.47854292511755,185.29609966022585,70.41461366451189,9.532828099095592,14.587551557494072,138.90607531345276,-51.706616281230836,44.37538968768523,-149.48076433913494,141.52899754982147,-308.7032379791166,283.45906603879325
3224.1107703475486,123.36231144931189,-165.4638581943018,182.85064538824247,98.91704007670941,172.70435317411037,12.510792944671948,129.61892009005757,-42.11514352742002,46.80892614920376,-123.39172895132515,139.40598279142543,-244.85757088228098,269.09418960954696
2294.675154028888,1654.703497069079,-270.6412997635581,182.00663292314601,82.23381345070713,57.51177919847449,18.882887695372332,147.9026211939039,-68.4999324124196,45.1955410992517,-204.39825524779457,135.3102123159137,-403.5146265851811,275.1575967636272
2741.847644410187,2231.889197711127,159.57722422167075,-102.12133589106138,88.42379463340319,179.20970898426177,8.298720418183303,329.6766663754062,40.321125053278685,-25.82038790358916,117.0833365051299,-74.32558218899844,241.18055200197375,-152.41579513675526
1795.8494431643628,1011.7082277350361,33.561917026813184,-12.010522576143833,92.15312711874174,350.68137038587173,1.2447265558760545,332.22530489335463,7.138424394609105,-3.5582411234501548,25.330096119546806,-10.327357469231227,52.52438320533041,-19.582386408610834
1276.6485120343395,1672.1844362099475,-255.50635206112446,45.065792049011094,53.95234215262771,194.9484173741893,17.159988623608427,169.34559333284312,-63.53480763897113,12.895746232368618,-191.55207062005707,35.92683770829689,-384.6213527333512,66.58685116492231
3052.4335912117112,223.5801575848658,-141.3867037722507,-28.57850772280816,11.760961191976227,22.917066810350786,8.474683943636405,191.74162190169363,-37.17472523193353,-7.315320000984765,-106.95566697783607,-19.426489676633395,-210.05481013593948,-43.567367674389786
3417.0306690329044,2075.888104045909,-50.818956377064005,203.11778199622998,99.82347235610811,312.80718380453186,14.087150352401636,105.77498384573022,-14.267276185745198,53.05703922944473,-40.10204354035467,152.33757128313366,-75.75109866711509,302.48853977663447
1840.813723897076,890.1370208675705,-34.01552637289723,134.65327087209408,56.61139525113646,26.163341797382014,18.879823428630928,105.73620760231987,-9.078096679109642,31.62314101469775,-25.925692465876203,101.85941870053412,-52.47377419205892,203.2291978093576
706.2939372746418,1103.5363216477845,-9.748145595130095,-9.12385757442803,23.410225046638633,325.0901065659337,1.0150458224695558,215.01812381178226,-2.65440510019185,-4.762326221447713,-9.02427674565853,-8.216009950041096,-15.447171551564885,-13.785864859811905
130.39116373136378,734.3756508126291,26.462928571532057,7.086165204174207,1.3937678710118417,134.8252623570774,1.2587700287789572,14.130572814111506,6.916684149417306,3.3415298078951334,21.552259251123537,2.5157470122441983,39.351399560120065,10.587326759571924
1721.207401878439,1532.6134340112,88.25748378174137,136.05214298606222,1.388365969132077,223.68972099893676,13.050638124337127,56.918728166002836,21.424870579714145,35.352777544794336,66.7987374977057,99.77991359512812,129.49270649282374,209.69845984992978
2451.599104899377,1742.7001484338177,103.74235817448255,17.158678470687033,78.306166357478,180.8273200887026,15.832815551194667,9.171513457004444,25.403193120150817,3.68322782764575,73.59309299156601,14.488008216863072,152.59364704332745,31.31324592300838
2859.4306073825705,1049.429956576384,-181.12065607767633,-251.08755264157998,57.23491824382639,115.58635200854235,14.08081974877308,235.70431522765708,-43.380831369068446,-59.577183480412124,-135.61991733013497,-187.35381276889254,-271.51225287964604,-372.7791687652276
949.5014486673037,1627.878597207841,-10.383456108416707,27.476793948193034,92.3176904444004,302.8428344196272,3.967272124801693,114.08008286237408,-1.6183856986859757,6.347999294559062,-7.138799736468314,20.842881914162376,-18.38396527994034,38.43570939366148
2494.5977255552707,2142.503702884208,-10.388155634509385,-50.21986543585045,82.45558247864346,261.73424080560824,7.746183961147766,258.3962404927106,-2.4686211137579916,-12.00198779266123,-8.351111985312809,-38.68235763975004,-19.48824143686911,-72.03019227959967
1276.9105029590146,2063.818867553639,93.84937975945287,49.6593444719781,57.935390503979654,37.03160980949565,6.217251714652436,27.381015539790496,21.55571005310302,13.763232393104076,72.28099865994226,37.30547179438202,136.7863764755882,70.84543561470272
2887.1732604631757,801.2643504168939,286.8317213043629,-126.06167596933449,7.795834414039227,65.14018352549816,18.97600501592602,335.98540532797966,72.64547752673062,-30.17665051692444,215.0747173736207,-92.67307901853657,428.4891731652551,-189.8652117578176
1920.7320971800902,131.89783921094732,-55.749584888982476,-111.54977196988442,44.37633015093759,64.24570434729075,7.365360877343163,243.01226691744807,-14.268402365632403,-27.80376791702803,-41.32929257811889,-85.02092853996032,-85.17602757960103,-167.7977073514327
1111.5450365755287,386.6235249270584,-24.922442439230068,-16.996642248915638,91.63138422263214,73.05314131912141,2.873823947881049,225.42077415190198,-5.629910122007777,-4.38492170677977,-19.967683957725956,-14.665433963586342,-38.59141287217362,-28.532103294856267
170.45213803445802,1756.5044450475764,-217.17489143784812,-426.3726261215703,79.55890137695468,148.10896887061065,19.693319587485387,244.43780933077167,-55.32663823750468,-105.28397353813531,-164.84501066903306,-319.9014152804434,-319.64238569026656,-636.6194424111715
3214.8065836746923,1292.8065833719231,-204.90003179432816,28.149079767048296,26.061137080809992,21.41047677280277,17.699061055016735,172.38890827009922,-51.51426561822756,8.703816842786729,-152.16500996763736,19.995809311211232,-308.5686964612348,43.36570924126179
1711.6091161302404,188.43775269668453,67.91300656264875,55.95812017846615,35.4551672888462,263.1523836130632,4.741389402207153,42.166055067231596,17.425613220111867,12.212737969357434,51.69390028559578,41.7387586672121,103.5058805525216,83.7246027677779
2714.8232238009605,1680.6204965511379,-47.3534217858831,148.5183643774859,49.15637119218269,159.61612833201676,10.530963750368139,105.70790265370317,-10.688844766610789,36.73987426608312,-36.57147868577255,112.2237788829363,-66.19121850900625,225.33820229094832
2031.6677714028287,1230.8927875415748,390.77161733395786,51.7862048951176,22.786307500594127,84.92646399162638,15.36016277285109,6.7283228028805775,95.93034644528223,12.79809003783855,293.4466892459604,36.967308631377996,584.2937229061401,80.0691987806834
1526.8195548341894,1320.5020559093575,51.83914595484123,-16.930254285026784,90.78978199700572,49.90724195834018,4.737663374593253,330.6709626428825,12.36172738610083,-4.978972856049311,33.39436067894137,-11.947124991556203,80.09968970317037,-24.98167507921087
3218.1468603086446,606.0403473729818,-102.02248493576707,79.29119384079785,30.21446128488404,58.34472526693076,18.555807429278527,143.23108687135027,-24.42069232202116,21.459009299689626,-77.28057054795688,57.98193407865074,-151.30885735515085,119.99644107960926
260.43381121168306,192.90403775394975,-80.82615488533379,-25.90735603421978,64.34045293390623,197.29661549878114,3.1067810103542803,197.38496941090574,-19.53609771171875,-2.3761394297096183,-61.09180294666086,-18.47177578626485,-122.88273088794558,-42.70488881131719
1905.0315233614622,2246.9370352060696,252.91435886648486,-45.05541976904917,53.52684416285981,161.18759035745245,11.672769590352933,349.4909375701696,65.68492953538639,-12.28877311338051,188.46935842727447,-33.0253817481105,377.0342657235139,-69.43717487069043
2960.120245480449,1596.0057013698888,97.58882562826463,-62.135254199238,45.077853957517654,297.3800701758485,14.335626799850214,328.8935093563069,24.358306889257886,-13.751515453109247,67.2628461290092,-47.21308152353315,148.40888303837562,-98.67337059850139
605.851100775842,1055.3354626179039,66.40112460349347,81.6273642800164,90.38035161692177,358.36748586381316,7.2350371346693425,55.436596673160786,17.576724233479997,19.55256485014941,50.4602181836782,63.54908437675794,102.08669930858558,123.02469944212974
2141.2188328178327,1246.6204801421484,-31.70149233104275,2.6216321539832794,35.625834041110274,317.8307990140003,2.454543417456432,170.4609771182843,-6.815199982599189,1.1436445860925062,-21.998756619534998,-0.9380582986031771,-49.983180968155935,8.397860721344445
2861.6300019034643,105.51930465305279,-96.36974395787459,-102.36306943568738,59.491975021422164,220.88464932676698,10.676861860772709,226.8174552910018,-22.768528215555534,-25.115077836610382,-76.57546201028089,-77.17506378945527,-138.6516490697664,-153.92160260603828
1278.782436867705,1011.4205643914936,19.46122987437894,27.741638462870974,56.28398170087364,105.84333497784601,4.1816931908888355,50.541222190774306,6.103313507170663,7.396164759723042,16.05047325534073,25.367891491392335,29.012882780654916,41.67683847438139
517.6718472712072,308.83991913629734,49.933207591555295,44.51900177980215,9.8197165748784,93.77413747075728,10.641045207664103,41.28536831642896,12.562131164747411,12.264073388186432,37.51235034458537,32.52099091268354,72.1188468414094,62.131577034969446
1418.8803872095436,1715.1933949910324,-180.08566930960222,54.50524433119872,34.113275266238354,53.20694209509386,14.942148171671008,164.88562256823766,-43.92658202458151,14.068489811135004,-131.71713063811737,43.25954214043334,-268.224466711845,88.71064852611315
684.7061973166033,838.490815829504,-2.7518012003833148,-82.11521011785233,69.31089673581222,153.17139841263977,8.122580238220465,273.33694228700085,-1.9793323736715311,-22.500076034552617,1.9310288373332418,-63.036686857659305,0.11030160920252996,-123.83692790631908
2275.109191086473,517.1135748869965,248.96398064117932,-209.96372474663542,27.717317277051347,28.529707118898763,18.914435098466445,319.15817324253595,63.421548423039184,-53.59515045710251,187.04958876845433,-154.2791306183847,373.1766762999474,-314.68730400456553
292.87378433809755,1278.9089020494139,32.123966522031715,-6.750869660870174,28.4142617729526,101.96989538924446,1.744431855008235,343.2189006976995,9.370015658861359,-1.3112751536208185,24.243041805757684,-12.14699746843505,45.733720948228424,-14.689598198017089
2030.3570350359528,2183.530292158958,7.795091352062627,6.132561697824995,60.011775996813476,53.05614904094169,0.13992370952973454,306.3556279831248,3.66273185743227,0.8154295827548717,8.65167693400686,4.699979389637796,12.40105151086961,9.00742887355516
111.53840393052585,777.6456230777048,-7.496111127728374,-34.608064132658086,93.04122596129038,110.40416461584405,4.501335316291537,262.8318641169541,-0.44442162529498375,-9.265912662976657,-5.694124703915343,-24.223258402806124,-7.527459997757534,-59.00752607950337
869.0617244729531,755.5248951247391,254.5398941787658,-119.79396802599604,10.09771704840048,160.7220328000908,12.233832450673185,334.88054438097674,61.96352096809995,-28.780345232382704,190.72659263007424,-93.03299734747068,383.4206899814115,-180.3627987918623
1596.2608864702274,1002.3290202796835,42.810473722217154,-264.524211609492,62.58621301085001,29.201281650404415,15.134658936330435,276.6235758497537,10.213902356933737,-66.20116170916054,27.691363833205962,-199.21357439135687,69.49537463062605,-396.3411915823767
102.34761323896757,2051.865790010078,-28.49719164259036,-35.07491346741766,88.63628596783218,194.86725609913518,2.447575323512159,241.85008606090364,-8.13434979377672,-8.906918765867815,-20.59778063265264,-28.867323026890087,-44.30958725585629,-52.29688328404628
1605.8761548221476,1266.4811243079316,0.21739851416006806,29.41978514654458,26.802423781998662,313.93554547517783,3.221972952928438,91.40464980223719,0.8184272730337022,7.597411631595616,-0.1892093352768892,24.58890078835895,4.334156831515047,40.645531278054136
3330.706768537443,307.09809469390234,109.8371294258061,-100.22250252568838,76.80770302502391,73.26289107286395,7.6027224565399765,314.57628585476994,28.417949042281947,-25.179786973573176,85.04682192426829,-73.33013372077156,164.57041736762008,-150.2043217296112
2077.224301517877,927.0134250076778,108.06781138944862,173.98392044386875,13.915916367209713,72.97544098944857,15.623209474494688,58.1360779043182,28.97046533183975,44.34528863592938,82.49523631605521,129.2046226574449,169.31875610749128,259.65884762298015
413.32161848284323,551.0694833916068,-20.009913770968165,-5.255400963057166,77.33578816103082,80.60703882796027,1.8505965504291733,214.9931816107561,-2.2082993874118957,-0.506762068116404,-13.702303036987233,-4.761117803474444,-29.866630199353306,-9.115180432178395
1405.0910036735695,1428.5892302330492,-5.918984799711415,-0.4859423857460008,36.017204977138014,258.3676482183529,0.40662885946861627,146.12019795689147,-2.1383839842898977,-1.9552508858607052,-5.394488228550656,0.6839093264104834,-8.767102445693011,4.716277428300427
3176.856154208524,2240.516400645841,-30.206367171705644,60.20036056427522,48.49607856533959,210.47294128156807,14.916850814751065,114.72269107392182,-7.063125900330331,14.812051365137936,-23.055036810091263,46.06832860737452,-45.94289244470305,93.95904457600643
2324.772147064421,835.7765269163981,11.880159549765516,29.415196262183095,51.5972596270985,105.76060075811755,1.2222872471292545,50.17614702895399,0.4470416718970025,6.009623602057436,9.007030753638407,20.783971753688167,14.697392621134739,48.179637642041804
2300.2636995223747,612.6814144300158,36.42348060402259,149.00618589447288,26.525006495663238,113.08806609314577,15.940231998706595,75.84888486459042,7.990106764767733,38.13321652646651,26.654247325509772,110.74755647222243,57.849348935284354,220.97871040912963
2228.0321562352524,505.3839603568234,1.9095306052125778,133.4684578745017,59.78878106197417,254.93327823982028,7.777944055803429,88.54304905002672,-0.26457829293745966,32.41801981682109,-1.1028687764850411,106.11227521599501,7.127169504200635,198.2338068636017
2020.15531633616,1662.598078567061,93.02633585396573,19.72468359111556,15.325496231911572,262.43578625239337,9.230562162005837,12.156456846451329,22.50147051847488,5.925832884227994,65.3987844321784,17.26915754611496,136.8384628796133,29.97784429389762
2541.21052873234,2127.230653197543,-21.179456443016672,84.77526150006558,16.210610971156093,169.53788826368216,14.775491861196503,103.26227797188966,-7.12228910179973,22.245348696257484,-18.6836385482936,65.52449666488086,-34.957319946455314,130.20641634108168
227.94534611637857,1218.556092764603,-197.90238493663966,250.42112350236525,48.8684544788691,274.68215028944405,17.31347764708889,127.60865592993434,-50.90118636070388,63.349046904573555,-149.29689107133865,185.53045865442954,-300.00746652154976,370.4331689910327
724.2096390351031,2252.0898740582766,-3.578635484690891,1.2731342117376603,14.570977286872889,234.95355872075555,0.2613847012917958,146.50597379484472,-1.288004427042034,0.5399190644195848,-2.361714574723486,4.866991097842338,-2.878452152106098,-0.5121169204723222
3084.724607635383,1563.4127219578634,-9.693094039070694,-63.84654759807717,62.90726328617707,69.48169364541101,7.155930457883793,260.32903993170436,-1.3427141251446386,-15.25513763154881,-7.069580813023503,-45.49931069081587,-10.952735329022374,-96.01829012358411
2014.462123161402,1373.0316025135085,-62.16519072088209,70.02250006603207,43.39733679938007,134.21302989157425,9.610817145796581,131.3450977306058,-15.382404496756847,17.657097105147862,-46.798667112437315,52.79429852811165,-99.94463121257041,102.60508655165502
1398.3817816859016,1535.0240337448067,-72.22539885800462,154.54006917808505,40.180306031774336,221.87891013019333,7.645587274556156,112.00614578079228,-17.111437073090677,37.235252465299595,-54.75362305282714,119.60344624156716,-107.37941291950314,227.2865658748536
963.0194580221186,2167.9962987869626,-17.651043889203695,-63.68879662645382,62.88842480337195,105.09514620091734,4.314613766690492,258.02038201864355,-4.9056963866899554,-15.94349365927149,-15.096608974079464,-48.528785163577616,-22.651206588912743,-100.3604079649932
177.05921337454197,2014.4411687013105,-67.85837225593171,18.881905328767232,61.030911846817546,106.33387545323811,6.224103478485632,167.64054354581427,-18.597417499422427,4.736380152443989,-51.341319436701674,14.241668422044302,-106.98411685830773,26.75491132873082
1186.0211487883598,108.5778948508655,-94.42361713592423,-144.1581250362505,96.43460803827953,186.10671689407366,11.450242660833677,239.80409456833007,-21.249550049714408,-35.49214952428689,-66.16572315022825,-107.47544709337043,-143.32121528241825,-218.53979748443598
511.404136716088,680.7971880785555,13.608583674980707,214.8694663187595,49.239676529179874,300.10665580462666,10.67446830040727,88.00689536319459,3.849058820676081,52.1265994728708,14.70155104998701,157.85135561230283,20.02674798202579,319.0208994240928
225.6119322356546,190.19856595118776,-309.72836729403514,59.68914204904845,65.77381307740698,342.61141444998475,15.547858374095663,168.89608100555174,-76.44723204491353,16.838619633417427,-229.95996983286537,44.4778932802632,-469.3634536453413,90.50765678833226
810.3158172637411,1756.3382022930623,-4.663467448903843,-5.6784471162735315,1.2788894252088734,329.10914786503787,0.3683597623040602,227.1560568770535,-1.2575997342689,1.1430324963379728,-5.06317411712278,-2.9777509415863617,-4.476519236693994,-9.380167192981498
3281.4294564970132,2127.804140976178,-73.20399780524001,-313.9588307988553,81.83050442007625,247.7649162952411,18.273557880549273,257.1053730597501,-18.27581850832823,-77.04001531661358,-58.60971534879219,-237.39818673048904,-102.97868656300368,-470.11268094796003
2349.540195897625,102.85093580591169,-32.29205603482569,77.89478115937496,8.896043378156794,12.622980116142681,17.291982927965545,112.78521113747601,-7.948837397930297,19.877127217830743,-23.917568104470615,54.79575913476798,-48.35924152447631,118.17597756315566
1369.9259410758882,943.5362206451847,30.537635595333768,288.05788579495214,96.70335085917307,258.80994962341407,13.743457112440945,83.53955580866885,8.592041876453768,73.55363919444423,20.71537576984692,218.4656726401475,47.864079091125035,432.0663170991338
178.888943977078,1847.5300124040857,92.59694739439591,40.19691721107711,25.181035045387933,66.60609958576501,4.644492288446392,21.510356938864973,22.59479738594126,10.764590755687397,74.0251699822465,28.781310132792974,141.63702780193594,60.86690276347854
1383.233874605797,934.4237669862852,-57.95950659837181,-44.98375158360071,78.0965643242669,48.43571962860395,6.116504349168379,219.08608231440323,-16.15153331099315,-11.47507849158601,-41.661980710038904,-31.860353124888327,-84.9417867752868,-69.00572084141827
2186.4072678285465,619.863542693804,31.999124793314344,-41.27306486847742,65.20391441687042,84.09942946460187,5.304659081600356,305.2833504491362,7.951747589905704,-10.238617860960959,26.8865610560512,-32.61365434140459,51.20417571131485,-65.35080573949544
1569.0645854449083,532.1788958501791,-47.49208112725553,76.28968467165461,73.40589009691361,9.73398000840628,5.846696501459578,128.22535410061633,-12.762989265437307,19.242496342069355,-38.49479373561014,57.13641332040778,-75.35299990045458,114.21280481434903
2493.107835206207,276.9440641459535,257.60161015422136,-119.82536735179674,95.33040763959241,70.33532019600698,13.21312672098491,330.1064462626162,64.26390739763075,-30.046127617616314,194.0449521024169,-92.06080678121587,390.69124851361534,-180.4861207693639
1228.7891704105152,2230.9740480623295,56.55326037240264,-48.767978248058554,4.987254081937465,22.656943584878935,14.02749797636272,319.5139985902295,15.265344191183818,-14.440401567854808,44.386252673974155,-34.330635160782855,86.51518102824713,-77.82922970313209
605.8332271855945,367.52405655438014,110.55110623389957,154.49427743753213,78.5855836259118,249.74852475439292,15.358578012632574,54.88641871351951,27.58964831937673,36.980387805629384,82.61935289514302,116.63882276816234,168.4365371589484,232.48828637221283
2242.2513609671887,896.8381099134816,24.262990924135238,-63.251647632890126,99.08391271758792,67.46889651859212,10.46512029791016,286.81397954524704,5.692830944090532,-16.864217638034468,20.36737487215235,-46.8929499361852,33.23737031889501,-94.00354008047782
351.6964796692576,1411.2591327642424,35.280992222036495,6.28960083768102,53.90641057669271,304.5917187842768,6.452117017102077,14.288708645931653,7.083064629859459,0.039566920427284824,28.10893234827872,9.841991928585509,55.550974683510894,15.027027644739702
589.411554461843,665.9192192683,40.50350925474635,93.55169731945682,84.10295721018342,238.77306529042676,8.968012508294823,65.73651546019153,10.701120973074794,24.365823613841894,31.09225107497788,68.31131583583604,62.02457303763703,137.4712672720527
585.2292480755607,963.5250052342452,-9.210629610547555,33.55661604984661,56.65942702381936,18.134701712619027,3.0661668970905476,115.34717701880872,-3.9906236914289384,9.261217014307805,-6.84541193685293,28.47324446077614,-13.146721596109936,48.154950682990965
2035.4279129157749,844.9141792546799,44.609066818941415,136.44095284453388,1.1157078389021358,72.2525551827741,8.11419057764705,71.96905216558707,10.414750633590689,33.64889622608465,31.500126835990788,102.26135247215278,66.51690204090154,199.39657255479412
3355.825094162059,2220.388586448368,84.98865058925122,-86.07100372325768,74.37402341365558,140.13005816724657,17.303225467530922,315.1640886867505,21.089616461775346,-20.241938414444327,61.22627279454379,-62.968543919711024,122.3774808759988,-129.04593187018952
3333.6851963013523,234.07990731574185,-181.1321351916333,-136.8189439473089,27.46739275048474,321.5191955579563,9.600719150145675,216.0302802855012,-46.62739922522587,-33.27639559048821,-136.49597588352336,-99.00367629301722,-273.02191152266755,-203.09688485676645
792.9964335752151,1929.7143785247185,-86.96867059574599,-95.59912294506196,32.63260649928337,148.2727125601818,15.874156653759862,228.80755345484698,-22.212951238170994,-25.41403503740548,-66.22098922034829,-72.46007865561076,-128.874706057135,-144.51924158368942
460.2041174314023,2239.5870930893598,164.7847089507436,-72.20406126987834,0.4998453687676818,236.9657355808475,17.13023969676172,336.22475332563516,40.3203259626607,-18.47674249167625,125.80447240492157,-52.56205273279982,252.1006850761,-106.85768631130497
2317.716874685341,1102.2286760083239,-196.26278832439272,-284.1500813313061,38.271042787626705,338.8795158258625,19.43875985140936,234.45770530501068,-49.90254720292137,-70.23471804311048,-148.87781055892708,-212.43157227565877,-293.78966524783505,-423.8533187055382
1330.6705831791041,1833.1110302424793,83.69351257377585,1.3792505390163647,62.60822006246654,223.22898644865853,9.740855887260135,2.853640320555124,20.866841408143593,1.9367327490441884,61.61349603325634,1.9420483581981616,125.29731651731308,4.904232509941549
3058.536511890653,1568.4096933079866,6.902506394426551,-55.49903594730017,18.500974261099202,118.42353528557354,2.721213010173398,278.6215208151359,3.8167328501655526,-15.813113303233914,4.216976299494216,-40.25550599654934,15.270043332489921,-83.81753849632284
397.10899831572266,1228.3656083175927,17.886168326158348,227.53969808212477,14.437970336572503,194.09360282184576,15.356455226308736,85.30106797617832,3.7345059163950287,56.640344094105835,15.548310959757671,169.53793059664537,24.04910100182727,341.7975663378683
2413.34819913042,117.36289721771209,-9.596669937726997,25.10995046362533,1.4741625707373252,279.6767375150066,1.488706453945956,109.86540274334313,-2.271566100916832,6.4908147577840865,-8.856352434973138,20.73676966681281,-15.995460687028036,29.306482632096397
1116.3009400950161,308.5991053565277,2.5339858285026104,42.46755985461333,12.635922497221596,65.04160614513185,4.073066687298967,87.21425131579586,0.32049415394345004,9.15500115604645,-2.2141228770231596,29.96227884527573,5.068537974926473,68.02568649214676
625.6618203214313,1233.8645370651434,-195.36805908422934,186.5317802724137,26.11087408578089,90.83610883550502,16.59058498764971,137.03199262539647,-51.68646887514515,44.384509054349856,-142.7152920273322,139.93408180025418,-296.42983334760817,281.8457813018885
317.2441852377673,2188.3590855969364,-31.413972314974412,94.38726890738683,26.106975973370428,229.89480648861303,16.568760054874446,108.09963019698706,-8.271435207712504,23.917254574263655,-27.361990055296125,69.66697626421664,-43.98746254003618,139.46795791484857
118.56721310823268,1747.9840109391257,-73.98784823066408,138.96235489098356,81.03984301231063,324.49040778314486,12.53763606460967,120.04391817800683,-19.34517919780416,32.392318009072845,-54.17160798880741,106.55718696526098,-111.65545824901358,211.1068020878559
1369.1797564989392,169.71546899090328,-101.57730546112197,15.19207399064143,46.27253766696581,260.66547731847913,6.023574352524321,166.5815449225829,-25.444360058640225,5.238415294299641,-72.95812275771893,12.77443067765191,-148.55129045127038,25.35055339820229
2691.7577275647163,1396.133367242144,302.8079050726816,-53.96651895766612,36.56378309077567,87.53117389788335,18.058064733055744,349.1729440697593,75.27691134898531,-13.24617168347937,230.67239468447414,-41.986005511871014,453.9715774285421,-84.18445411329034
3391.5362387108635,2237.034273567623,-39.2258285138433,-387.42744525706325,22.79147410529093,114.96497326972465,18.16063971289309,264.5429367067431,-9.877189203279444,-98.37728755548432,-29.09427161955725,-290.17823170230383,-58.53355743713824,-579.9410156137633
972.3159665095101,155.23460691139013,-128.00214957446232,264.05509573043355,22.292649072054893,243.09835126330486,18.52549646686026,115.52532023097532,-34.16798166033191,65.70478322011803,-98.6922193402483,199.63895451532727,-192.11074730213195,393.311407501245
2473.614050956806,1970.7805221019269,-3.534815181113496,61.33365565316185,17.12709502537273,157.60032448512845,5.02960390027555,92.09631238797658,-0.22820774343263572,14.689981943087854,-5.262452883875081,45.30980293090465,-2.970735613890947,94.32515537319807
