scenario_id,route_type,current_class,completed,termination_reason,time_to_goal_s,final_distance_to_goal,initial_distance_to_goal,distance_reduction_ratio,mean_cross_track_error,max_cross_track_error,wrong_way_ticks,total_ticks,wrong_way_ratio,current_limited,invalid_state,collision_flag,route_progress_fraction
0,straight_east,zero_current,True,goal_reached,175.0,38.86571790510334,2400.0,0.9838059508728736,0.0,0.0,0,875,0.0,False,False,False,1.0
1,straight_diagonal,zero_current,False,time_limit,,801.1353084573698,2683.281572999748,0.7014344985190099,307.0866561865178,726.6067775201931,427,1500,0.2846666666666667,False,False,False,1.0
2,one_turn,zero_current,False,time_limit,,1801.1274725073263,2683.281572999748,0.32875942255520585,282.1122379113034,694.7175591785626,329,1500,0.21933333333333332,False,False,False,1.0
3,s_turn,zero_current,False,time_limit,,1953.0469348346783,2683.281572999748,0.2721423817436763,285.79461111061744,695.3402939267812,571,1500,0.38066666666666665,False,False,False,0.6666666666666666
4,bezier_fillet,zero_current,False,time_limit,,1119.8324924497324,1697.0562748477141,0.34013237566313415,408.29760013253593,1030.582074588017,596,1500,0.3973333333333333,False,False,False,0.5
5,straight_east,normal_current,True,goal_reached,161.0,39.397951889924116,2400.0,0.9835841867125317,0.0,0.0,0,805,0.0,False,False,False,1.0
6,straight_diagonal,normal_current,False,time_limit,,631.5289012390328,2683.281572999748,0.7646430745122953,318.6527919523976,575.1714871280197,486,1500,0.324,False,False,False,1.0
7,one_turn,normal_current,False,time_limit,,1515.3028906725992,2683.281572999748,0.43527995499235606,313.0957574102855,819.3309939373185,289,1500,0.19266666666666668,False,False,False,1.0
8,s_turn,normal_current,False,time_limit,,1818.0600802018864,2683.281572999748,0.32244901224831046,301.542651552764,818.5615839270149,612,1500,0.408,False,False,False,0.6666666666666666
9,bezier_fillet,normal_current,False,time_limit,,1064.8106285417462,1697.0562748477141,0.3725543198988512,379.74410586033275,958.9149547051893,717,1500,0.478,False,False,False,0.4
10,straight_east,normal_current,True,goal_reached,141.20000000000002,39.41475254492161,2400.0,0.983577186439616,0.0,0.0,0,706,0.0,False,False,False,1.0
11,straight_diagonal,normal_current,True,goal_reached,292.40000000000003,38.224565999895205,2683.281572999748,0.9857545453356344,296.74968575976993,513.8118265309145,219,1462,0.14979480164158687,False,False,False,1.0
12,one_turn,normal_current,False,time_limit,,1117.0821431257448,2683.281572999748,0.5836880652532809,494.5386447834743,1080.3513920383211,244,1500,0.16266666666666665,False,False,False,1.0
13,s_turn,normal_current,False,time_limit,,1833.2282104267256,2683.281572999748,0.31679618386925884,473.71705186318286,1081.1721369449983,584,1500,0.3893333333333333,False,False,False,1.0
14,bezier_fillet,normal_current,False,time_limit,,1227.7598765115595,1697.0562748477141,0.27653555470826513,287.09833246099737,757.5007727945292,553,1500,0.36866666666666664,False,False,False,0.3
15,straight_east,normal_current,True,goal_reached,127.4,39.209373466751,2400.0,0.9836627610555204,0.0,0.0,0,637,0.0,False,False,False,1.0
16,straight_diagonal,normal_current,False,time_limit,,279.0865962229473,2683.281572999748,0.895990566539409,299.4815928344357,571.8649829921758,225,1500,0.15,False,False,False,1.0
17,one_turn,normal_current,False,time_limit,,522.6681702134924,2683.281572999748,0.8052130736212001,827.9218698131125,1379.0004870432895,457,1500,0.30466666666666664,False,False,False,1.0
18,s_turn,normal_current,False,time_limit,,984.7597301459986,2683.281572999748,0.6330017169815331,822.8729418410768,1372.3037567552242,566,1500,0.37733333333333335,False,False,False,0.6666666666666666
19,bezier_fillet,normal_current,False,time_limit,,865.7572745149936,1697.0562748477141,0.48984763360738726,235.9573658168168,622.8298316268371,586,1500,0.39066666666666666,False,False,False,0.3
20,straight_east,current_limited,True,goal_reached,112.80000000000001,36.790319012196505,2400.0,0.9846707004115848,0.0,0.0,0,564,0.0,True,False,False,1.0
21,straight_diagonal,current_limited,False,current_limited_safe_stop,,1764.9242709939335,2683.281572999748,0.3422515591530508,407.55158203396843,644.8609509397966,792,1500,0.528,True,False,False,1.0
22,one_turn,current_limited,False,current_limited_safe_stop,,1649.7776523296166,2683.281572999748,0.3851641702718272,1395.3694342554425,2777.689168221067,1212,1500,0.808,True,False,False,1.0
23,s_turn,current_limited,False,current_limited_safe_stop,,1367.10380136747,2683.281572999748,0.49051049464066127,1575.019813193897,2927.7310130149926,1308,1500,0.872,True,False,False,0.6666666666666666
24,bezier_fillet,current_limited,False,current_limited_safe_stop,,2222.903195940584,1697.0562748477141,0.0,199.85885159860047,439.006190974241,1351,1500,0.9006666666666666,True,False,False,0.3
25,straight_east,zero_current,True,goal_reached,175.0,38.86571790510334,2400.0,0.9838059508728736,0.0,0.0,0,875,0.0,False,False,False,1.0
26,straight_diagonal,zero_current,False,time_limit,,801.1353084573698,2683.281572999748,0.7014344985190099,307.0866561865178,726.6067775201931,427,1500,0.2846666666666667,False,False,False,1.0
27,one_turn,zero_current,False,time_limit,,1801.1274725073263,2683.281572999748,0.32875942255520585,282.1122379113034,694.7175591785626,329,1500,0.21933333333333332,False,False,False,1.0
28,s_turn,zero_current,False,time_limit,,1953.0469348346783,2683.281572999748,0.2721423817436763,285.79461111061744,695.3402939267812,571,1500,0.38066666666666665,False,False,False,0.6666666666666666
29,bezier_fillet,zero_current,False,time_limit,,1119.8324924497324,1697.0562748477141,0.34013237566313415,408.29760013253593,1030.582074588017,596,1500,0.3973333333333333,False,False,False,0.5
30,straight_east,normal_current,False,time_limit,,704.6489408403353,2400.0,0.7063962746498602,264.8892181907182,465.4044420336895,438,1500,0.292,False,False,False,1.0
31,straight_diagonal,normal_current,False,time_limit,,528.3051494285953,2683.281572999748,0.8031122955024129,352.7465730675921,582.6924440896535,266,1500,0.17733333333333334,False,False,False,1.0
32,one_turn,normal_current,False,time_limit,,2328.3849958903984,2683.281572999748,0.13226214523308352,271.93438122929354,637.7893088435069,717,1500,0.478,False,False,False,0.5
33,s_turn,normal_current,False,time_limit,,2343.2008488166193,2683.281572999748,0.12674060285180533,310.4468269738346,740.5265024266225,675,1500,0.45,False,False,False,0.3333333333333333
34,bezier_fillet,normal_current,False,time_limit,,1569.445374140599,1697.0562748477141,0.07519544436943695,358.1335662291289,795.6686465077776,696,1500,0.464,False,False,False,0.2
35,straight_east,normal_current,False,time_limit,,148.00852826375177,2400.0,0.9383297798901034,457.26045166659526,823.3457749520217,119,1500,0.07933333333333334,False,False,False,1.0
36,straight_diagonal,normal_current,False,time_limit,,239.0688611677102,2683.281572999748,0.9109042958542567,697.1177430145499,1023.1960440956091,0,1500,0.0,False,False,False,1.0
37,one_turn,normal_current,False,time_limit,,1259.862584823137,2683.281572999748,0.5304769363378118,265.9828863388092,474.2872697030248,0,1500,0.0,False,False,False,1.0
38,s_turn,normal_current,False,time_limit,,3218.0561214311742,2683.281572999748,0.0,455.28853662487654,1585.5836175355216,928,1500,0.6186666666666667,False,False,False,0.3333333333333333
39,bezier_fillet,normal_current,False,time_limit,,2580.2111403850326,1697.0562748477141,0.0,501.6749080031198,1430.762959458975,1030,1500,0.6866666666666666,False,False,False,0.1
40,straight_east,normal_current,False,time_limit,,917.9204872726262,2400.0,0.6175331303030723,929.875952964621,1273.456081974542,0,1500,0.0,False,False,False,1.0
41,straight_diagonal,normal_current,False,time_limit,,1626.4779323741213,2683.281572999748,0.3938474632180265,1255.2650650412984,1734.7267317814587,0,1500,0.0,False,False,False,1.0
42,one_turn,normal_current,False,time_limit,,1615.481377356966,2683.281572999748,0.39794563730747246,351.7356883614954,720.6219590276255,0,1500,0.0,False,False,False,1.0
43,s_turn,normal_current,False,time_limit,,2196.8679097843124,2683.281572999748,0.18127566935573375,245.04296533434783,566.5854737868167,530,1500,0.35333333333333333,False,False,False,0.3333333333333333
44,bezier_fillet,normal_current,False,time_limit,,1793.2705242345721,1697.0562748477141,0.0,169.49637637939264,378.2879868762979,688,1500,0.45866666666666667,False,False,False,0.2
45,straight_east,current_limited,False,current_limited_safe_stop,,2989.0116710246393,2400.0,0.0,1701.934218740553,2964.157669813815,991,1500,0.6606666666666666,True,False,False,1.0
46,straight_diagonal,current_limited,False,current_limited_safe_stop,,3875.90332160291,2683.281572999748,0.0,1995.7826267284609,3604.4873178297726,1201,1500,0.8006666666666666,True,False,False,1.0
47,one_turn,current_limited,False,current_limited_safe_stop,,3888.5913196088645,2683.281572999748,0.0,1487.0192427173442,2663.594657881492,1273,1500,0.8486666666666667,True,False,False,0.5
48,s_turn,current_limited,False,current_limited_safe_stop,,3875.633336086642,2683.281572999748,0.0,1417.264191985398,2587.125478597084,1352,1500,0.9013333333333333,True,False,False,0.3333333333333333
49,bezier_fillet,current_limited,False,current_limited_safe_stop,,3699.4891723657006,1697.0562748477141,0.0,1364.8598590361971,2542.5700151629576,1460,1500,0.9733333333333334,True,False,False,0.1
50,straight_east,zero_current,True,goal_reached,175.0,38.86571790510334,2400.0,0.9838059508728736,0.0,0.0,0,875,0.0,False,False,False,1.0
51,straight_diagonal,zero_current,False,time_limit,,801.1353084573698,2683.281572999748,0.7014344985190099,307.0866561865178,726.6067775201931,427,1500,0.2846666666666667,False,False,False,1.0
52,one_turn,zero_current,False,time_limit,,1801.1274725073263,2683.281572999748,0.32875942255520585,282.1122379113034,694.7175591785626,329,1500,0.21933333333333332,False,False,False,1.0
53,s_turn,zero_current,False,time_limit,,1953.0469348346783,2683.281572999748,0.2721423817436763,285.79461111061744,695.3402939267812,571,1500,0.38066666666666665,False,False,False,0.6666666666666666
54,bezier_fillet,zero_current,False,time_limit,,1119.8324924497324,1697.0562748477141,0.34013237566313415,408.29760013253593,1030.582074588017,596,1500,0.3973333333333333,False,False,False,0.5
55,straight_east,normal_current,True,goal_reached,194.0,39.6376167327594,2400.0,0.9834843263613503,0.0,0.0,0,970,0.0,False,False,False,1.0
56,straight_diagonal,normal_current,False,time_limit,,791.7132555234984,2683.281572999748,0.7049458903269661,255.82522234349565,684.3352764789649,335,1500,0.22333333333333333,False,False,False,1.0
57,one_turn,normal_current,False,time_limit,,2001.4706716543822,2683.281572999748,0.25409592053477337,250.75145775841762,792.5572400955674,335,1500,0.22333333333333333,False,False,False,1.0
58,s_turn,normal_current,False,time_limit,,2345.5740602578458,2683.281572999748,0.12585615916721155,338.30548745599236,702.1358350016842,584,1500,0.3893333333333333,False,False,False,0.6666666666666666
59,bezier_fillet,normal_current,False,time_limit,,731.7122060549788,1697.0562748477141,0.5688344476846301,198.8187347698479,779.868132885786,563,1500,0.37533333333333335,False,False,False,1.0
60,straight_east,normal_current,False,time_limit,,100.42026262671016,2400.0,0.9581582239055374,0.0,0.0,67,1500,0.04466666666666667,False,False,False,1.0
61,straight_diagonal,normal_current,False,time_limit,,164.79757890125612,2683.281572999748,0.9385835685082343,113.96040667829357,195.0783441737899,138,1500,0.092,False,False,False,1.0
62,one_turn,normal_current,False,time_limit,,1326.9748985842402,2683.281572999748,0.5054656537216249,107.26699765485323,342.820759704035,325,1500,0.21666666666666667,False,False,False,1.0
63,s_turn,normal_current,False,time_limit,,2803.527795715053,2683.281572999748,0.0,378.85842868435384,1126.9723731037088,630,1500,0.42,False,False,False,0.6666666666666666
64,bezier_fillet,normal_current,False,time_limit,,2024.210597006578,1697.0562748477141,0.0,230.54937553573748,656.9747971371299,1023,1500,0.682,False,False,False,0.5
65,straight_east,normal_current,False,time_limit,,638.091522896957,2400.0,0.7341285321262679,0.0,0.0,0,1500,0.0,False,False,False,1.0
66,straight_diagonal,normal_current,False,time_limit,,1608.1023592053887,2683.281572999748,0.4006956350064944,851.077765050841,1348.1814235252878,0,1500,0.0,False,False,False,1.0
67,one_turn,normal_current,False,time_limit,,1549.171984869053,2683.281572999748,0.4226576888324204,33.81493732367289,335.8402524595783,15,1500,0.01,False,False,False,1.0
68,s_turn,normal_current,False,time_limit,,1866.823111540872,2683.281572999748,0.304276103437823,112.85289432201044,399.87340019734745,357,1500,0.238,False,False,False,0.6666666666666666
69,bezier_fillet,normal_current,False,time_limit,,1211.5510964351029,1697.0562748477141,0.28608666996395166,310.8413262741774,1140.0096734438891,805,1500,0.5366666666666666,False,False,False,0.2
70,straight_east,current_limited,False,current_limited_safe_stop,,4730.45974397833,2400.0,0.0,0.0,0.0,1499,1500,0.9993333333333333,True,False,False,1.0
71,straight_diagonal,current_limited,False,current_limited_safe_stop,,4727.751860020814,2683.281572999748,0.0,1459.4742699168276,2805.338002990058,1499,1500,0.9993333333333333,True,False,False,1.0
72,one_turn,current_limited,False,current_limited_safe_stop,,4880.291936902907,2683.281572999748,0.0,0.0,0.0,1499,1500,0.9993333333333333,True,False,False,0.5
73,s_turn,current_limited,False,current_limited_safe_stop,,4880.291936902907,2683.281572999748,0.0,0.0,0.0,1499,1500,0.9993333333333333,True,False,False,0.3333333333333333
74,bezier_fillet,current_limited,False,current_limited_safe_stop,,3510.581384358818,1697.0562748477141,0.0,453.7650433631973,896.9510388304536,1499,1500,0.9993333333333333,True,False,False,0.1
75,straight_east,zero_current,True,goal_reached,175.0,38.86571790510334,2400.0,0.9838059508728736,0.0,0.0,0,875,0.0,False,False,False,1.0
76,straight_diagonal,zero_current,False,time_limit,,801.1353084573698,2683.281572999748,0.7014344985190099,307.0866561865178,726.6067775201931,427,1500,0.2846666666666667,False,False,False,1.0
77,one_turn,zero_current,False,time_limit,,1801.1274725073263,2683.281572999748,0.32875942255520585,282.1122379113034,694.7175591785626,329,1500,0.21933333333333332,False,False,False,1.0
78,s_turn,zero_current,False,time_limit,,1953.0469348346783,2683.281572999748,0.2721423817436763,285.79461111061744,695.3402939267812,571,1500,0.38066666666666665,False,False,False,0.6666666666666666
79,bezier_fillet,zero_current,False,time_limit,,1119.8324924497324,1697.0562748477141,0.34013237566313415,408.29760013253593,1030.582074588017,596,1500,0.3973333333333333,False,False,False,0.5
80,straight_east,normal_current,False,time_limit,,704.6489408403376,2400.0,0.7063962746498593,264.889218190719,465.40444203368907,438,1500,0.292,False,False,False,1.0
81,straight_diagonal,normal_current,False,time_limit,,1066.5834517525816,2683.281572999748,0.6025078163674767,269.048953118443,1060.3454877688298,505,1500,0.33666666666666667,False,False,False,1.0
82,one_turn,normal_current,False,time_limit,,1714.9187478508986,2683.281572999748,0.36088751731942825,271.93438122929433,637.7893088435198,717,1500,0.478,False,False,False,0.5
83,s_turn,normal_current,False,time_limit,,1723.379112832506,2683.281572999748,0.3577345254505394,310.4468269738355,740.5265024266264,675,1500,0.45,False,False,False,0.3333333333333333
84,bezier_fillet,normal_current,False,time_limit,,732.6579259185175,1697.0562748477141,0.5682771769107876,436.274846015497,1075.2629222328273,591,1500,0.394,False,False,False,0.6
85,straight_east,normal_current,False,time_limit,,148.00852826375547,2400.0,0.9383297798901018,457.26045166659617,823.345774952023,119,1500,0.07933333333333334,False,False,False,1.0
86,straight_diagonal,normal_current,False,time_limit,,205.7554996295415,2683.281572999748,0.923319452680652,330.4492780657757,679.1697490421172,154,1500,0.10266666666666667,False,False,False,1.0
87,one_turn,normal_current,False,time_limit,,1742.5603110250668,2683.281572999748,0.35058611494246245,429.34561558216615,873.9363298199933,115,1500,0.07666666666666666,False,False,False,1.0
88,s_turn,normal_current,False,time_limit,,1656.8294530549026,2683.281572999748,0.3825361193075736,455.28853662487444,1585.5836175355157,928,1500,0.6186666666666667,False,False,False,0.3333333333333333
89,bezier_fillet,normal_current,False,time_limit,,470.822701523762,1697.0562748477141,0.722565062513315,495.2806350447874,1392.9883720886803,1034,1500,0.6893333333333334,False,False,False,0.1
90,straight_east,normal_current,False,time_limit,,917.920487272619,2400.0,0.6175331303030753,929.8759529646185,1273.4560819745402,0,1500,0.0,False,False,False,1.0
91,straight_diagonal,normal_current,False,time_limit,,605.432084426037,2683.281572999748,0.774368783910665,627.6806102637283,967.7926772835701,0,1500,0.0,False,False,False,1.0
92,one_turn,normal_current,False,time_limit,,2053.6267262566707,2683.281572999748,0.23465850661328871,362.45349274041985,720.6219590276294,287,1500,0.19133333333333333,False,False,False,1.0
93,s_turn,normal_current,False,time_limit,,2403.938615593771,2683.281572999748,0.10410497363259877,245.0429653343598,566.5854737868185,530,1500,0.35333333333333333,False,False,False,0.3333333333333333
94,bezier_fillet,normal_current,False,time_limit,,1636.9017475214298,1697.0562748477141,0.035446395159572604,159.58278826179273,329.63038012451955,682,1500,0.45466666666666666,False,False,False,0.2
95,straight_east,current_limited,False,current_limited_safe_stop,,2989.0116710246334,2400.0,0.0,1701.9342187405532,2964.1576698138097,991,1500,0.6606666666666666,True,False,False,1.0
96,straight_diagonal,current_limited,False,current_limited_safe_stop,,2306.65976999211,2683.281572999748,0.1403586588889355,1185.93946297989,1887.4493664375357,786,1500,0.524,True,False,False,1.0
97,one_turn,current_limited,False,current_limited_safe_stop,,1633.6653885089306,2683.281572999748,0.39116885646757127,1558.7472400009162,2770.1488731482204,1273,1500,0.8486666666666667,True,False,False,0.5
98,s_turn,current_limited,False,current_limited_safe_stop,,1613.1743422581585,2683.281572999748,0.3988054185253744,1417.2641919853945,2587.1254785970773,1352,1500,0.9013333333333333,True,False,False,0.3333333333333333
99,bezier_fillet,current_limited,False,current_limited_safe_stop,,1322.0463603392132,1697.0562748477141,0.22097671130095706,1305.3859073106762,2449.893375458741,1455,1500,0.97,True,False,False,0.1
100,straight_east,zero_current,False,time_limit,,899.226436525178,2400.0,0.6253223181145091,303.0484741395743,758.1714215450929,546,1500,0.364,False,False,False,1.0
101,straight_diagonal,zero_current,False,time_limit,,779.0801760226552,2683.281572999748,0.7096539610818069,333.221609911576,712.5491798339498,408,1500,0.272,False,False,False,1.0
102,one_turn,zero_current,False,time_limit,,1991.2283259384753,2683.281572999748,0.257913017413077,368.9293970736674,925.6900774154224,591,1500,0.394,False,False,False,0.5
103,s_turn,zero_current,False,time_limit,,2031.1597559447907,2683.281572999748,0.2430314520909276,400.6674237900144,1003.5245879605815,599,1500,0.3993333333333333,False,False,False,0.3333333333333333
104,bezier_fillet,zero_current,False,time_limit,,1138.114309396861,1697.0562748477141,0.329359711716696,400.5844595488587,1010.1957865727305,728,1500,0.48533333333333334,False,False,False,0.2
105,straight_east,normal_current,False,time_limit,,726.4397264063346,2400.0,0.6973167806640272,308.10518914979616,774.779920808601,503,1500,0.3353333333333333,False,False,False,1.0
106,straight_diagonal,normal_current,False,time_limit,,620.3628729668145,2683.281572999748,0.7688044075548561,343.2273639212751,556.673455387747,465,1500,0.31,False,False,False,1.0
107,one_turn,normal_current,False,time_limit,,1644.1756766152432,2683.281572999748,0.3872519033561008,372.55910108823895,956.146405644137,572,1500,0.38133333333333336,False,False,False,0.5
108,s_turn,normal_current,False,time_limit,,1942.6764977635423,2683.281572999748,0.2760072154515836,408.29796986062144,1022.4599347037506,698,1500,0.4653333333333333,False,False,False,0.3333333333333333
109,bezier_fillet,normal_current,False,time_limit,,2087.8743167011075,1697.0562748477141,0.0,450.076895792074,1001.0640315352555,881,1500,0.5873333333333334,False,False,False,0.1
110,straight_east,normal_current,False,time_limit,,407.3987679400138,2400.0,0.8302505133583276,306.85519011609017,815.3535673904397,463,1500,0.30866666666666664,False,False,False,1.0
111,straight_diagonal,normal_current,True,goal_reached,291.40000000000003,39.351040250603724,2683.281572999748,0.9853347331690534,321.5023099688071,546.9125431539264,190,1457,0.13040494166094715,False,False,False,1.0
112,one_turn,normal_current,False,time_limit,,1517.189187721897,2683.281572999748,0.43457697358769154,381.036969235346,1011.8208768484944,545,1500,0.36333333333333334,False,False,False,0.5
113,s_turn,normal_current,False,time_limit,,1971.6825747892212,2683.281572999748,0.26519728878658144,401.19967661139907,1027.708451505071,543,1500,0.362,False,False,False,0.3333333333333333
114,bezier_fillet,normal_current,False,time_limit,,1370.6808624910516,1697.0562748477141,0.19231855607495982,328.4868071925385,851.9375192351629,566,1500,0.37733333333333335,False,False,False,0.2
115,straight_east,normal_current,False,time_limit,,1044.506230061614,2400.0,0.5647890708076608,301.08718665261927,859.5467792812464,546,1500,0.364,False,False,False,1.0
116,straight_diagonal,normal_current,False,time_limit,,240.87185995520252,2683.281572999748,0.9102323578788929,322.7367461682944,603.9064400815748,201,1500,0.134,False,False,False,1.0
117,one_turn,normal_current,False,time_limit,,1299.1787531720959,2683.281572999748,0.5158246654972956,369.6880013894515,1010.2052839844102,588,1500,0.392,False,False,False,0.5
118,s_turn,normal_current,False,time_limit,,1235.887523452002,2683.281572999748,0.5394119141695763,680.846853673037,1177.3968121309654,486,1500,0.324,False,False,False,0.6666666666666666
119,bezier_fillet,normal_current,False,time_limit,,896.4130621803506,1697.0562748477141,0.4717835374900632,264.5361951438124,758.9955021044665,581,1500,0.3873333333333333,False,False,False,0.2
120,straight_east,current_limited,False,current_limited_safe_stop,,2272.3495500468075,2400.0,0.05318768748049687,295.36377393847994,836.1095730596902,926,1500,0.6173333333333333,True,False,False,1.0
121,straight_diagonal,current_limited,False,current_limited_safe_stop,,1760.837387805865,2683.281572999748,0.3437746505904878,437.14438638398383,677.1394428400449,780,1500,0.52,True,False,False,1.0
122,one_turn,current_limited,False,current_limited_safe_stop,,1538.4364802750147,2683.281572999748,0.42665857517325884,1327.190506242857,2653.7342050955813,1189,1500,0.7926666666666666,True,False,False,1.0
123,s_turn,current_limited,False,current_limited_safe_stop,,1230.4404842183046,2683.281572999748,0.5414419058366856,1486.0307615180345,2788.1882465655744,1297,1500,0.8646666666666667,True,False,False,0.6666666666666666
124,bezier_fillet,current_limited,False,current_limited_safe_stop,,2297.164588215772,1697.0562748477141,0.0,188.85124192954063,513.856853132471,1396,1500,0.9306666666666666,True,False,False,0.2
125,straight_east,zero_current,False,time_limit,,899.226436525178,2400.0,0.6253223181145091,303.0484741395743,758.1714215450929,546,1500,0.364,False,False,False,1.0
126,straight_diagonal,zero_current,False,time_limit,,779.0801760226552,2683.281572999748,0.7096539610818069,333.221609911576,712.5491798339498,408,1500,0.272,False,False,False,1.0
127,one_turn,zero_current,False,time_limit,,1991.2283259384753,2683.281572999748,0.257913017413077,368.9293970736674,925.6900774154224,591,1500,0.394,False,False,False,0.5
128,s_turn,zero_current,False,time_limit,,2031.1597559447907,2683.281572999748,0.2430314520909276,400.6674237900144,1003.5245879605815,599,1500,0.3993333333333333,False,False,False,0.3333333333333333
129,bezier_fillet,zero_current,False,time_limit,,1138.114309396861,1697.0562748477141,0.329359711716696,400.5844595488587,1010.1957865727305,728,1500,0.48533333333333334,False,False,False,0.2
130,straight_east,normal_current,False,time_limit,,697.9415074950589,2400.0,0.7091910385437254,295.6479534273135,504.1220704252678,420,1500,0.28,False,False,False,1.0
131,straight_diagonal,normal_current,False,time_limit,,487.63074582343285,2683.281572999748,0.8182707507366471,383.10779382315076,616.8824374822285,244,1500,0.16266666666666665,False,False,False,1.0
132,one_turn,normal_current,False,time_limit,,2418.4808764575846,2683.281572999748,0.0986853929929284,290.6533748864318,613.3366315012231,842,1500,0.5613333333333334,False,False,False,0.5
133,s_turn,normal_current,False,time_limit,,2406.079257410017,2683.281572999748,0.10330720352983133,322.00020187198726,679.8653543097539,615,1500,0.41,False,False,False,0.3333333333333333
134,bezier_fillet,normal_current,False,time_limit,,1641.2874394033374,1697.0562748477141,0.03286210143466287,359.1606471908234,743.1737439462676,874,1500,0.5826666666666667,False,False,False,0.1
135,straight_east,normal_current,False,time_limit,,137.3551070888596,2400.0,0.9427687053796417,485.7881146683893,848.921064908955,103,1500,0.06866666666666667,False,False,False,1.0
136,straight_diagonal,normal_current,False,time_limit,,297.3181533467407,2683.281572999748,0.8891960663619968,740.24378163398,1057.6793266141794,0,1500,0.0,False,False,False,1.0
137,one_turn,normal_current,False,time_limit,,1261.671230983132,2683.281572999748,0.5298028937109797,276.9417882469648,492.7094458105471,0,1500,0.0,False,False,False,1.0
138,s_turn,normal_current,False,time_limit,,2148.5160844661805,2683.281572999748,0.19929533073032346,198.03564698375138,448.43177598690863,531,1500,0.354,False,False,False,0.3333333333333333
139,bezier_fillet,normal_current,False,time_limit,,2704.308131630478,1697.0562748477141,0.0,519.7751468555384,1531.743986019033,1056,1500,0.704,False,False,False,0.1
140,straight_east,normal_current,False,time_limit,,951.752006576522,2400.0,0.6034366639264491,959.4610904817673,1298.1075540488582,0,1500,0.0,False,False,False,1.0
141,straight_diagonal,normal_current,False,time_limit,,1685.1069605903479,2683.281572999748,0.37199771446032054,1293.778474666515,1776.9388608835534,0,1500,0.0,False,False,False,1.0
142,one_turn,normal_current,False,time_limit,,1670.8457992186177,2683.281572999748,0.37731253550453436,379.4898003906421,740.6899734362014,0,1500,0.0,False,False,False,1.0
143,s_turn,normal_current,False,time_limit,,1847.04089858263,2683.281572999748,0.31164849892449076,270.3541617053858,573.926453509323,457,1500,0.30466666666666664,False,False,False,0.3333333333333333
144,bezier_fillet,normal_current,False,time_limit,,1835.099677193881,1697.0562748477141,0.0,235.50811393521272,501.59144247671094,777,1500,0.518,False,False,False,0.2
145,straight_east,current_limited,False,current_limited_safe_stop,,3011.1266557967147,2400.0,0.0,1726.2356389097813,2987.508807610431,993,1500,0.662,True,False,False,1.0
146,straight_diagonal,current_limited,False,current_limited_safe_stop,,3921.722854815623,2683.281572999748,0.0,2028.515107559801,3639.9886175478023,1199,1500,0.7993333333333333,True,False,False,1.0
147,one_turn,current_limited,False,current_limited_safe_stop,,3910.298794245385,2683.281572999748,0.0,1510.8010747700937,2685.634361981146,1271,1500,0.8473333333333334,True,False,False,0.5
148,s_turn,current_limited,False,current_limited_safe_stop,,3894.9233635146493,2683.281572999748,0.0,1440.223550043424,2607.837725702856,1362,1500,0.908,True,False,False,0.3333333333333333
149,bezier_fillet,current_limited,False,current_limited_safe_stop,,3793.2392905990446,1697.0562748477141,0.0,1452.7183027262029,2639.691306364362,1468,1500,0.9786666666666667,True,False,False,0.1
150,straight_east,zero_current,False,time_limit,,899.226436525178,2400.0,0.6253223181145091,303.0484741395743,758.1714215450929,546,1500,0.364,False,False,False,1.0
151,straight_diagonal,zero_current,False,time_limit,,779.0801760226552,2683.281572999748,0.7096539610818069,333.221609911576,712.5491798339498,408,1500,0.272,False,False,False,1.0
152,one_turn,zero_current,False,time_limit,,1991.2283259384753,2683.281572999748,0.257913017413077,368.9293970736674,925.6900774154224,591,1500,0.394,False,False,False,0.5
153,s_turn,zero_current,False,time_limit,,2031.1597559447907,2683.281572999748,0.2430314520909276,400.6674237900144,1003.5245879605815,599,1500,0.3993333333333333,False,False,False,0.3333333333333333
154,bezier_fillet,zero_current,False,time_limit,,1138.114309396861,1697.0562748477141,0.329359711716696,400.5844595488587,1010.1957865727305,728,1500,0.48533333333333334,False,False,False,0.2
155,straight_east,normal_current,False,time_limit,,940.1165377560916,2400.0,0.6082847759349619,287.4997600032853,902.3833684731219,407,1500,0.2713333333333333,False,False,False,1.0
156,straight_diagonal,normal_current,False,time_limit,,754.8047904479928,2683.281572999748,0.7187008631359674,286.114879398412,668.6571090612608,318,1500,0.212,False,False,False,1.0
157,one_turn,normal_current,False,time_limit,,2388.171667327605,2683.281572999748,0.10998096831941032,366.817180523157,894.8354196929477,717,1500,0.478,False,False,False,0.5
158,s_turn,normal_current,False,time_limit,,2445.8052996986353,2683.281572999748,0.08850218169076766,396.0891184985566,974.5573899311039,717,1500,0.478,False,False,False,0.3333333333333333
159,bezier_fillet,normal_current,False,time_limit,,1471.4220876245379,1697.0562748477141,0.13295621987751916,410.518212603072,1015.9233433660369,704,1500,0.4693333333333333,False,False,False,0.2
160,straight_east,normal_current,False,time_limit,,115.07715317277811,2400.0,0.9520511861780091,280.08883899604575,487.01013840554106,129,1500,0.086,False,False,False,1.0
161,straight_diagonal,normal_current,False,time_limit,,150.1815339566774,2683.281572999748,0.9440306468512794,184.0464615759551,265.3029848397891,114,1500,0.076,False,False,False,1.0
162,one_turn,normal_current,False,time_limit,,1216.0005428841598,2683.281572999748,0.5468233542390618,152.19109696809124,310.002787823247,301,1500,0.20066666666666666,False,False,False,1.0
163,s_turn,normal_current,False,time_limit,,2579.8620472408074,2683.281572999748,0.03854218163296354,278.0816096801855,656.2690882202478,608,1500,0.4053333333333333,False,False,False,0.3333333333333333
164,bezier_fillet,normal_current,False,time_limit,,2129.9042716163844,1697.0562748477141,0.0,270.1757814611557,638.7595921156711,892,1500,0.5946666666666667,False,False,False,0.1
165,straight_east,normal_current,False,time_limit,,972.447877342102,2400.0,0.5948133844407909,521.7230968465102,708.7535159091854,0,1500,0.0,False,False,False,1.0
166,straight_diagonal,normal_current,False,time_limit,,1504.3376089518088,2683.281572999748,0.4393664742123766,446.9495137745936,1100.362387823718,0,1500,0.0,False,False,False,1.0
167,one_turn,normal_current,False,time_limit,,1499.1782986202018,2683.281572999748,0.44128923564879163,185.54120692266724,407.3142154699658,0,1500,0.0,False,False,False,1.0
168,s_turn,normal_current,False,time_limit,,2003.4078506279163,2683.281572999748,0.2533739765565391,171.65702606221092,417.59231522160735,344,1500,0.22933333333333333,False,False,False,0.6666666666666666
169,bezier_fillet,normal_current,False,time_limit,,1202.0207249790158,1697.0562748477141,0.29170249520047326,192.83970919487626,441.87836709222944,594,1500,0.396,False,False,False,0.3
170,straight_east,current_limited,False,current_limited_safe_stop,,4806.506342885581,2400.0,0.0,701.4101046397755,1261.8080560480912,1499,1500,0.9993333333333333,True,False,False,1.0
171,straight_diagonal,current_limited,False,current_limited_safe_stop,,4719.030623766682,2683.281572999748,0.0,1328.4754427313053,2716.42354408045,1499,1500,0.9993333333333333,True,False,False,1.0
172,one_turn,current_limited,False,current_limited_safe_stop,,5169.042785084271,2683.281572999748,0.0,591.645365353215,1032.959812783858,1499,1500,0.9993333333333333,True,False,False,0.5
173,s_turn,current_limited,False,current_limited_safe_stop,,5135.764855559452,2683.281572999748,0.0,532.403618167745,931.7417040758514,1499,1500,0.9993333333333333,True,False,False,0.3333333333333333
174,bezier_fillet,current_limited,False,current_limited_safe_stop,,4001.8609771786996,1697.0562748477141,0.0,338.05131462505847,635.3719823952524,1499,1500,0.9993333333333333,True,False,False,0.1
175,straight_east,zero_current,False,time_limit,,899.226436525178,2400.0,0.6253223181145091,303.0484741395743,758.1714215450929,546,1500,0.364,False,False,False,1.0
176,straight_diagonal,zero_current,False,time_limit,,779.0801760226552,2683.281572999748,0.7096539610818069,333.221609911576,712.5491798339498,408,1500,0.272,False,False,False,1.0
177,one_turn,zero_current,False,time_limit,,1991.2283259384753,2683.281572999748,0.257913017413077,368.9293970736674,925.6900774154224,591,1500,0.394,False,False,False,0.5
178,s_turn,zero_current,False,time_limit,,2031.1597559447907,2683.281572999748,0.2430314520909276,400.6674237900144,1003.5245879605815,599,1500,0.3993333333333333,False,False,False,0.3333333333333333
179,bezier_fillet,zero_current,False,time_limit,,1138.114309396861,1697.0562748477141,0.329359711716696,400.5844595488587,1010.1957865727305,728,1500,0.48533333333333334,False,False,False,0.2
180,straight_east,normal_current,False,time_limit,,717.1063519083556,2400.0,0.7012056867048518,206.7127809402988,411.5491402528578,472,1500,0.31466666666666665,False,False,False,1.0
181,straight_diagonal,normal_current,False,time_limit,,1044.9020179830989,2683.281572999748,0.6105880096605139,307.17000582518733,1036.399119642037,492,1500,0.328,False,False,False,1.0
182,one_turn,normal_current,False,time_limit,,1784.8865240735477,2683.281572999748,0.3348120666747055,271.8287436023314,759.1399116018083,519,1500,0.346,False,False,False,0.5
183,s_turn,normal_current,False,time_limit,,1714.3196522056082,2683.281572999748,0.3611107870840772,312.38159420710883,787.494518928462,320,1500,0.21333333333333335,False,False,False,0.6666666666666666
184,bezier_fillet,normal_current,True,goal_reached,138.0,39.455207107054406,1697.0562748477141,0.9767507962512352,22.145960799327394,75.24842926894102,155,690,0.2246376811594203,False,False,False,0.8
185,straight_east,normal_current,False,time_limit,,157.24533650814422,2400.0,0.9344811097882733,425.03559024102134,794.2047475490937,130,1500,0.08666666666666667,False,False,False,1.0
186,straight_diagonal,normal_current,False,time_limit,,246.38260384533825,2683.281572999748,0.9081786248880706,256.8382236672772,593.8989337420609,183,1500,0.122,False,False,False,1.0
187,one_turn,normal_current,False,time_limit,,1651.1405265691872,2683.281572999748,0.38465625703108336,370.4595866141627,765.8213238478774,36,1500,0.024,False,False,False,1.0
188,s_turn,normal_current,False,time_limit,,1640.3851145814378,2683.281572999748,0.38866456241952063,408.89591629173134,1538.8914664652343,917,1500,0.6113333333333333,False,False,False,0.3333333333333333
189,bezier_fillet,normal_current,False,time_limit,,462.30893073244744,1697.0562748477141,0.7275818500633204,435.039050716975,1303.9977924503198,982,1500,0.6546666666666666,False,False,False,0.2
190,straight_east,normal_current,False,time_limit,,890.1815977979523,2400.0,0.6290910009175199,900.5982199320811,1250.5078388002698,0,1500,0.0,False,False,False,1.0
191,straight_diagonal,normal_current,False,time_limit,,547.0755263326879,2683.281572999748,0.796116989048939,566.3314988141836,916.2017505285052,0,1500,0.0,False,False,False,1.0
192,one_turn,normal_current,False,time_limit,,1577.5883286932274,2683.281572999748,0.41206754275527696,345.18845417562943,707.6024770074666,289,1500,0.19266666666666668,False,False,False,1.0
193,s_turn,normal_current,False,time_limit,,2437.5498039850427,2683.281572999748,0.09157882329135954,320.6868548796499,748.8510420738974,398,1500,0.2653333333333333,False,False,False,0.6666666666666666
194,bezier_fillet,normal_current,False,time_limit,,1451.8411751595056,1697.0562748477141,0.14449438319905625,127.2968572264326,258.7086879065276,730,1500,0.4866666666666667,False,False,False,0.1
195,straight_east,current_limited,False,current_limited_safe_stop,,2968.2679279503636,2400.0,0.0,1678.5025809678532,2942.7753739850355,986,1500,0.6573333333333333,True,False,False,1.0
196,straight_diagonal,current_limited,False,current_limited_safe_stop,,2265.609354254004,2683.281572999748,0.1556572455714409,1134.5891331388204,1843.6301166337014,780,1500,0.52,True,False,False,1.0
197,one_turn,current_limited,False,current_limited_safe_stop,,1622.3744670992442,2683.281572999748,0.39537673443434906,1541.1012159794739,2757.5859463086085,1272,1500,0.848,True,False,False,0.5
198,s_turn,current_limited,False,current_limited_safe_stop,,1603.9295613698787,2683.281572999748,0.40225074494258845,1400.790108245448,2574.5496535926404,1344,1500,0.896,True,False,False,0.3333333333333333
199,bezier_fillet,current_limited,False,current_limited_safe_stop,,1268.9849644866572,1697.0562748477141,0.2522434386564288,1253.9470812562868,2393.9659803652426,1448,1500,0.9653333333333334,True,False,False,0.1
200,straight_east,zero_current,False,time_limit,,899.2264365251821,2400.0,0.6253223181145074,303.04847413957583,758.1714215450925,546,1500,0.364,False,False,False,1.0
201,straight_diagonal,zero_current,False,time_limit,,816.977742256468,2683.281572999748,0.6955303720350392,269.68357366393025,748.9094035890637,441,1500,0.294,False,False,False,1.0
202,one_turn,zero_current,False,time_limit,,1959.7933899910404,2683.281572999748,0.269628126354213,368.9293970736647,925.6900774154174,591,1500,0.394,False,False,False,0.5
203,s_turn,zero_current,False,time_limit,,1957.626460326374,2683.281572999748,0.2704356933596555,400.66742379001596,1003.524587960585,599,1500,0.3993333333333333,False,False,False,0.3333333333333333
204,bezier_fillet,zero_current,False,time_limit,,1158.454314868498,1697.0562748477141,0.317374248551391,363.20292432339545,937.9543803597306,602,1500,0.4013333333333333,False,False,False,0.4
205,straight_east,normal_current,False,time_limit,,726.4397264063281,2400.0,0.6973167806640299,308.1051891497949,774.7799208085994,503,1500,0.3353333333333333,False,False,False,1.0
206,straight_diagonal,normal_current,False,time_limit,,641.808939700061,2683.281572999748,0.7608119303772667,292.00663608203115,596.6211183058538,500,1500,0.3333333333333333,False,False,False,1.0
207,one_turn,normal_current,False,time_limit,,1613.8610590543174,2683.281572999748,0.3985494942857907,372.5591010882336,956.1464056441291,572,1500,0.38133333333333336,False,False,False,0.5
208,s_turn,normal_current,False,time_limit,,1576.5607888710674,2683.281572999748,0.4124504842372666,408.29796986061535,1022.4599347037397,698,1500,0.4653333333333333,False,False,False,0.3333333333333333
209,bezier_fillet,normal_current,False,time_limit,,1167.9005523455821,1697.0562748477141,0.31180799973743706,313.58632094866874,788.2671667171883,716,1500,0.47733333333333333,False,False,False,0.5
210,straight_east,normal_current,False,time_limit,,407.3987679400341,2400.0,0.8302505133583191,306.85519011609387,815.3535673904466,463,1500,0.30866666666666664,False,False,False,1.0
211,straight_diagonal,normal_current,True,goal_reached,293.6,39.76058198671361,2683.281572999748,0.9851821059754592,275.5481951521519,484.9448526744244,242,1468,0.164850136239782,False,False,False,1.0
212,one_turn,normal_current,False,time_limit,,1281.665741130941,2683.281572999748,0.5223513797330946,381.0369692353498,1011.8208768485015,545,1500,0.36333333333333334,False,False,False,0.5
213,s_turn,normal_current,False,time_limit,,1612.6078507526352,2683.281572999748,0.39901653744454546,401.1996766114016,1027.7084515050774,543,1500,0.362,False,False,False,0.3333333333333333
214,bezier_fillet,normal_current,False,time_limit,,1234.572263935195,1697.0562748477141,0.2725213169221629,239.08578040678833,589.2802841605554,542,1500,0.36133333333333334,False,False,False,0.4
215,straight_east,normal_current,False,time_limit,,1044.50623006161,2400.0,0.5647890708076625,301.0871866526207,859.5467792812492,546,1500,0.364,False,False,False,1.0
216,straight_diagonal,normal_current,False,time_limit,,333.13542259364687,2683.281572999748,0.8758477582279143,279.2678356728432,545.6364672152229,302,1500,0.20133333333333334,False,False,False,1.0
217,one_turn,normal_current,False,time_limit,,1101.4165321859698,2683.281572999748,0.5895262937483478,369.68800138944886,1010.2052839844064,588,1500,0.392,False,False,False,0.5
218,s_turn,normal_current,False,time_limit,,250.01799583265787,2683.281572999748,0.9068237942866529,1220.6940023153586,1850.3974952609842,1013,1500,0.6753333333333333,False,False,False,0.6666666666666666
219,bezier_fillet,normal_current,False,time_limit,,835.899941804695,1697.0562748477141,0.5074412356303831,203.55352343335863,466.1519359757758,545,1500,0.36333333333333334,False,False,False,0.4
220,straight_east,current_limited,False,current_limited_safe_stop,,2272.349550046808,2400.0,0.05318768748049668,295.36377393847977,836.1095730596917,926,1500,0.6173333333333333,True,False,False,1.0
221,straight_diagonal,current_limited,False,current_limited_safe_stop,,1766.367589715764,2683.281572999748,0.3417136660238489,384.00346499019776,619.7033802407968,799,1500,0.5326666666666666,True,False,False,1.0
222,one_turn,current_limited,False,current_limited_safe_stop,,1784.8698111339731,2683.281572999748,0.33481829521953754,1487.0251430331764,2931.0905533078485,1221,1500,0.814,True,False,False,1.0
223,s_turn,current_limited,False,current_limited_safe_stop,,1526.4006870415815,2683.281572999748,0.43114405047877363,1681.9392933175068,3093.98367068524,1312,1500,0.8746666666666667,True,False,False,0.6666666666666666
224,bezier_fillet,current_limited,False,current_limited_safe_stop,,2313.825013145671,1697.0562748477141,0.0,193.9974222421097,436.6437040108016,1352,1500,0.9013333333333333,True,False,False,0.3
225,straight_east,zero_current,False,time_limit,,899.2264365251821,2400.0,0.6253223181145074,303.04847413957583,758.1714215450925,546,1500,0.364,False,False,False,1.0
226,straight_diagonal,zero_current,False,time_limit,,816.977742256468,2683.281572999748,0.6955303720350392,269.68357366393025,748.9094035890637,441,1500,0.294,False,False,False,1.0
227,one_turn,zero_current,False,time_limit,,1959.7933899910404,2683.281572999748,0.269628126354213,368.9293970736647,925.6900774154174,591,1500,0.394,False,False,False,0.5
228,s_turn,zero_current,False,time_limit,,1957.626460326374,2683.281572999748,0.2704356933596555,400.66742379001596,1003.524587960585,599,1500,0.3993333333333333,False,False,False,0.3333333333333333
229,bezier_fillet,zero_current,False,time_limit,,1158.454314868498,1697.0562748477141,0.317374248551391,363.20292432339545,937.9543803597306,602,1500,0.4013333333333333,False,False,False,0.4
230,straight_east,normal_current,False,time_limit,,717.1063519083535,2400.0,0.7012056867048526,206.71278094029734,411.5491402528478,472,1500,0.31466666666666665,False,False,False,1.0
231,straight_diagonal,normal_current,False,time_limit,,550.2115764832231,2683.281572999748,0.7949482521626982,324.1084800961678,552.0644427340335,279,1500,0.186,False,False,False,1.0
232,one_turn,normal_current,False,time_limit,,2125.340320655235,2683.281572999748,0.20793242794894917,271.828743602331,759.1399116018063,519,1500,0.346,False,False,False,0.5
233,s_turn,normal_current,False,time_limit,,2830.209747674599,2683.281572999748,0.0,428.1813341765025,1223.309848016469,679,1500,0.45266666666666666,False,False,False,0.6666666666666666
234,bezier_fillet,normal_current,False,time_limit,,1584.1883076581782,1697.0562748477141,0.06650808748205131,328.9983202141062,789.3456199670082,611,1500,0.4073333333333333,False,False,False,0.3
235,straight_east,normal_current,False,time_limit,,157.24533650815317,2400.0,0.9344811097882695,425.03559024101696,794.2047475490886,130,1500,0.08666666666666667,False,False,False,1.0
236,straight_diagonal,normal_current,False,time_limit,,210.24935067275038,2683.281572999748,0.9216446932784231,662.5508862494519,996.3689037198353,0,1500,0.0,False,False,False,1.0
237,one_turn,normal_current,False,time_limit,,1459.4389060411077,2683.281572999748,0.45609923284735915,308.19955210348263,598.2435019637119,128,1500,0.08533333333333333,False,False,False,1.0
238,s_turn,normal_current,False,time_limit,,3174.5145082631775,2683.281572999748,0.0,408.8959162917284,1538.891466465222,917,1500,0.6113333333333333,False,False,False,0.3333333333333333
239,bezier_fillet,normal_current,False,time_limit,,2501.361654030642,1697.0562748477141,0.0,483.278306025811,1355.154068815875,1017,1500,0.678,False,False,False,0.1
240,straight_east,normal_current,False,time_limit,,890.1815977979683,2400.0,0.6290910009175132,900.5982199320872,1250.507838800277,0,1500,0.0,False,False,False,1.0
241,straight_diagonal,normal_current,False,time_limit,,1588.0966239470697,2683.281572999748,0.408151332336072,1224.7744658351446,1705.412458087302,0,1500,0.0,False,False,False,1.0
242,one_turn,normal_current,False,time_limit,,1440.6296848454074,2683.281572999748,0.46310901571359514,324.9970981415117,707.6024770074632,13,1500,0.008666666666666666,False,False,False,1.0
243,s_turn,normal_current,False,time_limit,,2221.332369038283,2683.281572999748,0.17215830370162502,297.50325630346566,569.0898683024952,505,1500,0.33666666666666667,False,False,False,0.6666666666666666
244,bezier_fillet,normal_current,False,time_limit,,1464.182983498513,1697.0562748477141,0.13722190289187552,137.1076639020369,301.18692292263773,740,1500,0.49333333333333335,False,False,False,0.1
245,straight_east,current_limited,False,current_limited_safe_stop,,2968.2679279503745,2400.0,0.0,1678.5025809678557,2942.775373985047,986,1500,0.6573333333333333,True,False,False,1.0
246,straight_diagonal,current_limited,False,current_limited_safe_stop,,3845.712963502896,2683.281572999748,0.0,1971.0187839026967,3579.7173094810705,1207,1500,0.8046666666666666,True,False,False,1.0
247,one_turn,current_limited,False,current_limited_safe_stop,,3869.040646296633,2683.281572999748,0.0,1464.891315557885,2643.603515983261,1272,1500,0.848,True,False,False,0.5
248,s_turn,current_limited,False,current_limited_safe_stop,,3863.991249353552,2683.281572999748,0.0,1400.7901082454493,2574.549653592637,1344,1500,0.896,True,False,False,0.3333333333333333
249,bezier_fillet,current_limited,False,current_limited_safe_stop,,3642.3230388832303,1697.0562748477141,0.0,1309.9124224034088,2483.290293139137,1453,1500,0.9686666666666667,True,False,False,0.1
250,straight_east,zero_current,False,time_limit,,899.2264365251821,2400.0,0.6253223181145074,303.04847413957583,758.1714215450925,546,1500,0.364,False,False,False,1.0
251,straight_diagonal,zero_current,False,time_limit,,816.977742256468,2683.281572999748,0.6955303720350392,269.68357366393025,748.9094035890637,441,1500,0.294,False,False,False,1.0
252,one_turn,zero_current,False,time_limit,,1959.7933899910404,2683.281572999748,0.269628126354213,368.9293970736647,925.6900774154174,591,1500,0.394,False,False,False,0.5
253,s_turn,zero_current,False,time_limit,,1957.626460326374,2683.281572999748,0.2704356933596555,400.66742379001596,1003.524587960585,599,1500,0.3993333333333333,False,False,False,0.3333333333333333
254,bezier_fillet,zero_current,False,time_limit,,1158.454314868498,1697.0562748477141,0.317374248551391,363.20292432339545,937.9543803597306,602,1500,0.4013333333333333,False,False,False,0.4
255,straight_east,normal_current,False,time_limit,,940.1165377560911,2400.0,0.6082847759349621,287.49976000328655,902.3833684731189,407,1500,0.2713333333333333,False,False,False,1.0
256,straight_diagonal,normal_current,False,time_limit,,819.4493635513423,2683.281572999748,0.6946092531633767,174.21417305459008,665.9555863630956,352,1500,0.23466666666666666,False,False,False,1.0
257,one_turn,normal_current,False,time_limit,,2359.65652407021,2683.281572999748,0.12060793477135709,366.81718052315796,894.835419692949,717,1500,0.478,False,False,False,0.5
258,s_turn,normal_current,False,time_limit,,2359.68239664155,2683.281572999748,0.12059829263331219,396.0891184985538,974.5573899310994,717,1500,0.478,False,False,False,0.3333333333333333
259,bezier_fillet,normal_current,False,time_limit,,1405.5445892249854,1697.0562748477141,0.17177490808246038,456.40183225501517,1079.1610550613646,711,1500,0.474,False,False,False,0.4
260,straight_east,normal_current,False,time_limit,,115.07715317278044,2400.0,0.9520511861780081,280.08883899604814,487.01013840554674,129,1500,0.086,False,False,False,1.0
261,straight_diagonal,normal_current,False,time_limit,,142.6947860731367,2683.281572999748,0.946820793050946,462.89854009116743,760.0659925474102,0,1500,0.0,False,False,False,1.0
262,one_turn,normal_current,False,time_limit,,1199.5370870542872,2683.281572999748,0.5529589219690885,256.1567508018458,587.4440826114405,258,1500,0.172,False,False,False,1.0
263,s_turn,normal_current,False,time_limit,,2210.358584868817,2683.281572999748,0.1762479915971812,278.08160968018615,656.2690882202437,608,1500,0.4053333333333333,False,False,False,0.3333333333333333
264,bezier_fillet,normal_current,False,time_limit,,2157.428287054183,1697.0562748477141,0.0,303.42440878951885,767.7339254210436,877,1500,0.5846666666666667,False,False,False,0.1
265,straight_east,normal_current,False,time_limit,,972.4478773420999,2400.0,0.5948133844407917,521.723096846508,708.7535159091854,0,1500,0.0,False,False,False,1.0
266,straight_diagonal,normal_current,False,time_limit,,1639.7867383939815,2683.281572999748,0.3888875640580655,979.95153267017,1414.8368280487493,0,1500,0.0,False,False,False,1.0
267,one_turn,normal_current,False,time_limit,,1380.477715284407,2683.281572999748,0.48552633120007765,195.25732288136166,407.31421546997444,112,1500,0.07466666666666667,False,False,False,1.0
268,s_turn,normal_current,False,time_limit,,1983.4646116267108,2683.281572999748,0.26080638290624253,162.42511417621657,375.9520332864099,311,1500,0.20733333333333334,False,False,False,0.6666666666666666
269,bezier_fillet,normal_current,False,time_limit,,1306.4014038689832,1697.0562748477141,0.23019559031051373,205.61794920754087,521.3219357911466,601,1500,0.40066666666666667,False,False,False,0.3
270,straight_east,current_limited,False,current_limited_safe_stop,,4806.506342885583,2400.0,0.0,701.4101046397772,1261.8080560480985,1499,1500,0.9993333333333333,True,False,False,1.0
271,straight_diagonal,current_limited,False,current_limited_safe_stop,,4726.150432601913,2683.281572999748,0.0,1527.7926957649338,2847.069081922637,1499,1500,0.9993333333333333,True,False,False,1.0
272,one_turn,current_limited,False,current_limited_safe_stop,,4664.8468584369675,2683.281572999748,0.0,591.6453653532184,1032.9598127838594,1499,1500,0.9993333333333333,True,False,False,0.5
273,s_turn,current_limited,False,current_limited_safe_stop,,4680.141073945904,2683.281572999748,0.0,532.4036181677478,931.741704075857,1499,1500,0.9993333333333333,True,False,False,0.3333333333333333
274,bezier_fillet,current_limited,False,current_limited_safe_stop,,3513.790624415668,1697.0562748477141,0.0,481.64962655936836,899.4110768465985,1499,1500,0.9993333333333333,True,False,False,0.1
275,straight_east,zero_current,False,time_limit,,899.2264365251821,2400.0,0.6253223181145074,303.04847413957583,758.1714215450925,546,1500,0.364,False,False,False,1.0
276,straight_diagonal,zero_current,False,time_limit,,816.977742256468,2683.281572999748,0.6955303720350392,269.68357366393025,748.9094035890637,441,1500,0.294,False,False,False,1.0
277,one_turn,zero_current,False,time_limit,,1959.7933899910404,2683.281572999748,0.269628126354213,368.9293970736647,925.6900774154174,591,1500,0.394,False,False,False,0.5
278,s_turn,zero_current,False,time_limit,,1957.626460326374,2683.281572999748,0.2704356933596555,400.66742379001596,1003.524587960585,599,1500,0.3993333333333333,False,False,False,0.3333333333333333
279,bezier_fillet,zero_current,False,time_limit,,1158.454314868498,1697.0562748477141,0.317374248551391,363.20292432339545,937.9543803597306,602,1500,0.4013333333333333,False,False,False,0.4
280,straight_east,normal_current,False,time_limit,,697.941507495062,2400.0,0.7091910385437241,295.6479534273122,504.12207042527325,420,1500,0.28,False,False,False,1.0
281,straight_diagonal,normal_current,False,time_limit,,588.4638138624525,2683.281572999748,0.7806924849841288,227.84099676211278,465.16865169986386,437,1500,0.29133333333333333,False,False,False,1.0
282,one_turn,normal_current,False,time_limit,,1704.4160051422843,2683.281572999748,0.3648016584272036,290.6533748864306,613.3366315012377,842,1500,0.5613333333333334,False,False,False,0.5
283,s_turn,normal_current,False,time_limit,,1708.766012872168,2683.281572999748,0.36318050626275866,322.0002018719875,679.865354309748,615,1500,0.41,False,False,False,0.3333333333333333
284,bezier_fillet,normal_current,False,time_limit,,896.3905026078828,1697.0562748477141,0.47179683084562374,364.28996247101134,779.3376692069606,867,1500,0.578,False,False,False,0.1
285,straight_east,normal_current,False,time_limit,,137.35510708886437,2400.0,0.9427687053796399,485.78811466838425,848.9210649089484,103,1500,0.06866666666666667,False,False,False,1.0
286,straight_diagonal,normal_current,False,time_limit,,184.7858408550679,2683.281572999748,0.9311343830947684,372.23240974114896,720.7225076454149,139,1500,0.09266666666666666,False,False,False,1.0
287,one_turn,normal_current,False,time_limit,,1771.005603700581,2683.281572999748,0.33998518026540797,441.94778329649705,880.8691417153893,118,1500,0.07866666666666666,False,False,False,1.0
288,s_turn,normal_current,False,time_limit,,2508.467232718185,2683.281572999748,0.06514945805189229,198.03564698374947,448.4317759868936,531,1500,0.354,False,False,False,0.3333333333333333
289,bezier_fillet,normal_current,False,time_limit,,521.8400077711724,1697.0562748477141,0.6925028265088028,511.5478434481691,1479.2002122848728,1057,1500,0.7046666666666667,False,False,False,0.1
290,straight_east,normal_current,False,time_limit,,951.7520065765243,2400.0,0.6034366639264482,959.4610904817696,1298.1075540488619,0,1500,0.0,False,False,False,1.0
291,straight_diagonal,normal_current,False,time_limit,,634.324459014832,2683.281572999748,0.7636012316420094,659.2545004020675,993.2824067245062,0,1500,0.0,False,False,False,1.0
292,one_turn,normal_current,False,time_limit,,2030.89242705737,2683.281572999748,0.2431310796850313,390.12788137490156,740.6899734362014,239,1500,0.15933333333333333,False,False,False,1.0
293,s_turn,normal_current,False,time_limit,,2094.9123547390454,2683.281572999748,0.21927226131655683,270.35416170539395,573.9264535093193,457,1500,0.30466666666666664,False,False,False,0.3333333333333333
294,bezier_fillet,normal_current,False,time_limit,,1931.9966651591585,1697.0562748477141,0.0,206.25351993065254,427.87352565373277,780,1500,0.52,False,False,False,0.2
295,straight_east,current_limited,False,current_limited_safe_stop,,3011.126655796725,2400.0,0.0,1726.2356389097906,2987.5088076104416,993,1500,0.662,True,False,False,1.0
296,straight_diagonal,current_limited,False,current_limited_safe_stop,,2327.6043897184427,2683.281572999748,0.1325530599771083,1213.9320045651261,1910.3414713033676,788,1500,0.5253333333333333,True,False,False,1.0
297,one_turn,current_limited,False,current_limited_safe_stop,,1643.288927122832,2683.281572999748,0.3875823753801083,1575.1310568681413,2780.727950121461,1271,1500,0.8473333333333334,True,False,False,0.5
298,s_turn,current_limited,False,current_limited_safe_stop,,1628.7439713713566,2683.281572999748,0.3930029603451126,1440.223550043418,2607.837725702847,1362,1500,0.908,True,False,False,0.3333333333333333
299,bezier_fillet,current_limited,False,current_limited_safe_stop,,1400.343306298467,1697.0562748477141,0.17483979343930284,1378.6420005856446,2531.49459129307,1462,1500,0.9746666666666667,True,False,False,0.1
300,straight_east,zero_current,True,goal_reached,175.0,38.86571790510334,2400.0,0.9838059508728736,0.0,0.0,0,875,0.0,False,False,False,1.0
301,straight_diagonal,zero_current,False,time_limit,,801.1353084573698,2683.281572999748,0.7014344985190099,307.0866561865178,726.6067775201931,427,1500,0.2846666666666667,False,False,False,1.0
302,one_turn,zero_current,False,time_limit,,1801.1274725073263,2683.281572999748,0.32875942255520585,282.1122379113034,694.7175591785626,329,1500,0.21933333333333332,False,False,False,1.0
303,s_turn,zero_current,False,time_limit,,1953.0469348346783,2683.281572999748,0.2721423817436763,285.79461111061744,695.3402939267812,571,1500,0.38066666666666665,False,False,False,0.6666666666666666
304,bezier_fillet,zero_current,False,time_limit,,1119.8324924497324,1697.0562748477141,0.34013237566313415,408.29760013253593,1030.582074588017,596,1500,0.3973333333333333,False,False,False,0.5
305,straight_east,normal_current,True,goal_reached,161.0,39.397951889924116,2400.0,0.9835841867125317,0.0,0.0,0,805,0.0,False,False,False,1.0
306,straight_diagonal,normal_current,False,time_limit,,631.5289012390328,2683.281572999748,0.7646430745122953,318.6527919523976,575.1714871280197,486,1500,0.324,False,False,False,1.0
307,one_turn,normal_current,False,time_limit,,1515.3028906725992,2683.281572999748,0.43527995499235606,313.0957574102855,819.3309939373185,289,1500,0.19266666666666668,False,False,False,1.0
308,s_turn,normal_current,False,time_limit,,1818.0600802018864,2683.281572999748,0.32244901224831046,301.542651552764,818.5615839270149,612,1500,0.408,False,False,False,0.6666666666666666
309,bezier_fillet,normal_current,False,time_limit,,1064.8106285417462,1697.0562748477141,0.3725543198988512,379.74410586033275,958.9149547051893,717,1500,0.478,False,False,False,0.4
310,straight_east,normal_current,True,goal_reached,141.20000000000002,39.41475254492161,2400.0,0.983577186439616,0.0,0.0,0,706,0.0,False,False,False,1.0
311,straight_diagonal,normal_current,True,goal_reached,292.40000000000003,38.224565999895205,2683.281572999748,0.9857545453356344,296.74968575976993,513.8118265309145,219,1462,0.14979480164158687,False,False,False,1.0
312,one_turn,normal_current,False,time_limit,,1117.0821431257448,2683.281572999748,0.5836880652532809,494.5386447834743,1080.3513920383211,244,1500,0.16266666666666665,False,False,False,1.0
313,s_turn,normal_current,False,time_limit,,1833.2282104267256,2683.281572999748,0.31679618386925884,473.71705186318286,1081.1721369449983,584,1500,0.3893333333333333,False,False,False,1.0
314,bezier_fillet,normal_current,False,time_limit,,1227.7598765115595,1697.0562748477141,0.27653555470826513,287.09833246099737,757.5007727945292,553,1500,0.36866666666666664,False,False,False,0.3
315,straight_east,normal_current,True,goal_reached,127.4,39.209373466751,2400.0,0.9836627610555204,0.0,0.0,0,637,0.0,False,False,False,1.0
316,straight_diagonal,normal_current,False,time_limit,,279.0865962229473,2683.281572999748,0.895990566539409,299.4815928344357,571.8649829921758,225,1500,0.15,False,False,False,1.0
317,one_turn,normal_current,False,time_limit,,522.6681702134924,2683.281572999748,0.8052130736212001,827.9218698131125,1379.0004870432895,457,1500,0.30466666666666664,False,False,False,1.0
318,s_turn,normal_current,False,time_limit,,984.7597301459986,2683.281572999748,0.6330017169815331,822.8729418410768,1372.3037567552242,566,1500,0.37733333333333335,False,False,False,0.6666666666666666
319,bezier_fillet,normal_current,False,time_limit,,865.7572745149936,1697.0562748477141,0.48984763360738726,235.9573658168168,622.8298316268371,586,1500,0.39066666666666666,False,False,False,0.3
320,straight_east,current_limited,True,goal_reached,112.80000000000001,36.790319012196505,2400.0,0.9846707004115848,0.0,0.0,0,564,0.0,True,False,False,1.0
321,straight_diagonal,current_limited,False,current_limited_safe_stop,,1764.9242709939335,2683.281572999748,0.3422515591530508,407.55158203396843,644.8609509397966,792,1500,0.528,True,False,False,1.0
322,one_turn,current_limited,False,current_limited_safe_stop,,1649.7776523296166,2683.281572999748,0.3851641702718272,1395.3694342554425,2777.689168221067,1212,1500,0.808,True,False,False,1.0
323,s_turn,current_limited,False,current_limited_safe_stop,,1367.10380136747,2683.281572999748,0.49051049464066127,1575.019813193897,2927.7310130149926,1308,1500,0.872,True,False,False,0.6666666666666666
324,bezier_fillet,current_limited,False,current_limited_safe_stop,,2222.903195940584,1697.0562748477141,0.0,199.85885159860047,439.006190974241,1351,1500,0.9006666666666666,True,False,False,0.3
325,straight_east,zero_current,True,goal_reached,175.0,38.86571790510334,2400.0,0.9838059508728736,0.0,0.0,0,875,0.0,False,False,False,1.0
326,straight_diagonal,zero_current,False,time_limit,,801.1353084573698,2683.281572999748,0.7014344985190099,307.0866561865178,726.6067775201931,427,1500,0.2846666666666667,False,False,False,1.0
327,one_turn,zero_current,False,time_limit,,1801.1274725073263,2683.281572999748,0.32875942255520585,282.1122379113034,694.7175591785626,329,1500,0.21933333333333332,False,False,False,1.0
328,s_turn,zero_current,False,time_limit,,1953.0469348346783,2683.281572999748,0.2721423817436763,285.79461111061744,695.3402939267812,571,1500,0.38066666666666665,False,False,False,0.6666666666666666
329,bezier_fillet,zero_current,False,time_limit,,1119.8324924497324,1697.0562748477141,0.34013237566313415,408.29760013253593,1030.582074588017,596,1500,0.3973333333333333,False,False,False,0.5
330,straight_east,normal_current,False,time_limit,,704.6489408403353,2400.0,0.7063962746498602,264.8892181907182,465.4044420336895,438,1500,0.292,False,False,False,1.0
331,straight_diagonal,normal_current,False,time_limit,,528.3051494285953,2683.281572999748,0.8031122955024129,352.7465730675921,582.6924440896535,266,1500,0.17733333333333334,False,False,False,1.0
332,one_turn,normal_current,False,time_limit,,2328.3849958903984,2683.281572999748,0.13226214523308352,271.93438122929354,637.7893088435069,717,1500,0.478,False,False,False,0.5
333,s_turn,normal_current,False,time_limit,,2343.2008488166193,2683.281572999748,0.12674060285180533,310.4468269738346,740.5265024266225,675,1500,0.45,False,False,False,0.3333333333333333
334,bezier_fillet,normal_current,False,time_limit,,1569.445374140599,1697.0562748477141,0.07519544436943695,358.1335662291289,795.6686465077776,696,1500,0.464,False,False,False,0.2
335,straight_east,normal_current,False,time_limit,,148.00852826375177,2400.0,0.9383297798901034,457.26045166659526,823.3457749520217,119,1500,0.07933333333333334,False,False,False,1.0
336,straight_diagonal,normal_current,False,time_limit,,239.0688611677102,2683.281572999748,0.9109042958542567,697.1177430145499,1023.1960440956091,0,1500,0.0,False,False,False,1.0
337,one_turn,normal_current,False,time_limit,,1259.862584823137,2683.281572999748,0.5304769363378118,265.9828863388092,474.2872697030248,0,1500,0.0,False,False,False,1.0
338,s_turn,normal_current,False,time_limit,,3218.0561214311742,2683.281572999748,0.0,455.28853662487654,1585.5836175355216,928,1500,0.6186666666666667,False,False,False,0.3333333333333333
339,bezier_fillet,normal_current,False,time_limit,,2580.2111403850326,1697.0562748477141,0.0,501.6749080031198,1430.762959458975,1030,1500,0.6866666666666666,False,False,False,0.1
340,straight_east,normal_current,False,time_limit,,917.9204872726262,2400.0,0.6175331303030723,929.875952964621,1273.456081974542,0,1500,0.0,False,False,False,1.0
341,straight_diagonal,normal_current,False,time_limit,,1626.4779323741213,2683.281572999748,0.3938474632180265,1255.2650650412984,1734.7267317814587,0,1500,0.0,False,False,False,1.0
342,one_turn,normal_current,False,time_limit,,1615.481377356966,2683.281572999748,0.39794563730747246,351.7356883614954,720.6219590276255,0,1500,0.0,False,False,False,1.0
343,s_turn,normal_current,False,time_limit,,2196.8679097843124,2683.281572999748,0.18127566935573375,245.04296533434783,566.5854737868167,530,1500,0.35333333333333333,False,False,False,0.3333333333333333
344,bezier_fillet,normal_current,False,time_limit,,1793.2705242345721,1697.0562748477141,0.0,169.49637637939264,378.2879868762979,688,1500,0.45866666666666667,False,False,False,0.2
345,straight_east,current_limited,False,current_limited_safe_stop,,2989.0116710246393,2400.0,0.0,1701.934218740553,2964.157669813815,991,1500,0.6606666666666666,True,False,False,1.0
346,straight_diagonal,current_limited,False,current_limited_safe_stop,,3875.90332160291,2683.281572999748,0.0,1995.7826267284609,3604.4873178297726,1201,1500,0.8006666666666666,True,False,False,1.0
347,one_turn,current_limited,False,current_limited_safe_stop,,3888.5913196088645,2683.281572999748,0.0,1487.0192427173442,2663.594657881492,1273,1500,0.8486666666666667,True,False,False,0.5
348,s_turn,current_limited,False,current_limited_safe_stop,,3875.633336086642,2683.281572999748,0.0,1417.264191985398,2587.125478597084,1352,1500,0.9013333333333333,True,False,False,0.3333333333333333
349,bezier_fillet,current_limited,False,current_limited_safe_stop,,3699.4891723657006,1697.0562748477141,0.0,1364.8598590361971,2542.5700151629576,1460,1500,0.9733333333333334,True,False,False,0.1
350,straight_east,zero_current,True,goal_reached,175.0,38.86571790510334,2400.0,0.9838059508728736,0.0,0.0,0,875,0.0,False,False,False,1.0
351,straight_diagonal,zero_current,False,time_limit,,801.1353084573698,2683.281572999748,0.7014344985190099,307.0866561865178,726.6067775201931,427,1500,0.2846666666666667,False,False,False,1.0
352,one_turn,zero_current,False,time_limit,,1801.1274725073263,2683.281572999748,0.32875942255520585,282.1122379113034,694.7175591785626,329,1500,0.21933333333333332,False,False,False,1.0
353,s_turn,zero_current,False,time_limit,,1953.0469348346783,2683.281572999748,0.2721423817436763,285.79461111061744,695.3402939267812,571,1500,0.38066666666666665,False,False,False,0.6666666666666666
354,bezier_fillet,zero_current,False,time_limit,,1119.8324924497324,1697.0562748477141,0.34013237566313415,408.29760013253593,1030.582074588017,596,1500,0.3973333333333333,False,False,False,0.5
355,straight_east,normal_current,True,goal_reached,194.0,39.6376167327594,2400.0,0.9834843263613503,0.0,0.0,0,970,0.0,False,False,False,1.0
356,straight_diagonal,normal_current,False,time_limit,,791.7132555234984,2683.281572999748,0.7049458903269661,255.82522234349565,684.3352764789649,335,1500,0.22333333333333333,False,False,False,1.0
357,one_turn,normal_current,False,time_limit,,2001.4706716543822,2683.281572999748,0.25409592053477337,250.75145775841762,792.5572400955674,335,1500,0.22333333333333333,False,False,False,1.0
358,s_turn,normal_current,False,time_limit,,2345.5740602578458,2683.281572999748,0.12585615916721155,338.30548745599236,702.1358350016842,584,1500,0.3893333333333333,False,False,False,0.6666666666666666
359,bezier_fillet,normal_current,False,time_limit,,731.7122060549788,1697.0562748477141,0.5688344476846301,198.8187347698479,779.868132885786,563,1500,0.37533333333333335,False,False,False,1.0
360,straight_east,normal_current,False,time_limit,,100.42026262671016,2400.0,0.9581582239055374,0.0,0.0,67,1500,0.04466666666666667,False,False,False,1.0
361,straight_diagonal,normal_current,False,time_limit,,164.79757890125612,2683.281572999748,0.9385835685082343,113.96040667829357,195.0783441737899,138,1500,0.092,False,False,False,1.0
362,one_turn,normal_current,False,time_limit,,1326.9748985842402,2683.281572999748,0.5054656537216249,107.26699765485323,342.820759704035,325,1500,0.21666666666666667,False,False,False,1.0
363,s_turn,normal_current,False,time_limit,,2803.527795715053,2683.281572999748,0.0,378.85842868435384,1126.9723731037088,630,1500,0.42,False,False,False,0.6666666666666666
364,bezier_fillet,normal_current,False,time_limit,,2024.210597006578,1697.0562748477141,0.0,230.54937553573748,656.9747971371299,1023,1500,0.682,False,False,False,0.5
365,straight_east,normal_current,False,time_limit,,638.091522896957,2400.0,0.7341285321262679,0.0,0.0,0,1500,0.0,False,False,False,1.0
366,straight_diagonal,normal_current,False,time_limit,,1608.1023592053887,2683.281572999748,0.4006956350064944,851.077765050841,1348.1814235252878,0,1500,0.0,False,False,False,1.0
367,one_turn,normal_current,False,time_limit,,1549.171984869053,2683.281572999748,0.4226576888324204,33.81493732367289,335.8402524595783,15,1500,0.01,False,False,False,1.0
368,s_turn,normal_current,False,time_limit,,1866.823111540872,2683.281572999748,0.304276103437823,112.85289432201044,399.87340019734745,357,1500,0.238,False,False,False,0.6666666666666666
369,bezier_fillet,normal_current,False,time_limit,,1211.5510964351029,1697.0562748477141,0.28608666996395166,310.8413262741774,1140.0096734438891,805,1500,0.5366666666666666,False,False,False,0.2
370,straight_east,current_limited,False,current_limited_safe_stop,,4730.45974397833,2400.0,0.0,0.0,0.0,1499,1500,0.9993333333333333,True,False,False,1.0
371,straight_diagonal,current_limited,False,current_limited_safe_stop,,4727.751860020814,2683.281572999748,0.0,1459.4742699168276,2805.338002990058,1499,1500,0.9993333333333333,True,False,False,1.0
372,one_turn,current_limited,False,current_limited_safe_stop,,4880.291936902907,2683.281572999748,0.0,0.0,0.0,1499,1500,0.9993333333333333,True,False,False,0.5
373,s_turn,current_limited,False,current_limited_safe_stop,,4880.291936902907,2683.281572999748,0.0,0.0,0.0,1499,1500,0.9993333333333333,True,False,False,0.3333333333333333
374,bezier_fillet,current_limited,False,current_limited_safe_stop,,3510.581384358818,1697.0562748477141,0.0,453.7650433631973,896.9510388304536,1499,1500,0.9993333333333333,True,False,False,0.1
375,straight_east,zero_current,True,goal_reached,175.0,38.86571790510334,2400.0,0.9838059508728736,0.0,0.0,0,875,0.0,False,False,False,1.0
376,straight_diagonal,zero_current,False,time_limit,,801.1353084573698,2683.281572999748,0.7014344985190099,307.0866561865178,726.6067775201931,427,1500,0.2846666666666667,False,False,False,1.0
377,one_turn,zero_current,False,time_limit,,1801.1274725073263,2683.281572999748,0.32875942255520585,282.1122379113034,694.7175591785626,329,1500,0.21933333333333332,False,False,False,1.0
378,s_turn,zero_current,False,time_limit,,1953.0469348346783,2683.281572999748,0.2721423817436763,285.79461111061744,695.3402939267812,571,1500,0.38066666666666665,False,False,False,0.6666666666666666
379,bezier_fillet,zero_current,False,time_limit,,1119.8324924497324,1697.0562748477141,0.34013237566313415,408.29760013253593,1030.582074588017,596,1500,0.3973333333333333,False,False,False,0.5
380,straight_east,normal_current,False,time_limit,,704.6489408403376,2400.0,0.7063962746498593,264.889218190719,465.40444203368907,438,1500,0.292,False,False,False,1.0
381,straight_diagonal,normal_current,False,time_limit,,1066.5834517525816,2683.281572999748,0.6025078163674767,269.048953118443,1060.3454877688298,505,1500,0.33666666666666667,False,False,False,1.0
382,one_turn,normal_current,False,time_limit,,1714.9187478508986,2683.281572999748,0.36088751731942825,271.93438122929433,637.7893088435198,717,1500,0.478,False,False,False,0.5
383,s_turn,normal_current,False,time_limit,,1723.379112832506,2683.281572999748,0.3577345254505394,310.4468269738355,740.5265024266264,675,1500,0.45,False,False,False,0.3333333333333333
384,bezier_fillet,normal_current,False,time_limit,,732.6579259185175,1697.0562748477141,0.5682771769107876,436.274846015497,1075.2629222328273,591,1500,0.394,False,False,False,0.6
385,straight_east,normal_current,False,time_limit,,148.00852826375547,2400.0,0.9383297798901018,457.26045166659617,823.345774952023,119,1500,0.07933333333333334,False,False,False,1.0
386,straight_diagonal,normal_current,False,time_limit,,205.7554996295415,2683.281572999748,0.923319452680652,330.4492780657757,679.1697490421172,154,1500,0.10266666666666667,False,False,False,1.0
387,one_turn,normal_current,False,time_limit,,1742.5603110250668,2683.281572999748,0.35058611494246245,429.34561558216615,873.9363298199933,115,1500,0.07666666666666666,False,False,False,1.0
388,s_turn,normal_current,False,time_limit,,1656.8294530549026,2683.281572999748,0.3825361193075736,455.28853662487444,1585.5836175355157,928,1500,0.6186666666666667,False,False,False,0.3333333333333333
389,bezier_fillet,normal_current,False,time_limit,,470.822701523762,1697.0562748477141,0.722565062513315,495.2806350447874,1392.9883720886803,1034,1500,0.6893333333333334,False,False,False,0.1
390,straight_east,normal_current,False,time_limit,,917.920487272619,2400.0,0.6175331303030753,929.8759529646185,1273.4560819745402,0,1500,0.0,False,False,False,1.0
391,straight_diagonal,normal_current,False,time_limit,,605.432084426037,2683.281572999748,0.774368783910665,627.6806102637283,967.7926772835701,0,1500,0.0,False,False,False,1.0
392,one_turn,normal_current,False,time_limit,,2053.6267262566707,2683.281572999748,0.23465850661328871,362.45349274041985,720.6219590276294,287,1500,0.19133333333333333,False,False,False,1.0
393,s_turn,normal_current,False,time_limit,,2403.938615593771,2683.281572999748,0.10410497363259877,245.0429653343598,566.5854737868185,530,1500,0.35333333333333333,False,False,False,0.3333333333333333
394,bezier_fillet,normal_current,False,time_limit,,1636.9017475214298,1697.0562748477141,0.035446395159572604,159.58278826179273,329.63038012451955,682,1500,0.45466666666666666,False,False,False,0.2
395,straight_east,current_limited,False,current_limited_safe_stop,,2989.0116710246334,2400.0,0.0,1701.9342187405532,2964.1576698138097,991,1500,0.6606666666666666,True,False,False,1.0
396,straight_diagonal,current_limited,False,current_limited_safe_stop,,2306.65976999211,2683.281572999748,0.1403586588889355,1185.93946297989,1887.4493664375357,786,1500,0.524,True,False,False,1.0
397,one_turn,current_limited,False,current_limited_safe_stop,,1633.6653885089306,2683.281572999748,0.39116885646757127,1558.7472400009162,2770.1488731482204,1273,1500,0.8486666666666667,True,False,False,0.5
398,s_turn,current_limited,False,current_limited_safe_stop,,1613.1743422581585,2683.281572999748,0.3988054185253744,1417.2641919853945,2587.1254785970773,1352,1500,0.9013333333333333,True,False,False,0.3333333333333333
399,bezier_fillet,current_limited,False,current_limited_safe_stop,,1322.0463603392132,1697.0562748477141,0.22097671130095706,1305.3859073106762,2449.893375458741,1455,1500,0.97,True,False,False,0.1
400,straight_east,zero_current,False,time_limit,,899.226436525178,2400.0,0.6253223181145091,303.0484741395743,758.1714215450929,546,1500,0.364,False,False,False,1.0
401,straight_diagonal,zero_current,False,time_limit,,779.0801760226552,2683.281572999748,0.7096539610818069,333.221609911576,712.5491798339498,408,1500,0.272,False,False,False,1.0
402,one_turn,zero_current,False,time_limit,,1991.2283259384753,2683.281572999748,0.257913017413077,368.9293970736674,925.6900774154224,591,1500,0.394,False,False,False,0.5
403,s_turn,zero_current,False,time_limit,,2031.1597559447907,2683.281572999748,0.2430314520909276,400.6674237900144,1003.5245879605815,599,1500,0.3993333333333333,False,False,False,0.3333333333333333
404,bezier_fillet,zero_current,False,time_limit,,1138.114309396861,1697.0562748477141,0.329359711716696,400.5844595488587,1010.1957865727305,728,1500,0.48533333333333334,False,False,False,0.2
405,straight_east,normal_current,False,time_limit,,726.4397264063346,2400.0,0.6973167806640272,308.10518914979616,774.779920808601,503,1500,0.3353333333333333,False,False,False,1.0
406,straight_diagonal,normal_current,False,time_limit,,620.3628729668145,2683.281572999748,0.7688044075548561,343.2273639212751,556.673455387747,465,1500,0.31,False,False,False,1.0
407,one_turn,normal_current,False,time_limit,,1644.1756766152432,2683.281572999748,0.3872519033561008,372.55910108823895,956.146405644137,572,1500,0.38133333333333336,False,False,False,0.5
408,s_turn,normal_current,False,time_limit,,1942.6764977635423,2683.281572999748,0.2760072154515836,408.29796986062144,1022.4599347037506,698,1500,0.4653333333333333,False,False,False,0.3333333333333333
409,bezier_fillet,normal_current,False,time_limit,,2087.8743167011075,1697.0562748477141,0.0,450.076895792074,1001.0640315352555,881,1500,0.5873333333333334,False,False,False,0.1
410,straight_east,normal_current,False,time_limit,,407.3987679400138,2400.0,0.8302505133583276,306.85519011609017,815.3535673904397,463,1500,0.30866666666666664,False,False,False,1.0
411,straight_diagonal,normal_current,True,goal_reached,291.40000000000003,39.351040250603724,2683.281572999748,0.9853347331690534,321.5023099688071,546.9125431539264,190,1457,0.13040494166094715,False,False,False,1.0
412,one_turn,normal_current,False,time_limit,,1517.189187721897,2683.281572999748,0.43457697358769154,381.036969235346,1011.8208768484944,545,1500,0.36333333333333334,False,False,False,0.5
413,s_turn,normal_current,False,time_limit,,1971.6825747892212,2683.281572999748,0.26519728878658144,401.19967661139907,1027.708451505071,543,1500,0.362,False,False,False,0.3333333333333333
414,bezier_fillet,normal_current,False,time_limit,,1370.6808624910516,1697.0562748477141,0.19231855607495982,328.4868071925385,851.9375192351629,566,1500,0.37733333333333335,False,False,False,0.2
415,straight_east,normal_current,False,time_limit,,1044.506230061614,2400.0,0.5647890708076608,301.08718665261927,859.5467792812464,546,1500,0.364,False,False,False,1.0
416,straight_diagonal,normal_current,False,time_limit,,240.87185995520252,2683.281572999748,0.9102323578788929,322.7367461682944,603.9064400815748,201,1500,0.134,False,False,False,1.0
417,one_turn,normal_current,False,time_limit,,1299.1787531720959,2683.281572999748,0.5158246654972956,369.6880013894515,1010.2052839844102,588,1500,0.392,False,False,False,0.5
418,s_turn,normal_current,False,time_limit,,1235.887523452002,2683.281572999748,0.5394119141695763,680.846853673037,1177.3968121309654,486,1500,0.324,False,False,False,0.6666666666666666
419,bezier_fillet,normal_current,False,time_limit,,896.4130621803506,1697.0562748477141,0.4717835374900632,264.5361951438124,758.9955021044665,581,1500,0.3873333333333333,False,False,False,0.2
420,straight_east,current_limited,False,current_limited_safe_stop,,2272.3495500468075,2400.0,0.05318768748049687,295.36377393847994,836.1095730596902,926,1500,0.6173333333333333,True,False,False,1.0
421,straight_diagonal,current_limited,False,current_limited_safe_stop,,1760.837387805865,2683.281572999748,0.3437746505904878,437.14438638398383,677.1394428400449,780,1500,0.52,True,False,False,1.0
422,one_turn,current_limited,False,current_limited_safe_stop,,1538.4364802750147,2683.281572999748,0.42665857517325884,1327.190506242857,2653.7342050955813,1189,1500,0.7926666666666666,True,False,False,1.0
423,s_turn,current_limited,False,current_limited_safe_stop,,1230.4404842183046,2683.281572999748,0.5414419058366856,1486.0307615180345,2788.1882465655744,1297,1500,0.8646666666666667,True,False,False,0.6666666666666666
424,bezier_fillet,current_limited,False,current_limited_safe_stop,,2297.164588215772,1697.0562748477141,0.0,188.85124192954063,513.856853132471,1396,1500,0.9306666666666666,True,False,False,0.2
425,straight_east,zero_current,False,time_limit,,899.226436525178,2400.0,0.6253223181145091,303.0484741395743,758.1714215450929,546,1500,0.364,False,False,False,1.0
426,straight_diagonal,zero_current,False,time_limit,,779.0801760226552,2683.281572999748,0.7096539610818069,333.221609911576,712.5491798339498,408,1500,0.272,False,False,False,1.0
427,one_turn,zero_current,False,time_limit,,1991.2283259384753,2683.281572999748,0.257913017413077,368.9293970736674,925.6900774154224,591,1500,0.394,False,False,False,0.5
428,s_turn,zero_current,False,time_limit,,2031.1597559447907,2683.281572999748,0.2430314520909276,400.6674237900144,1003.5245879605815,599,1500,0.3993333333333333,False,False,False,0.3333333333333333
429,bezier_fillet,zero_current,False,time_limit,,1138.114309396861,1697.0562748477141,0.329359711716696,400.5844595488587,1010.1957865727305,728,1500,0.48533333333333334,False,False,False,0.2
430,straight_east,normal_current,False,time_limit,,697.9415074950589,2400.0,0.7091910385437254,295.6479534273135,504.1220704252678,420,1500,0.28,False,False,False,1.0
431,straight_diagonal,normal_current,False,time_limit,,487.63074582343285,2683.281572999748,0.8182707507366471,383.10779382315076,616.8824374822285,244,1500,0.16266666666666665,False,False,False,1.0
432,one_turn,normal_current,False,time_limit,,2418.4808764575846,2683.281572999748,0.0986853929929284,290.6533748864318,613.3366315012231,842,1500,0.5613333333333334,False,False,False,0.5
433,s_turn,normal_current,False,time_limit,,2406.079257410017,2683.281572999748,0.10330720352983133,322.00020187198726,679.8653543097539,615,1500,0.41,False,False,False,0.3333333333333333
434,bezier_fillet,normal_current,False,time_limit,,1641.2874394033374,1697.0562748477141,0.03286210143466287,359.1606471908234,743.1737439462676,874,1500,0.5826666666666667,False,False,False,0.1
435,straight_east,normal_current,False,time_limit,,137.3551070888596,2400.0,0.9427687053796417,485.7881146683893,848.921064908955,103,1500,0.06866666666666667,False,False,False,1.0
436,straight_diagonal,normal_current,False,time_limit,,297.3181533467407,2683.281572999748,0.8891960663619968,740.24378163398,1057.6793266141794,0,1500,0.0,False,False,False,1.0
437,one_turn,normal_current,False,time_limit,,1261.671230983132,2683.281572999748,0.5298028937109797,276.9417882469648,492.7094458105471,0,1500,0.0,False,False,False,1.0
438,s_turn,normal_current,False,time_limit,,2148.5160844661805,2683.281572999748,0.19929533073032346,198.03564698375138,448.43177598690863,531,1500,0.354,False,False,False,0.3333333333333333
439,bezier_fillet,normal_current,False,time_limit,,2704.308131630478,1697.0562748477141,0.0,519.7751468555384,1531.743986019033,1056,1500,0.704,False,False,False,0.1
440,straight_east,normal_current,False,time_limit,,951.752006576522,2400.0,0.6034366639264491,959.4610904817673,1298.1075540488582,0,1500,0.0,False,False,False,1.0
441,straight_diagonal,normal_current,False,time_limit,,1685.1069605903479,2683.281572999748,0.37199771446032054,1293.778474666515,1776.9388608835534,0,1500,0.0,False,False,False,1.0
442,one_turn,normal_current,False,time_limit,,1670.8457992186177,2683.281572999748,0.37731253550453436,379.4898003906421,740.6899734362014,0,1500,0.0,False,False,False,1.0
443,s_turn,normal_current,False,time_limit,,1847.04089858263,2683.281572999748,0.31164849892449076,270.3541617053858,573.926453509323,457,1500,0.30466666666666664,False,False,False,0.3333333333333333
444,bezier_fillet,normal_current,False,time_limit,,1835.099677193881,1697.0562748477141,0.0,235.50811393521272,501.59144247671094,777,1500,0.518,False,False,False,0.2
445,straight_east,current_limited,False,current_limited_safe_stop,,3011.1266557967147,2400.0,0.0,1726.2356389097813,2987.508807610431,993,1500,0.662,True,False,False,1.0
446,straight_diagonal,current_limited,False,current_limited_safe_stop,,3921.722854815623,2683.281572999748,0.0,2028.515107559801,3639.9886175478023,1199,1500,0.7993333333333333,True,False,False,1.0
447,one_turn,current_limited,False,current_limited_safe_stop,,3910.298794245385,2683.281572999748,0.0,1510.8010747700937,2685.634361981146,1271,1500,0.8473333333333334,True,False,False,0.5
448,s_turn,current_limited,False,current_limited_safe_stop,,3894.9233635146493,2683.281572999748,0.0,1440.223550043424,2607.837725702856,1362,1500,0.908,True,False,False,0.3333333333333333
449,bezier_fillet,current_limited,False,current_limited_safe_stop,,3793.2392905990446,1697.0562748477141,0.0,1452.7183027262029,2639.691306364362,1468,1500,0.9786666666666667,True,False,False,0.1
450,straight_east,zero_current,False,time_limit,,899.226436525178,2400.0,0.6253223181145091,303.0484741395743,758.1714215450929,546,1500,0.364,False,False,False,1.0
451,straight_diagonal,zero_current,False,time_limit,,779.0801760226552,2683.281572999748,0.7096539610818069,333.221609911576,712.5491798339498,408,1500,0.272,False,False,False,1.0
452,one_turn,zero_current,False,time_limit,,1991.2283259384753,2683.281572999748,0.257913017413077,368.9293970736674,925.6900774154224,591,1500,0.394,False,False,False,0.5
453,s_turn,zero_current,False,time_limit,,2031.1597559447907,2683.281572999748,0.2430314520909276,400.6674237900144,1003.5245879605815,599,1500,0.3993333333333333,False,False,False,0.3333333333333333
454,bezier_fillet,zero_current,False,time_limit,,1138.114309396861,1697.0562748477141,0.329359711716696,400.5844595488587,1010.1957865727305,728,1500,0.48533333333333334,False,False,False,0.2
455,straight_east,normal_current,False,time_limit,,940.1165377560916,2400.0,0.6082847759349619,287.4997600032853,902.3833684731219,407,1500,0.2713333333333333,False,False,False,1.0
456,straight_diagonal,normal_current,False,time_limit,,754.8047904479928,2683.281572999748,0.7187008631359674,286.114879398412,668.6571090612608,318,1500,0.212,False,False,False,1.0
457,one_turn,normal_current,False,time_limit,,2388.171667327605,2683.281572999748,0.10998096831941032,366.817180523157,894.8354196929477,717,1500,0.478,False,False,False,0.5
458,s_turn,normal_current,False,time_limit,,2445.8052996986353,2683.281572999748,0.08850218169076766,396.0891184985566,974.5573899311039,717,1500,0.478,False,False,False,0.3333333333333333
459,bezier_fillet,normal_current,False,time_limit,,1471.4220876245379,1697.0562748477141,0.13295621987751916,410.518212603072,1015.9233433660369,704,1500,0.4693333333333333,False,False,False,0.2
460,straight_east,normal_current,False,time_limit,,115.07715317277811,2400.0,0.9520511861780091,280.08883899604575,487.01013840554106,129,1500,0.086,False,False,False,1.0
461,straight_diagonal,normal_current,False,time_limit,,150.1815339566774,2683.281572999748,0.9440306468512794,184.0464615759551,265.3029848397891,114,1500,0.076,False,False,False,1.0
462,one_turn,normal_current,False,time_limit,,1216.0005428841598,2683.281572999748,0.5468233542390618,152.19109696809124,310.002787823247,301,1500,0.20066666666666666,False,False,False,1.0
463,s_turn,normal_current,False,time_limit,,2579.8620472408074,2683.281572999748,0.03854218163296354,278.0816096801855,656.2690882202478,608,1500,0.4053333333333333,False,False,False,0.3333333333333333
464,bezier_fillet,normal_current,False,time_limit,,2129.9042716163844,1697.0562748477141,0.0,270.1757814611557,638.7595921156711,892,1500,0.5946666666666667,False,False,False,0.1
465,straight_east,normal_current,False,time_limit,,972.447877342102,2400.0,0.5948133844407909,521.7230968465102,708.7535159091854,0,1500,0.0,False,False,False,1.0
466,straight_diagonal,normal_current,False,time_limit,,1504.3376089518088,2683.281572999748,0.4393664742123766,446.9495137745936,1100.362387823718,0,1500,0.0,False,False,False,1.0
467,one_turn,normal_current,False,time_limit,,1499.1782986202018,2683.281572999748,0.44128923564879163,185.54120692266724,407.3142154699658,0,1500,0.0,False,False,False,1.0
468,s_turn,normal_current,False,time_limit,,2003.4078506279163,2683.281572999748,0.2533739765565391,171.65702606221092,417.59231522160735,344,1500,0.22933333333333333,False,False,False,0.6666666666666666
469,bezier_fillet,normal_current,False,time_limit,,1202.0207249790158,1697.0562748477141,0.29170249520047326,192.83970919487626,441.87836709222944,594,1500,0.396,False,False,False,0.3
470,straight_east,current_limited,False,current_limited_safe_stop,,4806.506342885581,2400.0,0.0,701.4101046397755,1261.8080560480912,1499,1500,0.9993333333333333,True,False,False,1.0
471,straight_diagonal,current_limited,False,current_limited_safe_stop,,4719.030623766682,2683.281572999748,0.0,1328.4754427313053,2716.42354408045,1499,1500,0.9993333333333333,True,False,False,1.0
472,one_turn,current_limited,False,current_limited_safe_stop,,5169.042785084271,2683.281572999748,0.0,591.645365353215,1032.959812783858,1499,1500,0.9993333333333333,True,False,False,0.5
473,s_turn,current_limited,False,current_limited_safe_stop,,5135.764855559452,2683.281572999748,0.0,532.403618167745,931.7417040758514,1499,1500,0.9993333333333333,True,False,False,0.3333333333333333
474,bezier_fillet,current_limited,False,current_limited_safe_stop,,4001.8609771786996,1697.0562748477141,0.0,338.05131462505847,635.3719823952524,1499,1500,0.9993333333333333,True,False,False,0.1
475,straight_east,zero_current,False,time_limit,,899.226436525178,2400.0,0.6253223181145091,303.0484741395743,758.1714215450929,546,1500,0.364,False,False,False,1.0
476,straight_diagonal,zero_current,False,time_limit,,779.0801760226552,2683.281572999748,0.7096539610818069,333.221609911576,712.5491798339498,408,1500,0.272,False,False,False,1.0
477,one_turn,zero_current,False,time_limit,,1991.2283259384753,2683.281572999748,0.257913017413077,368.9293970736674,925.6900774154224,591,1500,0.394,False,False,False,0.5
478,s_turn,zero_current,False,time_limit,,2031.1597559447907,2683.281572999748,0.2430314520909276,400.6674237900144,1003.5245879605815,599,1500,0.3993333333333333,False,False,False,0.3333333333333333
479,bezier_fillet,zero_current,False,time_limit,,1138.114309396861,1697.0562748477141,0.329359711716696,400.5844595488587,1010.1957865727305,728,1500,0.48533333333333334,False,False,False,0.2
480,straight_east,normal_current,False,time_limit,,717.1063519083556,2400.0,0.7012056867048518,206.7127809402988,411.5491402528578,472,1500,0.31466666666666665,False,False,False,1.0
481,straight_diagonal,normal_current,False,time_limit,,1044.9020179830989,2683.281572999748,0.6105880096605139,307.17000582518733,1036.399119642037,492,1500,0.328,False,False,False,1.0
482,one_turn,normal_current,False,time_limit,,1784.8865240735477,2683.281572999748,0.3348120666747055,271.8287436023314,759.1399116018083,519,1500,0.346,False,False,False,0.5
483,s_turn,normal_current,False,time_limit,,1714.3196522056082,2683.281572999748,0.3611107870840772,312.38159420710883,787.494518928462,320,1500,0.21333333333333335,False,False,False,0.6666666666666666
484,bezier_fillet,normal_current,True,goal_reached,138.0,39.455207107054406,1697.0562748477141,0.9767507962512352,22.145960799327394,75.24842926894102,155,690,0.2246376811594203,False,False,False,0.8
485,straight_east,normal_current,False,time_limit,,157.24533650814422,2400.0,0.9344811097882733,425.03559024102134,794.2047475490937,130,1500,0.08666666666666667,False,False,False,1.0
486,straight_diagonal,normal_current,False,time_limit,,246.38260384533825,2683.281572999748,0.9081786248880706,256.8382236672772,593.8989337420609,183,1500,0.122,False,False,False,1.0
487,one_turn,normal_current,False,time_limit,,1651.1405265691872,2683.281572999748,0.38465625703108336,370.4595866141627,765.8213238478774,36,1500,0.024,False,False,False,1.0
488,s_turn,normal_current,False,time_limit,,1640.3851145814378,2683.281572999748,0.38866456241952063,408.89591629173134,1538.8914664652343,917,1500,0.6113333333333333,False,False,False,0.3333333333333333
489,bezier_fillet,normal_current,False,time_limit,,462.30893073244744,1697.0562748477141,0.7275818500633204,435.039050716975,1303.9977924503198,982,1500,0.6546666666666666,False,False,False,0.2
490,straight_east,normal_current,False,time_limit,,890.1815977979523,2400.0,0.6290910009175199,900.5982199320811,1250.5078388002698,0,1500,0.0,False,False,False,1.0
491,straight_diagonal,normal_current,False,time_limit,,547.0755263326879,2683.281572999748,0.796116989048939,566.3314988141836,916.2017505285052,0,1500,0.0,False,False,False,1.0
492,one_turn,normal_current,False,time_limit,,1577.5883286932274,2683.281572999748,0.41206754275527696,345.18845417562943,707.6024770074666,289,1500,0.19266666666666668,False,False,False,1.0
493,s_turn,normal_current,False,time_limit,,2437.5498039850427,2683.281572999748,0.09157882329135954,320.6868548796499,748.8510420738974,398,1500,0.2653333333333333,False,False,False,0.6666666666666666
494,bezier_fillet,normal_current,False,time_limit,,1451.8411751595056,1697.0562748477141,0.14449438319905625,127.2968572264326,258.7086879065276,730,1500,0.4866666666666667,False,False,False,0.1
495,straight_east,current_limited,False,current_limited_safe_stop,,2968.2679279503636,2400.0,0.0,1678.5025809678532,2942.7753739850355,986,1500,0.6573333333333333,True,False,False,1.0
496,straight_diagonal,current_limited,False,current_limited_safe_stop,,2265.609354254004,2683.281572999748,0.1556572455714409,1134.5891331388204,1843.6301166337014,780,1500,0.52,True,False,False,1.0
497,one_turn,current_limited,False,current_limited_safe_stop,,1622.3744670992442,2683.281572999748,0.39537673443434906,1541.1012159794739,2757.5859463086085,1272,1500,0.848,True,False,False,0.5
498,s_turn,current_limited,False,current_limited_safe_stop,,1603.9295613698787,2683.281572999748,0.40225074494258845,1400.790108245448,2574.5496535926404,1344,1500,0.896,True,False,False,0.3333333333333333
499,bezier_fillet,current_limited,False,current_limited_safe_stop,,1268.9849644866572,1697.0562748477141,0.2522434386564288,1253.9470812562868,2393.9659803652426,1448,1500,0.9653333333333334,True,False,False,0.1
500,straight_east,zero_current,False,time_limit,,899.2264365251821,2400.0,0.6253223181145074,303.04847413957583,758.1714215450925,546,1500,0.364,False,False,False,1.0
501,straight_diagonal,zero_current,False,time_limit,,816.977742256468,2683.281572999748,0.6955303720350392,269.68357366393025,748.9094035890637,441,1500,0.294,False,False,False,1.0
502,one_turn,zero_current,False,time_limit,,1959.7933899910404,2683.281572999748,0.269628126354213,368.9293970736647,925.6900774154174,591,1500,0.394,False,False,False,0.5
503,s_turn,zero_current,False,time_limit,,1957.626460326374,2683.281572999748,0.2704356933596555,400.66742379001596,1003.524587960585,599,1500,0.3993333333333333,False,False,False,0.3333333333333333
504,bezier_fillet,zero_current,False,time_limit,,1158.454314868498,1697.0562748477141,0.317374248551391,363.20292432339545,937.9543803597306,602,1500,0.4013333333333333,False,False,False,0.4
505,straight_east,normal_current,False,time_limit,,726.4397264063281,2400.0,0.6973167806640299,308.1051891497949,774.7799208085994,503,1500,0.3353333333333333,False,False,False,1.0
506,straight_diagonal,normal_current,False,time_limit,,641.808939700061,2683.281572999748,0.7608119303772667,292.00663608203115,596.6211183058538,500,1500,0.3333333333333333,False,False,False,1.0
507,one_turn,normal_current,False,time_limit,,1613.8610590543174,2683.281572999748,0.3985494942857907,372.5591010882336,956.1464056441291,572,1500,0.38133333333333336,False,False,False,0.5
508,s_turn,normal_current,False,time_limit,,1576.5607888710674,2683.281572999748,0.4124504842372666,408.29796986061535,1022.4599347037397,698,1500,0.4653333333333333,False,False,False,0.3333333333333333
509,bezier_fillet,normal_current,False,time_limit,,1167.9005523455821,1697.0562748477141,0.31180799973743706,313.58632094866874,788.2671667171883,716,1500,0.47733333333333333,False,False,False,0.5
510,straight_east,normal_current,False,time_limit,,407.3987679400341,2400.0,0.8302505133583191,306.85519011609387,815.3535673904466,463,1500,0.30866666666666664,False,False,False,1.0
511,straight_diagonal,normal_current,True,goal_reached,293.6,39.76058198671361,2683.281572999748,0.9851821059754592,275.5481951521519,484.9448526744244,242,1468,0.164850136239782,False,False,False,1.0
512,one_turn,normal_current,False,time_limit,,1281.665741130941,2683.281572999748,0.5223513797330946,381.0369692353498,1011.8208768485015,545,1500,0.36333333333333334,False,False,False,0.5
513,s_turn,normal_current,False,time_limit,,1612.6078507526352,2683.281572999748,0.39901653744454546,401.1996766114016,1027.7084515050774,543,1500,0.362,False,False,False,0.3333333333333333
514,bezier_fillet,normal_current,False,time_limit,,1234.572263935195,1697.0562748477141,0.2725213169221629,239.08578040678833,589.2802841605554,542,1500,0.36133333333333334,False,False,False,0.4
515,straight_east,normal_current,False,time_limit,,1044.50623006161,2400.0,0.5647890708076625,301.0871866526207,859.5467792812492,546,1500,0.364,False,False,False,1.0
516,straight_diagonal,normal_current,False,time_limit,,333.13542259364687,2683.281572999748,0.8758477582279143,279.2678356728432,545.6364672152229,302,1500,0.20133333333333334,False,False,False,1.0
517,one_turn,normal_current,False,time_limit,,1101.4165321859698,2683.281572999748,0.5895262937483478,369.68800138944886,1010.2052839844064,588,1500,0.392,False,False,False,0.5
518,s_turn,normal_current,False,time_limit,,250.01799583265787,2683.281572999748,0.9068237942866529,1220.6940023153586,1850.3974952609842,1013,1500,0.6753333333333333,False,False,False,0.6666666666666666
519,bezier_fillet,normal_current,False,time_limit,,835.899941804695,1697.0562748477141,0.5074412356303831,203.55352343335863,466.1519359757758,545,1500,0.36333333333333334,False,False,False,0.4
520,straight_east,current_limited,False,current_limited_safe_stop,,2272.349550046808,2400.0,0.05318768748049668,295.36377393847977,836.1095730596917,926,1500,0.6173333333333333,True,False,False,1.0
521,straight_diagonal,current_limited,False,current_limited_safe_stop,,1766.367589715764,2683.281572999748,0.3417136660238489,384.00346499019776,619.7033802407968,799,1500,0.5326666666666666,True,False,False,1.0
522,one_turn,current_limited,False,current_limited_safe_stop,,1784.8698111339731,2683.281572999748,0.33481829521953754,1487.0251430331764,2931.0905533078485,1221,1500,0.814,True,False,False,1.0
523,s_turn,current_limited,False,current_limited_safe_stop,,1526.4006870415815,2683.281572999748,0.43114405047877363,1681.9392933175068,3093.98367068524,1312,1500,0.8746666666666667,True,False,False,0.6666666666666666
524,bezier_fillet,current_limited,False,current_limited_safe_stop,,2313.825013145671,1697.0562748477141,0.0,193.9974222421097,436.6437040108016,1352,1500,0.9013333333333333,True,False,False,0.3
525,straight_east,zero_current,False,time_limit,,899.2264365251821,2400.0,0.6253223181145074,303.04847413957583,758.1714215450925,546,1500,0.364,False,False,False,1.0
526,straight_diagonal,zero_current,False,time_limit,,816.977742256468,2683.281572999748,0.6955303720350392,269.68357366393025,748.9094035890637,441,1500,0.294,False,False,False,1.0
527,one_turn,zero_current,False,time_limit,,1959.7933899910404,2683.281572999748,0.269628126354213,368.9293970736647,925.6900774154174,591,1500,0.394,False,False,False,0.5
528,s_turn,zero_current,False,time_limit,,1957.626460326374,2683.281572999748,0.2704356933596555,400.66742379001596,1003.524587960585,599,1500,0.3993333333333333,False,False,False,0.3333333333333333
529,bezier_fillet,zero_current,False,time_limit,,1158.454314868498,1697.0562748477141,0.317374248551391,363.20292432339545,937.9543803597306,602,1500,0.4013333333333333,False,False,False,0.4
530,straight_east,normal_current,False,time_limit,,717.1063519083535,2400.0,0.7012056867048526,206.71278094029734,411.5491402528478,472,1500,0.31466666666666665,False,False,False,1.0
531,straight_diagonal,normal_current,False,time_limit,,550.2115764832231,2683.281572999748,0.7949482521626982,324.1084800961678,552.0644427340335,279,1500,0.186,False,False,False,1.0
532,one_turn,normal_current,False,time_limit,,2125.340320655235,2683.281572999748,0.20793242794894917,271.828743602331,759.1399116018063,519,1500,0.346,False,False,False,0.5
533,s_turn,normal_current,False,time_limit,,2830.209747674599,2683.281572999748,0.0,428.1813341765025,1223.309848016469,679,1500,0.45266666666666666,False,False,False,0.6666666666666666
534,bezier_fillet,normal_current,False,time_limit,,1584.1883076581782,1697.0562748477141,0.06650808748205131,328.9983202141062,789.3456199670082,611,1500,0.4073333333333333,False,False,False,0.3
535,straight_east,normal_current,False,time_limit,,157.24533650815317,2400.0,0.9344811097882695,425.03559024101696,794.2047475490886,130,1500,0.08666666666666667,False,False,False,1.0
536,straight_diagonal,normal_current,False,time_limit,,210.24935067275038,2683.281572999748,0.9216446932784231,662.5508862494519,996.3689037198353,0,1500,0.0,False,False,False,1.0
537,one_turn,normal_current,False,time_limit,,1459.4389060411077,2683.281572999748,0.45609923284735915,308.19955210348263,598.2435019637119,128,1500,0.08533333333333333,False,False,False,1.0
538,s_turn,normal_current,False,time_limit,,3174.5145082631775,2683.281572999748,0.0,408.8959162917284,1538.891466465222,917,1500,0.6113333333333333,False,False,False,0.3333333333333333
539,bezier_fillet,normal_current,False,time_limit,,2501.361654030642,1697.0562748477141,0.0,483.278306025811,1355.154068815875,1017,1500,0.678,False,False,False,0.1
540,straight_east,normal_current,False,time_limit,,890.1815977979683,2400.0,0.6290910009175132,900.5982199320872,1250.507838800277,0,1500,0.0,False,False,False,1.0
541,straight_diagonal,normal_current,False,time_limit,,1588.0966239470697,2683.281572999748,0.408151332336072,1224.7744658351446,1705.412458087302,0,1500,0.0,False,False,False,1.0
542,one_turn,normal_current,False,time_limit,,1440.6296848454074,2683.281572999748,0.46310901571359514,324.9970981415117,707.6024770074632,13,1500,0.008666666666666666,False,False,False,1.0
543,s_turn,normal_current,False,time_limit,,2221.332369038283,2683.281572999748,0.17215830370162502,297.50325630346566,569.0898683024952,505,1500,0.33666666666666667,False,False,False,0.6666666666666666
544,bezier_fillet,normal_current,False,time_limit,,1464.182983498513,1697.0562748477141,0.13722190289187552,137.1076639020369,301.18692292263773,740,1500,0.49333333333333335,False,False,False,0.1
545,straight_east,current_limited,False,current_limited_safe_stop,,2968.2679279503745,2400.0,0.0,1678.5025809678557,2942.775373985047,986,1500,0.6573333333333333,True,False,False,1.0
546,straight_diagonal,current_limited,False,current_limited_safe_stop,,3845.712963502896,2683.281572999748,0.0,1971.0187839026967,3579.7173094810705,1207,1500,0.8046666666666666,True,False,False,1.0
547,one_turn,current_limited,False,current_limited_safe_stop,,3869.040646296633,2683.281572999748,0.0,1464.891315557885,2643.603515983261,1272,1500,0.848,True,False,False,0.5
548,s_turn,current_limited,False,current_limited_safe_stop,,3863.991249353552,2683.281572999748,0.0,1400.7901082454493,2574.549653592637,1344,1500,0.896,True,False,False,0.3333333333333333
549,bezier_fillet,current_limited,False,current_limited_safe_stop,,3642.3230388832303,1697.0562748477141,0.0,1309.9124224034088,2483.290293139137,1453,1500,0.9686666666666667,True,False,False,0.1
550,straight_east,zero_current,False,time_limit,,899.2264365251821,2400.0,0.6253223181145074,303.04847413957583,758.1714215450925,546,1500,0.364,False,False,False,1.0
551,straight_diagonal,zero_current,False,time_limit,,816.977742256468,2683.281572999748,0.6955303720350392,269.68357366393025,748.9094035890637,441,1500,0.294,False,False,False,1.0
552,one_turn,zero_current,False,time_limit,,1959.7933899910404,2683.281572999748,0.269628126354213,368.9293970736647,925.6900774154174,591,1500,0.394,False,False,False,0.5
553,s_turn,zero_current,False,time_limit,,1957.626460326374,2683.281572999748,0.2704356933596555,400.66742379001596,1003.524587960585,599,1500,0.3993333333333333,False,False,False,0.3333333333333333
554,bezier_fillet,zero_current,False,time_limit,,1158.454314868498,1697.0562748477141,0.317374248551391,363.20292432339545,937.9543803597306,602,1500,0.4013333333333333,False,False,False,0.4
555,straight_east,normal_current,False,time_limit,,940.1165377560911,2400.0,0.6082847759349621,287.49976000328655,902.3833684731189,407,1500,0.2713333333333333,False,False,False,1.0
556,straight_diagonal,normal_current,False,time_limit,,819.4493635513423,2683.281572999748,0.6946092531633767,174.21417305459008,665.9555863630956,352,1500,0.23466666666666666,False,False,False,1.0
557,one_turn,normal_current,False,time_limit,,2359.65652407021,2683.281572999748,0.12060793477135709,366.81718052315796,894.835419692949,717,1500,0.478,False,False,False,0.5
558,s_turn,normal_current,False,time_limit,,2359.68239664155,2683.281572999748,0.12059829263331219,396.0891184985538,974.5573899310994,717,1500,0.478,False,False,False,0.3333333333333333
559,bezier_fillet,normal_current,False,time_limit,,1405.5445892249854,1697.0562748477141,0.17177490808246038,456.40183225501517,1079.1610550613646,711,1500,0.474,False,False,False,0.4
560,straight_east,normal_current,False,time_limit,,115.07715317278044,2400.0,0.9520511861780081,280.08883899604814,487.01013840554674,129,1500,0.086,False,False,False,1.0
561,straight_diagonal,normal_current,False,time_limit,,142.6947860731367,2683.281572999748,0.946820793050946,462.89854009116743,760.0659925474102,0,1500,0.0,False,False,False,1.0
562,one_turn,normal_current,False,time_limit,,1199.5370870542872,2683.281572999748,0.5529589219690885,256.1567508018458,587.4440826114405,258,1500,0.172,False,False,False,1.0
563,s_turn,normal_current,False,time_limit,,2210.358584868817,2683.281572999748,0.1762479915971812,278.08160968018615,656.2690882202437,608,1500,0.4053333333333333,False,False,False,0.3333333333333333
564,bezier_fillet,normal_current,False,time_limit,,2157.428287054183,1697.0562748477141,0.0,303.42440878951885,767.7339254210436,877,1500,0.5846666666666667,False,False,False,0.1
565,straight_east,normal_current,False,time_limit,,972.4478773420999,2400.0,0.5948133844407917,521.723096846508,708.7535159091854,0,1500,0.0,False,False,False,1.0
566,straight_diagonal,normal_current,False,time_limit,,1639.7867383939815,2683.281572999748,0.3888875640580655,979.95153267017,1414.8368280487493,0,1500,0.0,False,False,False,1.0
567,one_turn,normal_current,False,time_limit,,1380.477715284407,2683.281572999748,0.48552633120007765,195.25732288136166,407.31421546997444,112,1500,0.07466666666666667,False,False,False,1.0
568,s_turn,normal_current,False,time_limit,,1983.4646116267108,2683.281572999748,0.26080638290624253,162.42511417621657,375.9520332864099,311,1500,0.20733333333333334,False,False,False,0.6666666666666666
569,bezier_fillet,normal_current,False,time_limit,,1306.4014038689832,1697.0562748477141,0.23019559031051373,205.61794920754087,521.3219357911466,601,1500,0.40066666666666667,False,False,False,0.3
570,straight_east,current_limited,False,current_limited_safe_stop,,4806.506342885583,2400.0,0.0,701.4101046397772,1261.8080560480985,1499,1500,0.9993333333333333,True,False,False,1.0
571,straight_diagonal,current_limited,False,current_limited_safe_stop,,4726.150432601913,2683.281572999748,0.0,1527.7926957649338,2847.069081922637,1499,1500,0.9993333333333333,True,False,False,1.0
572,one_turn,current_limited,False,current_limited_safe_stop,,4664.8468584369675,2683.281572999748,0.0,591.6453653532184,1032.9598127838594,1499,1500,0.9993333333333333,True,False,False,0.5
573,s_turn,current_limited,False,current_limited_safe_stop,,4680.141073945904,2683.281572999748,0.0,532.4036181677478,931.741704075857,1499,1500,0.9993333333333333,True,False,False,0.3333333333333333
574,bezier_fillet,current_limited,False,current_limited_safe_stop,,3513.790624415668,1697.0562748477141,0.0,481.64962655936836,899.4110768465985,1499,1500,0.9993333333333333,True,False,False,0.1
575,straight_east,zero_current,False,time_limit,,899.2264365251821,2400.0,0.6253223181145074,303.04847413957583,758.1714215450925,546,1500,0.364,False,False,False,1.0
576,straight_diagonal,zero_current,False,time_limit,,816.977742256468,2683.281572999748,0.6955303720350392,269.68357366393025,748.9094035890637,441,1500,0.294,False,False,False,1.0
577,one_turn,zero_current,False,time_limit,,1959.7933899910404,2683.281572999748,0.269628126354213,368.9293970736647,925.6900774154174,591,1500,0.394,False,False,False,0.5
578,s_turn,zero_current,False,time_limit,,1957.626460326374,2683.281572999748,0.2704356933596555,400.66742379001596,1003.524587960585,599,1500,0.3993333333333333,False,False,False,0.3333333333333333
579,bezier_fillet,zero_current,False,time_limit,,1158.454314868498,1697.0562748477141,0.317374248551391,363.20292432339545,937.9543803597306,602,1500,0.4013333333333333,False,False,False,0.4
580,straight_east,normal_current,False,time_limit,,697.941507495062,2400.0,0.7091910385437241,295.6479534273122,504.12207042527325,420,1500,0.28,False,False,False,1.0
581,straight_diagonal,normal_current,False,time_limit,,588.4638138624525,2683.281572999748,0.7806924849841288,227.84099676211278,465.16865169986386,437,1500,0.29133333333333333,False,False,False,1.0
582,one_turn,normal_current,False,time_limit,,1704.4160051422843,2683.281572999748,0.3648016584272036,290.6533748864306,613.3366315012377,842,1500,0.5613333333333334,False,False,False,0.5
583,s_turn,normal_current,False,time_limit,,1708.766012872168,2683.281572999748,0.36318050626275866,322.0002018719875,679.865354309748,615,1500,0.41,False,False,False,0.3333333333333333
584,bezier_fillet,normal_current,False,time_limit,,896.3905026078828,1697.0562748477141,0.47179683084562374,364.28996247101134,779.3376692069606,867,1500,0.578,False,False,False,0.1
585,straight_east,normal_current,False,time_limit,,137.35510708886437,2400.0,0.9427687053796399,485.78811466838425,848.9210649089484,103,1500,0.06866666666666667,False,False,False,1.0
586,straight_diagonal,normal_current,False,time_limit,,184.7858408550679,2683.281572999748,0.9311343830947684,372.23240974114896,720.7225076454149,139,1500,0.09266666666666666,False,False,False,1.0
587,one_turn,normal_current,False,time_limit,,1771.005603700581,2683.281572999748,0.33998518026540797,441.94778329649705,880.8691417153893,118,1500,0.07866666666666666,False,False,False,1.0
588,s_turn,normal_current,False,time_limit,,2508.467232718185,2683.281572999748,0.06514945805189229,198.03564698374947,448.4317759868936,531,1500,0.354,False,False,False,0.3333333333333333
589,bezier_fillet,normal_current,False,time_limit,,521.8400077711724,1697.0562748477141,0.6925028265088028,511.5478434481691,1479.2002122848728,1057,1500,0.7046666666666667,False,False,False,0.1
590,straight_east,normal_current,False,time_limit,,951.7520065765243,2400.0,0.6034366639264482,959.4610904817696,1298.1075540488619,0,1500,0.0,False,False,False,1.0
591,straight_diagonal,normal_current,False,time_limit,,634.324459014832,2683.281572999748,0.7636012316420094,659.2545004020675,993.2824067245062,0,1500,0.0,False,False,False,1.0
592,one_turn,normal_current,False,time_limit,,2030.89242705737,2683.281572999748,0.2431310796850313,390.12788137490156,740.6899734362014,239,1500,0.15933333333333333,False,False,False,1.0
593,s_turn,normal_current,False,time_limit,,2094.9123547390454,2683.281572999748,0.21927226131655683,270.35416170539395,573.9264535093193,457,1500,0.30466666666666664,False,False,False,0.3333333333333333
594,bezier_fillet,normal_current,False,time_limit,,1931.9966651591585,1697.0562748477141,0.0,206.25351993065254,427.87352565373277,780,1500,0.52,False,False,False,0.2
595,straight_east,current_limited,False,current_limited_safe_stop,,3011.126655796725,2400.0,0.0,1726.2356389097906,2987.5088076104416,993,1500,0.662,True,False,False,1.0
596,straight_diagonal,current_limited,False,current_limited_safe_stop,,2327.6043897184427,2683.281572999748,0.1325530599771083,1213.9320045651261,1910.3414713033676,788,1500,0.5253333333333333,True,False,False,1.0
597,one_turn,current_limited,False,current_limited_safe_stop,,1643.288927122832,2683.281572999748,0.3875823753801083,1575.1310568681413,2780.727950121461,1271,1500,0.8473333333333334,True,False,False,0.5
598,s_turn,current_limited,False,current_limited_safe_stop,,1628.7439713713566,2683.281572999748,0.3930029603451126,1440.223550043418,2607.837725702847,1362,1500,0.908,True,False,False,0.3333333333333333
599,bezier_fillet,current_limited,False,current_limited_safe_stop,,1400.343306298467,1697.0562748477141,0.17483979343930284,1378.6420005856446,2531.49459129307,1462,1500,0.9746666666666667,True,False,False,0.1
600,straight_east,zero_current,True,goal_reached,175.0,38.86571790510334,2400.0,0.9838059508728736,0.0,0.0,0,875,0.0,False,False,False,1.0
601,straight_diagonal,zero_current,False,time_limit,,801.1353084573698,2683.281572999748,0.7014344985190099,307.0866561865178,726.6067775201931,427,1500,0.2846666666666667,False,False,False,1.0
602,one_turn,zero_current,False,time_limit,,1801.1274725073263,2683.281572999748,0.32875942255520585,282.1122379113034,694.7175591785626,329,1500,0.21933333333333332,False,False,False,1.0
603,s_turn,zero_current,False,time_limit,,1953.0469348346783,2683.281572999748,0.2721423817436763,285.79461111061744,695.3402939267812,571,1500,0.38066666666666665,False,False,False,0.6666666666666666
604,bezier_fillet,zero_current,False,time_limit,,1119.8324924497324,1697.0562748477141,0.34013237566313415,408.29760013253593,1030.582074588017,596,1500,0.3973333333333333,False,False,False,0.5
605,straight_east,normal_current,True,goal_reached,161.0,39.397951889924116,2400.0,0.9835841867125317,0.0,0.0,0,805,0.0,False,False,False,1.0
606,straight_diagonal,normal_current,False,time_limit,,631.5289012390328,2683.281572999748,0.7646430745122953,318.6527919523976,575.1714871280197,486,1500,0.324,False,False,False,1.0
607,one_turn,normal_current,False,time_limit,,1515.3028906725992,2683.281572999748,0.43527995499235606,313.0957574102855,819.3309939373185,289,1500,0.19266666666666668,False,False,False,1.0
608,s_turn,normal_current,False,time_limit,,1818.0600802018864,2683.281572999748,0.32244901224831046,301.542651552764,818.5615839270149,612,1500,0.408,False,False,False,0.6666666666666666
609,bezier_fillet,normal_current,False,time_limit,,1064.8106285417462,1697.0562748477141,0.3725543198988512,379.74410586033275,958.9149547051893,717,1500,0.478,False,False,False,0.4
610,straight_east,normal_current,True,goal_reached,141.20000000000002,39.41475254492161,2400.0,0.983577186439616,0.0,0.0,0,706,0.0,False,False,False,1.0
611,straight_diagonal,normal_current,True,goal_reached,292.40000000000003,38.224565999895205,2683.281572999748,0.9857545453356344,296.74968575976993,513.8118265309145,219,1462,0.14979480164158687,False,False,False,1.0
612,one_turn,normal_current,False,time_limit,,1117.0821431257448,2683.281572999748,0.5836880652532809,494.5386447834743,1080.3513920383211,244,1500,0.16266666666666665,False,False,False,1.0
613,s_turn,normal_current,False,time_limit,,1833.2282104267256,2683.281572999748,0.31679618386925884,473.71705186318286,1081.1721369449983,584,1500,0.3893333333333333,False,False,False,1.0
614,bezier_fillet,normal_current,False,time_limit,,1227.7598765115595,1697.0562748477141,0.27653555470826513,287.09833246099737,757.5007727945292,553,1500,0.36866666666666664,False,False,False,0.3
615,straight_east,normal_current,True,goal_reached,127.4,39.209373466751,2400.0,0.9836627610555204,0.0,0.0,0,637,0.0,False,False,False,1.0
616,straight_diagonal,normal_current,False,time_limit,,279.0865962229473,2683.281572999748,0.895990566539409,299.4815928344357,571.8649829921758,225,1500,0.15,False,False,False,1.0
617,one_turn,normal_current,False,time_limit,,522.6681702134924,2683.281572999748,0.8052130736212001,827.9218698131125,1379.0004870432895,457,1500,0.30466666666666664,False,False,False,1.0
618,s_turn,normal_current,False,time_limit,,984.7597301459986,2683.281572999748,0.6330017169815331,822.8729418410768,1372.3037567552242,566,1500,0.37733333333333335,False,False,False,0.6666666666666666
619,bezier_fillet,normal_current,False,time_limit,,865.7572745149936,1697.0562748477141,0.48984763360738726,235.9573658168168,622.8298316268371,586,1500,0.39066666666666666,False,False,False,0.3
620,straight_east,current_limited,True,goal_reached,112.80000000000001,36.790319012196505,2400.0,0.9846707004115848,0.0,0.0,0,564,0.0,True,False,False,1.0
621,straight_diagonal,current_limited,False,current_limited_safe_stop,,1764.9242709939335,2683.281572999748,0.3422515591530508,407.55158203396843,644.8609509397966,792,1500,0.528,True,False,False,1.0
622,one_turn,current_limited,False,current_limited_safe_stop,,1649.7776523296166,2683.281572999748,0.3851641702718272,1395.3694342554425,2777.689168221067,1212,1500,0.808,True,False,False,1.0
623,s_turn,current_limited,False,current_limited_safe_stop,,1367.10380136747,2683.281572999748,0.49051049464066127,1575.019813193897,2927.7310130149926,1308,1500,0.872,True,False,False,0.6666666666666666
624,bezier_fillet,current_limited,False,current_limited_safe_stop,,2222.903195940584,1697.0562748477141,0.0,199.85885159860047,439.006190974241,1351,1500,0.9006666666666666,True,False,False,0.3
625,straight_east,zero_current,True,goal_reached,175.0,38.86571790510334,2400.0,0.9838059508728736,0.0,0.0,0,875,0.0,False,False,False,1.0
626,straight_diagonal,zero_current,False,time_limit,,801.1353084573698,2683.281572999748,0.7014344985190099,307.0866561865178,726.6067775201931,427,1500,0.2846666666666667,False,False,False,1.0
627,one_turn,zero_current,False,time_limit,,1801.1274725073263,2683.281572999748,0.32875942255520585,282.1122379113034,694.7175591785626,329,1500,0.21933333333333332,False,False,False,1.0
628,s_turn,zero_current,False,time_limit,,1953.0469348346783,2683.281572999748,0.2721423817436763,285.79461111061744,695.3402939267812,571,1500,0.38066666666666665,False,False,False,0.6666666666666666
629,bezier_fillet,zero_current,False,time_limit,,1119.8324924497324,1697.0562748477141,0.34013237566313415,408.29760013253593,1030.582074588017,596,1500,0.3973333333333333,False,False,False,0.5
630,straight_east,normal_current,False,time_limit,,704.6489408403353,2400.0,0.7063962746498602,264.8892181907182,465.4044420336895,438,1500,0.292,False,False,False,1.0
631,straight_diagonal,normal_current,False,time_limit,,528.3051494285953,2683.281572999748,0.8031122955024129,352.7465730675921,582.6924440896535,266,1500,0.17733333333333334,False,False,False,1.0
632,one_turn,normal_current,False,time_limit,,2328.3849958903984,2683.281572999748,0.13226214523308352,271.93438122929354,637.7893088435069,717,1500,0.478,False,False,False,0.5
633,s_turn,normal_current,False,time_limit,,2343.2008488166193,2683.281572999748,0.12674060285180533,310.4468269738346,740.5265024266225,675,1500,0.45,False,False,False,0.3333333333333333
634,bezier_fillet,normal_current,False,time_limit,,1569.445374140599,1697.0562748477141,0.07519544436943695,358.1335662291289,795.6686465077776,696,1500,0.464,False,False,False,0.2
635,straight_east,normal_current,False,time_limit,,148.00852826375177,2400.0,0.9383297798901034,457.26045166659526,823.3457749520217,119,1500,0.07933333333333334,False,False,False,1.0
636,straight_diagonal,normal_current,False,time_limit,,239.0688611677102,2683.281572999748,0.9109042958542567,697.1177430145499,1023.1960440956091,0,1500,0.0,False,False,False,1.0
637,one_turn,normal_current,False,time_limit,,1259.862584823137,2683.281572999748,0.5304769363378118,265.9828863388092,474.2872697030248,0,1500,0.0,False,False,False,1.0
638,s_turn,normal_current,False,time_limit,,3218.0561214311742,2683.281572999748,0.0,455.28853662487654,1585.5836175355216,928,1500,0.6186666666666667,False,False,False,0.3333333333333333
639,bezier_fillet,normal_current,False,time_limit,,2580.2111403850326,1697.0562748477141,0.0,501.6749080031198,1430.762959458975,1030,1500,0.6866666666666666,False,False,False,0.1
640,straight_east,normal_current,False,time_limit,,917.9204872726262,2400.0,0.6175331303030723,929.875952964621,1273.456081974542,0,1500,0.0,False,False,False,1.0
641,straight_diagonal,normal_current,False,time_limit,,1626.4779323741213,2683.281572999748,0.3938474632180265,1255.2650650412984,1734.7267317814587,0,1500,0.0,False,False,False,1.0
642,one_turn,normal_current,False,time_limit,,1615.481377356966,2683.281572999748,0.39794563730747246,351.7356883614954,720.6219590276255,0,1500,0.0,False,False,False,1.0
643,s_turn,normal_current,False,time_limit,,2196.8679097843124,2683.281572999748,0.18127566935573375,245.04296533434783,566.5854737868167,530,1500,0.35333333333333333,False,False,False,0.3333333333333333
644,bezier_fillet,normal_current,False,time_limit,,1793.2705242345721,1697.0562748477141,0.0,169.49637637939264,378.2879868762979,688,1500,0.45866666666666667,False,False,False,0.2
645,straight_east,current_limited,False,current_limited_safe_stop,,2989.0116710246393,2400.0,0.0,1701.934218740553,2964.157669813815,991,1500,0.6606666666666666,True,False,False,1.0
646,straight_diagonal,current_limited,False,current_limited_safe_stop,,3875.90332160291,2683.281572999748,0.0,1995.7826267284609,3604.4873178297726,1201,1500,0.8006666666666666,True,False,False,1.0
647,one_turn,current_limited,False,current_limited_safe_stop,,3888.5913196088645,2683.281572999748,0.0,1487.0192427173442,2663.594657881492,1273,1500,0.8486666666666667,True,False,False,0.5
648,s_turn,current_limited,False,current_limited_safe_stop,,3875.633336086642,2683.281572999748,0.0,1417.264191985398,2587.125478597084,1352,1500,0.9013333333333333,True,False,False,0.3333333333333333
649,bezier_fillet,current_limited,False,current_limited_safe_stop,,3699.4891723657006,1697.0562748477141,0.0,1364.8598590361971,2542.5700151629576,1460,1500,0.9733333333333334,True,False,False,0.1
650,straight_east,zero_current,True,goal_reached,175.0,38.86571790510334,2400.0,0.9838059508728736,0.0,0.0,0,875,0.0,False,False,False,1.0
651,straight_diagonal,zero_current,False,time_limit,,801.1353084573698,2683.281572999748,0.7014344985190099,307.0866561865178,726.6067775201931,427,1500,0.2846666666666667,False,False,False,1.0
652,one_turn,zero_current,False,time_limit,,1801.1274725073263,2683.281572999748,0.32875942255520585,282.1122379113034,694.7175591785626,329,1500,0.21933333333333332,False,False,False,1.0
653,s_turn,zero_current,False,time_limit,,1953.0469348346783,2683.281572999748,0.2721423817436763,285.79461111061744,695.3402939267812,571,1500,0.38066666666666665,False,False,False,0.6666666666666666
654,bezier_fillet,zero_current,False,time_limit,,1119.8324924497324,1697.0562748477141,0.34013237566313415,408.29760013253593,1030.582074588017,596,1500,0.3973333333333333,False,False,False,0.5
655,straight_east,normal_current,True,goal_reached,194.0,39.6376167327594,2400.0,0.9834843263613503,0.0,0.0,0,970,0.0,False,False,False,1.0
656,straight_diagonal,normal_current,False,time_limit,,791.7132555234984,2683.281572999748,0.7049458903269661,255.82522234349565,684.3352764789649,335,1500,0.22333333333333333,False,False,False,1.0
657,one_turn,normal_current,False,time_limit,,2001.4706716543822,2683.281572999748,0.25409592053477337,250.75145775841762,792.5572400955674,335,1500,0.22333333333333333,False,False,False,1.0
658,s_turn,normal_current,False,time_limit,,2345.5740602578458,2683.281572999748,0.12585615916721155,338.30548745599236,702.1358350016842,584,1500,0.3893333333333333,False,False,False,0.6666666666666666
659,bezier_fillet,normal_current,False,time_limit,,731.7122060549788,1697.0562748477141,0.5688344476846301,198.8187347698479,779.868132885786,563,1500,0.37533333333333335,False,False,False,1.0
660,straight_east,normal_current,False,time_limit,,100.42026262671016,2400.0,0.9581582239055374,0.0,0.0,67,1500,0.04466666666666667,False,False,False,1.0
661,straight_diagonal,normal_current,False,time_limit,,164.79757890125612,2683.281572999748,0.9385835685082343,113.96040667829357,195.0783441737899,138,1500,0.092,False,False,False,1.0
662,one_turn,normal_current,False,time_limit,,1326.9748985842402,2683.281572999748,0.5054656537216249,107.26699765485323,342.820759704035,325,1500,0.21666666666666667,False,False,False,1.0
663,s_turn,normal_current,False,time_limit,,2803.527795715053,2683.281572999748,0.0,378.85842868435384,1126.9723731037088,630,1500,0.42,False,False,False,0.6666666666666666
664,bezier_fillet,normal_current,False,time_limit,,2024.210597006578,1697.0562748477141,0.0,230.54937553573748,656.9747971371299,1023,1500,0.682,False,False,False,0.5
665,straight_east,normal_current,False,time_limit,,638.091522896957,2400.0,0.7341285321262679,0.0,0.0,0,1500,0.0,False,False,False,1.0
666,straight_diagonal,normal_current,False,time_limit,,1608.1023592053887,2683.281572999748,0.4006956350064944,851.077765050841,1348.1814235252878,0,1500,0.0,False,False,False,1.0
667,one_turn,normal_current,False,time_limit,,1549.171984869053,2683.281572999748,0.4226576888324204,33.81493732367289,335.8402524595783,15,1500,0.01,False,False,False,1.0
668,s_turn,normal_current,False,time_limit,,1866.823111540872,2683.281572999748,0.304276103437823,112.85289432201044,399.87340019734745,357,1500,0.238,False,False,False,0.6666666666666666
669,bezier_fillet,normal_current,False,time_limit,,1211.5510964351029,1697.0562748477141,0.28608666996395166,310.8413262741774,1140.0096734438891,805,1500,0.5366666666666666,False,False,False,0.2
670,straight_east,current_limited,False,current_limited_safe_stop,,4730.45974397833,2400.0,0.0,0.0,0.0,1499,1500,0.9993333333333333,True,False,False,1.0
671,straight_diagonal,current_limited,False,current_limited_safe_stop,,4727.751860020814,2683.281572999748,0.0,1459.4742699168276,2805.338002990058,1499,1500,0.9993333333333333,True,False,False,1.0
672,one_turn,current_limited,False,current_limited_safe_stop,,4880.291936902907,2683.281572999748,0.0,0.0,0.0,1499,1500,0.9993333333333333,True,False,False,0.5
673,s_turn,current_limited,False,current_limited_safe_stop,,4880.291936902907,2683.281572999748,0.0,0.0,0.0,1499,1500,0.9993333333333333,True,False,False,0.3333333333333333
674,bezier_fillet,current_limited,False,current_limited_safe_stop,,3510.581384358818,1697.0562748477141,0.0,453.7650433631973,896.9510388304536,1499,1500,0.9993333333333333,True,False,False,0.1
675,straight_east,zero_current,True,goal_reached,175.0,38.86571790510334,2400.0,0.9838059508728736,0.0,0.0,0,875,0.0,False,False,False,1.0
676,straight_diagonal,zero_current,False,time_limit,,801.1353084573698,2683.281572999748,0.7014344985190099,307.0866561865178,726.6067775201931,427,1500,0.2846666666666667,False,False,False,1.0
677,one_turn,zero_current,False,time_limit,,1801.1274725073263,2683.281572999748,0.32875942255520585,282.1122379113034,694.7175591785626,329,1500,0.21933333333333332,False,False,False,1.0
678,s_turn,zero_current,False,time_limit,,1953.0469348346783,2683.281572999748,0.2721423817436763,285.79461111061744,695.3402939267812,571,1500,0.38066666666666665,False,False,False,0.6666666666666666
679,bezier_fillet,zero_current,False,time_limit,,1119.8324924497324,1697.0562748477141,0.34013237566313415,408.29760013253593,1030.582074588017,596,1500,0.3973333333333333,False,False,False,0.5
680,straight_east,normal_current,False,time_limit,,704.6489408403376,2400.0,0.7063962746498593,264.889218190719,465.40444203368907,438,1500,0.292,False,False,False,1.0
681,straight_diagonal,normal_current,False,time_limit,,1066.5834517525816,2683.281572999748,0.6025078163674767,269.048953118443,1060.3454877688298,505,1500,0.33666666666666667,False,False,False,1.0
682,one_turn,normal_current,False,time_limit,,1714.9187478508986,2683.281572999748,0.36088751731942825,271.93438122929433,637.7893088435198,717,1500,0.478,False,False,False,0.5
683,s_turn,normal_current,False,time_limit,,1723.379112832506,2683.281572999748,0.3577345254505394,310.4468269738355,740.5265024266264,675,1500,0.45,False,False,False,0.3333333333333333
684,bezier_fillet,normal_current,False,time_limit,,732.6579259185175,1697.0562748477141,0.5682771769107876,436.274846015497,1075.2629222328273,591,1500,0.394,False,False,False,0.6
685,straight_east,normal_current,False,time_limit,,148.00852826375547,2400.0,0.9383297798901018,457.26045166659617,823.345774952023,119,1500,0.07933333333333334,False,False,False,1.0
686,straight_diagonal,normal_current,False,time_limit,,205.7554996295415,2683.281572999748,0.923319452680652,330.4492780657757,679.1697490421172,154,1500,0.10266666666666667,False,False,False,1.0
687,one_turn,normal_current,False,time_limit,,1742.5603110250668,2683.281572999748,0.35058611494246245,429.34561558216615,873.9363298199933,115,1500,0.07666666666666666,False,False,False,1.0
688,s_turn,normal_current,False,time_limit,,1656.8294530549026,2683.281572999748,0.3825361193075736,455.28853662487444,1585.5836175355157,928,1500,0.6186666666666667,False,False,False,0.3333333333333333
689,bezier_fillet,normal_current,False,time_limit,,470.822701523762,1697.0562748477141,0.722565062513315,495.2806350447874,1392.9883720886803,1034,1500,0.6893333333333334,False,False,False,0.1
690,straight_east,normal_current,False,time_limit,,917.920487272619,2400.0,0.6175331303030753,929.8759529646185,1273.4560819745402,0,1500,0.0,False,False,False,1.0
691,straight_diagonal,normal_current,False,time_limit,,605.432084426037,2683.281572999748,0.774368783910665,627.6806102637283,967.7926772835701,0,1500,0.0,False,False,False,1.0
692,one_turn,normal_current,False,time_limit,,2053.6267262566707,2683.281572999748,0.23465850661328871,362.45349274041985,720.6219590276294,287,1500,0.19133333333333333,False,False,False,1.0
693,s_turn,normal_current,False,time_limit,,2403.938615593771,2683.281572999748,0.10410497363259877,245.0429653343598,566.5854737868185,530,1500,0.35333333333333333,False,False,False,0.3333333333333333
694,bezier_fillet,normal_current,False,time_limit,,1636.9017475214298,1697.0562748477141,0.035446395159572604,159.58278826179273,329.63038012451955,682,1500,0.45466666666666666,False,False,False,0.2
695,straight_east,current_limited,False,current_limited_safe_stop,,2989.0116710246334,2400.0,0.0,1701.9342187405532,2964.1576698138097,991,1500,0.6606666666666666,True,False,False,1.0
696,straight_diagonal,current_limited,False,current_limited_safe_stop,,2306.65976999211,2683.281572999748,0.1403586588889355,1185.93946297989,1887.4493664375357,786,1500,0.524,True,False,False,1.0
697,one_turn,current_limited,False,current_limited_safe_stop,,1633.6653885089306,2683.281572999748,0.39116885646757127,1558.7472400009162,2770.1488731482204,1273,1500,0.8486666666666667,True,False,False,0.5
698,s_turn,current_limited,False,current_limited_safe_stop,,1613.1743422581585,2683.281572999748,0.3988054185253744,1417.2641919853945,2587.1254785970773,1352,1500,0.9013333333333333,True,False,False,0.3333333333333333
699,bezier_fillet,current_limited,False,current_limited_safe_stop,,1322.0463603392132,1697.0562748477141,0.22097671130095706,1305.3859073106762,2449.893375458741,1455,1500,0.97,True,False,False,0.1
700,straight_east,zero_current,False,time_limit,,899.226436525178,2400.0,0.6253223181145091,303.0484741395743,758.1714215450929,546,1500,0.364,False,False,False,1.0
701,straight_diagonal,zero_current,False,time_limit,,779.0801760226552,2683.281572999748,0.7096539610818069,333.221609911576,712.5491798339498,408,1500,0.272,False,False,False,1.0
702,one_turn,zero_current,False,time_limit,,1991.2283259384753,2683.281572999748,0.257913017413077,368.9293970736674,925.6900774154224,591,1500,0.394,False,False,False,0.5
703,s_turn,zero_current,False,time_limit,,2031.1597559447907,2683.281572999748,0.2430314520909276,400.6674237900144,1003.5245879605815,599,1500,0.3993333333333333,False,False,False,0.3333333333333333
704,bezier_fillet,zero_current,False,time_limit,,1138.114309396861,1697.0562748477141,0.329359711716696,400.5844595488587,1010.1957865727305,728,1500,0.48533333333333334,False,False,False,0.2
705,straight_east,normal_current,False,time_limit,,726.4397264063346,2400.0,0.6973167806640272,308.10518914979616,774.779920808601,503,1500,0.3353333333333333,False,False,False,1.0
706,straight_diagonal,normal_current,False,time_limit,,620.3628729668145,2683.281572999748,0.7688044075548561,343.2273639212751,556.673455387747,465,1500,0.31,False,False,False,1.0
707,one_turn,normal_current,False,time_limit,,1644.1756766152432,2683.281572999748,0.3872519033561008,372.55910108823895,956.146405644137,572,1500,0.38133333333333336,False,False,False,0.5
708,s_turn,normal_current,False,time_limit,,1942.6764977635423,2683.281572999748,0.2760072154515836,408.29796986062144,1022.4599347037506,698,1500,0.4653333333333333,False,False,False,0.3333333333333333
709,bezier_fillet,normal_current,False,time_limit,,2087.8743167011075,1697.0562748477141,0.0,450.076895792074,1001.0640315352555,881,1500,0.5873333333333334,False,False,False,0.1
710,straight_east,normal_current,False,time_limit,,407.3987679400138,2400.0,0.8302505133583276,306.85519011609017,815.3535673904397,463,1500,0.30866666666666664,False,False,False,1.0
711,straight_diagonal,normal_current,True,goal_reached,291.40000000000003,39.351040250603724,2683.281572999748,0.9853347331690534,321.5023099688071,546.9125431539264,190,1457,0.13040494166094715,False,False,False,1.0
712,one_turn,normal_current,False,time_limit,,1517.189187721897,2683.281572999748,0.43457697358769154,381.036969235346,1011.8208768484944,545,1500,0.36333333333333334,False,False,False,0.5
713,s_turn,normal_current,False,time_limit,,1971.6825747892212,2683.281572999748,0.26519728878658144,401.19967661139907,1027.708451505071,543,1500,0.362,False,False,False,0.3333333333333333
714,bezier_fillet,normal_current,False,time_limit,,1370.6808624910516,1697.0562748477141,0.19231855607495982,328.4868071925385,851.9375192351629,566,1500,0.37733333333333335,False,False,False,0.2
715,straight_east,normal_current,False,time_limit,,1044.506230061614,2400.0,0.5647890708076608,301.08718665261927,859.5467792812464,546,1500,0.364,False,False,False,1.0
716,straight_diagonal,normal_current,False,time_limit,,240.87185995520252,2683.281572999748,0.9102323578788929,322.7367461682944,603.9064400815748,201,1500,0.134,False,False,False,1.0
717,one_turn,normal_current,False,time_limit,,1299.1787531720959,2683.281572999748,0.5158246654972956,369.6880013894515,1010.2052839844102,588,1500,0.392,False,False,False,0.5
718,s_turn,normal_current,False,time_limit,,1235.887523452002,2683.281572999748,0.5394119141695763,680.846853673037,1177.3968121309654,486,1500,0.324,False,False,False,0.6666666666666666
719,bezier_fillet,normal_current,False,time_limit,,896.4130621803506,1697.0562748477141,0.4717835374900632,264.5361951438124,758.9955021044665,581,1500,0.3873333333333333,False,False,False,0.2
720,straight_east,current_limited,False,current_limited_safe_stop,,2272.3495500468075,2400.0,0.05318768748049687,295.36377393847994,836.1095730596902,926,1500,0.6173333333333333,True,False,False,1.0
721,straight_diagonal,current_limited,False,current_limited_safe_stop,,1760.837387805865,2683.281572999748,0.3437746505904878,437.14438638398383,677.1394428400449,780,1500,0.52,True,False,False,1.0
722,one_turn,current_limited,False,current_limited_safe_stop,,1538.4364802750147,2683.281572999748,0.42665857517325884,1327.190506242857,2653.7342050955813,1189,1500,0.7926666666666666,True,False,False,1.0
723,s_turn,current_limited,False,current_limited_safe_stop,,1230.4404842183046,2683.281572999748,0.5414419058366856,1486.0307615180345,2788.1882465655744,1297,1500,0.8646666666666667,True,False,False,0.6666666666666666
724,bezier_fillet,current_limited,False,current_limited_safe_stop,,2297.164588215772,1697.0562748477141,0.0,188.85124192954063,513.856853132471,1396,1500,0.9306666666666666,True,False,False,0.2
725,straight_east,zero_current,False,time_limit,,899.226436525178,2400.0,0.6253223181145091,303.0484741395743,758.1714215450929,546,1500,0.364,False,False,False,1.0
726,straight_diagonal,zero_current,False,time_limit,,779.0801760226552,2683.281572999748,0.7096539610818069,333.221609911576,712.5491798339498,408,1500,0.272,False,False,False,1.0
727,one_turn,zero_current,False,time_limit,,1991.2283259384753,2683.281572999748,0.257913017413077,368.9293970736674,925.6900774154224,591,1500,0.394,False,False,False,0.5
728,s_turn,zero_current,False,time_limit,,2031.1597559447907,2683.281572999748,0.2430314520909276,400.6674237900144,1003.5245879605815,599,1500,0.3993333333333333,False,False,False,0.3333333333333333
729,bezier_fillet,zero_current,False,time_limit,,1138.114309396861,1697.0562748477141,0.329359711716696,400.5844595488587,1010.1957865727305,728,1500,0.48533333333333334,False,False,False,0.2
730,straight_east,normal_current,False,time_limit,,697.9415074950589,2400.0,0.7091910385437254,295.6479534273135,504.1220704252678,420,1500,0.28,False,False,False,1.0
731,straight_diagonal,normal_current,False,time_limit,,487.63074582343285,2683.281572999748,0.8182707507366471,383.10779382315076,616.8824374822285,244,1500,0.16266666666666665,False,False,False,1.0
732,one_turn,normal_current,False,time_limit,,2418.4808764575846,2683.281572999748,0.0986853929929284,290.6533748864318,613.3366315012231,842,1500,0.5613333333333334,False,False,False,0.5
733,s_turn,normal_current,False,time_limit,,2406.079257410017,2683.281572999748,0.10330720352983133,322.00020187198726,679.8653543097539,615,1500,0.41,False,False,False,0.3333333333333333
734,bezier_fillet,normal_current,False,time_limit,,1641.2874394033374,1697.0562748477141,0.03286210143466287,359.1606471908234,743.1737439462676,874,1500,0.5826666666666667,False,False,False,0.1
735,straight_east,normal_current,False,time_limit,,137.3551070888596,2400.0,0.9427687053796417,485.7881146683893,848.921064908955,103,1500,0.06866666666666667,False,False,False,1.0
736,straight_diagonal,normal_current,False,time_limit,,297.3181533467407,2683.281572999748,0.8891960663619968,740.24378163398,1057.6793266141794,0,1500,0.0,False,False,False,1.0
737,one_turn,normal_current,False,time_limit,,1261.671230983132,2683.281572999748,0.5298028937109797,276.9417882469648,492.7094458105471,0,1500,0.0,False,False,False,1.0
738,s_turn,normal_current,False,time_limit,,2148.5160844661805,2683.281572999748,0.19929533073032346,198.03564698375138,448.43177598690863,531,1500,0.354,False,False,False,0.3333333333333333
739,bezier_fillet,normal_current,False,time_limit,,2704.308131630478,1697.0562748477141,0.0,519.7751468555384,1531.743986019033,1056,1500,0.704,False,False,False,0.1
740,straight_east,normal_current,False,time_limit,,951.752006576522,2400.0,0.6034366639264491,959.4610904817673,1298.1075540488582,0,1500,0.0,False,False,False,1.0
741,straight_diagonal,normal_current,False,time_limit,,1685.1069605903479,2683.281572999748,0.37199771446032054,1293.778474666515,1776.9388608835534,0,1500,0.0,False,False,False,1.0
742,one_turn,normal_current,False,time_limit,,1670.8457992186177,2683.281572999748,0.37731253550453436,379.4898003906421,740.6899734362014,0,1500,0.0,False,False,False,1.0
743,s_turn,normal_current,False,time_limit,,1847.04089858263,2683.281572999748,0.31164849892449076,270.3541617053858,573.926453509323,457,1500,0.30466666666666664,False,False,False,0.3333333333333333
744,bezier_fillet,normal_current,False,time_limit,,1835.099677193881,1697.0562748477141,0.0,235.50811393521272,501.59144247671094,777,1500,0.518,False,False,False,0.2
745,straight_east,current_limited,False,current_limited_safe_stop,,3011.1266557967147,2400.0,0.0,1726.2356389097813,2987.508807610431,993,1500,0.662,True,False,False,1.0
746,straight_diagonal,current_limited,False,current_limited_safe_stop,,3921.722854815623,2683.281572999748,0.0,2028.515107559801,3639.9886175478023,1199,1500,0.7993333333333333,True,False,False,1.0
747,one_turn,current_limited,False,current_limited_safe_stop,,3910.298794245385,2683.281572999748,0.0,1510.8010747700937,2685.634361981146,1271,1500,0.8473333333333334,True,False,False,0.5
748,s_turn,current_limited,False,current_limited_safe_stop,,3894.9233635146493,2683.281572999748,0.0,1440.223550043424,2607.837725702856,1362,1500,0.908,True,False,False,0.3333333333333333
749,bezier_fillet,current_limited,False,current_limited_safe_stop,,3793.2392905990446,1697.0562748477141,0.0,1452.7183027262029,2639.691306364362,1468,1500,0.9786666666666667,True,False,False,0.1
750,straight_east,zero_current,False,time_limit,,899.226436525178,2400.0,0.6253223181145091,303.0484741395743,758.1714215450929,546,1500,0.364,False,False,False,1.0
751,straight_diagonal,zero_current,False,time_limit,,779.0801760226552,2683.281572999748,0.7096539610818069,333.221609911576,712.5491798339498,408,1500,0.272,False,False,False,1.0
752,one_turn,zero_current,False,time_limit,,1991.2283259384753,2683.281572999748,0.257913017413077,368.9293970736674,925.6900774154224,591,1500,0.394,False,False,False,0.5
753,s_turn,zero_current,False,time_limit,,2031.1597559447907,2683.281572999748,0.2430314520909276,400.6674237900144,1003.5245879605815,599,1500,0.3993333333333333,False,False,False,0.3333333333333333
754,bezier_fillet,zero_current,False,time_limit,,1138.114309396861,1697.0562748477141,0.329359711716696,400.5844595488587,1010.1957865727305,728,1500,0.48533333333333334,False,False,False,0.2
755,straight_east,normal_current,False,time_limit,,940.1165377560916,2400.0,0.6082847759349619,287.4997600032853,902.3833684731219,407,1500,0.2713333333333333,False,False,False,1.0
756,straight_diagonal,normal_current,False,time_limit,,754.8047904479928,2683.281572999748,0.7187008631359674,286.114879398412,668.6571090612608,318,1500,0.212,False,False,False,1.0
757,one_turn,normal_current,False,time_limit,,2388.171667327605,2683.281572999748,0.10998096831941032,366.817180523157,894.8354196929477,717,1500,0.478,False,False,False,0.5
758,s_turn,normal_current,False,time_limit,,2445.8052996986353,2683.281572999748,0.08850218169076766,396.0891184985566,974.5573899311039,717,1500,0.478,False,False,False,0.3333333333333333
759,bezier_fillet,normal_current,False,time_limit,,1471.4220876245379,1697.0562748477141,0.13295621987751916,410.518212603072,1015.9233433660369,704,1500,0.4693333333333333,False,False,False,0.2
760,straight_east,normal_current,False,time_limit,,115.07715317277811,2400.0,0.9520511861780091,280.08883899604575,487.01013840554106,129,1500,0.086,False,False,False,1.0
761,straight_diagonal,normal_current,False,time_limit,,150.1815339566774,2683.281572999748,0.9440306468512794,184.0464615759551,265.3029848397891,114,1500,0.076,False,False,False,1.0
762,one_turn,normal_current,False,time_limit,,1216.0005428841598,2683.281572999748,0.5468233542390618,152.19109696809124,310.002787823247,301,1500,0.20066666666666666,False,False,False,1.0
763,s_turn,normal_current,False,time_limit,,2579.8620472408074,2683.281572999748,0.03854218163296354,278.0816096801855,656.2690882202478,608,1500,0.4053333333333333,False,False,False,0.3333333333333333
764,bezier_fillet,normal_current,False,time_limit,,2129.9042716163844,1697.0562748477141,0.0,270.1757814611557,638.7595921156711,892,1500,0.5946666666666667,False,False,False,0.1
765,straight_east,normal_current,False,time_limit,,972.447877342102,2400.0,0.5948133844407909,521.7230968465102,708.7535159091854,0,1500,0.0,False,False,False,1.0
766,straight_diagonal,normal_current,False,time_limit,,1504.3376089518088,2683.281572999748,0.4393664742123766,446.9495137745936,1100.362387823718,0,1500,0.0,False,False,False,1.0
767,one_turn,normal_current,False,time_limit,,1499.1782986202018,2683.281572999748,0.44128923564879163,185.54120692266724,407.3142154699658,0,1500,0.0,False,False,False,1.0
768,s_turn,normal_current,False,time_limit,,2003.4078506279163,2683.281572999748,0.2533739765565391,171.65702606221092,417.59231522160735,344,1500,0.22933333333333333,False,False,False,0.6666666666666666
769,bezier_fillet,normal_current,False,time_limit,,1202.0207249790158,1697.0562748477141,0.29170249520047326,192.83970919487626,441.87836709222944,594,1500,0.396,False,False,False,0.3
770,straight_east,current_limited,False,current_limited_safe_stop,,4806.506342885581,2400.0,0.0,701.4101046397755,1261.8080560480912,1499,1500,0.9993333333333333,True,False,False,1.0
771,straight_diagonal,current_limited,False,current_limited_safe_stop,,4719.030623766682,2683.281572999748,0.0,1328.4754427313053,2716.42354408045,1499,1500,0.9993333333333333,True,False,False,1.0
772,one_turn,current_limited,False,current_limited_safe_stop,,5169.042785084271,2683.281572999748,0.0,591.645365353215,1032.959812783858,1499,1500,0.9993333333333333,True,False,False,0.5
773,s_turn,current_limited,False,current_limited_safe_stop,,5135.764855559452,2683.281572999748,0.0,532.403618167745,931.7417040758514,1499,1500,0.9993333333333333,True,False,False,0.3333333333333333
774,bezier_fillet,current_limited,False,current_limited_safe_stop,,4001.8609771786996,1697.0562748477141,0.0,338.05131462505847,635.3719823952524,1499,1500,0.9993333333333333,True,False,False,0.1
775,straight_east,zero_current,False,time_limit,,899.226436525178,2400.0,0.6253223181145091,303.0484741395743,758.1714215450929,546,1500,0.364,False,False,False,1.0
776,straight_diagonal,zero_current,False,time_limit,,779.0801760226552,2683.281572999748,0.7096539610818069,333.221609911576,712.5491798339498,408,1500,0.272,False,False,False,1.0
777,one_turn,zero_current,False,time_limit,,1991.2283259384753,2683.281572999748,0.257913017413077,368.9293970736674,925.6900774154224,591,1500,0.394,False,False,False,0.5
778,s_turn,zero_current,False,time_limit,,2031.1597559447907,2683.281572999748,0.2430314520909276,400.6674237900144,1003.5245879605815,599,1500,0.3993333333333333,False,False,False,0.3333333333333333
779,bezier_fillet,zero_current,False,time_limit,,1138.114309396861,1697.0562748477141,0.329359711716696,400.5844595488587,1010.1957865727305,728,1500,0.48533333333333334,False,False,False,0.2
780,straight_east,normal_current,False,time_limit,,717.1063519083556,2400.0,0.7012056867048518,206.7127809402988,411.5491402528578,472,1500,0.31466666666666665,False,False,False,1.0
781,straight_diagonal,normal_current,False,time_limit,,1044.9020179830989,2683.281572999748,0.6105880096605139,307.17000582518733,1036.399119642037,492,1500,0.328,False,False,False,1.0
782,one_turn,normal_current,False,time_limit,,1784.8865240735477,2683.281572999748,0.3348120666747055,271.8287436023314,759.1399116018083,519,1500,0.346,False,False,False,0.5
783,s_turn,normal_current,False,time_limit,,1714.3196522056082,2683.281572999748,0.3611107870840772,312.38159420710883,787.494518928462,320,1500,0.21333333333333335,False,False,False,0.6666666666666666
784,bezier_fillet,normal_current,True,goal_reached,138.0,39.455207107054406,1697.0562748477141,0.9767507962512352,22.145960799327394,75.24842926894102,155,690,0.2246376811594203,False,False,False,0.8
785,straight_east,normal_current,False,time_limit,,157.24533650814422,2400.0,0.9344811097882733,425.03559024102134,794.2047475490937,130,1500,0.08666666666666667,False,False,False,1.0
786,straight_diagonal,normal_current,False,time_limit,,246.38260384533825,2683.281572999748,0.9081786248880706,256.8382236672772,593.8989337420609,183,1500,0.122,False,False,False,1.0
787,one_turn,normal_current,False,time_limit,,1651.1405265691872,2683.281572999748,0.38465625703108336,370.4595866141627,765.8213238478774,36,1500,0.024,False,False,False,1.0
788,s_turn,normal_current,False,time_limit,,1640.3851145814378,2683.281572999748,0.38866456241952063,408.89591629173134,1538.8914664652343,917,1500,0.6113333333333333,False,False,False,0.3333333333333333
789,bezier_fillet,normal_current,False,time_limit,,462.30893073244744,1697.0562748477141,0.7275818500633204,435.039050716975,1303.9977924503198,982,1500,0.6546666666666666,False,False,False,0.2
790,straight_east,normal_current,False,time_limit,,890.1815977979523,2400.0,0.6290910009175199,900.5982199320811,1250.5078388002698,0,1500,0.0,False,False,False,1.0
791,straight_diagonal,normal_current,False,time_limit,,547.0755263326879,2683.281572999748,0.796116989048939,566.3314988141836,916.2017505285052,0,1500,0.0,False,False,False,1.0
792,one_turn,normal_current,False,time_limit,,1577.5883286932274,2683.281572999748,0.41206754275527696,345.18845417562943,707.6024770074666,289,1500,0.19266666666666668,False,False,False,1.0
793,s_turn,normal_current,False,time_limit,,2437.5498039850427,2683.281572999748,0.09157882329135954,320.6868548796499,748.8510420738974,398,1500,0.2653333333333333,False,False,False,0.6666666666666666
794,bezier_fillet,normal_current,False,time_limit,,1451.8411751595056,1697.0562748477141,0.14449438319905625,127.2968572264326,258.7086879065276,730,1500,0.4866666666666667,False,False,False,0.1
795,straight_east,current_limited,False,current_limited_safe_stop,,2968.2679279503636,2400.0,0.0,1678.5025809678532,2942.7753739850355,986,1500,0.6573333333333333,True,False,False,1.0
796,straight_diagonal,current_limited,False,current_limited_safe_stop,,2265.609354254004,2683.281572999748,0.1556572455714409,1134.5891331388204,1843.6301166337014,780,1500,0.52,True,False,False,1.0
797,one_turn,current_limited,False,current_limited_safe_stop,,1622.3744670992442,2683.281572999748,0.39537673443434906,1541.1012159794739,2757.5859463086085,1272,1500,0.848,True,False,False,0.5
798,s_turn,current_limited,False,current_limited_safe_stop,,1603.9295613698787,2683.281572999748,0.40225074494258845,1400.790108245448,2574.5496535926404,1344,1500,0.896,True,False,False,0.3333333333333333
799,bezier_fillet,current_limited,False,current_limited_safe_stop,,1268.9849644866572,1697.0562748477141,0.2522434386564288,1253.9470812562868,2393.9659803652426,1448,1500,0.9653333333333334,True,False,False,0.1
800,straight_east,zero_current,False,time_limit,,899.2264365251821,2400.0,0.6253223181145074,303.04847413957583,758.1714215450925,546,1500,0.364,False,False,False,1.0
801,straight_diagonal,zero_current,False,time_limit,,816.977742256468,2683.281572999748,0.6955303720350392,269.68357366393025,748.9094035890637,441,1500,0.294,False,False,False,1.0
802,one_turn,zero_current,False,time_limit,,1959.7933899910404,2683.281572999748,0.269628126354213,368.9293970736647,925.6900774154174,591,1500,0.394,False,False,False,0.5
803,s_turn,zero_current,False,time_limit,,1957.626460326374,2683.281572999748,0.2704356933596555,400.66742379001596,1003.524587960585,599,1500,0.3993333333333333,False,False,False,0.3333333333333333
804,bezier_fillet,zero_current,False,time_limit,,1158.454314868498,1697.0562748477141,0.317374248551391,363.20292432339545,937.9543803597306,602,1500,0.4013333333333333,False,False,False,0.4
805,straight_east,normal_current,False,time_limit,,726.4397264063281,2400.0,0.6973167806640299,308.1051891497949,774.7799208085994,503,1500,0.3353333333333333,False,False,False,1.0
806,straight_diagonal,normal_current,False,time_limit,,641.808939700061,2683.281572999748,0.7608119303772667,292.00663608203115,596.6211183058538,500,1500,0.3333333333333333,False,False,False,1.0
807,one_turn,normal_current,False,time_limit,,1613.8610590543174,2683.281572999748,0.3985494942857907,372.5591010882336,956.1464056441291,572,1500,0.38133333333333336,False,False,False,0.5
808,s_turn,normal_current,False,time_limit,,1576.5607888710674,2683.281572999748,0.4124504842372666,408.29796986061535,1022.4599347037397,698,1500,0.4653333333333333,False,False,False,0.3333333333333333
809,bezier_fillet,normal_current,False,time_limit,,1167.9005523455821,1697.0562748477141,0.31180799973743706,313.58632094866874,788.2671667171883,716,1500,0.47733333333333333,False,False,False,0.5
810,straight_east,normal_current,False,time_limit,,407.3987679400341,2400.0,0.8302505133583191,306.85519011609387,815.3535673904466,463,1500,0.30866666666666664,False,False,False,1.0
811,straight_diagonal,normal_current,True,goal_reached,293.6,39.76058198671361,2683.281572999748,0.9851821059754592,275.5481951521519,484.9448526744244,242,1468,0.164850136239782,False,False,False,1.0
812,one_turn,normal_current,False,time_limit,,1281.665741130941,2683.281572999748,0.5223513797330946,381.0369692353498,1011.8208768485015,545,1500,0.36333333333333334,False,False,False,0.5
813,s_turn,normal_current,False,time_limit,,1612.6078507526352,2683.281572999748,0.39901653744454546,401.1996766114016,1027.7084515050774,543,1500,0.362,False,False,False,0.3333333333333333
814,bezier_fillet,normal_current,False,time_limit,,1234.572263935195,1697.0562748477141,0.2725213169221629,239.08578040678833,589.2802841605554,542,1500,0.36133333333333334,False,False,False,0.4
815,straight_east,normal_current,False,time_limit,,1044.50623006161,2400.0,0.5647890708076625,301.0871866526207,859.5467792812492,546,1500,0.364,False,False,False,1.0
816,straight_diagonal,normal_current,False,time_limit,,333.13542259364687,2683.281572999748,0.8758477582279143,279.2678356728432,545.6364672152229,302,1500,0.20133333333333334,False,False,False,1.0
817,one_turn,normal_current,False,time_limit,,1101.4165321859698,2683.281572999748,0.5895262937483478,369.68800138944886,1010.2052839844064,588,1500,0.392,False,False,False,0.5
818,s_turn,normal_current,False,time_limit,,250.01799583265787,2683.281572999748,0.9068237942866529,1220.6940023153586,1850.3974952609842,1013,1500,0.6753333333333333,False,False,False,0.6666666666666666
819,bezier_fillet,normal_current,False,time_limit,,835.899941804695,1697.0562748477141,0.5074412356303831,203.55352343335863,466.1519359757758,545,1500,0.36333333333333334,False,False,False,0.4
820,straight_east,current_limited,False,current_limited_safe_stop,,2272.349550046808,2400.0,0.05318768748049668,295.36377393847977,836.1095730596917,926,1500,0.6173333333333333,True,False,False,1.0
821,straight_diagonal,current_limited,False,current_limited_safe_stop,,1766.367589715764,2683.281572999748,0.3417136660238489,384.00346499019776,619.7033802407968,799,1500,0.5326666666666666,True,False,False,1.0
822,one_turn,current_limited,False,current_limited_safe_stop,,1784.8698111339731,2683.281572999748,0.33481829521953754,1487.0251430331764,2931.0905533078485,1221,1500,0.814,True,False,False,1.0
823,s_turn,current_limited,False,current_limited_safe_stop,,1526.4006870415815,2683.281572999748,0.43114405047877363,1681.9392933175068,3093.98367068524,1312,1500,0.8746666666666667,True,False,False,0.6666666666666666
824,bezier_fillet,current_limited,False,current_limited_safe_stop,,2313.825013145671,1697.0562748477141,0.0,193.9974222421097,436.6437040108016,1352,1500,0.9013333333333333,True,False,False,0.3
825,straight_east,zero_current,False,time_limit,,899.2264365251821,2400.0,0.6253223181145074,303.04847413957583,758.1714215450925,546,1500,0.364,False,False,False,1.0
826,straight_diagonal,zero_current,False,time_limit,,816.977742256468,2683.281572999748,0.6955303720350392,269.68357366393025,748.9094035890637,441,1500,0.294,False,False,False,1.0
827,one_turn,zero_current,False,time_limit,,1959.7933899910404,2683.281572999748,0.269628126354213,368.9293970736647,925.6900774154174,591,1500,0.394,False,False,False,0.5
828,s_turn,zero_current,False,time_limit,,1957.626460326374,2683.281572999748,0.2704356933596555,400.66742379001596,1003.524587960585,599,1500,0.3993333333333333,False,False,False,0.3333333333333333
829,bezier_fillet,zero_current,False,time_limit,,1158.454314868498,1697.0562748477141,0.317374248551391,363.20292432339545,937.9543803597306,602,1500,0.4013333333333333,False,False,False,0.4
830,straight_east,normal_current,False,time_limit,,717.1063519083535,2400.0,0.7012056867048526,206.71278094029734,411.5491402528478,472,1500,0.31466666666666665,False,False,False,1.0
831,straight_diagonal,normal_current,False,time_limit,,550.2115764832231,2683.281572999748,0.7949482521626982,324.1084800961678,552.0644427340335,279,1500,0.186,False,False,False,1.0
832,one_turn,normal_current,False,time_limit,,2125.340320655235,2683.281572999748,0.20793242794894917,271.828743602331,759.1399116018063,519,1500,0.346,False,False,False,0.5
833,s_turn,normal_current,False,time_limit,,2830.209747674599,2683.281572999748,0.0,428.1813341765025,1223.309848016469,679,1500,0.45266666666666666,False,False,False,0.6666666666666666
834,bezier_fillet,normal_current,False,time_limit,,1584.1883076581782,1697.0562748477141,0.06650808748205131,328.9983202141062,789.3456199670082,611,1500,0.4073333333333333,False,False,False,0.3
835,straight_east,normal_current,False,time_limit,,157.24533650815317,2400.0,0.9344811097882695,425.03559024101696,794.2047475490886,130,1500,0.08666666666666667,False,False,False,1.0
836,straight_diagonal,normal_current,False,time_limit,,210.24935067275038,2683.281572999748,0.9216446932784231,662.5508862494519,996.3689037198353,0,1500,0.0,False,False,False,1.0
837,one_turn,normal_current,False,time_limit,,1459.4389060411077,2683.281572999748,0.45609923284735915,308.19955210348263,598.2435019637119,128,1500,0.08533333333333333,False,False,False,1.0
838,s_turn,normal_current,False,time_limit,,3174.5145082631775,2683.281572999748,0.0,408.8959162917284,1538.891466465222,917,1500,0.6113333333333333,False,False,False,0.3333333333333333
839,bezier_fillet,normal_current,False,time_limit,,2501.361654030642,1697.0562748477141,0.0,483.278306025811,1355.154068815875,1017,1500,0.678,False,False,False,0.1
840,straight_east,normal_current,False,time_limit,,890.1815977979683,2400.0,0.6290910009175132,900.5982199320872,1250.507838800277,0,1500,0.0,False,False,False,1.0
841,straight_diagonal,normal_current,False,time_limit,,1588.0966239470697,2683.281572999748,0.408151332336072,1224.7744658351446,1705.412458087302,0,1500,0.0,False,False,False,1.0
842,one_turn,normal_current,False,time_limit,,1440.6296848454074,2683.281572999748,0.46310901571359514,324.9970981415117,707.6024770074632,13,1500,0.008666666666666666,False,False,False,1.0
843,s_turn,normal_current,False,time_limit,,2221.332369038283,2683.281572999748,0.17215830370162502,297.50325630346566,569.0898683024952,505,1500,0.33666666666666667,False,False,False,0.6666666666666666
844,bezier_fillet,normal_current,False,time_limit,,1464.182983498513,1697.0562748477141,0.13722190289187552,137.1076639020369,301.18692292263773,740,1500,0.49333333333333335,False,False,False,0.1
845,straight_east,current_limited,False,current_limited_safe_stop,,2968.2679279503745,2400.0,0.0,1678.5025809678557,2942.775373985047,986,1500,0.6573333333333333,True,False,False,1.0
846,straight_diagonal,current_limited,False,current_limited_safe_stop,,3845.712963502896,2683.281572999748,0.0,1971.0187839026967,3579.7173094810705,1207,1500,0.8046666666666666,True,False,False,1.0
847,one_turn,current_limited,False,current_limited_safe_stop,,3869.040646296633,2683.281572999748,0.0,1464.891315557885,2643.603515983261,1272,1500,0.848,True,False,False,0.5
848,s_turn,current_limited,False,current_limited_safe_stop,,3863.991249353552,2683.281572999748,0.0,1400.7901082454493,2574.549653592637,1344,1500,0.896,True,False,False,0.3333333333333333
849,bezier_fillet,current_limited,False,current_limited_safe_stop,,3642.3230388832303,1697.0562748477141,0.0,1309.9124224034088,2483.290293139137,1453,1500,0.9686666666666667,True,False,False,0.1
850,straight_east,zero_current,False,time_limit,,899.2264365251821,2400.0,0.6253223181145074,303.04847413957583,758.1714215450925,546,1500,0.364,False,False,False,1.0
851,straight_diagonal,zero_current,False,time_limit,,816.977742256468,2683.281572999748,0.6955303720350392,269.68357366393025,748.9094035890637,441,1500,0.294,False,False,False,1.0
852,one_turn,zero_current,False,time_limit,,1959.7933899910404,2683.281572999748,0.269628126354213,368.9293970736647,925.6900774154174,591,1500,0.394,False,False,False,0.5
853,s_turn,zero_current,False,time_limit,,1957.626460326374,2683.281572999748,0.2704356933596555,400.66742379001596,1003.524587960585,599,1500,0.3993333333333333,False,False,False,0.3333333333333333
854,bezier_fillet,zero_current,False,time_limit,,1158.454314868498,1697.0562748477141,0.317374248551391,363.20292432339545,937.9543803597306,602,1500,0.4013333333333333,False,False,False,0.4
855,straight_east,normal_current,False,time_limit,,940.1165377560911,2400.0,0.6082847759349621,287.49976000328655,902.3833684731189,407,1500,0.2713333333333333,False,False,False,1.0
856,straight_diagonal,normal_current,False,time_limit,,819.4493635513423,2683.281572999748,0.6946092531633767,174.21417305459008,665.9555863630956,352,1500,0.23466666666666666,False,False,False,1.0
857,one_turn,normal_current,False,time_limit,,2359.65652407021,2683.281572999748,0.12060793477135709,366.81718052315796,894.835419692949,717,1500,0.478,False,False,False,0.5
858,s_turn,normal_current,False,time_limit,,2359.68239664155,2683.281572999748,0.12059829263331219,396.0891184985538,974.5573899310994,717,1500,0.478,False,False,False,0.3333333333333333
859,bezier_fillet,normal_current,False,time_limit,,1405.5445892249854,1697.0562748477141,0.17177490808246038,456.40183225501517,1079.1610550613646,711,1500,0.474,False,False,False,0.4
860,straight_east,normal_current,False,time_limit,,115.07715317278044,2400.0,0.9520511861780081,280.08883899604814,487.01013840554674,129,1500,0.086,False,False,False,1.0
861,straight_diagonal,normal_current,False,time_limit,,142.6947860731367,2683.281572999748,0.946820793050946,462.89854009116743,760.0659925474102,0,1500,0.0,False,False,False,1.0
862,one_turn,normal_current,False,time_limit,,1199.5370870542872,2683.281572999748,0.5529589219690885,256.1567508018458,587.4440826114405,258,1500,0.172,False,False,False,1.0
863,s_turn,normal_current,False,time_limit,,2210.358584868817,2683.281572999748,0.1762479915971812,278.08160968018615,656.2690882202437,608,1500,0.4053333333333333,False,False,False,0.3333333333333333
864,bezier_fillet,normal_current,False,time_limit,,2157.428287054183,1697.0562748477141,0.0,303.42440878951885,767.7339254210436,877,1500,0.5846666666666667,False,False,False,0.1
865,straight_east,normal_current,False,time_limit,,972.4478773420999,2400.0,0.5948133844407917,521.723096846508,708.7535159091854,0,1500,0.0,False,False,False,1.0
866,straight_diagonal,normal_current,False,time_limit,,1639.7867383939815,2683.281572999748,0.3888875640580655,979.95153267017,1414.8368280487493,0,1500,0.0,False,False,False,1.0
867,one_turn,normal_current,False,time_limit,,1380.477715284407,2683.281572999748,0.48552633120007765,195.25732288136166,407.31421546997444,112,1500,0.07466666666666667,False,False,False,1.0
868,s_turn,normal_current,False,time_limit,,1983.4646116267108,2683.281572999748,0.26080638290624253,162.42511417621657,375.9520332864099,311,1500,0.20733333333333334,False,False,False,0.6666666666666666
869,bezier_fillet,normal_current,False,time_limit,,1306.4014038689832,1697.0562748477141,0.23019559031051373,205.61794920754087,521.3219357911466,601,1500,0.40066666666666667,False,False,False,0.3
870,straight_east,current_limited,False,current_limited_safe_stop,,4806.506342885583,2400.0,0.0,701.4101046397772,1261.8080560480985,1499,1500,0.9993333333333333,True,False,False,1.0
871,straight_diagonal,current_limited,False,current_limited_safe_stop,,4726.150432601913,2683.281572999748,0.0,1527.7926957649338,2847.069081922637,1499,1500,0.9993333333333333,True,False,False,1.0
872,one_turn,current_limited,False,current_limited_safe_stop,,4664.8468584369675,2683.281572999748,0.0,591.6453653532184,1032.9598127838594,1499,1500,0.9993333333333333,True,False,False,0.5
873,s_turn,current_limited,False,current_limited_safe_stop,,4680.141073945904,2683.281572999748,0.0,532.4036181677478,931.741704075857,1499,1500,0.9993333333333333,True,False,False,0.3333333333333333
874,bezier_fillet,current_limited,False,current_limited_safe_stop,,3513.790624415668,1697.0562748477141,0.0,481.64962655936836,899.4110768465985,1499,1500,0.9993333333333333,True,False,False,0.1
875,straight_east,zero_current,False,time_limit,,899.2264365251821,2400.0,0.6253223181145074,303.04847413957583,758.1714215450925,546,1500,0.364,False,False,False,1.0
876,straight_diagonal,zero_current,False,time_limit,,816.977742256468,2683.281572999748,0.6955303720350392,269.68357366393025,748.9094035890637,441,1500,0.294,False,False,False,1.0
877,one_turn,zero_current,False,time_limit,,1959.7933899910404,2683.281572999748,0.269628126354213,368.9293970736647,925.6900774154174,591,1500,0.394,False,False,False,0.5
878,s_turn,zero_current,False,time_limit,,1957.626460326374,2683.281572999748,0.2704356933596555,400.66742379001596,1003.524587960585,599,1500,0.3993333333333333,False,False,False,0.3333333333333333
879,bezier_fillet,zero_current,False,time_limit,,1158.454314868498,1697.0562748477141,0.317374248551391,363.20292432339545,937.9543803597306,602,1500,0.4013333333333333,False,False,False,0.4
880,straight_east,normal_current,False,time_limit,,697.941507495062,2400.0,0.7091910385437241,295.6479534273122,504.12207042527325,420,1500,0.28,False,False,False,1.0
881,straight_diagonal,normal_current,False,time_limit,,588.4638138624525,2683.281572999748,0.7806924849841288,227.84099676211278,465.16865169986386,437,1500,0.29133333333333333,False,False,False,1.0
882,one_turn,normal_current,False,time_limit,,1704.4160051422843,2683.281572999748,0.3648016584272036,290.6533748864306,613.3366315012377,842,1500,0.5613333333333334,False,False,False,0.5
883,s_turn,normal_current,False,time_limit,,1708.766012872168,2683.281572999748,0.36318050626275866,322.0002018719875,679.865354309748,615,1500,0.41,False,False,False,0.3333333333333333
884,bezier_fillet,normal_current,False,time_limit,,896.3905026078828,1697.0562748477141,0.47179683084562374,364.28996247101134,779.3376692069606,867,1500,0.578,False,False,False,0.1
885,straight_east,normal_current,False,time_limit,,137.35510708886437,2400.0,0.9427687053796399,485.78811466838425,848.9210649089484,103,1500,0.06866666666666667,False,False,False,1.0
886,straight_diagonal,normal_current,False,time_limit,,184.7858408550679,2683.281572999748,0.9311343830947684,372.23240974114896,720.7225076454149,139,1500,0.09266666666666666,False,False,False,1.0
887,one_turn,normal_current,False,time_limit,,1771.005603700581,2683.281572999748,0.33998518026540797,441.94778329649705,880.8691417153893,118,1500,0.07866666666666666,False,False,False,1.0
888,s_turn,normal_current,False,time_limit,,2508.467232718185,2683.281572999748,0.06514945805189229,198.03564698374947,448.4317759868936,531,1500,0.354,False,False,False,0.3333333333333333
889,bezier_fillet,normal_current,False,time_limit,,521.8400077711724,1697.0562748477141,0.6925028265088028,511.5478434481691,1479.2002122848728,1057,1500,0.7046666666666667,False,False,False,0.1
890,straight_east,normal_current,False,time_limit,,951.7520065765243,2400.0,0.6034366639264482,959.4610904817696,1298.1075540488619,0,1500,0.0,False,False,False,1.0
891,straight_diagonal,normal_current,False,time_limit,,634.324459014832,2683.281572999748,0.7636012316420094,659.2545004020675,993.2824067245062,0,1500,0.0,False,False,False,1.0
892,one_turn,normal_current,False,time_limit,,2030.89242705737,2683.281572999748,0.2431310796850313,390.12788137490156,740.6899734362014,239,1500,0.15933333333333333,False,False,False,1.0
893,s_turn,normal_current,False,time_limit,,2094.9123547390454,2683.281572999748,0.21927226131655683,270.35416170539395,573.9264535093193,457,1500,0.30466666666666664,False,False,False,0.3333333333333333
894,bezier_fillet,normal_current,False,time_limit,,1931.9966651591585,1697.0562748477141,0.0,206.25351993065254,427.87352565373277,780,1500,0.52,False,False,False,0.2
895,straight_east,current_limited,False,current_limited_safe_stop,,3011.126655796725,2400.0,0.0,1726.2356389097906,2987.5088076104416,993,1500,0.662,True,False,False,1.0
896,straight_diagonal,current_limited,False,current_limited_safe_stop,,2327.6043897184427,2683.281572999748,0.1325530599771083,1213.9320045651261,1910.3414713033676,788,1500,0.5253333333333333,True,False,False,1.0
897,one_turn,current_limited,False,current_limited_safe_stop,,1643.288927122832,2683.281572999748,0.3875823753801083,1575.1310568681413,2780.727950121461,1271,1500,0.8473333333333334,True,False,False,0.5
898,s_turn,current_limited,False,current_limited_safe_stop,,1628.7439713713566,2683.281572999748,0.3930029603451126,1440.223550043418,2607.837725702847,1362,1500,0.908,True,False,False,0.3333333333333333
899,bezier_fillet,current_limited,False,current_limited_safe_stop,,1400.343306298467,1697.0562748477141,0.17483979343930284,1378.6420005856446,2531.49459129307,1462,1500,0.9746666666666667,True,False,False,0.1
900,straight_east,zero_current,True,goal_reached,175.0,38.86571790510334,2400.0,0.9838059508728736,0.0,0.0,0,875,0.0,False,False,False,1.0
901,straight_diagonal,zero_current,False,time_limit,,801.1353084573698,2683.281572999748,0.7014344985190099,307.0866561865178,726.6067775201931,427,1500,0.2846666666666667,False,False,False,1.0
902,one_turn,zero_current,False,time_limit,,1801.1274725073263,2683.281572999748,0.32875942255520585,282.1122379113034,694.7175591785626,329,1500,0.21933333333333332,False,False,False,1.0
903,s_turn,zero_current,False,time_limit,,1953.0469348346783,2683.281572999748,0.2721423817436763,285.79461111061744,695.3402939267812,571,1500,0.38066666666666665,False,False,False,0.6666666666666666
904,bezier_fillet,zero_current,False,time_limit,,1119.8324924497324,1697.0562748477141,0.34013237566313415,408.29760013253593,1030.582074588017,596,1500,0.3973333333333333,False,False,False,0.5
905,straight_east,normal_current,True,goal_reached,161.0,39.397951889924116,2400.0,0.9835841867125317,0.0,0.0,0,805,0.0,False,False,False,1.0
906,straight_diagonal,normal_current,False,time_limit,,631.5289012390328,2683.281572999748,0.7646430745122953,318.6527919523976,575.1714871280197,486,1500,0.324,False,False,False,1.0
907,one_turn,normal_current,False,time_limit,,1515.3028906725992,2683.281572999748,0.43527995499235606,313.0957574102855,819.3309939373185,289,1500,0.19266666666666668,False,False,False,1.0
908,s_turn,normal_current,False,time_limit,,1818.0600802018864,2683.281572999748,0.32244901224831046,301.542651552764,818.5615839270149,612,1500,0.408,False,False,False,0.6666666666666666
909,bezier_fillet,normal_current,False,time_limit,,1064.8106285417462,1697.0562748477141,0.3725543198988512,379.74410586033275,958.9149547051893,717,1500,0.478,False,False,False,0.4
910,straight_east,normal_current,True,goal_reached,141.20000000000002,39.41475254492161,2400.0,0.983577186439616,0.0,0.0,0,706,0.0,False,False,False,1.0
911,straight_diagonal,normal_current,True,goal_reached,292.40000000000003,38.224565999895205,2683.281572999748,0.9857545453356344,296.74968575976993,513.8118265309145,219,1462,0.14979480164158687,False,False,False,1.0
912,one_turn,normal_current,False,time_limit,,1117.0821431257448,2683.281572999748,0.5836880652532809,494.5386447834743,1080.3513920383211,244,1500,0.16266666666666665,False,False,False,1.0
913,s_turn,normal_current,False,time_limit,,1833.2282104267256,2683.281572999748,0.31679618386925884,473.71705186318286,1081.1721369449983,584,1500,0.3893333333333333,False,False,False,1.0
914,bezier_fillet,normal_current,False,time_limit,,1227.7598765115595,1697.0562748477141,0.27653555470826513,287.09833246099737,757.5007727945292,553,1500,0.36866666666666664,False,False,False,0.3
915,straight_east,normal_current,True,goal_reached,127.4,39.209373466751,2400.0,0.9836627610555204,0.0,0.0,0,637,0.0,False,False,False,1.0
916,straight_diagonal,normal_current,False,time_limit,,279.0865962229473,2683.281572999748,0.895990566539409,299.4815928344357,571.8649829921758,225,1500,0.15,False,False,False,1.0
917,one_turn,normal_current,False,time_limit,,522.6681702134924,2683.281572999748,0.8052130736212001,827.9218698131125,1379.0004870432895,457,1500,0.30466666666666664,False,False,False,1.0
918,s_turn,normal_current,False,time_limit,,984.7597301459986,2683.281572999748,0.6330017169815331,822.8729418410768,1372.3037567552242,566,1500,0.37733333333333335,False,False,False,0.6666666666666666
919,bezier_fillet,normal_current,False,time_limit,,865.7572745149936,1697.0562748477141,0.48984763360738726,235.9573658168168,622.8298316268371,586,1500,0.39066666666666666,False,False,False,0.3
920,straight_east,current_limited,True,goal_reached,112.80000000000001,36.790319012196505,2400.0,0.9846707004115848,0.0,0.0,0,564,0.0,True,False,False,1.0
921,straight_diagonal,current_limited,False,current_limited_safe_stop,,1764.9242709939335,2683.281572999748,0.3422515591530508,407.55158203396843,644.8609509397966,792,1500,0.528,True,False,False,1.0
922,one_turn,current_limited,False,current_limited_safe_stop,,1649.7776523296166,2683.281572999748,0.3851641702718272,1395.3694342554425,2777.689168221067,1212,1500,0.808,True,False,False,1.0
923,s_turn,current_limited,False,current_limited_safe_stop,,1367.10380136747,2683.281572999748,0.49051049464066127,1575.019813193897,2927.7310130149926,1308,1500,0.872,True,False,False,0.6666666666666666
924,bezier_fillet,current_limited,False,current_limited_safe_stop,,2222.903195940584,1697.0562748477141,0.0,199.85885159860047,439.006190974241,1351,1500,0.9006666666666666,True,False,False,0.3
925,straight_east,zero_current,True,goal_reached,175.0,38.86571790510334,2400.0,0.9838059508728736,0.0,0.0,0,875,0.0,False,False,False,1.0
926,straight_diagonal,zero_current,False,time_limit,,801.1353084573698,2683.281572999748,0.7014344985190099,307.0866561865178,726.6067775201931,427,1500,0.2846666666666667,False,False,False,1.0
927,one_turn,zero_current,False,time_limit,,1801.1274725073263,2683.281572999748,0.32875942255520585,282.1122379113034,694.7175591785626,329,1500,0.21933333333333332,False,False,False,1.0
928,s_turn,zero_current,False,time_limit,,1953.0469348346783,2683.281572999748,0.2721423817436763,285.79461111061744,695.3402939267812,571,1500,0.38066666666666665,False,False,False,0.6666666666666666
929,bezier_fillet,zero_current,False,time_limit,,1119.8324924497324,1697.0562748477141,0.34013237566313415,408.29760013253593,1030.582074588017,596,1500,0.3973333333333333,False,False,False,0.5
930,straight_east,normal_current,False,time_limit,,704.6489408403353,2400.0,0.7063962746498602,264.8892181907182,465.4044420336895,438,1500,0.292,False,False,False,1.0
931,straight_diagonal,normal_current,False,time_limit,,528.3051494285953,2683.281572999748,0.8031122955024129,352.7465730675921,582.6924440896535,266,1500,0.17733333333333334,False,False,False,1.0
932,one_turn,normal_current,False,time_limit,,2328.3849958903984,2683.281572999748,0.13226214523308352,271.93438122929354,637.7893088435069,717,1500,0.478,False,False,False,0.5
933,s_turn,normal_current,False,time_limit,,2343.2008488166193,2683.281572999748,0.12674060285180533,310.4468269738346,740.5265024266225,675,1500,0.45,False,False,False,0.3333333333333333
934,bezier_fillet,normal_current,False,time_limit,,1569.445374140599,1697.0562748477141,0.07519544436943695,358.1335662291289,795.6686465077776,696,1500,0.464,False,False,False,0.2
935,straight_east,normal_current,False,time_limit,,148.00852826375177,2400.0,0.9383297798901034,457.26045166659526,823.3457749520217,119,1500,0.07933333333333334,False,False,False,1.0
936,straight_diagonal,normal_current,False,time_limit,,239.0688611677102,2683.281572999748,0.9109042958542567,697.1177430145499,1023.1960440956091,0,1500,0.0,False,False,False,1.0
937,one_turn,normal_current,False,time_limit,,1259.862584823137,2683.281572999748,0.5304769363378118,265.9828863388092,474.2872697030248,0,1500,0.0,False,False,False,1.0
938,s_turn,normal_current,False,time_limit,,3218.0561214311742,2683.281572999748,0.0,455.28853662487654,1585.5836175355216,928,1500,0.6186666666666667,False,False,False,0.3333333333333333
939,bezier_fillet,normal_current,False,time_limit,,2580.2111403850326,1697.0562748477141,0.0,501.6749080031198,1430.762959458975,1030,1500,0.6866666666666666,False,False,False,0.1
940,straight_east,normal_current,False,time_limit,,917.9204872726262,2400.0,0.6175331303030723,929.875952964621,1273.456081974542,0,1500,0.0,False,False,False,1.0
941,straight_diagonal,normal_current,False,time_limit,,1626.4779323741213,2683.281572999748,0.3938474632180265,1255.2650650412984,1734.7267317814587,0,1500,0.0,False,False,False,1.0
942,one_turn,normal_current,False,time_limit,,1615.481377356966,2683.281572999748,0.39794563730747246,351.7356883614954,720.6219590276255,0,1500,0.0,False,False,False,1.0
943,s_turn,normal_current,False,time_limit,,2196.8679097843124,2683.281572999748,0.18127566935573375,245.04296533434783,566.5854737868167,530,1500,0.35333333333333333,False,False,False,0.3333333333333333
944,bezier_fillet,normal_current,False,time_limit,,1793.2705242345721,1697.0562748477141,0.0,169.49637637939264,378.2879868762979,688,1500,0.45866666666666667,False,False,False,0.2
945,straight_east,current_limited,False,current_limited_safe_stop,,2989.0116710246393,2400.0,0.0,1701.934218740553,2964.157669813815,991,1500,0.6606666666666666,True,False,False,1.0
946,straight_diagonal,current_limited,False,current_limited_safe_stop,,3875.90332160291,2683.281572999748,0.0,1995.7826267284609,3604.4873178297726,1201,1500,0.8006666666666666,True,False,False,1.0
947,one_turn,current_limited,False,current_limited_safe_stop,,3888.5913196088645,2683.281572999748,0.0,1487.0192427173442,2663.594657881492,1273,1500,0.8486666666666667,True,False,False,0.5
948,s_turn,current_limited,False,current_limited_safe_stop,,3875.633336086642,2683.281572999748,0.0,1417.264191985398,2587.125478597084,1352,1500,0.9013333333333333,True,False,False,0.3333333333333333
949,bezier_fillet,current_limited,False,current_limited_safe_stop,,3699.4891723657006,1697.0562748477141,0.0,1364.8598590361971,2542.5700151629576,1460,1500,0.9733333333333334,True,False,False,0.1
950,straight_east,zero_current,True,goal_reached,175.0,38.86571790510334,2400.0,0.9838059508728736,0.0,0.0,0,875,0.0,False,False,False,1.0
951,straight_diagonal,zero_current,False,time_limit,,801.1353084573698,2683.281572999748,0.7014344985190099,307.0866561865178,726.6067775201931,427,1500,0.2846666666666667,False,False,False,1.0
952,one_turn,zero_current,False,time_limit,,1801.1274725073263,2683.281572999748,0.32875942255520585,282.1122379113034,694.7175591785626,329,1500,0.21933333333333332,False,False,False,1.0
953,s_turn,zero_current,False,time_limit,,1953.0469348346783,2683.281572999748,0.2721423817436763,285.79461111061744,695.3402939267812,571,1500,0.38066666666666665,False,False,False,0.6666666666666666
954,bezier_fillet,zero_current,False,time_limit,,1119.8324924497324,1697.0562748477141,0.34013237566313415,408.29760013253593,1030.582074588017,596,1500,0.3973333333333333,False,False,False,0.5
955,straight_east,normal_current,True,goal_reached,194.0,39.6376167327594,2400.0,0.9834843263613503,0.0,0.0,0,970,0.0,False,False,False,1.0
956,straight_diagonal,normal_current,False,time_limit,,791.7132555234984,2683.281572999748,0.7049458903269661,255.82522234349565,684.3352764789649,335,1500,0.22333333333333333,False,False,False,1.0
957,one_turn,normal_current,False,time_limit,,2001.4706716543822,2683.281572999748,0.25409592053477337,250.75145775841762,792.5572400955674,335,1500,0.22333333333333333,False,False,False,1.0
958,s_turn,normal_current,False,time_limit,,2345.5740602578458,2683.281572999748,0.12585615916721155,338.30548745599236,702.1358350016842,584,1500,0.3893333333333333,False,False,False,0.6666666666666666
959,bezier_fillet,normal_current,False,time_limit,,731.7122060549788,1697.0562748477141,0.5688344476846301,198.8187347698479,779.868132885786,563,1500,0.37533333333333335,False,False,False,1.0
960,straight_east,normal_current,False,time_limit,,100.42026262671016,2400.0,0.9581582239055374,0.0,0.0,67,1500,0.04466666666666667,False,False,False,1.0
961,straight_diagonal,normal_current,False,time_limit,,164.79757890125612,2683.281572999748,0.9385835685082343,113.96040667829357,195.0783441737899,138,1500,0.092,False,False,False,1.0
962,one_turn,normal_current,False,time_limit,,1326.9748985842402,2683.281572999748,0.5054656537216249,107.26699765485323,342.820759704035,325,1500,0.21666666666666667,False,False,False,1.0
963,s_turn,normal_current,False,time_limit,,2803.527795715053,2683.281572999748,0.0,378.85842868435384,1126.9723731037088,630,1500,0.42,False,False,False,0.6666666666666666
964,bezier_fillet,normal_current,False,time_limit,,2024.210597006578,1697.0562748477141,0.0,230.54937553573748,656.9747971371299,1023,1500,0.682,False,False,False,0.5
965,straight_east,normal_current,False,time_limit,,638.091522896957,2400.0,0.7341285321262679,0.0,0.0,0,1500,0.0,False,False,False,1.0
966,straight_diagonal,normal_current,False,time_limit,,1608.1023592053887,2683.281572999748,0.4006956350064944,851.077765050841,1348.1814235252878,0,1500,0.0,False,False,False,1.0
967,one_turn,normal_current,False,time_limit,,1549.171984869053,2683.281572999748,0.4226576888324204,33.81493732367289,335.8402524595783,15,1500,0.01,False,False,False,1.0
968,s_turn,normal_current,False,time_limit,,1866.823111540872,2683.281572999748,0.304276103437823,112.85289432201044,399.87340019734745,357,1500,0.238,False,False,False,0.6666666666666666
969,bezier_fillet,normal_current,False,time_limit,,1211.5510964351029,1697.0562748477141,0.28608666996395166,310.8413262741774,1140.0096734438891,805,1500,0.5366666666666666,False,False,False,0.2
970,straight_east,current_limited,False,current_limited_safe_stop,,4730.45974397833,2400.0,0.0,0.0,0.0,1499,1500,0.9993333333333333,True,False,False,1.0
971,straight_diagonal,current_limited,False,current_limited_safe_stop,,4727.751860020814,2683.281572999748,0.0,1459.4742699168276,2805.338002990058,1499,1500,0.9993333333333333,True,False,False,1.0
972,one_turn,current_limited,False,current_limited_safe_stop,,4880.291936902907,2683.281572999748,0.0,0.0,0.0,1499,1500,0.9993333333333333,True,False,False,0.5
973,s_turn,current_limited,False,current_limited_safe_stop,,4880.291936902907,2683.281572999748,0.0,0.0,0.0,1499,1500,0.9993333333333333,True,False,False,0.3333333333333333
974,bezier_fillet,current_limited,False,current_limited_safe_stop,,3510.581384358818,1697.0562748477141,0.0,453.7650433631973,896.9510388304536,1499,1500,0.9993333333333333,True,False,False,0.1
975,straight_east,zero_current,True,goal_reached,175.0,38.86571790510334,2400.0,0.9838059508728736,0.0,0.0,0,875,0.0,False,False,False,1.0
976,straight_diagonal,zero_current,False,time_limit,,801.1353084573698,2683.281572999748,0.7014344985190099,307.0866561865178,726.6067775201931,427,1500,0.2846666666666667,False,False,False,1.0
977,one_turn,zero_current,False,time_limit,,1801.1274725073263,2683.281572999748,0.32875942255520585,282.1122379113034,694.7175591785626,329,1500,0.21933333333333332,False,False,False,1.0
978,s_turn,zero_current,False,time_limit,,1953.0469348346783,2683.281572999748,0.2721423817436763,285.79461111061744,695.3402939267812,571,1500,0.38066666666666665,False,False,False,0.6666666666666666
979,bezier_fillet,zero_current,False,time_limit,,1119.8324924497324,1697.0562748477141,0.34013237566313415,408.29760013253593,1030.582074588017,596,1500,0.3973333333333333,False,False,False,0.5
980,straight_east,normal_current,False,time_limit,,704.6489408403376,2400.0,0.7063962746498593,264.889218190719,465.40444203368907,438,1500,0.292,False,False,False,1.0
981,straight_diagonal,normal_current,False,time_limit,,1066.5834517525816,2683.281572999748,0.6025078163674767,269.048953118443,1060.3454877688298,505,1500,0.33666666666666667,False,False,False,1.0
982,one_turn,normal_current,False,time_limit,,1714.9187478508986,2683.281572999748,0.36088751731942825,271.93438122929433,637.7893088435198,717,1500,0.478,False,False,False,0.5
983,s_turn,normal_current,False,time_limit,,1723.379112832506,2683.281572999748,0.3577345254505394,310.4468269738355,740.5265024266264,675,1500,0.45,False,False,False,0.3333333333333333
984,bezier_fillet,normal_current,False,time_limit,,732.6579259185175,1697.0562748477141,0.5682771769107876,436.274846015497,1075.2629222328273,591,1500,0.394,False,False,False,0.6
985,straight_east,normal_current,False,time_limit,,148.00852826375547,2400.0,0.9383297798901018,457.26045166659617,823.345774952023,119,1500,0.07933333333333334,False,False,False,1.0
986,straight_diagonal,normal_current,False,time_limit,,205.7554996295415,2683.281572999748,0.923319452680652,330.4492780657757,679.1697490421172,154,1500,0.10266666666666667,False,False,False,1.0
987,one_turn,normal_current,False,time_limit,,1742.5603110250668,2683.281572999748,0.35058611494246245,429.34561558216615,873.9363298199933,115,1500,0.07666666666666666,False,False,False,1.0
988,s_turn,normal_current,False,time_limit,,1656.8294530549026,2683.281572999748,0.3825361193075736,455.28853662487444,1585.5836175355157,928,1500,0.6186666666666667,False,False,False,0.3333333333333333
989,bezier_fillet,normal_current,False,time_limit,,470.822701523762,1697.0562748477141,0.722565062513315,495.2806350447874,1392.9883720886803,1034,1500,0.6893333333333334,False,False,False,0.1
990,straight_east,normal_current,False,time_limit,,917.920487272619,2400.0,0.6175331303030753,929.8759529646185,1273.4560819745402,0,1500,0.0,False,False,False,1.0
991,straight_diagonal,normal_current,False,time_limit,,605.432084426037,2683.281572999748,0.774368783910665,627.6806102637283,967.7926772835701,0,1500,0.0,False,False,False,1.0
992,one_turn,normal_current,False,time_limit,,2053.6267262566707,2683.281572999748,0.23465850661328871,362.45349274041985,720.6219590276294,287,1500,0.19133333333333333,False,False,False,1.0
993,s_turn,normal_current,False,time_limit,,2403.938615593771,2683.281572999748,0.10410497363259877,245.0429653343598,566.5854737868185,530,1500,0.35333333333333333,False,False,False,0.3333333333333333
994,bezier_fillet,normal_current,False,time_limit,,1636.9017475214298,1697.0562748477141,0.035446395159572604,159.58278826179273,329.63038012451955,682,1500,0.45466666666666666,False,False,False,0.2
995,straight_east,current_limited,False,current_limited_safe_stop,,2989.0116710246334,2400.0,0.0,1701.9342187405532,2964.1576698138097,991,1500,0.6606666666666666,True,False,False,1.0
996,straight_diagonal,current_limited,False,current_limited_safe_stop,,2306.65976999211,2683.281572999748,0.1403586588889355,1185.93946297989,1887.4493664375357,786,1500,0.524,True,False,False,1.0
997,one_turn,current_limited,False,current_limited_safe_stop,,1633.6653885089306,2683.281572999748,0.39116885646757127,1558.7472400009162,2770.1488731482204,1273,1500,0.8486666666666667,True,False,False,0.5
998,s_turn,current_limited,False,current_limited_safe_stop,,1613.1743422581585,2683.281572999748,0.3988054185253744,1417.2641919853945,2587.1254785970773,1352,1500,0.9013333333333333,True,False,False,0.3333333333333333
999,bezier_fillet,current_limited,False,current_limited_safe_stop,,1322.0463603392132,1697.0562748477141,0.22097671130095706,1305.3859073106762,2449.893375458741,1455,1500,0.97,True,False,False,0.1
1000,straight_east,zero_current,False,time_limit,,899.226436525178,2400.0,0.6253223181145091,303.0484741395743,758.1714215450929,546,1500,0.364,False,False,False,1.0
1001,straight_diagonal,zero_current,False,time_limit,,779.0801760226552,2683.281572999748,0.7096539610818069,333.221609911576,712.5491798339498,408,1500,0.272,False,False,False,1.0
1002,one_turn,zero_current,False,time_limit,,1991.2283259384753,2683.281572999748,0.257913017413077,368.9293970736674,925.6900774154224,591,1500,0.394,False,False,False,0.5
1003,s_turn,zero_current,False,time_limit,,2031.1597559447907,2683.281572999748,0.2430314520909276,400.6674237900144,1003.5245879605815,599,1500,0.3993333333333333,False,False,False,0.3333333333333333
1004,bezier_fillet,zero_current,False,time_limit,,1138.114309396861,1697.0562748477141,0.329359711716696,400.5844595488587,1010.1957865727305,728,1500,0.48533333333333334,False,False,False,0.2
1005,straight_east,normal_current,False,time_limit,,726.4397264063346,2400.0,0.6973167806640272,308.10518914979616,774.779920808601,503,1500,0.3353333333333333,False,False,False,1.0
1006,straight_diagonal,normal_current,False,time_limit,,620.3628729668145,2683.281572999748,0.7688044075548561,343.2273639212751,556.673455387747,465,1500,0.31,False,False,False,1.0
1007,one_turn,normal_current,False,time_limit,,1644.1756766152432,2683.281572999748,0.3872519033561008,372.55910108823895,956.146405644137,572,1500,0.38133333333333336,False,False,False,0.5
1008,s_turn,normal_current,False,time_limit,,1942.6764977635423,2683.281572999748,0.2760072154515836,408.29796986062144,1022.4599347037506,698,1500,0.4653333333333333,False,False,False,0.3333333333333333
1009,bezier_fillet,normal_current,False,time_limit,,2087.8743167011075,1697.0562748477141,0.0,450.076895792074,1001.0640315352555,881,1500,0.5873333333333334,False,False,False,0.1
1010,straight_east,normal_current,False,time_limit,,407.3987679400138,2400.0,0.8302505133583276,306.85519011609017,815.3535673904397,463,1500,0.30866666666666664,False,False,False,1.0
1011,straight_diagonal,normal_current,True,goal_reached,291.40000000000003,39.351040250603724,2683.281572999748,0.9853347331690534,321.5023099688071,546.9125431539264,190,1457,0.13040494166094715,False,False,False,1.0
1012,one_turn,normal_current,False,time_limit,,1517.189187721897,2683.281572999748,0.43457697358769154,381.036969235346,1011.8208768484944,545,1500,0.36333333333333334,False,False,False,0.5
1013,s_turn,normal_current,False,time_limit,,1971.6825747892212,2683.281572999748,0.26519728878658144,401.19967661139907,1027.708451505071,543,1500,0.362,False,False,False,0.3333333333333333
1014,bezier_fillet,normal_current,False,time_limit,,1370.6808624910516,1697.0562748477141,0.19231855607495982,328.4868071925385,851.9375192351629,566,1500,0.37733333333333335,False,False,False,0.2
1015,straight_east,normal_current,False,time_limit,,1044.506230061614,2400.0,0.5647890708076608,301.08718665261927,859.5467792812464,546,1500,0.364,False,False,False,1.0
1016,straight_diagonal,normal_current,False,time_limit,,240.87185995520252,2683.281572999748,0.9102323578788929,322.7367461682944,603.9064400815748,201,1500,0.134,False,False,False,1.0
1017,one_turn,normal_current,False,time_limit,,1299.1787531720959,2683.281572999748,0.5158246654972956,369.6880013894515,1010.2052839844102,588,1500,0.392,False,False,False,0.5
1018,s_turn,normal_current,False,time_limit,,1235.887523452002,2683.281572999748,0.5394119141695763,680.846853673037,1177.3968121309654,486,1500,0.324,False,False,False,0.6666666666666666
1019,bezier_fillet,normal_current,False,time_limit,,896.4130621803506,1697.0562748477141,0.4717835374900632,264.5361951438124,758.9955021044665,581,1500,0.3873333333333333,False,False,False,0.2
1020,straight_east,current_limited,False,current_limited_safe_stop,,2272.3495500468075,2400.0,0.05318768748049687,295.36377393847994,836.1095730596902,926,1500,0.6173333333333333,True,False,False,1.0
1021,straight_diagonal,current_limited,False,current_limited_safe_stop,,1760.837387805865,2683.281572999748,0.3437746505904878,437.14438638398383,677.1394428400449,780,1500,0.52,True,False,False,1.0
1022,one_turn,current_limited,False,current_limited_safe_stop,,1538.4364802750147,2683.281572999748,0.42665857517325884,1327.190506242857,2653.7342050955813,1189,1500,0.7926666666666666,True,False,False,1.0
1023,s_turn,current_limited,False,current_limited_safe_stop,,1230.4404842183046,2683.281572999748,0.5414419058366856,1486.0307615180345,2788.1882465655744,1297,1500,0.8646666666666667,True,False,False,0.6666666666666666
1024,bezier_fillet,current_limited,False,current_limited_safe_stop,,2297.164588215772,1697.0562748477141,0.0,188.85124192954063,513.856853132471,1396,1500,0.9306666666666666,True,False,False,0.2
1025,straight_east,zero_current,False,time_limit,,899.226436525178,2400.0,0.6253223181145091,303.0484741395743,758.1714215450929,546,1500,0.364,False,False,False,1.0
1026,straight_diagonal,zero_current,False,time_limit,,779.0801760226552,2683.281572999748,0.7096539610818069,333.221609911576,712.5491798339498,408,1500,0.272,False,False,False,1.0
1027,one_turn,zero_current,False,time_limit,,1991.2283259384753,2683.281572999748,0.257913017413077,368.9293970736674,925.6900774154224,591,1500,0.394,False,False,False,0.5
1028,s_turn,zero_current,False,time_limit,,2031.1597559447907,2683.281572999748,0.2430314520909276,400.6674237900144,1003.5245879605815,599,1500,0.3993333333333333,False,False,False,0.3333333333333333
1029,bezier_fillet,zero_current,False,time_limit,,1138.114309396861,1697.0562748477141,0.329359711716696,400.5844595488587,1010.1957865727305,728,1500,0.48533333333333334,False,False,False,0.2
1030,straight_east,normal_current,False,time_limit,,697.9415074950589,2400.0,0.7091910385437254,295.6479534273135,504.1220704252678,420,1500,0.28,False,False,False,1.0
1031,straight_diagonal,normal_current,False,time_limit,,487.63074582343285,2683.281572999748,0.8182707507366471,383.10779382315076,616.8824374822285,244,1500,0.16266666666666665,False,False,False,1.0
1032,one_turn,normal_current,False,time_limit,,2418.4808764575846,2683.281572999748,0.0986853929929284,290.6533748864318,613.3366315012231,842,1500,0.5613333333333334,False,False,False,0.5
1033,s_turn,normal_current,False,time_limit,,2406.079257410017,2683.281572999748,0.10330720352983133,322.00020187198726,679.8653543097539,615,1500,0.41,False,False,False,0.3333333333333333
1034,bezier_fillet,normal_current,False,time_limit,,1641.2874394033374,1697.0562748477141,0.03286210143466287,359.1606471908234,743.1737439462676,874,1500,0.5826666666666667,False,False,False,0.1
1035,straight_east,normal_current,False,time_limit,,137.3551070888596,2400.0,0.9427687053796417,485.7881146683893,848.921064908955,103,1500,0.06866666666666667,False,False,False,1.0
1036,straight_diagonal,normal_current,False,time_limit,,297.3181533467407,2683.281572999748,0.8891960663619968,740.24378163398,1057.6793266141794,0,1500,0.0,False,False,False,1.0
1037,one_turn,normal_current,False,time_limit,,1261.671230983132,2683.281572999748,0.5298028937109797,276.9417882469648,492.7094458105471,0,1500,0.0,False,False,False,1.0
1038,s_turn,normal_current,False,time_limit,,2148.5160844661805,2683.281572999748,0.19929533073032346,198.03564698375138,448.43177598690863,531,1500,0.354,False,False,False,0.3333333333333333
1039,bezier_fillet,normal_current,False,time_limit,,2704.308131630478,1697.0562748477141,0.0,519.7751468555384,1531.743986019033,1056,1500,0.704,False,False,False,0.1
1040,straight_east,normal_current,False,time_limit,,951.752006576522,2400.0,0.6034366639264491,959.4610904817673,1298.1075540488582,0,1500,0.0,False,False,False,1.0
1041,straight_diagonal,normal_current,False,time_limit,,1685.1069605903479,2683.281572999748,0.37199771446032054,1293.778474666515,1776.9388608835534,0,1500,0.0,False,False,False,1.0
1042,one_turn,normal_current,False,time_limit,,1670.8457992186177,2683.281572999748,0.37731253550453436,379.4898003906421,740.6899734362014,0,1500,0.0,False,False,False,1.0
1043,s_turn,normal_current,False,time_limit,,1847.04089858263,2683.281572999748,0.31164849892449076,270.3541617053858,573.926453509323,457,1500,0.30466666666666664,False,False,False,0.3333333333333333
1044,bezier_fillet,normal_current,False,time_limit,,1835.099677193881,1697.0562748477141,0.0,235.50811393521272,501.59144247671094,777,1500,0.518,False,False,False,0.2
1045,straight_east,current_limited,False,current_limited_safe_stop,,3011.1266557967147,2400.0,0.0,1726.2356389097813,2987.508807610431,993,1500,0.662,True,False,False,1.0
1046,straight_diagonal,current_limited,False,current_limited_safe_stop,,3921.722854815623,2683.281572999748,0.0,2028.515107559801,3639.9886175478023,1199,1500,0.7993333333333333,True,False,False,1.0
1047,one_turn,current_limited,False,current_limited_safe_stop,,3910.298794245385,2683.281572999748,0.0,1510.8010747700937,2685.634361981146,1271,1500,0.8473333333333334,True,False,False,0.5
1048,s_turn,current_limited,False,current_limited_safe_stop,,3894.9233635146493,2683.281572999748,0.0,1440.223550043424,2607.837725702856,1362,1500,0.908,True,False,False,0.3333333333333333
1049,bezier_fillet,current_limited,False,current_limited_safe_stop,,3793.2392905990446,1697.0562748477141,0.0,1452.7183027262029,2639.691306364362,1468,1500,0.9786666666666667,True,False,False,0.1
1050,straight_east,zero_current,False,time_limit,,899.226436525178,2400.0,0.6253223181145091,303.0484741395743,758.1714215450929,546,1500,0.364,False,False,False,1.0
1051,straight_diagonal,zero_current,False,time_limit,,779.0801760226552,2683.281572999748,0.7096539610818069,333.221609911576,712.5491798339498,408,1500,0.272,False,False,False,1.0
1052,one_turn,zero_current,False,time_limit,,1991.2283259384753,2683.281572999748,0.257913017413077,368.9293970736674,925.6900774154224,591,1500,0.394,False,False,False,0.5
1053,s_turn,zero_current,False,time_limit,,2031.1597559447907,2683.281572999748,0.2430314520909276,400.6674237900144,1003.5245879605815,599,1500,0.3993333333333333,False,False,False,0.3333333333333333
1054,bezier_fillet,zero_current,False,time_limit,,1138.114309396861,1697.0562748477141,0.329359711716696,400.5844595488587,1010.1957865727305,728,1500,0.48533333333333334,False,False,False,0.2
1055,straight_east,normal_current,False,time_limit,,940.1165377560916,2400.0,0.6082847759349619,287.4997600032853,902.3833684731219,407,1500,0.2713333333333333,False,False,False,1.0
1056,straight_diagonal,normal_current,False,time_limit,,754.8047904479928,2683.281572999748,0.7187008631359674,286.114879398412,668.6571090612608,318,1500,0.212,False,False,False,1.0
1057,one_turn,normal_current,False,time_limit,,2388.171667327605,2683.281572999748,0.10998096831941032,366.817180523157,894.8354196929477,717,1500,0.478,False,False,False,0.5
1058,s_turn,normal_current,False,time_limit,,2445.8052996986353,2683.281572999748,0.08850218169076766,396.0891184985566,974.5573899311039,717,1500,0.478,False,False,False,0.3333333333333333
1059,bezier_fillet,normal_current,False,time_limit,,1471.4220876245379,1697.0562748477141,0.13295621987751916,410.518212603072,1015.9233433660369,704,1500,0.4693333333333333,False,False,False,0.2
1060,straight_east,normal_current,False,time_limit,,115.07715317277811,2400.0,0.9520511861780091,280.08883899604575,487.01013840554106,129,1500,0.086,False,False,False,1.0
1061,straight_diagonal,normal_current,False,time_limit,,150.1815339566774,2683.281572999748,0.9440306468512794,184.0464615759551,265.3029848397891,114,1500,0.076,False,False,False,1.0
1062,one_turn,normal_current,False,time_limit,,1216.0005428841598,2683.281572999748,0.5468233542390618,152.19109696809124,310.002787823247,301,1500,0.20066666666666666,False,False,False,1.0
1063,s_turn,normal_current,False,time_limit,,2579.8620472408074,2683.281572999748,0.03854218163296354,278.0816096801855,656.2690882202478,608,1500,0.4053333333333333,False,False,False,0.3333333333333333
1064,bezier_fillet,normal_current,False,time_limit,,2129.9042716163844,1697.0562748477141,0.0,270.1757814611557,638.7595921156711,892,1500,0.5946666666666667,False,False,False,0.1
1065,straight_east,normal_current,False,time_limit,,972.447877342102,2400.0,0.5948133844407909,521.7230968465102,708.7535159091854,0,1500,0.0,False,False,False,1.0
1066,straight_diagonal,normal_current,False,time_limit,,1504.3376089518088,2683.281572999748,0.4393664742123766,446.9495137745936,1100.362387823718,0,1500,0.0,False,False,False,1.0
1067,one_turn,normal_current,False,time_limit,,1499.1782986202018,2683.281572999748,0.44128923564879163,185.54120692266724,407.3142154699658,0,1500,0.0,False,False,False,1.0
1068,s_turn,normal_current,False,time_limit,,2003.4078506279163,2683.281572999748,0.2533739765565391,171.65702606221092,417.59231522160735,344,1500,0.22933333333333333,False,False,False,0.6666666666666666
1069,bezier_fillet,normal_current,False,time_limit,,1202.0207249790158,1697.0562748477141,0.29170249520047326,192.83970919487626,441.87836709222944,594,1500,0.396,False,False,False,0.3
1070,straight_east,current_limited,False,current_limited_safe_stop,,4806.506342885581,2400.0,0.0,701.4101046397755,1261.8080560480912,1499,1500,0.9993333333333333,True,False,False,1.0
1071,straight_diagonal,current_limited,False,current_limited_safe_stop,,4719.030623766682,2683.281572999748,0.0,1328.4754427313053,2716.42354408045,1499,1500,0.9993333333333333,True,False,False,1.0
1072,one_turn,current_limited,False,current_limited_safe_stop,,5169.042785084271,2683.281572999748,0.0,591.645365353215,1032.959812783858,1499,1500,0.9993333333333333,True,False,False,0.5
1073,s_turn,current_limited,False,current_limited_safe_stop,,5135.764855559452,2683.281572999748,0.0,532.403618167745,931.7417040758514,1499,1500,0.9993333333333333,True,False,False,0.3333333333333333
1074,bezier_fillet,current_limited,False,current_limited_safe_stop,,4001.8609771786996,1697.0562748477141,0.0,338.05131462505847,635.3719823952524,1499,1500,0.9993333333333333,True,False,False,0.1
1075,straight_east,zero_current,False,time_limit,,899.226436525178,2400.0,0.6253223181145091,303.0484741395743,758.1714215450929,546,1500,0.364,False,False,False,1.0
1076,straight_diagonal,zero_current,False,time_limit,,779.0801760226552,2683.281572999748,0.7096539610818069,333.221609911576,712.5491798339498,408,1500,0.272,False,False,False,1.0
1077,one_turn,zero_current,False,time_limit,,1991.2283259384753,2683.281572999748,0.257913017413077,368.9293970736674,925.6900774154224,591,1500,0.394,False,False,False,0.5
1078,s_turn,zero_current,False,time_limit,,2031.1597559447907,2683.281572999748,0.2430314520909276,400.6674237900144,1003.5245879605815,599,1500,0.3993333333333333,False,False,False,0.3333333333333333
1079,bezier_fillet,zero_current,False,time_limit,,1138.114309396861,1697.0562748477141,0.329359711716696,400.5844595488587,1010.1957865727305,728,1500,0.48533333333333334,False,False,False,0.2
1080,straight_east,normal_current,False,time_limit,,717.1063519083556,2400.0,0.7012056867048518,206.7127809402988,411.5491402528578,472,1500,0.31466666666666665,False,False,False,1.0
1081,straight_diagonal,normal_current,False,time_limit,,1044.9020179830989,2683.281572999748,0.6105880096605139,307.17000582518733,1036.399119642037,492,1500,0.328,False,False,False,1.0
1082,one_turn,normal_current,False,time_limit,,1784.8865240735477,2683.281572999748,0.3348120666747055,271.8287436023314,759.1399116018083,519,1500,0.346,False,False,False,0.5
1083,s_turn,normal_current,False,time_limit,,1714.3196522056082,2683.281572999748,0.3611107870840772,312.38159420710883,787.494518928462,320,1500,0.21333333333333335,False,False,False,0.6666666666666666
1084,bezier_fillet,normal_current,True,goal_reached,138.0,39.455207107054406,1697.0562748477141,0.9767507962512352,22.145960799327394,75.24842926894102,155,690,0.2246376811594203,False,False,False,0.8
1085,straight_east,normal_current,False,time_limit,,157.24533650814422,2400.0,0.9344811097882733,425.03559024102134,794.2047475490937,130,1500,0.08666666666666667,False,False,False,1.0
1086,straight_diagonal,normal_current,False,time_limit,,246.38260384533825,2683.281572999748,0.9081786248880706,256.8382236672772,593.8989337420609,183,1500,0.122,False,False,False,1.0
1087,one_turn,normal_current,False,time_limit,,1651.1405265691872,2683.281572999748,0.38465625703108336,370.4595866141627,765.8213238478774,36,1500,0.024,False,False,False,1.0
1088,s_turn,normal_current,False,time_limit,,1640.3851145814378,2683.281572999748,0.38866456241952063,408.89591629173134,1538.8914664652343,917,1500,0.6113333333333333,False,False,False,0.3333333333333333
1089,bezier_fillet,normal_current,False,time_limit,,462.30893073244744,1697.0562748477141,0.7275818500633204,435.039050716975,1303.9977924503198,982,1500,0.6546666666666666,False,False,False,0.2
1090,straight_east,normal_current,False,time_limit,,890.1815977979523,2400.0,0.6290910009175199,900.5982199320811,1250.5078388002698,0,1500,0.0,False,False,False,1.0
1091,straight_diagonal,normal_current,False,time_limit,,547.0755263326879,2683.281572999748,0.796116989048939,566.3314988141836,916.2017505285052,0,1500,0.0,False,False,False,1.0
1092,one_turn,normal_current,False,time_limit,,1577.5883286932274,2683.281572999748,0.41206754275527696,345.18845417562943,707.6024770074666,289,1500,0.19266666666666668,False,False,False,1.0
1093,s_turn,normal_current,False,time_limit,,2437.5498039850427,2683.281572999748,0.09157882329135954,320.6868548796499,748.8510420738974,398,1500,0.2653333333333333,False,False,False,0.6666666666666666
1094,bezier_fillet,normal_current,False,time_limit,,1451.8411751595056,1697.0562748477141,0.14449438319905625,127.2968572264326,258.7086879065276,730,1500,0.4866666666666667,False,False,False,0.1
1095,straight_east,current_limited,False,current_limited_safe_stop,,2968.2679279503636,2400.0,0.0,1678.5025809678532,2942.7753739850355,986,1500,0.6573333333333333,True,False,False,1.0
1096,straight_diagonal,current_limited,False,current_limited_safe_stop,,2265.609354254004,2683.281572999748,0.1556572455714409,1134.5891331388204,1843.6301166337014,780,1500,0.52,True,False,False,1.0
1097,one_turn,current_limited,False,current_limited_safe_stop,,1622.3744670992442,2683.281572999748,0.39537673443434906,1541.1012159794739,2757.5859463086085,1272,1500,0.848,True,False,False,0.5
1098,s_turn,current_limited,False,current_limited_safe_stop,,1603.9295613698787,2683.281572999748,0.40225074494258845,1400.790108245448,2574.5496535926404,1344,1500,0.896,True,False,False,0.3333333333333333
1099,bezier_fillet,current_limited,False,current_limited_safe_stop,,1268.9849644866572,1697.0562748477141,0.2522434386564288,1253.9470812562868,2393.9659803652426,1448,1500,0.9653333333333334,True,False,False,0.1
1100,straight_east,zero_current,False,time_limit,,899.2264365251821,2400.0,0.6253223181145074,303.04847413957583,758.1714215450925,546,1500,0.364,False,False,False,1.0
1101,straight_diagonal,zero_current,False,time_limit,,816.977742256468,2683.281572999748,0.6955303720350392,269.68357366393025,748.9094035890637,441,1500,0.294,False,False,False,1.0
1102,one_turn,zero_current,False,time_limit,,1959.7933899910404,2683.281572999748,0.269628126354213,368.9293970736647,925.6900774154174,591,1500,0.394,False,False,False,0.5
1103,s_turn,zero_current,False,time_limit,,1957.626460326374,2683.281572999748,0.2704356933596555,400.66742379001596,1003.524587960585,599,1500,0.3993333333333333,False,False,False,0.3333333333333333
1104,bezier_fillet,zero_current,False,time_limit,,1158.454314868498,1697.0562748477141,0.317374248551391,363.20292432339545,937.9543803597306,602,1500,0.4013333333333333,False,False,False,0.4
1105,straight_east,normal_current,False,time_limit,,726.4397264063281,2400.0,0.6973167806640299,308.1051891497949,774.7799208085994,503,1500,0.3353333333333333,False,False,False,1.0
1106,straight_diagonal,normal_current,False,time_limit,,641.808939700061,2683.281572999748,0.7608119303772667,292.00663608203115,596.6211183058538,500,1500,0.3333333333333333,False,False,False,1.0
1107,one_turn,normal_current,False,time_limit,,1613.8610590543174,2683.281572999748,0.3985494942857907,372.5591010882336,956.1464056441291,572,1500,0.38133333333333336,False,False,False,0.5
1108,s_turn,normal_current,False,time_limit,,1576.5607888710674,2683.281572999748,0.4124504842372666,408.29796986061535,1022.4599347037397,698,1500,0.4653333333333333,False,False,False,0.3333333333333333
1109,bezier_fillet,normal_current,False,time_limit,,1167.9005523455821,1697.0562748477141,0.31180799973743706,313.58632094866874,788.2671667171883,716,1500,0.47733333333333333,False,False,False,0.5
1110,straight_east,normal_current,False,time_limit,,407.3987679400341,2400.0,0.8302505133583191,306.85519011609387,815.3535673904466,463,1500,0.30866666666666664,False,False,False,1.0
1111,straight_diagonal,normal_current,True,goal_reached,293.6,39.76058198671361,2683.281572999748,0.9851821059754592,275.5481951521519,484.9448526744244,242,1468,0.164850136239782,False,False,False,1.0
1112,one_turn,normal_current,False,time_limit,,1281.665741130941,2683.281572999748,0.5223513797330946,381.0369692353498,1011.8208768485015,545,1500,0.36333333333333334,False,False,False,0.5
1113,s_turn,normal_current,False,time_limit,,1612.6078507526352,2683.281572999748,0.39901653744454546,401.1996766114016,1027.7084515050774,543,1500,0.362,False,False,False,0.3333333333333333
1114,bezier_fillet,normal_current,False,time_limit,,1234.572263935195,1697.0562748477141,0.2725213169221629,239.08578040678833,589.2802841605554,542,1500,0.36133333333333334,False,False,False,0.4
1115,straight_east,normal_current,False,time_limit,,1044.50623006161,2400.0,0.5647890708076625,301.0871866526207,859.5467792812492,546,1500,0.364,False,False,False,1.0
1116,straight_diagonal,normal_current,False,time_limit,,333.13542259364687,2683.281572999748,0.8758477582279143,279.2678356728432,545.6364672152229,302,1500,0.20133333333333334,False,False,False,1.0
1117,one_turn,normal_current,False,time_limit,,1101.4165321859698,2683.281572999748,0.5895262937483478,369.68800138944886,1010.2052839844064,588,1500,0.392,False,False,False,0.5
1118,s_turn,normal_current,False,time_limit,,250.01799583265787,2683.281572999748,0.9068237942866529,1220.6940023153586,1850.3974952609842,1013,1500,0.6753333333333333,False,False,False,0.6666666666666666
1119,bezier_fillet,normal_current,False,time_limit,,835.899941804695,1697.0562748477141,0.5074412356303831,203.55352343335863,466.1519359757758,545,1500,0.36333333333333334,False,False,False,0.4
1120,straight_east,current_limited,False,current_limited_safe_stop,,2272.349550046808,2400.0,0.05318768748049668,295.36377393847977,836.1095730596917,926,1500,0.6173333333333333,True,False,False,1.0
1121,straight_diagonal,current_limited,False,current_limited_safe_stop,,1766.367589715764,2683.281572999748,0.3417136660238489,384.00346499019776,619.7033802407968,799,1500,0.5326666666666666,True,False,False,1.0
1122,one_turn,current_limited,False,current_limited_safe_stop,,1784.8698111339731,2683.281572999748,0.33481829521953754,1487.0251430331764,2931.0905533078485,1221,1500,0.814,True,False,False,1.0
1123,s_turn,current_limited,False,current_limited_safe_stop,,1526.4006870415815,2683.281572999748,0.43114405047877363,1681.9392933175068,3093.98367068524,1312,1500,0.8746666666666667,True,False,False,0.6666666666666666
1124,bezier_fillet,current_limited,False,current_limited_safe_stop,,2313.825013145671,1697.0562748477141,0.0,193.9974222421097,436.6437040108016,1352,1500,0.9013333333333333,True,False,False,0.3
1125,straight_east,zero_current,False,time_limit,,899.2264365251821,2400.0,0.6253223181145074,303.04847413957583,758.1714215450925,546,1500,0.364,False,False,False,1.0
1126,straight_diagonal,zero_current,False,time_limit,,816.977742256468,2683.281572999748,0.6955303720350392,269.68357366393025,748.9094035890637,441,1500,0.294,False,False,False,1.0
1127,one_turn,zero_current,False,time_limit,,1959.7933899910404,2683.281572999748,0.269628126354213,368.9293970736647,925.6900774154174,591,1500,0.394,False,False,False,0.5
1128,s_turn,zero_current,False,time_limit,,1957.626460326374,2683.281572999748,0.2704356933596555,400.66742379001596,1003.524587960585,599,1500,0.3993333333333333,False,False,False,0.3333333333333333
1129,bezier_fillet,zero_current,False,time_limit,,1158.454314868498,1697.0562748477141,0.317374248551391,363.20292432339545,937.9543803597306,602,1500,0.4013333333333333,False,False,False,0.4
1130,straight_east,normal_current,False,time_limit,,717.1063519083535,2400.0,0.7012056867048526,206.71278094029734,411.5491402528478,472,1500,0.31466666666666665,False,False,False,1.0
1131,straight_diagonal,normal_current,False,time_limit,,550.2115764832231,2683.281572999748,0.7949482521626982,324.1084800961678,552.0644427340335,279,1500,0.186,False,False,False,1.0
1132,one_turn,normal_current,False,time_limit,,2125.340320655235,2683.281572999748,0.20793242794894917,271.828743602331,759.1399116018063,519,1500,0.346,False,False,False,0.5
1133,s_turn,normal_current,False,time_limit,,2830.209747674599,2683.281572999748,0.0,428.1813341765025,1223.309848016469,679,1500,0.45266666666666666,False,False,False,0.6666666666666666
1134,bezier_fillet,normal_current,False,time_limit,,1584.1883076581782,1697.0562748477141,0.06650808748205131,328.9983202141062,789.3456199670082,611,1500,0.4073333333333333,False,False,False,0.3
1135,straight_east,normal_current,False,time_limit,,157.24533650815317,2400.0,0.9344811097882695,425.03559024101696,794.2047475490886,130,1500,0.08666666666666667,False,False,False,1.0
1136,straight_diagonal,normal_current,False,time_limit,,210.24935067275038,2683.281572999748,0.9216446932784231,662.5508862494519,996.3689037198353,0,1500,0.0,False,False,False,1.0
1137,one_turn,normal_current,False,time_limit,,1459.4389060411077,2683.281572999748,0.45609923284735915,308.19955210348263,598.2435019637119,128,1500,0.08533333333333333,False,False,False,1.0
1138,s_turn,normal_current,False,time_limit,,3174.5145082631775,2683.281572999748,0.0,408.8959162917284,1538.891466465222,917,1500,0.6113333333333333,False,False,False,0.3333333333333333
1139,bezier_fillet,normal_current,False,time_limit,,2501.361654030642,1697.0562748477141,0.0,483.278306025811,1355.154068815875,1017,1500,0.678,False,False,False,0.1
1140,straight_east,normal_current,False,time_limit,,890.1815977979683,2400.0,0.6290910009175132,900.5982199320872,1250.507838800277,0,1500,0.0,False,False,False,1.0
1141,straight_diagonal,normal_current,False,time_limit,,1588.0966239470697,2683.281572999748,0.408151332336072,1224.7744658351446,1705.412458087302,0,1500,0.0,False,False,False,1.0
1142,one_turn,normal_current,False,time_limit,,1440.6296848454074,2683.281572999748,0.46310901571359514,324.9970981415117,707.6024770074632,13,1500,0.008666666666666666,False,False,False,1.0
1143,s_turn,normal_current,False,time_limit,,2221.332369038283,2683.281572999748,0.17215830370162502,297.50325630346566,569.0898683024952,505,1500,0.33666666666666667,False,False,False,0.6666666666666666
1144,bezier_fillet,normal_current,False,time_limit,,1464.182983498513,1697.0562748477141,0.13722190289187552,137.1076639020369,301.18692292263773,740,1500,0.49333333333333335,False,False,False,0.1
1145,straight_east,current_limited,False,current_limited_safe_stop,,2968.2679279503745,2400.0,0.0,1678.5025809678557,2942.775373985047,986,1500,0.6573333333333333,True,False,False,1.0
1146,straight_diagonal,current_limited,False,current_limited_safe_stop,,3845.712963502896,2683.281572999748,0.0,1971.0187839026967,3579.7173094810705,1207,1500,0.8046666666666666,True,False,False,1.0
1147,one_turn,current_limited,False,current_limited_safe_stop,,3869.040646296633,2683.281572999748,0.0,1464.891315557885,2643.603515983261,1272,1500,0.848,True,False,False,0.5
1148,s_turn,current_limited,False,current_limited_safe_stop,,3863.991249353552,2683.281572999748,0.0,1400.7901082454493,2574.549653592637,1344,1500,0.896,True,False,False,0.3333333333333333
1149,bezier_fillet,current_limited,False,current_limited_safe_stop,,3642.3230388832303,1697.0562748477141,0.0,1309.9124224034088,2483.290293139137,1453,1500,0.9686666666666667,True,False,False,0.1
1150,straight_east,zero_current,False,time_limit,,899.2264365251821,2400.0,0.6253223181145074,303.04847413957583,758.1714215450925,546,1500,0.364,False,False,False,1.0
1151,straight_diagonal,zero_current,False,time_limit,,816.977742256468,2683.281572999748,0.6955303720350392,269.68357366393025,748.9094035890637,441,1500,0.294,False,False,False,1.0
1152,one_turn,zero_current,False,time_limit,,1959.7933899910404,2683.281572999748,0.269628126354213,368.9293970736647,925.6900774154174,591,1500,0.394,False,False,False,0.5
1153,s_turn,zero_current,False,time_limit,,1957.626460326374,2683.281572999748,0.2704356933596555,400.66742379001596,1003.524587960585,599,1500,0.3993333333333333,False,False,False,0.3333333333333333
1154,bezier_fillet,zero_current,False,time_limit,,1158.454314868498,1697.0562748477141,0.317374248551391,363.20292432339545,937.9543803597306,602,1500,0.4013333333333333,False,False,False,0.4
1155,straight_east,normal_current,False,time_limit,,940.1165377560911,2400.0,0.6082847759349621,287.49976000328655,902.3833684731189,407,1500,0.2713333333333333,False,False,False,1.0
1156,straight_diagonal,normal_current,False,time_limit,,819.4493635513423,2683.281572999748,0.6946092531633767,174.21417305459008,665.9555863630956,352,1500,0.23466666666666666,False,False,False,1.0
1157,one_turn,normal_current,False,time_limit,,2359.65652407021,2683.281572999748,0.12060793477135709,366.81718052315796,894.835419692949,717,1500,0.478,False,False,False,0.5
1158,s_turn,normal_current,False,time_limit,,2359.68239664155,2683.281572999748,0.12059829263331219,396.0891184985538,974.5573899310994,717,1500,0.478,False,False,False,0.3333333333333333
1159,bezier_fillet,normal_current,False,time_limit,,1405.5445892249854,1697.0562748477141,0.17177490808246038,456.40183225501517,1079.1610550613646,711,1500,0.474,False,False,False,0.4
1160,straight_east,normal_current,False,time_limit,,115.07715317278044,2400.0,0.9520511861780081,280.08883899604814,487.01013840554674,129,1500,0.086,False,False,False,1.0
1161,straight_diagonal,normal_current,False,time_limit,,142.6947860731367,2683.281572999748,0.946820793050946,462.89854009116743,760.0659925474102,0,1500,0.0,False,False,False,1.0
1162,one_turn,normal_current,False,time_limit,,1199.5370870542872,2683.281572999748,0.5529589219690885,256.1567508018458,587.4440826114405,258,1500,0.172,False,False,False,1.0
1163,s_turn,normal_current,False,time_limit,,2210.358584868817,2683.281572999748,0.1762479915971812,278.08160968018615,656.2690882202437,608,1500,0.4053333333333333,False,False,False,0.3333333333333333
1164,bezier_fillet,normal_current,False,time_limit,,2157.428287054183,1697.0562748477141,0.0,303.42440878951885,767.7339254210436,877,1500,0.5846666666666667,False,False,False,0.1
1165,straight_east,normal_current,False,time_limit,,972.4478773420999,2400.0,0.5948133844407917,521.723096846508,708.7535159091854,0,1500,0.0,False,False,False,1.0
1166,straight_diagonal,normal_current,False,time_limit,,1639.7867383939815,2683.281572999748,0.3888875640580655,979.95153267017,1414.8368280487493,0,1500,0.0,False,False,False,1.0
1167,one_turn,normal_current,False,time_limit,,1380.477715284407,2683.281572999748,0.48552633120007765,195.25732288136166,407.31421546997444,112,1500,0.07466666666666667,False,False,False,1.0
1168,s_turn,normal_current,False,time_limit,,1983.4646116267108,2683.281572999748,0.26080638290624253,162.42511417621657,375.9520332864099,311,1500,0.20733333333333334,False,False,False,0.6666666666666666
1169,bezier_fillet,normal_current,False,time_limit,,1306.4014038689832,1697.0562748477141,0.23019559031051373,205.61794920754087,521.3219357911466,601,1500,0.40066666666666667,False,False,False,0.3
1170,straight_east,current_limited,False,current_limited_safe_stop,,4806.506342885583,2400.0,0.0,701.4101046397772,1261.8080560480985,1499,1500,0.9993333333333333,True,False,False,1.0
1171,straight_diagonal,current_limited,False,current_limited_safe_stop,,4726.150432601913,2683.281572999748,0.0,1527.7926957649338,2847.069081922637,1499,1500,0.9993333333333333,True,False,False,1.0
1172,one_turn,current_limited,False,current_limited_safe_stop,,4664.8468584369675,2683.281572999748,0.0,591.6453653532184,1032.9598127838594,1499,1500,0.9993333333333333,True,False,False,0.5
1173,s_turn,current_limited,False,current_limited_safe_stop,,4680.141073945904,2683.281572999748,0.0,532.4036181677478,931.741704075857,1499,1500,0.9993333333333333,True,False,False,0.3333333333333333
1174,bezier_fillet,current_limited,False,current_limited_safe_stop,,3513.790624415668,1697.0562748477141,0.0,481.64962655936836,899.4110768465985,1499,1500,0.9993333333333333,True,False,False,0.1
1175,straight_east,zero_current,False,time_limit,,899.2264365251821,2400.0,0.6253223181145074,303.04847413957583,758.1714215450925,546,1500,0.364,False,False,False,1.0
1176,straight_diagonal,zero_current,False,time_limit,,816.977742256468,2683.281572999748,0.6955303720350392,269.68357366393025,748.9094035890637,441,1500,0.294,False,False,False,1.0
1177,one_turn,zero_current,False,time_limit,,1959.7933899910404,2683.281572999748,0.269628126354213,368.9293970736647,925.6900774154174,591,1500,0.394,False,False,False,0.5
1178,s_turn,zero_current,False,time_limit,,1957.626460326374,2683.281572999748,0.2704356933596555,400.66742379001596,1003.524587960585,599,1500,0.3993333333333333,False,False,False,0.3333333333333333
1179,bezier_fillet,zero_current,False,time_limit,,1158.454314868498,1697.0562748477141,0.317374248551391,363.20292432339545,937.9543803597306,602,1500,0.4013333333333333,False,False,False,0.4
1180,straight_east,normal_current,False,time_limit,,697.941507495062,2400.0,0.7091910385437241,295.6479534273122,504.12207042527325,420,1500,0.28,False,False,False,1.0
1181,straight_diagonal,normal_current,False,time_limit,,588.4638138624525,2683.281572999748,0.7806924849841288,227.84099676211278,465.16865169986386,437,1500,0.29133333333333333,False,False,False,1.0
1182,one_turn,normal_current,False,time_limit,,1704.4160051422843,2683.281572999748,0.3648016584272036,290.6533748864306,613.3366315012377,842,1500,0.5613333333333334,False,False,False,0.5
1183,s_turn,normal_current,False,time_limit,,1708.766012872168,2683.281572999748,0.36318050626275866,322.0002018719875,679.865354309748,615,1500,0.41,False,False,False,0.3333333333333333
1184,bezier_fillet,normal_current,False,time_limit,,896.3905026078828,1697.0562748477141,0.47179683084562374,364.28996247101134,779.3376692069606,867,1500,0.578,False,False,False,0.1
1185,straight_east,normal_current,False,time_limit,,137.35510708886437,2400.0,0.9427687053796399,485.78811466838425,848.9210649089484,103,1500,0.06866666666666667,False,False,False,1.0
1186,straight_diagonal,normal_current,False,time_limit,,184.7858408550679,2683.281572999748,0.9311343830947684,372.23240974114896,720.7225076454149,139,1500,0.09266666666666666,False,False,False,1.0
1187,one_turn,normal_current,False,time_limit,,1771.005603700581,2683.281572999748,0.33998518026540797,441.94778329649705,880.8691417153893,118,1500,0.07866666666666666,False,False,False,1.0
1188,s_turn,normal_current,False,time_limit,,2508.467232718185,2683.281572999748,0.06514945805189229,198.03564698374947,448.4317759868936,531,1500,0.354,False,False,False,0.3333333333333333
1189,bezier_fillet,normal_current,False,time_limit,,521.8400077711724,1697.0562748477141,0.6925028265088028,511.5478434481691,1479.2002122848728,1057,1500,0.7046666666666667,False,False,False,0.1
1190,straight_east,normal_current,False,time_limit,,951.7520065765243,2400.0,0.6034366639264482,959.4610904817696,1298.1075540488619,0,1500,0.0,False,False,False,1.0
1191,straight_diagonal,normal_current,False,time_limit,,634.324459014832,2683.281572999748,0.7636012316420094,659.2545004020675,993.2824067245062,0,1500,0.0,False,False,False,1.0
1192,one_turn,normal_current,False,time_limit,,2030.89242705737,2683.281572999748,0.2431310796850313,390.12788137490156,740.6899734362014,239,1500,0.15933333333333333,False,False,False,1.0
1193,s_turn,normal_current,False,time_limit,,2094.9123547390454,2683.281572999748,0.21927226131655683,270.35416170539395,573.9264535093193,457,1500,0.30466666666666664,False,False,False,0.3333333333333333
1194,bezier_fillet,normal_current,False,time_limit,,1931.9966651591585,1697.0562748477141,0.0,206.25351993065254,427.87352565373277,780,1500,0.52,False,False,False,0.2
1195,straight_east,current_limited,False,current_limited_safe_stop,,3011.126655796725,2400.0,0.0,1726.2356389097906,2987.5088076104416,993,1500,0.662,True,False,False,1.0
1196,straight_diagonal,current_limited,False,current_limited_safe_stop,,2327.6043897184427,2683.281572999748,0.1325530599771083,1213.9320045651261,1910.3414713033676,788,1500,0.5253333333333333,True,False,False,1.0
1197,one_turn,current_limited,False,current_limited_safe_stop,,1643.288927122832,2683.281572999748,0.3875823753801083,1575.1310568681413,2780.727950121461,1271,1500,0.8473333333333334,True,False,False,0.5
1198,s_turn,current_limited,False,current_limited_safe_stop,,1628.7439713713566,2683.281572999748,0.3930029603451126,1440.223550043418,2607.837725702847,1362,1500,0.908,True,False,False,0.3333333333333333
1199,bezier_fillet,current_limited,False,current_limited_safe_stop,,1400.343306298467,1697.0562748477141,0.17483979343930284,1378.6420005856446,2531.49459129307,1462,1500,0.9746666666666667,True,False,False,0.1
1200,straight_east,zero_current,True,goal_reached,175.0,38.86571790510334,2400.0,0.9838059508728736,0.0,0.0,0,875,0.0,False,False,False,1.0
1201,straight_diagonal,zero_current,False,time_limit,,801.1353084573698,2683.281572999748,0.7014344985190099,307.0866561865178,726.6067775201931,427,1500,0.2846666666666667,False,False,False,1.0
1202,one_turn,zero_current,False,time_limit,,1801.1274725073263,2683.281572999748,0.32875942255520585,282.1122379113034,694.7175591785626,329,1500,0.21933333333333332,False,False,False,1.0
1203,s_turn,zero_current,False,time_limit,,1953.0469348346783,2683.281572999748,0.2721423817436763,285.79461111061744,695.3402939267812,571,1500,0.38066666666666665,False,False,False,0.6666666666666666
1204,bezier_fillet,zero_current,False,time_limit,,1119.8324924497324,1697.0562748477141,0.34013237566313415,408.29760013253593,1030.582074588017,596,1500,0.3973333333333333,False,False,False,0.5
1205,straight_east,normal_current,True,goal_reached,161.0,39.397951889924116,2400.0,0.9835841867125317,0.0,0.0,0,805,0.0,False,False,False,1.0
1206,straight_diagonal,normal_current,False,time_limit,,631.5289012390328,2683.281572999748,0.7646430745122953,318.6527919523976,575.1714871280197,486,1500,0.324,False,False,False,1.0
1207,one_turn,normal_current,False,time_limit,,1515.3028906725992,2683.281572999748,0.43527995499235606,313.0957574102855,819.3309939373185,289,1500,0.19266666666666668,False,False,False,1.0
1208,s_turn,normal_current,False,time_limit,,1818.0600802018864,2683.281572999748,0.32244901224831046,301.542651552764,818.5615839270149,612,1500,0.408,False,False,False,0.6666666666666666
1209,bezier_fillet,normal_current,False,time_limit,,1064.8106285417462,1697.0562748477141,0.3725543198988512,379.74410586033275,958.9149547051893,717,1500,0.478,False,False,False,0.4
1210,straight_east,normal_current,True,goal_reached,141.20000000000002,39.41475254492161,2400.0,0.983577186439616,0.0,0.0,0,706,0.0,False,False,False,1.0
1211,straight_diagonal,normal_current,True,goal_reached,292.40000000000003,38.224565999895205,2683.281572999748,0.9857545453356344,296.74968575976993,513.8118265309145,219,1462,0.14979480164158687,False,False,False,1.0
1212,one_turn,normal_current,False,time_limit,,1117.0821431257448,2683.281572999748,0.5836880652532809,494.5386447834743,1080.3513920383211,244,1500,0.16266666666666665,False,False,False,1.0
1213,s_turn,normal_current,False,time_limit,,1833.2282104267256,2683.281572999748,0.31679618386925884,473.71705186318286,1081.1721369449983,584,1500,0.3893333333333333,False,False,False,1.0
1214,bezier_fillet,normal_current,False,time_limit,,1227.7598765115595,1697.0562748477141,0.27653555470826513,287.09833246099737,757.5007727945292,553,1500,0.36866666666666664,False,False,False,0.3
1215,straight_east,normal_current,True,goal_reached,127.4,39.209373466751,2400.0,0.9836627610555204,0.0,0.0,0,637,0.0,False,False,False,1.0
1216,straight_diagonal,normal_current,False,time_limit,,279.0865962229473,2683.281572999748,0.895990566539409,299.4815928344357,571.8649829921758,225,1500,0.15,False,False,False,1.0
1217,one_turn,normal_current,False,time_limit,,522.6681702134924,2683.281572999748,0.8052130736212001,827.9218698131125,1379.0004870432895,457,1500,0.30466666666666664,False,False,False,1.0
1218,s_turn,normal_current,False,time_limit,,984.7597301459986,2683.281572999748,0.6330017169815331,822.8729418410768,1372.3037567552242,566,1500,0.37733333333333335,False,False,False,0.6666666666666666
1219,bezier_fillet,normal_current,False,time_limit,,865.7572745149936,1697.0562748477141,0.48984763360738726,235.9573658168168,622.8298316268371,586,1500,0.39066666666666666,False,False,False,0.3
1220,straight_east,current_limited,True,goal_reached,112.80000000000001,36.790319012196505,2400.0,0.9846707004115848,0.0,0.0,0,564,0.0,True,False,False,1.0
1221,straight_diagonal,current_limited,False,current_limited_safe_stop,,1764.9242709939335,2683.281572999748,0.3422515591530508,407.55158203396843,644.8609509397966,792,1500,0.528,True,False,False,1.0
1222,one_turn,current_limited,False,current_limited_safe_stop,,1649.7776523296166,2683.281572999748,0.3851641702718272,1395.3694342554425,2777.689168221067,1212,1500,0.808,True,False,False,1.0
1223,s_turn,current_limited,False,current_limited_safe_stop,,1367.10380136747,2683.281572999748,0.49051049464066127,1575.019813193897,2927.7310130149926,1308,1500,0.872,True,False,False,0.6666666666666666
1224,bezier_fillet,current_limited,False,current_limited_safe_stop,,2222.903195940584,1697.0562748477141,0.0,199.85885159860047,439.006190974241,1351,1500,0.9006666666666666,True,False,False,0.3
1225,straight_east,zero_current,True,goal_reached,175.0,38.86571790510334,2400.0,0.9838059508728736,0.0,0.0,0,875,0.0,False,False,False,1.0
1226,straight_diagonal,zero_current,False,time_limit,,801.1353084573698,2683.281572999748,0.7014344985190099,307.0866561865178,726.6067775201931,427,1500,0.2846666666666667,False,False,False,1.0
1227,one_turn,zero_current,False,time_limit,,1801.1274725073263,2683.281572999748,0.32875942255520585,282.1122379113034,694.7175591785626,329,1500,0.21933333333333332,False,False,False,1.0
1228,s_turn,zero_current,False,time_limit,,1953.0469348346783,2683.281572999748,0.2721423817436763,285.79461111061744,695.3402939267812,571,1500,0.38066666666666665,False,False,False,0.6666666666666666
1229,bezier_fillet,zero_current,False,time_limit,,1119.8324924497324,1697.0562748477141,0.34013237566313415,408.29760013253593,1030.582074588017,596,1500,0.3973333333333333,False,False,False,0.5
1230,straight_east,normal_current,False,time_limit,,704.6489408403353,2400.0,0.7063962746498602,264.8892181907182,465.4044420336895,438,1500,0.292,False,False,False,1.0
1231,straight_diagonal,normal_current,False,time_limit,,528.3051494285953,2683.281572999748,0.8031122955024129,352.7465730675921,582.6924440896535,266,1500,0.17733333333333334,False,False,False,1.0
1232,one_turn,normal_current,False,time_limit,,2328.3849958903984,2683.281572999748,0.13226214523308352,271.93438122929354,637.7893088435069,717,1500,0.478,False,False,False,0.5
1233,s_turn,normal_current,False,time_limit,,2343.2008488166193,2683.281572999748,0.12674060285180533,310.4468269738346,740.5265024266225,675,1500,0.45,False,False,False,0.3333333333333333
1234,bezier_fillet,normal_current,False,time_limit,,1569.445374140599,1697.0562748477141,0.07519544436943695,358.1335662291289,795.6686465077776,696,1500,0.464,False,False,False,0.2
1235,straight_east,normal_current,False,time_limit,,148.00852826375177,2400.0,0.9383297798901034,457.26045166659526,823.3457749520217,119,1500,0.07933333333333334,False,False,False,1.0
1236,straight_diagonal,normal_current,False,time_limit,,239.0688611677102,2683.281572999748,0.9109042958542567,697.1177430145499,1023.1960440956091,0,1500,0.0,False,False,False,1.0
1237,one_turn,normal_current,False,time_limit,,1259.862584823137,2683.281572999748,0.5304769363378118,265.9828863388092,474.2872697030248,0,1500,0.0,False,False,False,1.0
1238,s_turn,normal_current,False,time_limit,,3218.0561214311742,2683.281572999748,0.0,455.28853662487654,1585.5836175355216,928,1500,0.6186666666666667,False,False,False,0.3333333333333333
1239,bezier_fillet,normal_current,False,time_limit,,2580.2111403850326,1697.0562748477141,0.0,501.6749080031198,1430.762959458975,1030,1500,0.6866666666666666,False,False,False,0.1
1240,straight_east,normal_current,False,time_limit,,917.9204872726262,2400.0,0.6175331303030723,929.875952964621,1273.456081974542,0,1500,0.0,False,False,False,1.0
1241,straight_diagonal,normal_current,False,time_limit,,1626.4779323741213,2683.281572999748,0.3938474632180265,1255.2650650412984,1734.7267317814587,0,1500,0.0,False,False,False,1.0
1242,one_turn,normal_current,False,time_limit,,1615.481377356966,2683.281572999748,0.39794563730747246,351.7356883614954,720.6219590276255,0,1500,0.0,False,False,False,1.0
1243,s_turn,normal_current,False,time_limit,,2196.8679097843124,2683.281572999748,0.18127566935573375,245.04296533434783,566.5854737868167,530,1500,0.35333333333333333,False,False,False,0.3333333333333333
1244,bezier_fillet,normal_current,False,time_limit,,1793.2705242345721,1697.0562748477141,0.0,169.49637637939264,378.2879868762979,688,1500,0.45866666666666667,False,False,False,0.2
1245,straight_east,current_limited,False,current_limited_safe_stop,,2989.0116710246393,2400.0,0.0,1701.934218740553,2964.157669813815,991,1500,0.6606666666666666,True,False,False,1.0
1246,straight_diagonal,current_limited,False,current_limited_safe_stop,,3875.90332160291,2683.281572999748,0.0,1995.7826267284609,3604.4873178297726,1201,1500,0.8006666666666666,True,False,False,1.0
1247,one_turn,current_limited,False,current_limited_safe_stop,,3888.5913196088645,2683.281572999748,0.0,1487.0192427173442,2663.594657881492,1273,1500,0.8486666666666667,True,False,False,0.5
1248,s_turn,current_limited,False,current_limited_safe_stop,,3875.633336086642,2683.281572999748,0.0,1417.264191985398,2587.125478597084,1352,1500,0.9013333333333333,True,False,False,0.3333333333333333
1249,bezier_fillet,current_limited,False,current_limited_safe_stop,,3699.4891723657006,1697.0562748477141,0.0,1364.8598590361971,2542.5700151629576,1460,1500,0.9733333333333334,True,False,False,0.1
1250,straight_east,zero_current,True,goal_reached,175.0,38.86571790510334,2400.0,0.9838059508728736,0.0,0.0,0,875,0.0,False,False,False,1.0
1251,straight_diagonal,zero_current,False,time_limit,,801.1353084573698,2683.281572999748,0.7014344985190099,307.0866561865178,726.6067775201931,427,1500,0.2846666666666667,False,False,False,1.0
1252,one_turn,zero_current,False,time_limit,,1801.1274725073263,2683.281572999748,0.32875942255520585,282.1122379113034,694.7175591785626,329,1500,0.21933333333333332,False,False,False,1.0
1253,s_turn,zero_current,False,time_limit,,1953.0469348346783,2683.281572999748,0.2721423817436763,285.79461111061744,695.3402939267812,571,1500,0.38066666666666665,False,False,False,0.6666666666666666
1254,bezier_fillet,zero_current,False,time_limit,,1119.8324924497324,1697.0562748477141,0.34013237566313415,408.29760013253593,1030.582074588017,596,1500,0.3973333333333333,False,False,False,0.5
1255,straight_east,normal_current,True,goal_reached,194.0,39.6376167327594,2400.0,0.9834843263613503,0.0,0.0,0,970,0.0,False,False,False,1.0
1256,straight_diagonal,normal_current,False,time_limit,,791.7132555234984,2683.281572999748,0.7049458903269661,255.82522234349565,684.3352764789649,335,1500,0.22333333333333333,False,False,False,1.0
1257,one_turn,normal_current,False,time_limit,,2001.4706716543822,2683.281572999748,0.25409592053477337,250.75145775841762,792.5572400955674,335,1500,0.22333333333333333,False,False,False,1.0
1258,s_turn,normal_current,False,time_limit,,2345.5740602578458,2683.281572999748,0.12585615916721155,338.30548745599236,702.1358350016842,584,1500,0.3893333333333333,False,False,False,0.6666666666666666
1259,bezier_fillet,normal_current,False,time_limit,,731.7122060549788,1697.0562748477141,0.5688344476846301,198.8187347698479,779.868132885786,563,1500,0.37533333333333335,False,False,False,1.0
1260,straight_east,normal_current,False,time_limit,,100.42026262671016,2400.0,0.9581582239055374,0.0,0.0,67,1500,0.04466666666666667,False,False,False,1.0
1261,straight_diagonal,normal_current,False,time_limit,,164.79757890125612,2683.281572999748,0.9385835685082343,113.96040667829357,195.0783441737899,138,1500,0.092,False,False,False,1.0
1262,one_turn,normal_current,False,time_limit,,1326.9748985842402,2683.281572999748,0.5054656537216249,107.26699765485323,342.820759704035,325,1500,0.21666666666666667,False,False,False,1.0
1263,s_turn,normal_current,False,time_limit,,2803.527795715053,2683.281572999748,0.0,378.85842868435384,1126.9723731037088,630,1500,0.42,False,False,False,0.6666666666666666
1264,bezier_fillet,normal_current,False,time_limit,,2024.210597006578,1697.0562748477141,0.0,230.54937553573748,656.9747971371299,1023,1500,0.682,False,False,False,0.5
1265,straight_east,normal_current,False,time_limit,,638.091522896957,2400.0,0.7341285321262679,0.0,0.0,0,1500,0.0,False,False,False,1.0
1266,straight_diagonal,normal_current,False,time_limit,,1608.1023592053887,2683.281572999748,0.4006956350064944,851.077765050841,1348.1814235252878,0,1500,0.0,False,False,False,1.0
1267,one_turn,normal_current,False,time_limit,,1549.171984869053,2683.281572999748,0.4226576888324204,33.81493732367289,335.8402524595783,15,1500,0.01,False,False,False,1.0
1268,s_turn,normal_current,False,time_limit,,1866.823111540872,2683.281572999748,0.304276103437823,112.85289432201044,399.87340019734745,357,1500,0.238,False,False,False,0.6666666666666666
1269,bezier_fillet,normal_current,False,time_limit,,1211.5510964351029,1697.0562748477141,0.28608666996395166,310.8413262741774,1140.0096734438891,805,1500,0.5366666666666666,False,False,False,0.2
1270,straight_east,current_limited,False,current_limited_safe_stop,,4730.45974397833,2400.0,0.0,0.0,0.0,1499,1500,0.9993333333333333,True,False,False,1.0
1271,straight_diagonal,current_limited,False,current_limited_safe_stop,,4727.751860020814,2683.281572999748,0.0,1459.4742699168276,2805.338002990058,1499,1500,0.9993333333333333,True,False,False,1.0
1272,one_turn,current_limited,False,current_limited_safe_stop,,4880.291936902907,2683.281572999748,0.0,0.0,0.0,1499,1500,0.9993333333333333,True,False,False,0.5
1273,s_turn,current_limited,False,current_limited_safe_stop,,4880.291936902907,2683.281572999748,0.0,0.0,0.0,1499,1500,0.9993333333333333,True,False,False,0.3333333333333333
1274,bezier_fillet,current_limited,False,current_limited_safe_stop,,3510.581384358818,1697.0562748477141,0.0,453.7650433631973,896.9510388304536,1499,1500,0.9993333333333333,True,False,False,0.1
1275,straight_east,zero_current,True,goal_reached,175.0,38.86571790510334,2400.0,0.9838059508728736,0.0,0.0,0,875,0.0,False,False,False,1.0
1276,straight_diagonal,zero_current,False,time_limit,,801.1353084573698,2683.281572999748,0.7014344985190099,307.0866561865178,726.6067775201931,427,1500,0.2846666666666667,False,False,False,1.0
1277,one_turn,zero_current,False,time_limit,,1801.1274725073263,2683.281572999748,0.32875942255520585,282.1122379113034,694.7175591785626,329,1500,0.21933333333333332,False,False,False,1.0
1278,s_turn,zero_current,False,time_limit,,1953.0469348346783,2683.281572999748,0.2721423817436763,285.79461111061744,695.3402939267812,571,1500,0.38066666666666665,False,False,False,0.6666666666666666
1279,bezier_fillet,zero_current,False,time_limit,,1119.8324924497324,1697.0562748477141,0.34013237566313415,408.29760013253593,1030.582074588017,596,1500,0.3973333333333333,False,False,False,0.5
1280,straight_east,normal_current,False,time_limit,,704.6489408403376,2400.0,0.7063962746498593,264.889218190719,465.40444203368907,438,1500,0.292,False,False,False,1.0
1281,straight_diagonal,normal_current,False,time_limit,,1066.5834517525816,2683.281572999748,0.6025078163674767,269.048953118443,1060.3454877688298,505,1500,0.33666666666666667,False,False,False,1.0
1282,one_turn,normal_current,False,time_limit,,1714.9187478508986,2683.281572999748,0.36088751731942825,271.93438122929433,637.7893088435198,717,1500,0.478,False,False,False,0.5
1283,s_turn,normal_current,False,time_limit,,1723.379112832506,2683.281572999748,0.3577345254505394,310.4468269738355,740.5265024266264,675,1500,0.45,False,False,False,0.3333333333333333
1284,bezier_fillet,normal_current,False,time_limit,,732.6579259185175,1697.0562748477141,0.5682771769107876,436.274846015497,1075.2629222328273,591,1500,0.394,False,False,False,0.6
1285,straight_east,normal_current,False,time_limit,,148.00852826375547,2400.0,0.9383297798901018,457.26045166659617,823.345774952023,119,1500,0.07933333333333334,False,False,False,1.0
1286,straight_diagonal,normal_current,False,time_limit,,205.7554996295415,2683.281572999748,0.923319452680652,330.4492780657757,679.1697490421172,154,1500,0.10266666666666667,False,False,False,1.0
1287,one_turn,normal_current,False,time_limit,,1742.5603110250668,2683.281572999748,0.35058611494246245,429.34561558216615,873.9363298199933,115,1500,0.07666666666666666,False,False,False,1.0
1288,s_turn,normal_current,False,time_limit,,1656.8294530549026,2683.281572999748,0.3825361193075736,455.28853662487444,1585.5836175355157,928,1500,0.6186666666666667,False,False,False,0.3333333333333333
1289,bezier_fillet,normal_current,False,time_limit,,470.822701523762,1697.0562748477141,0.722565062513315,495.2806350447874,1392.9883720886803,1034,1500,0.6893333333333334,False,False,False,0.1
1290,straight_east,normal_current,False,time_limit,,917.920487272619,2400.0,0.6175331303030753,929.8759529646185,1273.4560819745402,0,1500,0.0,False,False,False,1.0
1291,straight_diagonal,normal_current,False,time_limit,,605.432084426037,2683.281572999748,0.774368783910665,627.6806102637283,967.7926772835701,0,1500,0.0,False,False,False,1.0
1292,one_turn,normal_current,False,time_limit,,2053.6267262566707,2683.281572999748,0.23465850661328871,362.45349274041985,720.6219590276294,287,1500,0.19133333333333333,False,False,False,1.0
1293,s_turn,normal_current,False,time_limit,,2403.938615593771,2683.281572999748,0.10410497363259877,245.0429653343598,566.5854737868185,530,1500,0.35333333333333333,False,False,False,0.3333333333333333
1294,bezier_fillet,normal_current,False,time_limit,,1636.9017475214298,1697.0562748477141,0.035446395159572604,159.58278826179273,329.63038012451955,682,1500,0.45466666666666666,False,False,False,0.2
1295,straight_east,current_limited,False,current_limited_safe_stop,,2989.0116710246334,2400.0,0.0,1701.9342187405532,2964.1576698138097,991,1500,0.6606666666666666,True,False,False,1.0
1296,straight_diagonal,current_limited,False,current_limited_safe_stop,,2306.65976999211,2683.281572999748,0.1403586588889355,1185.93946297989,1887.4493664375357,786,1500,0.524,True,False,False,1.0
1297,one_turn,current_limited,False,current_limited_safe_stop,,1633.6653885089306,2683.281572999748,0.39116885646757127,1558.7472400009162,2770.1488731482204,1273,1500,0.8486666666666667,True,False,False,0.5
1298,s_turn,current_limited,False,current_limited_safe_stop,,1613.1743422581585,2683.281572999748,0.3988054185253744,1417.2641919853945,2587.1254785970773,1352,1500,0.9013333333333333,True,False,False,0.3333333333333333
1299,bezier_fillet,current_limited,False,current_limited_safe_stop,,1322.0463603392132,1697.0562748477141,0.22097671130095706,1305.3859073106762,2449.893375458741,1455,1500,0.97,True,False,False,0.1
1300,straight_east,zero_current,False,time_limit,,899.226436525178,2400.0,0.6253223181145091,303.0484741395743,758.1714215450929,546,1500,0.364,False,False,False,1.0
1301,straight_diagonal,zero_current,False,time_limit,,779.0801760226552,2683.281572999748,0.7096539610818069,333.221609911576,712.5491798339498,408,1500,0.272,False,False,False,1.0
1302,one_turn,zero_current,False,time_limit,,1991.2283259384753,2683.281572999748,0.257913017413077,368.9293970736674,925.6900774154224,591,1500,0.394,False,False,False,0.5
1303,s_turn,zero_current,False,time_limit,,2031.1597559447907,2683.281572999748,0.2430314520909276,400.6674237900144,1003.5245879605815,599,1500,0.3993333333333333,False,False,False,0.3333333333333333
1304,bezier_fillet,zero_current,False,time_limit,,1138.114309396861,1697.0562748477141,0.329359711716696,400.5844595488587,1010.1957865727305,728,1500,0.48533333333333334,False,False,False,0.2
1305,straight_east,normal_current,False,time_limit,,726.4397264063346,2400.0,0.6973167806640272,308.10518914979616,774.779920808601,503,1500,0.3353333333333333,False,False,False,1.0
1306,straight_diagonal,normal_current,False,time_limit,,620.3628729668145,2683.281572999748,0.7688044075548561,343.2273639212751,556.673455387747,465,1500,0.31,False,False,False,1.0
1307,one_turn,normal_current,False,time_limit,,1644.1756766152432,2683.281572999748,0.3872519033561008,372.55910108823895,956.146405644137,572,1500,0.38133333333333336,False,False,False,0.5
1308,s_turn,normal_current,False,time_limit,,1942.6764977635423,2683.281572999748,0.2760072154515836,408.29796986062144,1022.4599347037506,698,1500,0.4653333333333333,False,False,False,0.3333333333333333
1309,bezier_fillet,normal_current,False,time_limit,,2087.8743167011075,1697.0562748477141,0.0,450.076895792074,1001.0640315352555,881,1500,0.5873333333333334,False,False,False,0.1
1310,straight_east,normal_current,False,time_limit,,407.3987679400138,2400.0,0.8302505133583276,306.85519011609017,815.3535673904397,463,1500,0.30866666666666664,False,False,False,1.0
1311,straight_diagonal,normal_current,True,goal_reached,291.40000000000003,39.351040250603724,2683.281572999748,0.9853347331690534,321.5023099688071,546.9125431539264,190,1457,0.13040494166094715,False,False,False,1.0
1312,one_turn,normal_current,False,time_limit,,1517.189187721897,2683.281572999748,0.43457697358769154,381.036969235346,1011.8208768484944,545,1500,0.36333333333333334,False,False,False,0.5
1313,s_turn,normal_current,False,time_limit,,1971.6825747892212,2683.281572999748,0.26519728878658144,401.19967661139907,1027.708451505071,543,1500,0.362,False,False,False,0.3333333333333333
1314,bezier_fillet,normal_current,False,time_limit,,1370.6808624910516,1697.0562748477141,0.19231855607495982,328.4868071925385,851.9375192351629,566,1500,0.37733333333333335,False,False,False,0.2
1315,straight_east,normal_current,False,time_limit,,1044.506230061614,2400.0,0.5647890708076608,301.08718665261927,859.5467792812464,546,1500,0.364,False,False,False,1.0
1316,straight_diagonal,normal_current,False,time_limit,,240.87185995520252,2683.281572999748,0.9102323578788929,322.7367461682944,603.9064400815748,201,1500,0.134,False,False,False,1.0
1317,one_turn,normal_current,False,time_limit,,1299.1787531720959,2683.281572999748,0.5158246654972956,369.6880013894515,1010.2052839844102,588,1500,0.392,False,False,False,0.5
1318,s_turn,normal_current,False,time_limit,,1235.887523452002,2683.281572999748,0.5394119141695763,680.846853673037,1177.3968121309654,486,1500,0.324,False,False,False,0.6666666666666666
1319,bezier_fillet,normal_current,False,time_limit,,896.4130621803506,1697.0562748477141,0.4717835374900632,264.5361951438124,758.9955021044665,581,1500,0.3873333333333333,False,False,False,0.2
1320,straight_east,current_limited,False,current_limited_safe_stop,,2272.3495500468075,2400.0,0.05318768748049687,295.36377393847994,836.1095730596902,926,1500,0.6173333333333333,True,False,False,1.0
1321,straight_diagonal,current_limited,False,current_limited_safe_stop,,1760.837387805865,2683.281572999748,0.3437746505904878,437.14438638398383,677.1394428400449,780,1500,0.52,True,False,False,1.0
1322,one_turn,current_limited,False,current_limited_safe_stop,,1538.4364802750147,2683.281572999748,0.42665857517325884,1327.190506242857,2653.7342050955813,1189,1500,0.7926666666666666,True,False,False,1.0
1323,s_turn,current_limited,False,current_limited_safe_stop,,1230.4404842183046,2683.281572999748,0.5414419058366856,1486.0307615180345,2788.1882465655744,1297,1500,0.8646666666666667,True,False,False,0.6666666666666666
1324,bezier_fillet,current_limited,False,current_limited_safe_stop,,2297.164588215772,1697.0562748477141,0.0,188.85124192954063,513.856853132471,1396,1500,0.9306666666666666,True,False,False,0.2
1325,straight_east,zero_current,False,time_limit,,899.226436525178,2400.0,0.6253223181145091,303.0484741395743,758.1714215450929,546,1500,0.364,False,False,False,1.0
1326,straight_diagonal,zero_current,False,time_limit,,779.0801760226552,2683.281572999748,0.7096539610818069,333.221609911576,712.5491798339498,408,1500,0.272,False,False,False,1.0
1327,one_turn,zero_current,False,time_limit,,1991.2283259384753,2683.281572999748,0.257913017413077,368.9293970736674,925.6900774154224,591,1500,0.394,False,False,False,0.5
1328,s_turn,zero_current,False,time_limit,,2031.1597559447907,2683.281572999748,0.2430314520909276,400.6674237900144,1003.5245879605815,599,1500,0.3993333333333333,False,False,False,0.3333333333333333
1329,bezier_fillet,zero_current,False,time_limit,,1138.114309396861,1697.0562748477141,0.329359711716696,400.5844595488587,1010.1957865727305,728,1500,0.48533333333333334,False,False,False,0.2
1330,straight_east,normal_current,False,time_limit,,697.9415074950589,2400.0,0.7091910385437254,295.6479534273135,504.1220704252678,420,1500,0.28,False,False,False,1.0
1331,straight_diagonal,normal_current,False,time_limit,,487.63074582343285,2683.281572999748,0.8182707507366471,383.10779382315076,616.8824374822285,244,1500,0.16266666666666665,False,False,False,1.0
1332,one_turn,normal_current,False,time_limit,,2418.4808764575846,2683.281572999748,0.0986853929929284,290.6533748864318,613.3366315012231,842,1500,0.5613333333333334,False,False,False,0.5
1333,s_turn,normal_current,False,time_limit,,2406.079257410017,2683.281572999748,0.10330720352983133,322.00020187198726,679.8653543097539,615,1500,0.41,False,False,False,0.3333333333333333
1334,bezier_fillet,normal_current,False,time_limit,,1641.2874394033374,1697.0562748477141,0.03286210143466287,359.1606471908234,743.1737439462676,874,1500,0.5826666666666667,False,False,False,0.1
1335,straight_east,normal_current,False,time_limit,,137.3551070888596,2400.0,0.9427687053796417,485.7881146683893,848.921064908955,103,1500,0.06866666666666667,False,False,False,1.0
1336,straight_diagonal,normal_current,False,time_limit,,297.3181533467407,2683.281572999748,0.8891960663619968,740.24378163398,1057.6793266141794,0,1500,0.0,False,False,False,1.0
1337,one_turn,normal_current,False,time_limit,,1261.671230983132,2683.281572999748,0.5298028937109797,276.9417882469648,492.7094458105471,0,1500,0.0,False,False,False,1.0
1338,s_turn,normal_current,False,time_limit,,2148.5160844661805,2683.281572999748,0.19929533073032346,198.03564698375138,448.43177598690863,531,1500,0.354,False,False,False,0.3333333333333333
1339,bezier_fillet,normal_current,False,time_limit,,2704.308131630478,1697.0562748477141,0.0,519.7751468555384,1531.743986019033,1056,1500,0.704,False,False,False,0.1
1340,straight_east,normal_current,False,time_limit,,951.752006576522,2400.0,0.6034366639264491,959.4610904817673,1298.1075540488582,0,1500,0.0,False,False,False,1.0
1341,straight_diagonal,normal_current,False,time_limit,,1685.1069605903479,2683.281572999748,0.37199771446032054,1293.778474666515,1776.9388608835534,0,1500,0.0,False,False,False,1.0
1342,one_turn,normal_current,False,time_limit,,1670.8457992186177,2683.281572999748,0.37731253550453436,379.4898003906421,740.6899734362014,0,1500,0.0,False,False,False,1.0
1343,s_turn,normal_current,False,time_limit,,1847.04089858263,2683.281572999748,0.31164849892449076,270.3541617053858,573.926453509323,457,1500,0.30466666666666664,False,False,False,0.3333333333333333
1344,bezier_fillet,normal_current,False,time_limit,,1835.099677193881,1697.0562748477141,0.0,235.50811393521272,501.59144247671094,777,1500,0.518,False,False,False,0.2
1345,straight_east,current_limited,False,current_limited_safe_stop,,3011.1266557967147,2400.0,0.0,1726.2356389097813,2987.508807610431,993,1500,0.662,True,False,False,1.0
1346,straight_diagonal,current_limited,False,current_limited_safe_stop,,3921.722854815623,2683.281572999748,0.0,2028.515107559801,3639.9886175478023,1199,1500,0.7993333333333333,True,False,False,1.0
1347,one_turn,current_limited,False,current_limited_safe_stop,,3910.298794245385,2683.281572999748,0.0,1510.8010747700937,2685.634361981146,1271,1500,0.8473333333333334,True,False,False,0.5
1348,s_turn,current_limited,False,current_limited_safe_stop,,3894.9233635146493,2683.281572999748,0.0,1440.223550043424,2607.837725702856,1362,1500,0.908,True,False,False,0.3333333333333333
1349,bezier_fillet,current_limited,False,current_limited_safe_stop,,3793.2392905990446,1697.0562748477141,0.0,1452.7183027262029,2639.691306364362,1468,1500,0.9786666666666667,True,False,False,0.1
1350,straight_east,zero_current,False,time_limit,,899.226436525178,2400.0,0.6253223181145091,303.0484741395743,758.1714215450929,546,1500,0.364,False,False,False,1.0
1351,straight_diagonal,zero_current,False,time_limit,,779.0801760226552,2683.281572999748,0.7096539610818069,333.221609911576,712.5491798339498,408,1500,0.272,False,False,False,1.0
1352,one_turn,zero_current,False,time_limit,,1991.2283259384753,2683.281572999748,0.257913017413077,368.9293970736674,925.6900774154224,591,1500,0.394,False,False,False,0.5
1353,s_turn,zero_current,False,time_limit,,2031.1597559447907,2683.281572999748,0.2430314520909276,400.6674237900144,1003.5245879605815,599,1500,0.3993333333333333,False,False,False,0.3333333333333333
1354,bezier_fillet,zero_current,False,time_limit,,1138.114309396861,1697.0562748477141,0.329359711716696,400.5844595488587,1010.1957865727305,728,1500,0.48533333333333334,False,False,False,0.2
1355,straight_east,normal_current,False,time_limit,,940.1165377560916,2400.0,0.6082847759349619,287.4997600032853,902.3833684731219,407,1500,0.2713333333333333,False,False,False,1.0
1356,straight_diagonal,normal_current,False,time_limit,,754.8047904479928,2683.281572999748,0.7187008631359674,286.114879398412,668.6571090612608,318,1500,0.212,False,False,False,1.0
1357,one_turn,normal_current,False,time_limit,,2388.171667327605,2683.281572999748,0.10998096831941032,366.817180523157,894.8354196929477,717,1500,0.478,False,False,False,0.5
1358,s_turn,normal_current,False,time_limit,,2445.8052996986353,2683.281572999748,0.08850218169076766,396.0891184985566,974.5573899311039,717,1500,0.478,False,False,False,0.3333333333333333
1359,bezier_fillet,normal_current,False,time_limit,,1471.4220876245379,1697.0562748477141,0.13295621987751916,410.518212603072,1015.9233433660369,704,1500,0.4693333333333333,False,False,False,0.2
1360,straight_east,normal_current,False,time_limit,,115.07715317277811,2400.0,0.9520511861780091,280.08883899604575,487.01013840554106,129,1500,0.086,False,False,False,1.0
1361,straight_diagonal,normal_current,False,time_limit,,150.1815339566774,2683.281572999748,0.9440306468512794,184.0464615759551,265.3029848397891,114,1500,0.076,False,False,False,1.0
1362,one_turn,normal_current,False,time_limit,,1216.0005428841598,2683.281572999748,0.5468233542390618,152.19109696809124,310.002787823247,301,1500,0.20066666666666666,False,False,False,1.0
1363,s_turn,normal_current,False,time_limit,,2579.8620472408074,2683.281572999748,0.03854218163296354,278.0816096801855,656.2690882202478,608,1500,0.4053333333333333,False,False,False,0.3333333333333333
1364,bezier_fillet,normal_current,False,time_limit,,2129.9042716163844,1697.0562748477141,0.0,270.1757814611557,638.7595921156711,892,1500,0.5946666666666667,False,False,False,0.1
1365,straight_east,normal_current,False,time_limit,,972.447877342102,2400.0,0.5948133844407909,521.7230968465102,708.7535159091854,0,1500,0.0,False,False,False,1.0
1366,straight_diagonal,normal_current,False,time_limit,,1504.3376089518088,2683.281572999748,0.4393664742123766,446.9495137745936,1100.362387823718,0,1500,0.0,False,False,False,1.0
1367,one_turn,normal_current,False,time_limit,,1499.1782986202018,2683.281572999748,0.44128923564879163,185.54120692266724,407.3142154699658,0,1500,0.0,False,False,False,1.0
1368,s_turn,normal_current,False,time_limit,,2003.4078506279163,2683.281572999748,0.2533739765565391,171.65702606221092,417.59231522160735,344,1500,0.22933333333333333,False,False,False,0.6666666666666666
1369,bezier_fillet,normal_current,False,time_limit,,1202.0207249790158,1697.0562748477141,0.29170249520047326,192.83970919487626,441.87836709222944,594,1500,0.396,False,False,False,0.3
1370,straight_east,current_limited,False,current_limited_safe_stop,,4806.506342885581,2400.0,0.0,701.4101046397755,1261.8080560480912,1499,1500,0.9993333333333333,True,False,False,1.0
1371,straight_diagonal,current_limited,False,current_limited_safe_stop,,4719.030623766682,2683.281572999748,0.0,1328.4754427313053,2716.42354408045,1499,1500,0.9993333333333333,True,False,False,1.0
1372,one_turn,current_limited,False,current_limited_safe_stop,,5169.042785084271,2683.281572999748,0.0,591.645365353215,1032.959812783858,1499,1500,0.9993333333333333,True,False,False,0.5
1373,s_turn,current_limited,False,current_limited_safe_stop,,5135.764855559452,2683.281572999748,0.0,532.403618167745,931.7417040758514,1499,1500,0.9993333333333333,True,False,False,0.3333333333333333
1374,bezier_fillet,current_limited,False,current_limited_safe_stop,,4001.8609771786996,1697.0562748477141,0.0,338.05131462505847,635.3719823952524,1499,1500,0.9993333333333333,True,False,False,0.1
1375,straight_east,zero_current,False,time_limit,,899.226436525178,2400.0,0.6253223181145091,303.0484741395743,758.1714215450929,546,1500,0.364,False,False,False,1.0
1376,straight_diagonal,zero_current,False,time_limit,,779.0801760226552,2683.281572999748,0.7096539610818069,333.221609911576,712.5491798339498,408,1500,0.272,False,False,False,1.0
1377,one_turn,zero_current,False,time_limit,,1991.2283259384753,2683.281572999748,0.257913017413077,368.9293970736674,925.6900774154224,591,1500,0.394,False,False,False,0.5
1378,s_turn,zero_current,False,time_limit,,2031.1597559447907,2683.281572999748,0.2430314520909276,400.6674237900144,1003.5245879605815,599,1500,0.3993333333333333,False,False,False,0.3333333333333333
1379,bezier_fillet,zero_current,False,time_limit,,1138.114309396861,1697.0562748477141,0.329359711716696,400.5844595488587,1010.1957865727305,728,1500,0.48533333333333334,False,False,False,0.2
1380,straight_east,normal_current,False,time_limit,,717.1063519083556,2400.0,0.7012056867048518,206.7127809402988,411.5491402528578,472,1500,0.31466666666666665,False,False,False,1.0
1381,straight_diagonal,normal_current,False,time_limit,,1044.9020179830989,2683.281572999748,0.6105880096605139,307.17000582518733,1036.399119642037,492,1500,0.328,False,False,False,1.0
1382,one_turn,normal_current,False,time_limit,,1784.8865240735477,2683.281572999748,0.3348120666747055,271.8287436023314,759.1399116018083,519,1500,0.346,False,False,False,0.5
1383,s_turn,normal_current,False,time_limit,,1714.3196522056082,2683.281572999748,0.3611107870840772,312.38159420710883,787.494518928462,320,1500,0.21333333333333335,False,False,False,0.6666666666666666
1384,bezier_fillet,normal_current,True,goal_reached,138.0,39.455207107054406,1697.0562748477141,0.9767507962512352,22.145960799327394,75.24842926894102,155,690,0.2246376811594203,False,False,False,0.8
1385,straight_east,normal_current,False,time_limit,,157.24533650814422,2400.0,0.9344811097882733,425.03559024102134,794.2047475490937,130,1500,0.08666666666666667,False,False,False,1.0
1386,straight_diagonal,normal_current,False,time_limit,,246.38260384533825,2683.281572999748,0.9081786248880706,256.8382236672772,593.8989337420609,183,1500,0.122,False,False,False,1.0
1387,one_turn,normal_current,False,time_limit,,1651.1405265691872,2683.281572999748,0.38465625703108336,370.4595866141627,765.8213238478774,36,1500,0.024,False,False,False,1.0
1388,s_turn,normal_current,False,time_limit,,1640.3851145814378,2683.281572999748,0.38866456241952063,408.89591629173134,1538.8914664652343,917,1500,0.6113333333333333,False,False,False,0.3333333333333333
1389,bezier_fillet,normal_current,False,time_limit,,462.30893073244744,1697.0562748477141,0.7275818500633204,435.039050716975,1303.9977924503198,982,1500,0.6546666666666666,False,False,False,0.2
1390,straight_east,normal_current,False,time_limit,,890.1815977979523,2400.0,0.6290910009175199,900.5982199320811,1250.5078388002698,0,1500,0.0,False,False,False,1.0
1391,straight_diagonal,normal_current,False,time_limit,,547.0755263326879,2683.281572999748,0.796116989048939,566.3314988141836,916.2017505285052,0,1500,0.0,False,False,False,1.0
1392,one_turn,normal_current,False,time_limit,,1577.5883286932274,2683.281572999748,0.41206754275527696,345.18845417562943,707.6024770074666,289,1500,0.19266666666666668,False,False,False,1.0
1393,s_turn,normal_current,False,time_limit,,2437.5498039850427,2683.281572999748,0.09157882329135954,320.6868548796499,748.8510420738974,398,1500,0.2653333333333333,False,False,False,0.6666666666666666
1394,bezier_fillet,normal_current,False,time_limit,,1451.8411751595056,1697.0562748477141,0.14449438319905625,127.2968572264326,258.7086879065276,730,1500,0.4866666666666667,False,False,False,0.1
1395,straight_east,current_limited,False,current_limited_safe_stop,,2968.2679279503636,2400.0,0.0,1678.5025809678532,2942.7753739850355,986,1500,0.6573333333333333,True,False,False,1.0
1396,straight_diagonal,current_limited,False,current_limited_safe_stop,,2265.609354254004,2683.281572999748,0.1556572455714409,1134.5891331388204,1843.6301166337014,780,1500,0.52,True,False,False,1.0
1397,one_turn,current_limited,False,current_limited_safe_stop,,1622.3744670992442,2683.281572999748,0.39537673443434906,1541.1012159794739,2757.5859463086085,1272,1500,0.848,True,False,False,0.5
1398,s_turn,current_limited,False,current_limited_safe_stop,,1603.9295613698787,2683.281572999748,0.40225074494258845,1400.790108245448,2574.5496535926404,1344,1500,0.896,True,False,False,0.3333333333333333
1399,bezier_fillet,current_limited,False,current_limited_safe_stop,,1268.9849644866572,1697.0562748477141,0.2522434386564288,1253.9470812562868,2393.9659803652426,1448,1500,0.9653333333333334,True,False,False,0.1
1400,straight_east,zero_current,False,time_limit,,899.2264365251821,2400.0,0.6253223181145074,303.04847413957583,758.1714215450925,546,1500,0.364,False,False,False,1.0
1401,straight_diagonal,zero_current,False,time_limit,,816.977742256468,2683.281572999748,0.6955303720350392,269.68357366393025,748.9094035890637,441,1500,0.294,False,False,False,1.0
1402,one_turn,zero_current,False,time_limit,,1959.7933899910404,2683.281572999748,0.269628126354213,368.9293970736647,925.6900774154174,591,1500,0.394,False,False,False,0.5
1403,s_turn,zero_current,False,time_limit,,1957.626460326374,2683.281572999748,0.2704356933596555,400.66742379001596,1003.524587960585,599,1500,0.3993333333333333,False,False,False,0.3333333333333333
1404,bezier_fillet,zero_current,False,time_limit,,1158.454314868498,1697.0562748477141,0.317374248551391,363.20292432339545,937.9543803597306,602,1500,0.4013333333333333,False,False,False,0.4
1405,straight_east,normal_current,False,time_limit,,726.4397264063281,2400.0,0.6973167806640299,308.1051891497949,774.7799208085994,503,1500,0.3353333333333333,False,False,False,1.0
1406,straight_diagonal,normal_current,False,time_limit,,641.808939700061,2683.281572999748,0.7608119303772667,292.00663608203115,596.6211183058538,500,1500,0.3333333333333333,False,False,False,1.0
1407,one_turn,normal_current,False,time_limit,,1613.8610590543174,2683.281572999748,0.3985494942857907,372.5591010882336,956.1464056441291,572,1500,0.38133333333333336,False,False,False,0.5
1408,s_turn,normal_current,False,time_limit,,1576.5607888710674,2683.281572999748,0.4124504842372666,408.29796986061535,1022.4599347037397,698,1500,0.4653333333333333,False,False,False,0.3333333333333333
1409,bezier_fillet,normal_current,False,time_limit,,1167.9005523455821,1697.0562748477141,0.31180799973743706,313.58632094866874,788.2671667171883,716,1500,0.47733333333333333,False,False,False,0.5
1410,straight_east,normal_current,False,time_limit,,407.3987679400341,2400.0,0.8302505133583191,306.85519011609387,815.3535673904466,463,1500,0.30866666666666664,False,False,False,1.0
1411,straight_diagonal,normal_current,True,goal_reached,293.6,39.76058198671361,2683.281572999748,0.9851821059754592,275.5481951521519,484.9448526744244,242,1468,0.164850136239782,False,False,False,1.0
1412,one_turn,normal_current,False,time_limit,,1281.665741130941,2683.281572999748,0.5223513797330946,381.0369692353498,1011.8208768485015,545,1500,0.36333333333333334,False,False,False,0.5
1413,s_turn,normal_current,False,time_limit,,1612.6078507526352,2683.281572999748,0.39901653744454546,401.1996766114016,1027.7084515050774,543,1500,0.362,False,False,False,0.3333333333333333
1414,bezier_fillet,normal_current,False,time_limit,,1234.572263935195,1697.0562748477141,0.2725213169221629,239.08578040678833,589.2802841605554,542,1500,0.36133333333333334,False,False,False,0.4
1415,straight_east,normal_current,False,time_limit,,1044.50623006161,2400.0,0.5647890708076625,301.0871866526207,859.5467792812492,546,1500,0.364,False,False,False,1.0
1416,straight_diagonal,normal_current,False,time_limit,,333.13542259364687,2683.281572999748,0.8758477582279143,279.2678356728432,545.6364672152229,302,1500,0.20133333333333334,False,False,False,1.0
1417,one_turn,normal_current,False,time_limit,,1101.4165321859698,2683.281572999748,0.5895262937483478,369.68800138944886,1010.2052839844064,588,1500,0.392,False,False,False,0.5
1418,s_turn,normal_current,False,time_limit,,250.01799583265787,2683.281572999748,0.9068237942866529,1220.6940023153586,1850.3974952609842,1013,1500,0.6753333333333333,False,False,False,0.6666666666666666
1419,bezier_fillet,normal_current,False,time_limit,,835.899941804695,1697.0562748477141,0.5074412356303831,203.55352343335863,466.1519359757758,545,1500,0.36333333333333334,False,False,False,0.4
1420,straight_east,current_limited,False,current_limited_safe_stop,,2272.349550046808,2400.0,0.05318768748049668,295.36377393847977,836.1095730596917,926,1500,0.6173333333333333,True,False,False,1.0
1421,straight_diagonal,current_limited,False,current_limited_safe_stop,,1766.367589715764,2683.281572999748,0.3417136660238489,384.00346499019776,619.7033802407968,799,1500,0.5326666666666666,True,False,False,1.0
1422,one_turn,current_limited,False,current_limited_safe_stop,,1784.8698111339731,2683.281572999748,0.33481829521953754,1487.0251430331764,2931.0905533078485,1221,1500,0.814,True,False,False,1.0
1423,s_turn,current_limited,False,current_limited_safe_stop,,1526.4006870415815,2683.281572999748,0.43114405047877363,1681.9392933175068,3093.98367068524,1312,1500,0.8746666666666667,True,False,False,0.6666666666666666
1424,bezier_fillet,current_limited,False,current_limited_safe_stop,,2313.825013145671,1697.0562748477141,0.0,193.9974222421097,436.6437040108016,1352,1500,0.9013333333333333,True,False,False,0.3
1425,straight_east,zero_current,False,time_limit,,899.2264365251821,2400.0,0.6253223181145074,303.04847413957583,758.1714215450925,546,1500,0.364,False,False,False,1.0
1426,straight_diagonal,zero_current,False,time_limit,,816.977742256468,2683.281572999748,0.6955303720350392,269.68357366393025,748.9094035890637,441,1500,0.294,False,False,False,1.0
1427,one_turn,zero_current,False,time_limit,,1959.7933899910404,2683.281572999748,0.269628126354213,368.9293970736647,925.6900774154174,591,1500,0.394,False,False,False,0.5
1428,s_turn,zero_current,False,time_limit,,1957.626460326374,2683.281572999748,0.2704356933596555,400.66742379001596,1003.524587960585,599,1500,0.3993333333333333,False,False,False,0.3333333333333333
1429,bezier_fillet,zero_current,False,time_limit,,1158.454314868498,1697.0562748477141,0.317374248551391,363.20292432339545,937.9543803597306,602,1500,0.4013333333333333,False,False,False,0.4
1430,straight_east,normal_current,False,time_limit,,717.1063519083535,2400.0,0.7012056867048526,206.71278094029734,411.5491402528478,472,1500,0.31466666666666665,False,False,False,1.0
1431,straight_diagonal,normal_current,False,time_limit,,550.2115764832231,2683.281572999748,0.7949482521626982,324.1084800961678,552.0644427340335,279,1500,0.186,False,False,False,1.0
1432,one_turn,normal_current,False,time_limit,,2125.340320655235,2683.281572999748,0.20793242794894917,271.828743602331,759.1399116018063,519,1500,0.346,False,False,False,0.5
1433,s_turn,normal_current,False,time_limit,,2830.209747674599,2683.281572999748,0.0,428.1813341765025,1223.309848016469,679,1500,0.45266666666666666,False,False,False,0.6666666666666666
1434,bezier_fillet,normal_current,False,time_limit,,1584.1883076581782,1697.0562748477141,0.06650808748205131,328.9983202141062,789.3456199670082,611,1500,0.4073333333333333,False,False,False,0.3
1435,straight_east,normal_current,False,time_limit,,157.24533650815317,2400.0,0.9344811097882695,425.03559024101696,794.2047475490886,130,1500,0.08666666666666667,False,False,False,1.0
1436,straight_diagonal,normal_current,False,time_limit,,210.24935067275038,2683.281572999748,0.9216446932784231,662.5508862494519,996.3689037198353,0,1500,0.0,False,False,False,1.0
1437,one_turn,normal_current,False,time_limit,,1459.4389060411077,2683.281572999748,0.45609923284735915,308.19955210348263,598.2435019637119,128,1500,0.08533333333333333,False,False,False,1.0
1438,s_turn,normal_current,False,time_limit,,3174.5145082631775,2683.281572999748,0.0,408.8959162917284,1538.891466465222,917,1500,0.6113333333333333,False,False,False,0.3333333333333333
1439,bezier_fillet,normal_current,False,time_limit,,2501.361654030642,1697.0562748477141,0.0,483.278306025811,1355.154068815875,1017,1500,0.678,False,False,False,0.1
1440,straight_east,normal_current,False,time_limit,,890.1815977979683,2400.0,0.6290910009175132,900.5982199320872,1250.507838800277,0,1500,0.0,False,False,False,1.0
1441,straight_diagonal,normal_current,False,time_limit,,1588.0966239470697,2683.281572999748,0.408151332336072,1224.7744658351446,1705.412458087302,0,1500,0.0,False,False,False,1.0
1442,one_turn,normal_current,False,time_limit,,1440.6296848454074,2683.281572999748,0.46310901571359514,324.9970981415117,707.6024770074632,13,1500,0.008666666666666666,False,False,False,1.0
1443,s_turn,normal_current,False,time_limit,,2221.332369038283,2683.281572999748,0.17215830370162502,297.50325630346566,569.0898683024952,505,1500,0.33666666666666667,False,False,False,0.6666666666666666
1444,bezier_fillet,normal_current,False,time_limit,,1464.182983498513,1697.0562748477141,0.13722190289187552,137.1076639020369,301.18692292263773,740,1500,0.49333333333333335,False,False,False,0.1
1445,straight_east,current_limited,False,current_limited_safe_stop,,2968.2679279503745,2400.0,0.0,1678.5025809678557,2942.775373985047,986,1500,0.6573333333333333,True,False,False,1.0
1446,straight_diagonal,current_limited,False,current_limited_safe_stop,,3845.712963502896,2683.281572999748,0.0,1971.0187839026967,3579.7173094810705,1207,1500,0.8046666666666666,True,False,False,1.0
1447,one_turn,current_limited,False,current_limited_safe_stop,,3869.040646296633,2683.281572999748,0.0,1464.891315557885,2643.603515983261,1272,1500,0.848,True,False,False,0.5
1448,s_turn,current_limited,False,current_limited_safe_stop,,3863.991249353552,2683.281572999748,0.0,1400.7901082454493,2574.549653592637,1344,1500,0.896,True,False,False,0.3333333333333333
1449,bezier_fillet,current_limited,False,current_limited_safe_stop,,3642.3230388832303,1697.0562748477141,0.0,1309.9124224034088,2483.290293139137,1453,1500,0.9686666666666667,True,False,False,0.1
1450,straight_east,zero_current,False,time_limit,,899.2264365251821,2400.0,0.6253223181145074,303.04847413957583,758.1714215450925,546,1500,0.364,False,False,False,1.0
1451,straight_diagonal,zero_current,False,time_limit,,816.977742256468,2683.281572999748,0.6955303720350392,269.68357366393025,748.9094035890637,441,1500,0.294,False,False,False,1.0
1452,one_turn,zero_current,False,time_limit,,1959.7933899910404,2683.281572999748,0.269628126354213,368.9293970736647,925.6900774154174,591,1500,0.394,False,False,False,0.5
1453,s_turn,zero_current,False,time_limit,,1957.626460326374,2683.281572999748,0.2704356933596555,400.66742379001596,1003.524587960585,599,1500,0.3993333333333333,False,False,False,0.3333333333333333
1454,bezier_fillet,zero_current,False,time_limit,,1158.454314868498,1697.0562748477141,0.317374248551391,363.20292432339545,937.9543803597306,602,1500,0.4013333333333333,False,False,False,0.4
1455,straight_east,normal_current,False,time_limit,,940.1165377560911,2400.0,0.6082847759349621,287.49976000328655,902.3833684731189,407,1500,0.2713333333333333,False,False,False,1.0
1456,straight_diagonal,normal_current,False,time_limit,,819.4493635513423,2683.281572999748,0.6946092531633767,174.21417305459008,665.9555863630956,352,1500,0.23466666666666666,False,False,False,1.0
1457,one_turn,normal_current,False,time_limit,,2359.65652407021,2683.281572999748,0.12060793477135709,366.81718052315796,894.835419692949,717,1500,0.478,False,False,False,0.5
1458,s_turn,normal_current,False,time_limit,,2359.68239664155,2683.281572999748,0.12059829263331219,396.0891184985538,974.5573899310994,717,1500,0.478,False,False,False,0.3333333333333333
1459,bezier_fillet,normal_current,False,time_limit,,1405.5445892249854,1697.0562748477141,0.17177490808246038,456.40183225501517,1079.1610550613646,711,1500,0.474,False,False,False,0.4
1460,straight_east,normal_current,False,time_limit,,115.07715317278044,2400.0,0.9520511861780081,280.08883899604814,487.01013840554674,129,1500,0.086,False,False,False,1.0
1461,straight_diagonal,normal_current,False,time_limit,,142.6947860731367,2683.281572999748,0.946820793050946,462.89854009116743,760.0659925474102,0,1500,0.0,False,False,False,1.0
1462,one_turn,normal_current,False,time_limit,,1199.5370870542872,2683.281572999748,0.5529589219690885,256.1567508018458,587.4440826114405,258,1500,0.172,False,False,False,1.0
1463,s_turn,normal_current,False,time_limit,,2210.358584868817,2683.281572999748,0.1762479915971812,278.08160968018615,656.2690882202437,608,1500,0.4053333333333333,False,False,False,0.3333333333333333
1464,bezier_fillet,normal_current,False,time_limit,,2157.428287054183,1697.0562748477141,0.0,303.42440878951885,767.7339254210436,877,1500,0.5846666666666667,False,False,False,0.1
1465,straight_east,normal_current,False,time_limit,,972.4478773420999,2400.0,0.5948133844407917,521.723096846508,708.7535159091854,0,1500,0.0,False,False,False,1.0
1466,straight_diagonal,normal_current,False,time_limit,,1639.7867383939815,2683.281572999748,0.3888875640580655,979.95153267017,1414.8368280487493,0,1500,0.0,False,False,False,1.0
1467,one_turn,normal_current,False,time_limit,,1380.477715284407,2683.281572999748,0.48552633120007765,195.25732288136166,407.31421546997444,112,1500,0.07466666666666667,False,False,False,1.0
1468,s_turn,normal_current,False,time_limit,,1983.4646116267108,2683.281572999748,0.26080638290624253,162.42511417621657,375.9520332864099,311,1500,0.20733333333333334,False,False,False,0.6666666666666666
1469,bezier_fillet,normal_current,False,time_limit,,1306.4014038689832,1697.0562748477141,0.23019559031051373,205.61794920754087,521.3219357911466,601,1500,0.40066666666666667,False,False,False,0.3
1470,straight_east,current_limited,False,current_limited_safe_stop,,4806.506342885583,2400.0,0.0,701.4101046397772,1261.8080560480985,1499,1500,0.9993333333333333,True,False,False,1.0
1471,straight_diagonal,current_limited,False,current_limited_safe_stop,,4726.150432601913,2683.281572999748,0.0,1527.7926957649338,2847.069081922637,1499,1500,0.9993333333333333,True,False,False,1.0
1472,one_turn,current_limited,False,current_limited_safe_stop,,4664.8468584369675,2683.281572999748,0.0,591.6453653532184,1032.9598127838594,1499,1500,0.9993333333333333,True,False,False,0.5
1473,s_turn,current_limited,False,current_limited_safe_stop,,4680.141073945904,2683.281572999748,0.0,532.4036181677478,931.741704075857,1499,1500,0.9993333333333333,True,False,False,0.3333333333333333
1474,bezier_fillet,current_limited,False,current_limited_safe_stop,,3513.790624415668,1697.0562748477141,0.0,481.64962655936836,899.4110768465985,1499,1500,0.9993333333333333,True,False,False,0.1
1475,straight_east,zero_current,False,time_limit,,899.2264365251821,2400.0,0.6253223181145074,303.04847413957583,758.1714215450925,546,1500,0.364,False,False,False,1.0
1476,straight_diagonal,zero_current,False,time_limit,,816.977742256468,2683.281572999748,0.6955303720350392,269.68357366393025,748.9094035890637,441,1500,0.294,False,False,False,1.0
1477,one_turn,zero_current,False,time_limit,,1959.7933899910404,2683.281572999748,0.269628126354213,368.9293970736647,925.6900774154174,591,1500,0.394,False,False,False,0.5
1478,s_turn,zero_current,False,time_limit,,1957.626460326374,2683.281572999748,0.2704356933596555,400.66742379001596,1003.524587960585,599,1500,0.3993333333333333,False,False,False,0.3333333333333333
1479,bezier_fillet,zero_current,False,time_limit,,1158.454314868498,1697.0562748477141,0.317374248551391,363.20292432339545,937.9543803597306,602,1500,0.4013333333333333,False,False,False,0.4
1480,straight_east,normal_current,False,time_limit,,697.941507495062,2400.0,0.7091910385437241,295.6479534273122,504.12207042527325,420,1500,0.28,False,False,False,1.0
1481,straight_diagonal,normal_current,False,time_limit,,588.4638138624525,2683.281572999748,0.7806924849841288,227.84099676211278,465.16865169986386,437,1500,0.29133333333333333,False,False,False,1.0
1482,one_turn,normal_current,False,time_limit,,1704.4160051422843,2683.281572999748,0.3648016584272036,290.6533748864306,613.3366315012377,842,1500,0.5613333333333334,False,False,False,0.5
1483,s_turn,normal_current,False,time_limit,,1708.766012872168,2683.281572999748,0.36318050626275866,322.0002018719875,679.865354309748,615,1500,0.41,False,False,False,0.3333333333333333
1484,bezier_fillet,normal_current,False,time_limit,,896.3905026078828,1697.0562748477141,0.47179683084562374,364.28996247101134,779.3376692069606,867,1500,0.578,False,False,False,0.1
1485,straight_east,normal_current,False,time_limit,,137.35510708886437,2400.0,0.9427687053796399,485.78811466838425,848.9210649089484,103,1500,0.06866666666666667,False,False,False,1.0
1486,straight_diagonal,normal_current,False,time_limit,,184.7858408550679,2683.281572999748,0.9311343830947684,372.23240974114896,720.7225076454149,139,1500,0.09266666666666666,False,False,False,1.0
1487,one_turn,normal_current,False,time_limit,,1771.005603700581,2683.281572999748,0.33998518026540797,441.94778329649705,880.8691417153893,118,1500,0.07866666666666666,False,False,False,1.0
1488,s_turn,normal_current,False,time_limit,,2508.467232718185,2683.281572999748,0.06514945805189229,198.03564698374947,448.4317759868936,531,1500,0.354,False,False,False,0.3333333333333333
1489,bezier_fillet,normal_current,False,time_limit,,521.8400077711724,1697.0562748477141,0.6925028265088028,511.5478434481691,1479.2002122848728,1057,1500,0.7046666666666667,False,False,False,0.1
1490,straight_east,normal_current,False,time_limit,,951.7520065765243,2400.0,0.6034366639264482,959.4610904817696,1298.1075540488619,0,1500,0.0,False,False,False,1.0
1491,straight_diagonal,normal_current,False,time_limit,,634.324459014832,2683.281572999748,0.7636012316420094,659.2545004020675,993.2824067245062,0,1500,0.0,False,False,False,1.0
1492,one_turn,normal_current,False,time_limit,,2030.89242705737,2683.281572999748,0.2431310796850313,390.12788137490156,740.6899734362014,239,1500,0.15933333333333333,False,False,False,1.0
1493,s_turn,normal_current,False,time_limit,,2094.9123547390454,2683.281572999748,0.21927226131655683,270.35416170539395,573.9264535093193,457,1500,0.30466666666666664,False,False,False,0.3333333333333333
1494,bezier_fillet,normal_current,False,time_limit,,1931.9966651591585,1697.0562748477141,0.0,206.25351993065254,427.87352565373277,780,1500,0.52,False,False,False,0.2
1495,straight_east,current_limited,False,current_limited_safe_stop,,3011.126655796725,2400.0,0.0,1726.2356389097906,2987.5088076104416,993,1500,0.662,True,False,False,1.0
1496,straight_diagonal,current_limited,False,current_limited_safe_stop,,2327.6043897184427,2683.281572999748,0.1325530599771083,1213.9320045651261,1910.3414713033676,788,1500,0.5253333333333333,True,False,False,1.0
1497,one_turn,current_limited,False,current_limited_safe_stop,,1643.288927122832,2683.281572999748,0.3875823753801083,1575.1310568681413,2780.727950121461,1271,1500,0.8473333333333334,True,False,False,0.5
1498,s_turn,current_limited,False,current_limited_safe_stop,,1628.7439713713566,2683.281572999748,0.3930029603451126,1440.223550043418,2607.837725702847,1362,1500,0.908,True,False,False,0.3333333333333333
1499,bezier_fillet,current_limited,False,current_limited_safe_stop,,1400.343306298467,1697.0562748477141,0.17483979343930284,1378.6420005856446,2531.49459129307,1462,1500,0.9746666666666667,True,False,False,0.1
1500,straight_east,zero_current,True,goal_reached,175.0,38.86571790510334,2400.0,0.9838059508728736,0.0,0.0,0,875,0.0,False,False,False,1.0
1501,straight_diagonal,zero_current,False,time_limit,,801.1353084573698,2683.281572999748,0.7014344985190099,307.0866561865178,726.6067775201931,427,1500,0.2846666666666667,False,False,False,1.0
1502,one_turn,zero_current,False,time_limit,,1801.1274725073263,2683.281572999748,0.32875942255520585,282.1122379113034,694.7175591785626,329,1500,0.21933333333333332,False,False,False,1.0
1503,s_turn,zero_current,False,time_limit,,1953.0469348346783,2683.281572999748,0.2721423817436763,285.79461111061744,695.3402939267812,571,1500,0.38066666666666665,False,False,False,0.6666666666666666
1504,bezier_fillet,zero_current,False,time_limit,,1119.8324924497324,1697.0562748477141,0.34013237566313415,408.29760013253593,1030.582074588017,596,1500,0.3973333333333333,False,False,False,0.5
1505,straight_east,normal_current,True,goal_reached,161.0,39.397951889924116,2400.0,0.9835841867125317,0.0,0.0,0,805,0.0,False,False,False,1.0
1506,straight_diagonal,normal_current,False,time_limit,,631.5289012390328,2683.281572999748,0.7646430745122953,318.6527919523976,575.1714871280197,486,1500,0.324,False,False,False,1.0
1507,one_turn,normal_current,False,time_limit,,1515.3028906725992,2683.281572999748,0.43527995499235606,313.0957574102855,819.3309939373185,289,1500,0.19266666666666668,False,False,False,1.0
1508,s_turn,normal_current,False,time_limit,,1818.0600802018864,2683.281572999748,0.32244901224831046,301.542651552764,818.5615839270149,612,1500,0.408,False,False,False,0.6666666666666666
1509,bezier_fillet,normal_current,False,time_limit,,1064.8106285417462,1697.0562748477141,0.3725543198988512,379.74410586033275,958.9149547051893,717,1500,0.478,False,False,False,0.4
1510,straight_east,normal_current,True,goal_reached,141.20000000000002,39.41475254492161,2400.0,0.983577186439616,0.0,0.0,0,706,0.0,False,False,False,1.0
1511,straight_diagonal,normal_current,True,goal_reached,292.40000000000003,38.224565999895205,2683.281572999748,0.9857545453356344,296.74968575976993,513.8118265309145,219,1462,0.14979480164158687,False,False,False,1.0
1512,one_turn,normal_current,False,time_limit,,1117.0821431257448,2683.281572999748,0.5836880652532809,494.5386447834743,1080.3513920383211,244,1500,0.16266666666666665,False,False,False,1.0
1513,s_turn,normal_current,False,time_limit,,1833.2282104267256,2683.281572999748,0.31679618386925884,473.71705186318286,1081.1721369449983,584,1500,0.3893333333333333,False,False,False,1.0
1514,bezier_fillet,normal_current,False,time_limit,,1227.7598765115595,1697.0562748477141,0.27653555470826513,287.09833246099737,757.5007727945292,553,1500,0.36866666666666664,False,False,False,0.3
1515,straight_east,normal_current,True,goal_reached,127.4,39.209373466751,2400.0,0.9836627610555204,0.0,0.0,0,637,0.0,False,False,False,1.0
1516,straight_diagonal,normal_current,False,time_limit,,279.0865962229473,2683.281572999748,0.895990566539409,299.4815928344357,571.8649829921758,225,1500,0.15,False,False,False,1.0
1517,one_turn,normal_current,False,time_limit,,522.6681702134924,2683.281572999748,0.8052130736212001,827.9218698131125,1379.0004870432895,457,1500,0.30466666666666664,False,False,False,1.0
1518,s_turn,normal_current,False,time_limit,,984.7597301459986,2683.281572999748,0.6330017169815331,822.8729418410768,1372.3037567552242,566,1500,0.37733333333333335,False,False,False,0.6666666666666666
1519,bezier_fillet,normal_current,False,time_limit,,865.7572745149936,1697.0562748477141,0.48984763360738726,235.9573658168168,622.8298316268371,586,1500,0.39066666666666666,False,False,False,0.3
1520,straight_east,current_limited,True,goal_reached,112.80000000000001,36.790319012196505,2400.0,0.9846707004115848,0.0,0.0,0,564,0.0,True,False,False,1.0
1521,straight_diagonal,current_limited,False,current_limited_safe_stop,,1764.9242709939335,2683.281572999748,0.3422515591530508,407.55158203396843,644.8609509397966,792,1500,0.528,True,False,False,1.0
1522,one_turn,current_limited,False,current_limited_safe_stop,,1649.7776523296166,2683.281572999748,0.3851641702718272,1395.3694342554425,2777.689168221067,1212,1500,0.808,True,False,False,1.0
1523,s_turn,current_limited,False,current_limited_safe_stop,,1367.10380136747,2683.281572999748,0.49051049464066127,1575.019813193897,2927.7310130149926,1308,1500,0.872,True,False,False,0.6666666666666666
1524,bezier_fillet,current_limited,False,current_limited_safe_stop,,2222.903195940584,1697.0562748477141,0.0,199.85885159860047,439.006190974241,1351,1500,0.9006666666666666,True,False,False,0.3
1525,straight_east,zero_current,True,goal_reached,175.0,38.86571790510334,2400.0,0.9838059508728736,0.0,0.0,0,875,0.0,False,False,False,1.0
1526,straight_diagonal,zero_current,False,time_limit,,801.1353084573698,2683.281572999748,0.7014344985190099,307.0866561865178,726.6067775201931,427,1500,0.2846666666666667,False,False,False,1.0
1527,one_turn,zero_current,False,time_limit,,1801.1274725073263,2683.281572999748,0.32875942255520585,282.1122379113034,694.7175591785626,329,1500,0.21933333333333332,False,False,False,1.0
1528,s_turn,zero_current,False,time_limit,,1953.0469348346783,2683.281572999748,0.2721423817436763,285.79461111061744,695.3402939267812,571,1500,0.38066666666666665,False,False,False,0.6666666666666666
1529,bezier_fillet,zero_current,False,time_limit,,1119.8324924497324,1697.0562748477141,0.34013237566313415,408.29760013253593,1030.582074588017,596,1500,0.3973333333333333,False,False,False,0.5
1530,straight_east,normal_current,False,time_limit,,704.6489408403353,2400.0,0.7063962746498602,264.8892181907182,465.4044420336895,438,1500,0.292,False,False,False,1.0
1531,straight_diagonal,normal_current,False,time_limit,,528.3051494285953,2683.281572999748,0.8031122955024129,352.7465730675921,582.6924440896535,266,1500,0.17733333333333334,False,False,False,1.0
1532,one_turn,normal_current,False,time_limit,,2328.3849958903984,2683.281572999748,0.13226214523308352,271.93438122929354,637.7893088435069,717,1500,0.478,False,False,False,0.5
1533,s_turn,normal_current,False,time_limit,,2343.2008488166193,2683.281572999748,0.12674060285180533,310.4468269738346,740.5265024266225,675,1500,0.45,False,False,False,0.3333333333333333
1534,bezier_fillet,normal_current,False,time_limit,,1569.445374140599,1697.0562748477141,0.07519544436943695,358.1335662291289,795.6686465077776,696,1500,0.464,False,False,False,0.2
1535,straight_east,normal_current,False,time_limit,,148.00852826375177,2400.0,0.9383297798901034,457.26045166659526,823.3457749520217,119,1500,0.07933333333333334,False,False,False,1.0
1536,straight_diagonal,normal_current,False,time_limit,,239.0688611677102,2683.281572999748,0.9109042958542567,697.1177430145499,1023.1960440956091,0,1500,0.0,False,False,False,1.0
1537,one_turn,normal_current,False,time_limit,,1259.862584823137,2683.281572999748,0.5304769363378118,265.9828863388092,474.2872697030248,0,1500,0.0,False,False,False,1.0
1538,s_turn,normal_current,False,time_limit,,3218.0561214311742,2683.281572999748,0.0,455.28853662487654,1585.5836175355216,928,1500,0.6186666666666667,False,False,False,0.3333333333333333
1539,bezier_fillet,normal_current,False,time_limit,,2580.2111403850326,1697.0562748477141,0.0,501.6749080031198,1430.762959458975,1030,1500,0.6866666666666666,False,False,False,0.1
1540,straight_east,normal_current,False,time_limit,,917.9204872726262,2400.0,0.6175331303030723,929.875952964621,1273.456081974542,0,1500,0.0,False,False,False,1.0
1541,straight_diagonal,normal_current,False,time_limit,,1626.4779323741213,2683.281572999748,0.3938474632180265,1255.2650650412984,1734.7267317814587,0,1500,0.0,False,False,False,1.0
1542,one_turn,normal_current,False,time_limit,,1615.481377356966,2683.281572999748,0.39794563730747246,351.7356883614954,720.6219590276255,0,1500,0.0,False,False,False,1.0
1543,s_turn,normal_current,False,time_limit,,2196.8679097843124,2683.281572999748,0.18127566935573375,245.04296533434783,566.5854737868167,530,1500,0.35333333333333333,False,False,False,0.3333333333333333
1544,bezier_fillet,normal_current,False,time_limit,,1793.2705242345721,1697.0562748477141,0.0,169.49637637939264,378.2879868762979,688,1500,0.45866666666666667,False,False,False,0.2
1545,straight_east,current_limited,False,current_limited_safe_stop,,2989.0116710246393,2400.0,0.0,1701.934218740553,2964.157669813815,991,1500,0.6606666666666666,True,False,False,1.0
1546,straight_diagonal,current_limited,False,current_limited_safe_stop,,3875.90332160291,2683.281572999748,0.0,1995.7826267284609,3604.4873178297726,1201,1500,0.8006666666666666,True,False,False,1.0
1547,one_turn,current_limited,False,current_limited_safe_stop,,3888.5913196088645,2683.281572999748,0.0,1487.0192427173442,2663.594657881492,1273,1500,0.8486666666666667,True,False,False,0.5
1548,s_turn,current_limited,False,current_limited_safe_stop,,3875.633336086642,2683.281572999748,0.0,1417.264191985398,2587.125478597084,1352,1500,0.9013333333333333,True,False,False,0.3333333333333333
1549,bezier_fillet,current_limited,False,current_limited_safe_stop,,3699.4891723657006,1697.0562748477141,0.0,1364.8598590361971,2542.5700151629576,1460,1500,0.9733333333333334,True,False,False,0.1
1550,straight_east,zero_current,True,goal_reached,175.0,38.86571790510334,2400.0,0.9838059508728736,0.0,0.0,0,875,0.0,False,False,False,1.0
1551,straight_diagonal,zero_current,False,time_limit,,801.1353084573698,2683.281572999748,0.7014344985190099,307.0866561865178,726.6067775201931,427,1500,0.2846666666666667,False,False,False,1.0
1552,one_turn,zero_current,False,time_limit,,1801.1274725073263,2683.281572999748,0.32875942255520585,282.1122379113034,694.7175591785626,329,1500,0.21933333333333332,False,False,False,1.0
1553,s_turn,zero_current,False,time_limit,,1953.0469348346783,2683.281572999748,0.2721423817436763,285.79461111061744,695.3402939267812,571,1500,0.38066666666666665,False,False,False,0.6666666666666666
1554,bezier_fillet,zero_current,False,time_limit,,1119.8324924497324,1697.0562748477141,0.34013237566313415,408.29760013253593,1030.582074588017,596,1500,0.3973333333333333,False,False,False,0.5
1555,straight_east,normal_current,True,goal_reached,194.0,39.6376167327594,2400.0,0.9834843263613503,0.0,0.0,0,970,0.0,False,False,False,1.0
1556,straight_diagonal,normal_current,False,time_limit,,791.7132555234984,2683.281572999748,0.7049458903269661,255.82522234349565,684.3352764789649,335,1500,0.22333333333333333,False,False,False,1.0
1557,one_turn,normal_current,False,time_limit,,2001.4706716543822,2683.281572999748,0.25409592053477337,250.75145775841762,792.5572400955674,335,1500,0.22333333333333333,False,False,False,1.0
1558,s_turn,normal_current,False,time_limit,,2345.5740602578458,2683.281572999748,0.12585615916721155,338.30548745599236,702.1358350016842,584,1500,0.3893333333333333,False,False,False,0.6666666666666666
1559,bezier_fillet,normal_current,False,time_limit,,731.7122060549788,1697.0562748477141,0.5688344476846301,198.8187347698479,779.868132885786,563,1500,0.37533333333333335,False,False,False,1.0
1560,straight_east,normal_current,False,time_limit,,100.42026262671016,2400.0,0.9581582239055374,0.0,0.0,67,1500,0.04466666666666667,False,False,False,1.0
1561,straight_diagonal,normal_current,False,time_limit,,164.79757890125612,2683.281572999748,0.9385835685082343,113.96040667829357,195.0783441737899,138,1500,0.092,False,False,False,1.0
1562,one_turn,normal_current,False,time_limit,,1326.9748985842402,2683.281572999748,0.5054656537216249,107.26699765485323,342.820759704035,325,1500,0.21666666666666667,False,False,False,1.0
1563,s_turn,normal_current,False,time_limit,,2803.527795715053,2683.281572999748,0.0,378.85842868435384,1126.9723731037088,630,1500,0.42,False,False,False,0.6666666666666666
1564,bezier_fillet,normal_current,False,time_limit,,2024.210597006578,1697.0562748477141,0.0,230.54937553573748,656.9747971371299,1023,1500,0.682,False,False,False,0.5
1565,straight_east,normal_current,False,time_limit,,638.091522896957,2400.0,0.7341285321262679,0.0,0.0,0,1500,0.0,False,False,False,1.0
1566,straight_diagonal,normal_current,False,time_limit,,1608.1023592053887,2683.281572999748,0.4006956350064944,851.077765050841,1348.1814235252878,0,1500,0.0,False,False,False,1.0
1567,one_turn,normal_current,False,time_limit,,1549.171984869053,2683.281572999748,0.4226576888324204,33.81493732367289,335.8402524595783,15,1500,0.01,False,False,False,1.0
1568,s_turn,normal_current,False,time_limit,,1866.823111540872,2683.281572999748,0.304276103437823,112.85289432201044,399.87340019734745,357,1500,0.238,False,False,False,0.6666666666666666
1569,bezier_fillet,normal_current,False,time_limit,,1211.5510964351029,1697.0562748477141,0.28608666996395166,310.8413262741774,1140.0096734438891,805,1500,0.5366666666666666,False,False,False,0.2
1570,straight_east,current_limited,False,current_limited_safe_stop,,4730.45974397833,2400.0,0.0,0.0,0.0,1499,1500,0.9993333333333333,True,False,False,1.0
1571,straight_diagonal,current_limited,False,current_limited_safe_stop,,4727.751860020814,2683.281572999748,0.0,1459.4742699168276,2805.338002990058,1499,1500,0.9993333333333333,True,False,False,1.0
1572,one_turn,current_limited,False,current_limited_safe_stop,,4880.291936902907,2683.281572999748,0.0,0.0,0.0,1499,1500,0.9993333333333333,True,False,False,0.5
1573,s_turn,current_limited,False,current_limited_safe_stop,,4880.291936902907,2683.281572999748,0.0,0.0,0.0,1499,1500,0.9993333333333333,True,False,False,0.3333333333333333
1574,bezier_fillet,current_limited,False,current_limited_safe_stop,,3510.581384358818,1697.0562748477141,0.0,453.7650433631973,896.9510388304536,1499,1500,0.9993333333333333,True,False,False,0.1
1575,straight_east,zero_current,True,goal_reached,175.0,38.86571790510334,2400.0,0.9838059508728736,0.0,0.0,0,875,0.0,False,False,False,1.0
1576,straight_diagonal,zero_current,False,time_limit,,801.1353084573698,2683.281572999748,0.7014344985190099,307.0866561865178,726.6067775201931,427,1500,0.2846666666666667,False,False,False,1.0
1577,one_turn,zero_current,False,time_limit,,1801.1274725073263,2683.281572999748,0.32875942255520585,282.1122379113034,694.7175591785626,329,1500,0.21933333333333332,False,False,False,1.0
1578,s_turn,zero_current,False,time_limit,,1953.0469348346783,2683.281572999748,0.2721423817436763,285.79461111061744,695.3402939267812,571,1500,0.38066666666666665,False,False,False,0.6666666666666666
1579,bezier_fillet,zero_current,False,time_limit,,1119.8324924497324,1697.0562748477141,0.34013237566313415,408.29760013253593,1030.582074588017,596,1500,0.3973333333333333,False,False,False,0.5
1580,straight_east,normal_current,False,time_limit,,704.6489408403376,2400.0,0.7063962746498593,264.889218190719,465.40444203368907,438,1500,0.292,False,False,False,1.0
1581,straight_diagonal,normal_current,False,time_limit,,1066.5834517525816,2683.281572999748,0.6025078163674767,269.048953118443,1060.3454877688298,505,1500,0.33666666666666667,False,False,False,1.0
1582,one_turn,normal_current,False,time_limit,,1714.9187478508986,2683.281572999748,0.36088751731942825,271.93438122929433,637.7893088435198,717,1500,0.478,False,False,False,0.5
1583,s_turn,normal_current,False,time_limit,,1723.379112832506,2683.281572999748,0.3577345254505394,310.4468269738355,740.5265024266264,675,1500,0.45,False,False,False,0.3333333333333333
1584,bezier_fillet,normal_current,False,time_limit,,732.6579259185175,1697.0562748477141,0.5682771769107876,436.274846015497,1075.2629222328273,591,1500,0.394,False,False,False,0.6
1585,straight_east,normal_current,False,time_limit,,148.00852826375547,2400.0,0.9383297798901018,457.26045166659617,823.345774952023,119,1500,0.07933333333333334,False,False,False,1.0
1586,straight_diagonal,normal_current,False,time_limit,,205.7554996295415,2683.281572999748,0.923319452680652,330.4492780657757,679.1697490421172,154,1500,0.10266666666666667,False,False,False,1.0
1587,one_turn,normal_current,False,time_limit,,1742.5603110250668,2683.281572999748,0.35058611494246245,429.34561558216615,873.9363298199933,115,1500,0.07666666666666666,False,False,False,1.0
1588,s_turn,normal_current,False,time_limit,,1656.8294530549026,2683.281572999748,0.3825361193075736,455.28853662487444,1585.5836175355157,928,1500,0.6186666666666667,False,False,False,0.3333333333333333
1589,bezier_fillet,normal_current,False,time_limit,,470.822701523762,1697.0562748477141,0.722565062513315,495.2806350447874,1392.9883720886803,1034,1500,0.6893333333333334,False,False,False,0.1
1590,straight_east,normal_current,False,time_limit,,917.920487272619,2400.0,0.6175331303030753,929.8759529646185,1273.4560819745402,0,1500,0.0,False,False,False,1.0
1591,straight_diagonal,normal_current,False,time_limit,,605.432084426037,2683.281572999748,0.774368783910665,627.6806102637283,967.7926772835701,0,1500,0.0,False,False,False,1.0
1592,one_turn,normal_current,False,time_limit,,2053.6267262566707,2683.281572999748,0.23465850661328871,362.45349274041985,720.6219590276294,287,1500,0.19133333333333333,False,False,False,1.0
1593,s_turn,normal_current,False,time_limit,,2403.938615593771,2683.281572999748,0.10410497363259877,245.0429653343598,566.5854737868185,530,1500,0.35333333333333333,False,False,False,0.3333333333333333
1594,bezier_fillet,normal_current,False,time_limit,,1636.9017475214298,1697.0562748477141,0.035446395159572604,159.58278826179273,329.63038012451955,682,1500,0.45466666666666666,False,False,False,0.2
1595,straight_east,current_limited,False,current_limited_safe_stop,,2989.0116710246334,2400.0,0.0,1701.9342187405532,2964.1576698138097,991,1500,0.6606666666666666,True,False,False,1.0
1596,straight_diagonal,current_limited,False,current_limited_safe_stop,,2306.65976999211,2683.281572999748,0.1403586588889355,1185.93946297989,1887.4493664375357,786,1500,0.524,True,False,False,1.0
1597,one_turn,current_limited,False,current_limited_safe_stop,,1633.6653885089306,2683.281572999748,0.39116885646757127,1558.7472400009162,2770.1488731482204,1273,1500,0.8486666666666667,True,False,False,0.5
1598,s_turn,current_limited,False,current_limited_safe_stop,,1613.1743422581585,2683.281572999748,0.3988054185253744,1417.2641919853945,2587.1254785970773,1352,1500,0.9013333333333333,True,False,False,0.3333333333333333
1599,bezier_fillet,current_limited,False,current_limited_safe_stop,,1322.0463603392132,1697.0562748477141,0.22097671130095706,1305.3859073106762,2449.893375458741,1455,1500,0.97,True,False,False,0.1
1600,straight_east,zero_current,False,time_limit,,899.226436525178,2400.0,0.6253223181145091,303.0484741395743,758.1714215450929,546,1500,0.364,False,False,False,1.0
1601,straight_diagonal,zero_current,False,time_limit,,779.0801760226552,2683.281572999748,0.7096539610818069,333.221609911576,712.5491798339498,408,1500,0.272,False,False,False,1.0
1602,one_turn,zero_current,False,time_limit,,1991.2283259384753,2683.281572999748,0.257913017413077,368.9293970736674,925.6900774154224,591,1500,0.394,False,False,False,0.5
1603,s_turn,zero_current,False,time_limit,,2031.1597559447907,2683.281572999748,0.2430314520909276,400.6674237900144,1003.5245879605815,599,1500,0.3993333333333333,False,False,False,0.3333333333333333
1604,bezier_fillet,zero_current,False,time_limit,,1138.114309396861,1697.0562748477141,0.329359711716696,400.5844595488587,1010.1957865727305,728,1500,0.48533333333333334,False,False,False,0.2
1605,straight_east,normal_current,False,time_limit,,726.4397264063346,2400.0,0.6973167806640272,308.10518914979616,774.779920808601,503,1500,0.3353333333333333,False,False,False,1.0
1606,straight_diagonal,normal_current,False,time_limit,,620.3628729668145,2683.281572999748,0.7688044075548561,343.2273639212751,556.673455387747,465,1500,0.31,False,False,False,1.0
1607,one_turn,normal_current,False,time_limit,,1644.1756766152432,2683.281572999748,0.3872519033561008,372.55910108823895,956.146405644137,572,1500,0.38133333333333336,False,False,False,0.5
1608,s_turn,normal_current,False,time_limit,,1942.6764977635423,2683.281572999748,0.2760072154515836,408.29796986062144,1022.4599347037506,698,1500,0.4653333333333333,False,False,False,0.3333333333333333
1609,bezier_fillet,normal_current,False,time_limit,,2087.8743167011075,1697.0562748477141,0.0,450.076895792074,1001.0640315352555,881,1500,0.5873333333333334,False,False,False,0.1
1610,straight_east,normal_current,False,time_limit,,407.3987679400138,2400.0,0.8302505133583276,306.85519011609017,815.3535673904397,463,1500,0.30866666666666664,False,False,False,1.0
1611,straight_diagonal,normal_current,True,goal_reached,291.40000000000003,39.351040250603724,2683.281572999748,0.9853347331690534,321.5023099688071,546.9125431539264,190,1457,0.13040494166094715,False,False,False,1.0
1612,one_turn,normal_current,False,time_limit,,1517.189187721897,2683.281572999748,0.43457697358769154,381.036969235346,1011.8208768484944,545,1500,0.36333333333333334,False,False,False,0.5
1613,s_turn,normal_current,False,time_limit,,1971.6825747892212,2683.281572999748,0.26519728878658144,401.19967661139907,1027.708451505071,543,1500,0.362,False,False,False,0.3333333333333333
1614,bezier_fillet,normal_current,False,time_limit,,1370.6808624910516,1697.0562748477141,0.19231855607495982,328.4868071925385,851.9375192351629,566,1500,0.37733333333333335,False,False,False,0.2
1615,straight_east,normal_current,False,time_limit,,1044.506230061614,2400.0,0.5647890708076608,301.08718665261927,859.5467792812464,546,1500,0.364,False,False,False,1.0
1616,straight_diagonal,normal_current,False,time_limit,,240.87185995520252,2683.281572999748,0.9102323578788929,322.7367461682944,603.9064400815748,201,1500,0.134,False,False,False,1.0
1617,one_turn,normal_current,False,time_limit,,1299.1787531720959,2683.281572999748,0.5158246654972956,369.6880013894515,1010.2052839844102,588,1500,0.392,False,False,False,0.5
1618,s_turn,normal_current,False,time_limit,,1235.887523452002,2683.281572999748,0.5394119141695763,680.846853673037,1177.3968121309654,486,1500,0.324,False,False,False,0.6666666666666666
1619,bezier_fillet,normal_current,False,time_limit,,896.4130621803506,1697.0562748477141,0.4717835374900632,264.5361951438124,758.9955021044665,581,1500,0.3873333333333333,False,False,False,0.2
1620,straight_east,current_limited,False,current_limited_safe_stop,,2272.3495500468075,2400.0,0.05318768748049687,295.36377393847994,836.1095730596902,926,1500,0.6173333333333333,True,False,False,1.0
1621,straight_diagonal,current_limited,False,current_limited_safe_stop,,1760.837387805865,2683.281572999748,0.3437746505904878,437.14438638398383,677.1394428400449,780,1500,0.52,True,False,False,1.0
1622,one_turn,current_limited,False,current_limited_safe_stop,,1538.4364802750147,2683.281572999748,0.42665857517325884,1327.190506242857,2653.7342050955813,1189,1500,0.7926666666666666,True,False,False,1.0
1623,s_turn,current_limited,False,current_limited_safe_stop,,1230.4404842183046,2683.281572999748,0.5414419058366856,1486.0307615180345,2788.1882465655744,1297,1500,0.8646666666666667,True,False,False,0.6666666666666666
1624,bezier_fillet,current_limited,False,current_limited_safe_stop,,2297.164588215772,1697.0562748477141,0.0,188.85124192954063,513.856853132471,1396,1500,0.9306666666666666,True,False,False,0.2
1625,straight_east,zero_current,False,time_limit,,899.226436525178,2400.0,0.6253223181145091,303.0484741395743,758.1714215450929,546,1500,0.364,False,False,False,1.0
1626,straight_diagonal,zero_current,False,time_limit,,779.0801760226552,2683.281572999748,0.7096539610818069,333.221609911576,712.5491798339498,408,1500,0.272,False,False,False,1.0
1627,one_turn,zero_current,False,time_limit,,1991.2283259384753,2683.281572999748,0.257913017413077,368.9293970736674,925.6900774154224,591,1500,0.394,False,False,False,0.5
1628,s_turn,zero_current,False,time_limit,,2031.1597559447907,2683.281572999748,0.2430314520909276,400.6674237900144,1003.5245879605815,599,1500,0.3993333333333333,False,False,False,0.3333333333333333
1629,bezier_fillet,zero_current,False,time_limit,,1138.114309396861,1697.0562748477141,0.329359711716696,400.5844595488587,1010.1957865727305,728,1500,0.48533333333333334,False,False,False,0.2
1630,straight_east,normal_current,False,time_limit,,697.9415074950589,2400.0,0.7091910385437254,295.6479534273135,504.1220704252678,420,1500,0.28,False,False,False,1.0
1631,straight_diagonal,normal_current,False,time_limit,,487.63074582343285,2683.281572999748,0.8182707507366471,383.10779382315076,616.8824374822285,244,1500,0.16266666666666665,False,False,False,1.0
1632,one_turn,normal_current,False,time_limit,,2418.4808764575846,2683.281572999748,0.0986853929929284,290.6533748864318,613.3366315012231,842,1500,0.5613333333333334,False,False,False,0.5
1633,s_turn,normal_current,False,time_limit,,2406.079257410017,2683.281572999748,0.10330720352983133,322.00020187198726,679.8653543097539,615,1500,0.41,False,False,False,0.3333333333333333
1634,bezier_fillet,normal_current,False,time_limit,,1641.2874394033374,1697.0562748477141,0.03286210143466287,359.1606471908234,743.1737439462676,874,1500,0.5826666666666667,False,False,False,0.1
1635,straight_east,normal_current,False,time_limit,,137.3551070888596,2400.0,0.9427687053796417,485.7881146683893,848.921064908955,103,1500,0.06866666666666667,False,False,False,1.0
1636,straight_diagonal,normal_current,False,time_limit,,297.3181533467407,2683.281572999748,0.8891960663619968,740.24378163398,1057.6793266141794,0,1500,0.0,False,False,False,1.0
1637,one_turn,normal_current,False,time_limit,,1261.671230983132,2683.281572999748,0.5298028937109797,276.9417882469648,492.7094458105471,0,1500,0.0,False,False,False,1.0
1638,s_turn,normal_current,False,time_limit,,2148.5160844661805,2683.281572999748,0.19929533073032346,198.03564698375138,448.43177598690863,531,1500,0.354,False,False,False,0.3333333333333333
1639,bezier_fillet,normal_current,False,time_limit,,2704.308131630478,1697.0562748477141,0.0,519.7751468555384,1531.743986019033,1056,1500,0.704,False,False,False,0.1
1640,straight_east,normal_current,False,time_limit,,951.752006576522,2400.0,0.6034366639264491,959.4610904817673,1298.1075540488582,0,1500,0.0,False,False,False,1.0
1641,straight_diagonal,normal_current,False,time_limit,,1685.1069605903479,2683.281572999748,0.37199771446032054,1293.778474666515,1776.9388608835534,0,1500,0.0,False,False,False,1.0
1642,one_turn,normal_current,False,time_limit,,1670.8457992186177,2683.281572999748,0.37731253550453436,379.4898003906421,740.6899734362014,0,1500,0.0,False,False,False,1.0
1643,s_turn,normal_current,False,time_limit,,1847.04089858263,2683.281572999748,0.31164849892449076,270.3541617053858,573.926453509323,457,1500,0.30466666666666664,False,False,False,0.3333333333333333
1644,bezier_fillet,normal_current,False,time_limit,,1835.099677193881,1697.0562748477141,0.0,235.50811393521272,501.59144247671094,777,1500,0.518,False,False,False,0.2
1645,straight_east,current_limited,False,current_limited_safe_stop,,3011.1266557967147,2400.0,0.0,1726.2356389097813,2987.508807610431,993,1500,0.662,True,False,False,1.0
1646,straight_diagonal,current_limited,False,current_limited_safe_stop,,3921.722854815623,2683.281572999748,0.0,2028.515107559801,3639.9886175478023,1199,1500,0.7993333333333333,True,False,False,1.0
1647,one_turn,current_limited,False,current_limited_safe_stop,,3910.298794245385,2683.281572999748,0.0,1510.8010747700937,2685.634361981146,1271,1500,0.8473333333333334,True,False,False,0.5
1648,s_turn,current_limited,False,current_limited_safe_stop,,3894.9233635146493,2683.281572999748,0.0,1440.223550043424,2607.837725702856,1362,1500,0.908,True,False,False,0.3333333333333333
1649,bezier_fillet,current_limited,False,current_limited_safe_stop,,3793.2392905990446,1697.0562748477141,0.0,1452.7183027262029,2639.691306364362,1468,1500,0.9786666666666667,True,False,False,0.1
1650,straight_east,zero_current,False,time_limit,,899.226436525178,2400.0,0.6253223181145091,303.0484741395743,758.1714215450929,546,1500,0.364,False,False,False,1.0
1651,straight_diagonal,zero_current,False,time_limit,,779.0801760226552,2683.281572999748,0.7096539610818069,333.221609911576,712.5491798339498,408,1500,0.272,False,False,False,1.0
1652,one_turn,zero_current,False,time_limit,,1991.2283259384753,2683.281572999748,0.257913017413077,368.9293970736674,925.6900774154224,591,1500,0.394,False,False,False,0.5
1653,s_turn,zero_current,False,time_limit,,2031.1597559447907,2683.281572999748,0.2430314520909276,400.6674237900144,1003.5245879605815,599,1500,0.3993333333333333,False,False,False,0.3333333333333333
1654,bezier_fillet,zero_current,False,time_limit,,1138.114309396861,1697.0562748477141,0.329359711716696,400.5844595488587,1010.1957865727305,728,1500,0.48533333333333334,False,False,False,0.2
1655,straight_east,normal_current,False,time_limit,,940.1165377560916,2400.0,0.6082847759349619,287.4997600032853,902.3833684731219,407,1500,0.2713333333333333,False,False,False,1.0
1656,straight_diagonal,normal_current,False,time_limit,,754.8047904479928,2683.281572999748,0.7187008631359674,286.114879398412,668.6571090612608,318,1500,0.212,False,False,False,1.0
1657,one_turn,normal_current,False,time_limit,,2388.171667327605,2683.281572999748,0.10998096831941032,366.817180523157,894.8354196929477,717,1500,0.478,False,False,False,0.5
1658,s_turn,normal_current,False,time_limit,,2445.8052996986353,2683.281572999748,0.08850218169076766,396.0891184985566,974.5573899311039,717,1500,0.478,False,False,False,0.3333333333333333
1659,bezier_fillet,normal_current,False,time_limit,,1471.4220876245379,1697.0562748477141,0.13295621987751916,410.518212603072,1015.9233433660369,704,1500,0.4693333333333333,False,False,False,0.2
1660,straight_east,normal_current,False,time_limit,,115.07715317277811,2400.0,0.9520511861780091,280.08883899604575,487.01013840554106,129,1500,0.086,False,False,False,1.0
1661,straight_diagonal,normal_current,False,time_limit,,150.1815339566774,2683.281572999748,0.9440306468512794,184.0464615759551,265.3029848397891,114,1500,0.076,False,False,False,1.0
1662,one_turn,normal_current,False,time_limit,,1216.0005428841598,2683.281572999748,0.5468233542390618,152.19109696809124,310.002787823247,301,1500,0.20066666666666666,False,False,False,1.0
1663,s_turn,normal_current,False,time_limit,,2579.8620472408074,2683.281572999748,0.03854218163296354,278.0816096801855,656.2690882202478,608,1500,0.4053333333333333,False,False,False,0.3333333333333333
1664,bezier_fillet,normal_current,False,time_limit,,2129.9042716163844,1697.0562748477141,0.0,270.1757814611557,638.7595921156711,892,1500,0.5946666666666667,False,False,False,0.1
1665,straight_east,normal_current,False,time_limit,,972.447877342102,2400.0,0.5948133844407909,521.7230968465102,708.7535159091854,0,1500,0.0,False,False,False,1.0
1666,straight_diagonal,normal_current,False,time_limit,,1504.3376089518088,2683.281572999748,0.4393664742123766,446.9495137745936,1100.362387823718,0,1500,0.0,False,False,False,1.0
1667,one_turn,normal_current,False,time_limit,,1499.1782986202018,2683.281572999748,0.44128923564879163,185.54120692266724,407.3142154699658,0,1500,0.0,False,False,False,1.0
1668,s_turn,normal_current,False,time_limit,,2003.4078506279163,2683.281572999748,0.2533739765565391,171.65702606221092,417.59231522160735,344,1500,0.22933333333333333,False,False,False,0.6666666666666666
1669,bezier_fillet,normal_current,False,time_limit,,1202.0207249790158,1697.0562748477141,0.29170249520047326,192.83970919487626,441.87836709222944,594,1500,0.396,False,False,False,0.3
1670,straight_east,current_limited,False,current_limited_safe_stop,,4806.506342885581,2400.0,0.0,701.4101046397755,1261.8080560480912,1499,1500,0.9993333333333333,True,False,False,1.0
1671,straight_diagonal,current_limited,False,current_limited_safe_stop,,4719.030623766682,2683.281572999748,0.0,1328.4754427313053,2716.42354408045,1499,1500,0.9993333333333333,True,False,False,1.0
1672,one_turn,current_limited,False,current_limited_safe_stop,,5169.042785084271,2683.281572999748,0.0,591.645365353215,1032.959812783858,1499,1500,0.9993333333333333,True,False,False,0.5
1673,s_turn,current_limited,False,current_limited_safe_stop,,5135.764855559452,2683.281572999748,0.0,532.403618167745,931.7417040758514,1499,1500,0.9993333333333333,True,False,False,0.3333333333333333
1674,bezier_fillet,current_limited,False,current_limited_safe_stop,,4001.8609771786996,1697.0562748477141,0.0,338.05131462505847,635.3719823952524,1499,1500,0.9993333333333333,True,False,False,0.1
1675,straight_east,zero_current,False,time_limit,,899.226436525178,2400.0,0.6253223181145091,303.0484741395743,758.1714215450929,546,1500,0.364,False,False,False,1.0
1676,straight_diagonal,zero_current,False,time_limit,,779.0801760226552,2683.281572999748,0.7096539610818069,333.221609911576,712.5491798339498,408,1500,0.272,False,False,False,1.0
1677,one_turn,zero_current,False,time_limit,,1991.2283259384753,2683.281572999748,0.257913017413077,368.9293970736674,925.6900774154224,591,1500,0.394,False,False,False,0.5
1678,s_turn,zero_current,False,time_limit,,2031.1597559447907,2683.281572999748,0.2430314520909276,400.6674237900144,1003.5245879605815,599,1500,0.3993333333333333,False,False,False,0.3333333333333333
1679,bezier_fillet,zero_current,False,time_limit,,1138.114309396861,1697.0562748477141,0.329359711716696,400.5844595488587,1010.1957865727305,728,1500,0.48533333333333334,False,False,False,0.2
1680,straight_east,normal_current,False,time_limit,,717.1063519083556,2400.0,0.7012056867048518,206.7127809402988,411.5491402528578,472,1500,0.31466666666666665,False,False,False,1.0
1681,straight_diagonal,normal_current,False,time_limit,,1044.9020179830989,2683.281572999748,0.6105880096605139,307.17000582518733,1036.399119642037,492,1500,0.328,False,False,False,1.0
1682,one_turn,normal_current,False,time_limit,,1784.8865240735477,2683.281572999748,0.3348120666747055,271.8287436023314,759.1399116018083,519,1500,0.346,False,False,False,0.5
1683,s_turn,normal_current,False,time_limit,,1714.3196522056082,2683.281572999748,0.3611107870840772,312.38159420710883,787.494518928462,320,1500,0.21333333333333335,False,False,False,0.6666666666666666
1684,bezier_fillet,normal_current,True,goal_reached,138.0,39.455207107054406,1697.0562748477141,0.9767507962512352,22.145960799327394,75.24842926894102,155,690,0.2246376811594203,False,False,False,0.8
1685,straight_east,normal_current,False,time_limit,,157.24533650814422,2400.0,0.9344811097882733,425.03559024102134,794.2047475490937,130,1500,0.08666666666666667,False,False,False,1.0
1686,straight_diagonal,normal_current,False,time_limit,,246.38260384533825,2683.281572999748,0.9081786248880706,256.8382236672772,593.8989337420609,183,1500,0.122,False,False,False,1.0
1687,one_turn,normal_current,False,time_limit,,1651.1405265691872,2683.281572999748,0.38465625703108336,370.4595866141627,765.8213238478774,36,1500,0.024,False,False,False,1.0
1688,s_turn,normal_current,False,time_limit,,1640.3851145814378,2683.281572999748,0.38866456241952063,408.89591629173134,1538.8914664652343,917,1500,0.6113333333333333,False,False,False,0.3333333333333333
1689,bezier_fillet,normal_current,False,time_limit,,462.30893073244744,1697.0562748477141,0.7275818500633204,435.039050716975,1303.9977924503198,982,1500,0.6546666666666666,False,False,False,0.2
1690,straight_east,normal_current,False,time_limit,,890.1815977979523,2400.0,0.6290910009175199,900.5982199320811,1250.5078388002698,0,1500,0.0,False,False,False,1.0
1691,straight_diagonal,normal_current,False,time_limit,,547.0755263326879,2683.281572999748,0.796116989048939,566.3314988141836,916.2017505285052,0,1500,0.0,False,False,False,1.0
1692,one_turn,normal_current,False,time_limit,,1577.5883286932274,2683.281572999748,0.41206754275527696,345.18845417562943,707.6024770074666,289,1500,0.19266666666666668,False,False,False,1.0
1693,s_turn,normal_current,False,time_limit,,2437.5498039850427,2683.281572999748,0.09157882329135954,320.6868548796499,748.8510420738974,398,1500,0.2653333333333333,False,False,False,0.6666666666666666
1694,bezier_fillet,normal_current,False,time_limit,,1451.8411751595056,1697.0562748477141,0.14449438319905625,127.2968572264326,258.7086879065276,730,1500,0.4866666666666667,False,False,False,0.1
1695,straight_east,current_limited,False,current_limited_safe_stop,,2968.2679279503636,2400.0,0.0,1678.5025809678532,2942.7753739850355,986,1500,0.6573333333333333,True,False,False,1.0
1696,straight_diagonal,current_limited,False,current_limited_safe_stop,,2265.609354254004,2683.281572999748,0.1556572455714409,1134.5891331388204,1843.6301166337014,780,1500,0.52,True,False,False,1.0
1697,one_turn,current_limited,False,current_limited_safe_stop,,1622.3744670992442,2683.281572999748,0.39537673443434906,1541.1012159794739,2757.5859463086085,1272,1500,0.848,True,False,False,0.5
1698,s_turn,current_limited,False,current_limited_safe_stop,,1603.9295613698787,2683.281572999748,0.40225074494258845,1400.790108245448,2574.5496535926404,1344,1500,0.896,True,False,False,0.3333333333333333
1699,bezier_fillet,current_limited,False,current_limited_safe_stop,,1268.9849644866572,1697.0562748477141,0.2522434386564288,1253.9470812562868,2393.9659803652426,1448,1500,0.9653333333333334,True,False,False,0.1
1700,straight_east,zero_current,False,time_limit,,899.2264365251821,2400.0,0.6253223181145074,303.04847413957583,758.1714215450925,546,1500,0.364,False,False,False,1.0
1701,straight_diagonal,zero_current,False,time_limit,,816.977742256468,2683.281572999748,0.6955303720350392,269.68357366393025,748.9094035890637,441,1500,0.294,False,False,False,1.0
1702,one_turn,zero_current,False,time_limit,,1959.7933899910404,2683.281572999748,0.269628126354213,368.9293970736647,925.6900774154174,591,1500,0.394,False,False,False,0.5
1703,s_turn,zero_current,False,time_limit,,1957.626460326374,2683.281572999748,0.2704356933596555,400.66742379001596,1003.524587960585,599,1500,0.3993333333333333,False,False,False,0.3333333333333333
1704,bezier_fillet,zero_current,False,time_limit,,1158.454314868498,1697.0562748477141,0.317374248551391,363.20292432339545,937.9543803597306,602,1500,0.4013333333333333,False,False,False,0.4
1705,straight_east,normal_current,False,time_limit,,726.4397264063281,2400.0,0.6973167806640299,308.1051891497949,774.7799208085994,503,1500,0.3353333333333333,False,False,False,1.0
1706,straight_diagonal,normal_current,False,time_limit,,641.808939700061,2683.281572999748,0.7608119303772667,292.00663608203115,596.6211183058538,500,1500,0.3333333333333333,False,False,False,1.0
1707,one_turn,normal_current,False,time_limit,,1613.8610590543174,2683.281572999748,0.3985494942857907,372.5591010882336,956.1464056441291,572,1500,0.38133333333333336,False,False,False,0.5
1708,s_turn,normal_current,False,time_limit,,1576.5607888710674,2683.281572999748,0.4124504842372666,408.29796986061535,1022.4599347037397,698,1500,0.4653333333333333,False,False,False,0.3333333333333333
1709,bezier_fillet,normal_current,False,time_limit,,1167.9005523455821,1697.0562748477141,0.31180799973743706,313.58632094866874,788.2671667171883,716,1500,0.47733333333333333,False,False,False,0.5
1710,straight_east,normal_current,False,time_limit,,407.3987679400341,2400.0,0.8302505133583191,306.85519011609387,815.3535673904466,463,1500,0.30866666666666664,False,False,False,1.0
1711,straight_diagonal,normal_current,True,goal_reached,293.6,39.76058198671361,2683.281572999748,0.9851821059754592,275.5481951521519,484.9448526744244,242,1468,0.164850136239782,False,False,False,1.0
1712,one_turn,normal_current,False,time_limit,,1281.665741130941,2683.281572999748,0.5223513797330946,381.0369692353498,1011.8208768485015,545,1500,0.36333333333333334,False,False,False,0.5
1713,s_turn,normal_current,False,time_limit,,1612.6078507526352,2683.281572999748,0.39901653744454546,401.1996766114016,1027.7084515050774,543,1500,0.362,False,False,False,0.3333333333333333
1714,bezier_fillet,normal_current,False,time_limit,,1234.572263935195,1697.0562748477141,0.2725213169221629,239.08578040678833,589.2802841605554,542,1500,0.36133333333333334,False,False,False,0.4
1715,straight_east,normal_current,False,time_limit,,1044.50623006161,2400.0,0.5647890708076625,301.0871866526207,859.5467792812492,546,1500,0.364,False,False,False,1.0
1716,straight_diagonal,normal_current,False,time_limit,,333.13542259364687,2683.281572999748,0.8758477582279143,279.2678356728432,545.6364672152229,302,1500,0.20133333333333334,False,False,False,1.0
1717,one_turn,normal_current,False,time_limit,,1101.4165321859698,2683.281572999748,0.5895262937483478,369.68800138944886,1010.2052839844064,588,1500,0.392,False,False,False,0.5
1718,s_turn,normal_current,False,time_limit,,250.01799583265787,2683.281572999748,0.9068237942866529,1220.6940023153586,1850.3974952609842,1013,1500,0.6753333333333333,False,False,False,0.6666666666666666
1719,bezier_fillet,normal_current,False,time_limit,,835.899941804695,1697.0562748477141,0.5074412356303831,203.55352343335863,466.1519359757758,545,1500,0.36333333333333334,False,False,False,0.4
1720,straight_east,current_limited,False,current_limited_safe_stop,,2272.349550046808,2400.0,0.05318768748049668,295.36377393847977,836.1095730596917,926,1500,0.6173333333333333,True,False,False,1.0
1721,straight_diagonal,current_limited,False,current_limited_safe_stop,,1766.367589715764,2683.281572999748,0.3417136660238489,384.00346499019776,619.7033802407968,799,1500,0.5326666666666666,True,False,False,1.0
1722,one_turn,current_limited,False,current_limited_safe_stop,,1784.8698111339731,2683.281572999748,0.33481829521953754,1487.0251430331764,2931.0905533078485,1221,1500,0.814,True,False,False,1.0
1723,s_turn,current_limited,False,current_limited_safe_stop,,1526.4006870415815,2683.281572999748,0.43114405047877363,1681.9392933175068,3093.98367068524,1312,1500,0.8746666666666667,True,False,False,0.6666666666666666
1724,bezier_fillet,current_limited,False,current_limited_safe_stop,,2313.825013145671,1697.0562748477141,0.0,193.9974222421097,436.6437040108016,1352,1500,0.9013333333333333,True,False,False,0.3
1725,straight_east,zero_current,False,time_limit,,899.2264365251821,2400.0,0.6253223181145074,303.04847413957583,758.1714215450925,546,1500,0.364,False,False,False,1.0
1726,straight_diagonal,zero_current,False,time_limit,,816.977742256468,2683.281572999748,0.6955303720350392,269.68357366393025,748.9094035890637,441,1500,0.294,False,False,False,1.0
1727,one_turn,zero_current,False,time_limit,,1959.7933899910404,2683.281572999748,0.269628126354213,368.9293970736647,925.6900774154174,591,1500,0.394,False,False,False,0.5
1728,s_turn,zero_current,False,time_limit,,1957.626460326374,2683.281572999748,0.2704356933596555,400.66742379001596,1003.524587960585,599,1500,0.3993333333333333,False,False,False,0.3333333333333333
1729,bezier_fillet,zero_current,False,time_limit,,1158.454314868498,1697.0562748477141,0.317374248551391,363.20292432339545,937.9543803597306,602,1500,0.4013333333333333,False,False,False,0.4
1730,straight_east,normal_current,False,time_limit,,717.1063519083535,2400.0,0.7012056867048526,206.71278094029734,411.5491402528478,472,1500,0.31466666666666665,False,False,False,1.0
1731,straight_diagonal,normal_current,False,time_limit,,550.2115764832231,2683.281572999748,0.7949482521626982,324.1084800961678,552.0644427340335,279,1500,0.186,False,False,False,1.0
1732,one_turn,normal_current,False,time_limit,,2125.340320655235,2683.281572999748,0.20793242794894917,271.828743602331,759.1399116018063,519,1500,0.346,False,False,False,0.5
1733,s_turn,normal_current,False,time_limit,,2830.209747674599,2683.281572999748,0.0,428.1813341765025,1223.309848016469,679,1500,0.45266666666666666,False,False,False,0.6666666666666666
1734,bezier_fillet,normal_current,False,time_limit,,1584.1883076581782,1697.0562748477141,0.06650808748205131,328.9983202141062,789.3456199670082,611,1500,0.4073333333333333,False,False,False,0.3
1735,straight_east,normal_current,False,time_limit,,157.24533650815317,2400.0,0.9344811097882695,425.03559024101696,794.2047475490886,130,1500,0.08666666666666667,False,False,False,1.0
1736,straight_diagonal,normal_current,False,time_limit,,210.24935067275038,2683.281572999748,0.9216446932784231,662.5508862494519,996.3689037198353,0,1500,0.0,False,False,False,1.0
1737,one_turn,normal_current,False,time_limit,,1459.4389060411077,2683.281572999748,0.45609923284735915,308.19955210348263,598.2435019637119,128,1500,0.08533333333333333,False,False,False,1.0
1738,s_turn,normal_current,False,time_limit,,3174.5145082631775,2683.281572999748,0.0,408.8959162917284,1538.891466465222,917,1500,0.6113333333333333,False,False,False,0.3333333333333333
1739,bezier_fillet,normal_current,False,time_limit,,2501.361654030642,1697.0562748477141,0.0,483.278306025811,1355.154068815875,1017,1500,0.678,False,False,False,0.1
1740,straight_east,normal_current,False,time_limit,,890.1815977979683,2400.0,0.6290910009175132,900.5982199320872,1250.507838800277,0,1500,0.0,False,False,False,1.0
1741,straight_diagonal,normal_current,False,time_limit,,1588.0966239470697,2683.281572999748,0.408151332336072,1224.7744658351446,1705.412458087302,0,1500,0.0,False,False,False,1.0
1742,one_turn,normal_current,False,time_limit,,1440.6296848454074,2683.281572999748,0.46310901571359514,324.9970981415117,707.6024770074632,13,1500,0.008666666666666666,False,False,False,1.0
1743,s_turn,normal_current,False,time_limit,,2221.332369038283,2683.281572999748,0.17215830370162502,297.50325630346566,569.0898683024952,505,1500,0.33666666666666667,False,False,False,0.6666666666666666
1744,bezier_fillet,normal_current,False,time_limit,,1464.182983498513,1697.0562748477141,0.13722190289187552,137.1076639020369,301.18692292263773,740,1500,0.49333333333333335,False,False,False,0.1
1745,straight_east,current_limited,False,current_limited_safe_stop,,2968.2679279503745,2400.0,0.0,1678.5025809678557,2942.775373985047,986,1500,0.6573333333333333,True,False,False,1.0
1746,straight_diagonal,current_limited,False,current_limited_safe_stop,,3845.712963502896,2683.281572999748,0.0,1971.0187839026967,3579.7173094810705,1207,1500,0.8046666666666666,True,False,False,1.0
1747,one_turn,current_limited,False,current_limited_safe_stop,,3869.040646296633,2683.281572999748,0.0,1464.891315557885,2643.603515983261,1272,1500,0.848,True,False,False,0.5
1748,s_turn,current_limited,False,current_limited_safe_stop,,3863.991249353552,2683.281572999748,0.0,1400.7901082454493,2574.549653592637,1344,1500,0.896,True,False,False,0.3333333333333333
1749,bezier_fillet,current_limited,False,current_limited_safe_stop,,3642.3230388832303,1697.0562748477141,0.0,1309.9124224034088,2483.290293139137,1453,1500,0.9686666666666667,True,False,False,0.1
1750,straight_east,zero_current,False,time_limit,,899.2264365251821,2400.0,0.6253223181145074,303.04847413957583,758.1714215450925,546,1500,0.364,False,False,False,1.0
1751,straight_diagonal,zero_current,False,time_limit,,816.977742256468,2683.281572999748,0.6955303720350392,269.68357366393025,748.9094035890637,441,1500,0.294,False,False,False,1.0
1752,one_turn,zero_current,False,time_limit,,1959.7933899910404,2683.281572999748,0.269628126354213,368.9293970736647,925.6900774154174,591,1500,0.394,False,False,False,0.5
1753,s_turn,zero_current,False,time_limit,,1957.626460326374,2683.281572999748,0.2704356933596555,400.66742379001596,1003.524587960585,599,1500,0.3993333333333333,False,False,False,0.3333333333333333
1754,bezier_fillet,zero_current,False,time_limit,,1158.454314868498,1697.0562748477141,0.317374248551391,363.20292432339545,937.9543803597306,602,1500,0.4013333333333333,False,False,False,0.4
1755,straight_east,normal_current,False,time_limit,,940.1165377560911,2400.0,0.6082847759349621,287.49976000328655,902.3833684731189,407,1500,0.2713333333333333,False,False,False,1.0
1756,straight_diagonal,normal_current,False,time_limit,,819.4493635513423,2683.281572999748,0.6946092531633767,174.21417305459008,665.9555863630956,352,1500,0.23466666666666666,False,False,False,1.0
1757,one_turn,normal_current,False,time_limit,,2359.65652407021,2683.281572999748,0.12060793477135709,366.81718052315796,894.835419692949,717,1500,0.478,False,False,False,0.5
1758,s_turn,normal_current,False,time_limit,,2359.68239664155,2683.281572999748,0.12059829263331219,396.0891184985538,974.5573899310994,717,1500,0.478,False,False,False,0.3333333333333333
1759,bezier_fillet,normal_current,False,time_limit,,1405.5445892249854,1697.0562748477141,0.17177490808246038,456.40183225501517,1079.1610550613646,711,1500,0.474,False,False,False,0.4
1760,straight_east,normal_current,False,time_limit,,115.07715317278044,2400.0,0.9520511861780081,280.08883899604814,487.01013840554674,129,1500,0.086,False,False,False,1.0
1761,straight_diagonal,normal_current,False,time_limit,,142.6947860731367,2683.281572999748,0.946820793050946,462.89854009116743,760.0659925474102,0,1500,0.0,False,False,False,1.0
1762,one_turn,normal_current,False,time_limit,,1199.5370870542872,2683.281572999748,0.5529589219690885,256.1567508018458,587.4440826114405,258,1500,0.172,False,False,False,1.0
1763,s_turn,normal_current,False,time_limit,,2210.358584868817,2683.281572999748,0.1762479915971812,278.08160968018615,656.2690882202437,608,1500,0.4053333333333333,False,False,False,0.3333333333333333
1764,bezier_fillet,normal_current,False,time_limit,,2157.428287054183,1697.0562748477141,0.0,303.42440878951885,767.7339254210436,877,1500,0.5846666666666667,False,False,False,0.1
1765,straight_east,normal_current,False,time_limit,,972.4478773420999,2400.0,0.5948133844407917,521.723096846508,708.7535159091854,0,1500,0.0,False,False,False,1.0
1766,straight_diagonal,normal_current,False,time_limit,,1639.7867383939815,2683.281572999748,0.3888875640580655,979.95153267017,1414.8368280487493,0,1500,0.0,False,False,False,1.0
1767,one_turn,normal_current,False,time_limit,,1380.477715284407,2683.281572999748,0.48552633120007765,195.25732288136166,407.31421546997444,112,1500,0.07466666666666667,False,False,False,1.0
1768,s_turn,normal_current,False,time_limit,,1983.4646116267108,2683.281572999748,0.26080638290624253,162.42511417621657,375.9520332864099,311,1500,0.20733333333333334,False,False,False,0.6666666666666666
1769,bezier_fillet,normal_current,False,time_limit,,1306.4014038689832,1697.0562748477141,0.23019559031051373,205.61794920754087,521.3219357911466,601,1500,0.40066666666666667,False,False,False,0.3
1770,straight_east,current_limited,False,current_limited_safe_stop,,4806.506342885583,2400.0,0.0,701.4101046397772,1261.8080560480985,1499,1500,0.9993333333333333,True,False,False,1.0
1771,straight_diagonal,current_limited,False,current_limited_safe_stop,,4726.150432601913,2683.281572999748,0.0,1527.7926957649338,2847.069081922637,1499,1500,0.9993333333333333,True,False,False,1.0
1772,one_turn,current_limited,False,current_limited_safe_stop,,4664.8468584369675,2683.281572999748,0.0,591.6453653532184,1032.9598127838594,1499,1500,0.9993333333333333,True,False,False,0.5
1773,s_turn,current_limited,False,current_limited_safe_stop,,4680.141073945904,2683.281572999748,0.0,532.4036181677478,931.741704075857,1499,1500,0.9993333333333333,True,False,False,0.3333333333333333
1774,bezier_fillet,current_limited,False,current_limited_safe_stop,,3513.790624415668,1697.0562748477141,0.0,481.64962655936836,899.4110768465985,1499,1500,0.9993333333333333,True,False,False,0.1
1775,straight_east,zero_current,False,time_limit,,899.2264365251821,2400.0,0.6253223181145074,303.04847413957583,758.1714215450925,546,1500,0.364,False,False,False,1.0
1776,straight_diagonal,zero_current,False,time_limit,,816.977742256468,2683.281572999748,0.6955303720350392,269.68357366393025,748.9094035890637,441,1500,0.294,False,False,False,1.0
1777,one_turn,zero_current,False,time_limit,,1959.7933899910404,2683.281572999748,0.269628126354213,368.9293970736647,925.6900774154174,591,1500,0.394,False,False,False,0.5
1778,s_turn,zero_current,False,time_limit,,1957.626460326374,2683.281572999748,0.2704356933596555,400.66742379001596,1003.524587960585,599,1500,0.3993333333333333,False,False,False,0.3333333333333333
1779,bezier_fillet,zero_current,False,time_limit,,1158.454314868498,1697.0562748477141,0.317374248551391,363.20292432339545,937.9543803597306,602,1500,0.4013333333333333,False,False,False,0.4
1780,straight_east,normal_current,False,time_limit,,697.941507495062,2400.0,0.7091910385437241,295.6479534273122,504.12207042527325,420,1500,0.28,False,False,False,1.0
1781,straight_diagonal,normal_current,False,time_limit,,588.4638138624525,2683.281572999748,0.7806924849841288,227.84099676211278,465.16865169986386,437,1500,0.29133333333333333,False,False,False,1.0
1782,one_turn,normal_current,False,time_limit,,1704.4160051422843,2683.281572999748,0.3648016584272036,290.6533748864306,613.3366315012377,842,1500,0.5613333333333334,False,False,False,0.5
1783,s_turn,normal_current,False,time_limit,,1708.766012872168,2683.281572999748,0.36318050626275866,322.0002018719875,679.865354309748,615,1500,0.41,False,False,False,0.3333333333333333
1784,bezier_fillet,normal_current,False,time_limit,,896.3905026078828,1697.0562748477141,0.47179683084562374,364.28996247101134,779.3376692069606,867,1500,0.578,False,False,False,0.1
1785,straight_east,normal_current,False,time_limit,,137.35510708886437,2400.0,0.9427687053796399,485.78811466838425,848.9210649089484,103,1500,0.06866666666666667,False,False,False,1.0
1786,straight_diagonal,normal_current,False,time_limit,,184.7858408550679,2683.281572999748,0.9311343830947684,372.23240974114896,720.7225076454149,139,1500,0.09266666666666666,False,False,False,1.0
1787,one_turn,normal_current,False,time_limit,,1771.005603700581,2683.281572999748,0.33998518026540797,441.94778329649705,880.8691417153893,118,1500,0.07866666666666666,False,False,False,1.0
1788,s_turn,normal_current,False,time_limit,,2508.467232718185,2683.281572999748,0.06514945805189229,198.03564698374947,448.4317759868936,531,1500,0.354,False,False,False,0.3333333333333333
1789,bezier_fillet,normal_current,False,time_limit,,521.8400077711724,1697.0562748477141,0.6925028265088028,511.5478434481691,1479.2002122848728,1057,1500,0.7046666666666667,False,False,False,0.1
1790,straight_east,normal_current,False,time_limit,,951.7520065765243,2400.0,0.6034366639264482,959.4610904817696,1298.1075540488619,0,1500,0.0,False,False,False,1.0
1791,straight_diagonal,normal_current,False,time_limit,,634.324459014832,2683.281572999748,0.7636012316420094,659.2545004020675,993.2824067245062,0,1500,0.0,False,False,False,1.0
1792,one_turn,normal_current,False,time_limit,,2030.89242705737,2683.281572999748,0.2431310796850313,390.12788137490156,740.6899734362014,239,1500,0.15933333333333333,False,False,False,1.0
1793,s_turn,normal_current,False,time_limit,,2094.9123547390454,2683.281572999748,0.21927226131655683,270.35416170539395,573.9264535093193,457,1500,0.30466666666666664,False,False,False,0.3333333333333333
1794,bezier_fillet,normal_current,False,time_limit,,1931.9966651591585,1697.0562748477141,0.0,206.25351993065254,427.87352565373277,780,1500,0.52,False,False,False,0.2
1795,straight_east,current_limited,False,current_limited_safe_stop,,3011.126655796725,2400.0,0.0,1726.2356389097906,2987.5088076104416,993,1500,0.662,True,False,False,1.0
1796,straight_diagonal,current_limited,False,current_limited_safe_stop,,2327.6043897184427,2683.281572999748,0.1325530599771083,1213.9320045651261,1910.3414713033676,788,1500,0.5253333333333333,True,False,False,1.0
1797,one_turn,current_limited,False,current_limited_safe_stop,,1643.288927122832,2683.281572999748,0.3875823753801083,1575.1310568681413,2780.727950121461,1271,1500,0.8473333333333334,True,False,False,0.5
1798,s_turn,current_limited,False,current_limited_safe_stop,,1628.7439713713566,2683.281572999748,0.3930029603451126,1440.223550043418,2607.837725702847,1362,1500,0.908,True,False,False,0.3333333333333333
1799,bezier_fillet,current_limited,False,current_limited_safe_stop,,1400.343306298467,1697.0562748477141,0.17483979343930284,1378.6420005856446,2531.49459129307,1462,1500,0.9746666666666667,True,False,False,0.1
1800,straight_east,zero_current,True,goal_reached,175.0,38.86571790510334,2400.0,0.9838059508728736,0.0,0.0,0,875,0.0,False,False,False,1.0
1801,straight_diagonal,zero_current,False,time_limit,,801.1353084573698,2683.281572999748,0.7014344985190099,307.0866561865178,726.6067775201931,427,1500,0.2846666666666667,False,False,False,1.0
1802,one_turn,zero_current,False,time_limit,,1801.1274725073263,2683.281572999748,0.32875942255520585,282.1122379113034,694.7175591785626,329,1500,0.21933333333333332,False,False,False,1.0
1803,s_turn,zero_current,False,time_limit,,1953.0469348346783,2683.281572999748,0.2721423817436763,285.79461111061744,695.3402939267812,571,1500,0.38066666666666665,False,False,False,0.6666666666666666
1804,bezier_fillet,zero_current,False,time_limit,,1119.8324924497324,1697.0562748477141,0.34013237566313415,408.29760013253593,1030.582074588017,596,1500,0.3973333333333333,False,False,False,0.5
1805,straight_east,normal_current,True,goal_reached,161.0,39.397951889924116,2400.0,0.9835841867125317,0.0,0.0,0,805,0.0,False,False,False,1.0
1806,straight_diagonal,normal_current,False,time_limit,,631.5289012390328,2683.281572999748,0.7646430745122953,318.6527919523976,575.1714871280197,486,1500,0.324,False,False,False,1.0
1807,one_turn,normal_current,False,time_limit,,1515.3028906725992,2683.281572999748,0.43527995499235606,313.0957574102855,819.3309939373185,289,1500,0.19266666666666668,False,False,False,1.0
1808,s_turn,normal_current,False,time_limit,,1818.0600802018864,2683.281572999748,0.32244901224831046,301.542651552764,818.5615839270149,612,1500,0.408,False,False,False,0.6666666666666666
1809,bezier_fillet,normal_current,False,time_limit,,1064.8106285417462,1697.0562748477141,0.3725543198988512,379.74410586033275,958.9149547051893,717,1500,0.478,False,False,False,0.4
1810,straight_east,normal_current,True,goal_reached,141.20000000000002,39.41475254492161,2400.0,0.983577186439616,0.0,0.0,0,706,0.0,False,False,False,1.0
1811,straight_diagonal,normal_current,True,goal_reached,292.40000000000003,38.224565999895205,2683.281572999748,0.9857545453356344,296.74968575976993,513.8118265309145,219,1462,0.14979480164158687,False,False,False,1.0
1812,one_turn,normal_current,False,time_limit,,1117.0821431257448,2683.281572999748,0.5836880652532809,494.5386447834743,1080.3513920383211,244,1500,0.16266666666666665,False,False,False,1.0
1813,s_turn,normal_current,False,time_limit,,1833.2282104267256,2683.281572999748,0.31679618386925884,473.71705186318286,1081.1721369449983,584,1500,0.3893333333333333,False,False,False,1.0
1814,bezier_fillet,normal_current,False,time_limit,,1227.7598765115595,1697.0562748477141,0.27653555470826513,287.09833246099737,757.5007727945292,553,1500,0.36866666666666664,False,False,False,0.3
1815,straight_east,normal_current,True,goal_reached,127.4,39.209373466751,2400.0,0.9836627610555204,0.0,0.0,0,637,0.0,False,False,False,1.0
1816,straight_diagonal,normal_current,False,time_limit,,279.0865962229473,2683.281572999748,0.895990566539409,299.4815928344357,571.8649829921758,225,1500,0.15,False,False,False,1.0
1817,one_turn,normal_current,False,time_limit,,522.6681702134924,2683.281572999748,0.8052130736212001,827.9218698131125,1379.0004870432895,457,1500,0.30466666666666664,False,False,False,1.0
1818,s_turn,normal_current,False,time_limit,,984.7597301459986,2683.281572999748,0.6330017169815331,822.8729418410768,1372.3037567552242,566,1500,0.37733333333333335,False,False,False,0.6666666666666666
1819,bezier_fillet,normal_current,False,time_limit,,865.7572745149936,1697.0562748477141,0.48984763360738726,235.9573658168168,622.8298316268371,586,1500,0.39066666666666666,False,False,False,0.3
1820,straight_east,current_limited,True,goal_reached,112.80000000000001,36.790319012196505,2400.0,0.9846707004115848,0.0,0.0,0,564,0.0,True,False,False,1.0
1821,straight_diagonal,current_limited,False,current_limited_safe_stop,,1764.9242709939335,2683.281572999748,0.3422515591530508,407.55158203396843,644.8609509397966,792,1500,0.528,True,False,False,1.0
1822,one_turn,current_limited,False,current_limited_safe_stop,,1649.7776523296166,2683.281572999748,0.3851641702718272,1395.3694342554425,2777.689168221067,1212,1500,0.808,True,False,False,1.0
1823,s_turn,current_limited,False,current_limited_safe_stop,,1367.10380136747,2683.281572999748,0.49051049464066127,1575.019813193897,2927.7310130149926,1308,1500,0.872,True,False,False,0.6666666666666666
1824,bezier_fillet,current_limited,False,current_limited_safe_stop,,2222.903195940584,1697.0562748477141,0.0,199.85885159860047,439.006190974241,1351,1500,0.9006666666666666,True,False,False,0.3
1825,straight_east,zero_current,True,goal_reached,175.0,38.86571790510334,2400.0,0.9838059508728736,0.0,0.0,0,875,0.0,False,False,False,1.0
1826,straight_diagonal,zero_current,False,time_limit,,801.1353084573698,2683.281572999748,0.7014344985190099,307.0866561865178,726.6067775201931,427,1500,0.2846666666666667,False,False,False,1.0
1827,one_turn,zero_current,False,time_limit,,1801.1274725073263,2683.281572999748,0.32875942255520585,282.1122379113034,694.7175591785626,329,1500,0.21933333333333332,False,False,False,1.0
1828,s_turn,zero_current,False,time_limit,,1953.0469348346783,2683.281572999748,0.2721423817436763,285.79461111061744,695.3402939267812,571,1500,0.38066666666666665,False,False,False,0.6666666666666666
1829,bezier_fillet,zero_current,False,time_limit,,1119.8324924497324,1697.0562748477141,0.34013237566313415,408.29760013253593,1030.582074588017,596,1500,0.3973333333333333,False,False,False,0.5
1830,straight_east,normal_current,False,time_limit,,704.6489408403353,2400.0,0.7063962746498602,264.8892181907182,465.4044420336895,438,1500,0.292,False,False,False,1.0
1831,straight_diagonal,normal_current,False,time_limit,,528.3051494285953,2683.281572999748,0.8031122955024129,352.7465730675921,582.6924440896535,266,1500,0.17733333333333334,False,False,False,1.0
1832,one_turn,normal_current,False,time_limit,,2328.3849958903984,2683.281572999748,0.13226214523308352,271.93438122929354,637.7893088435069,717,1500,0.478,False,False,False,0.5
1833,s_turn,normal_current,False,time_limit,,2343.2008488166193,2683.281572999748,0.12674060285180533,310.4468269738346,740.5265024266225,675,1500,0.45,False,False,False,0.3333333333333333
1834,bezier_fillet,normal_current,False,time_limit,,1569.445374140599,1697.0562748477141,0.07519544436943695,358.1335662291289,795.6686465077776,696,1500,0.464,False,False,False,0.2
1835,straight_east,normal_current,False,time_limit,,148.00852826375177,2400.0,0.9383297798901034,457.26045166659526,823.3457749520217,119,1500,0.07933333333333334,False,False,False,1.0
1836,straight_diagonal,normal_current,False,time_limit,,239.0688611677102,2683.281572999748,0.9109042958542567,697.1177430145499,1023.1960440956091,0,1500,0.0,False,False,False,1.0
1837,one_turn,normal_current,False,time_limit,,1259.862584823137,2683.281572999748,0.5304769363378118,265.9828863388092,474.2872697030248,0,1500,0.0,False,False,False,1.0
1838,s_turn,normal_current,False,time_limit,,3218.0561214311742,2683.281572999748,0.0,455.28853662487654,1585.5836175355216,928,1500,0.6186666666666667,False,False,False,0.3333333333333333
1839,bezier_fillet,normal_current,False,time_limit,,2580.2111403850326,1697.0562748477141,0.0,501.6749080031198,1430.762959458975,1030,1500,0.6866666666666666,False,False,False,0.1
1840,straight_east,normal_current,False,time_limit,,917.9204872726262,2400.0,0.6175331303030723,929.875952964621,1273.456081974542,0,1500,0.0,False,False,False,1.0
1841,straight_diagonal,normal_current,False,time_limit,,1626.4779323741213,2683.281572999748,0.3938474632180265,1255.2650650412984,1734.7267317814587,0,1500,0.0,False,False,False,1.0
1842,one_turn,normal_current,False,time_limit,,1615.481377356966,2683.281572999748,0.39794563730747246,351.7356883614954,720.6219590276255,0,1500,0.0,False,False,False,1.0
1843,s_turn,normal_current,False,time_limit,,2196.8679097843124,2683.281572999748,0.18127566935573375,245.04296533434783,566.5854737868167,530,1500,0.35333333333333333,False,False,False,0.3333333333333333
1844,bezier_fillet,normal_current,False,time_limit,,1793.2705242345721,1697.0562748477141,0.0,169.49637637939264,378.2879868762979,688,1500,0.45866666666666667,False,False,False,0.2
1845,straight_east,current_limited,False,current_limited_safe_stop,,2989.0116710246393,2400.0,0.0,1701.934218740553,2964.157669813815,991,1500,0.6606666666666666,True,False,False,1.0
1846,straight_diagonal,current_limited,False,current_limited_safe_stop,,3875.90332160291,2683.281572999748,0.0,1995.7826267284609,3604.4873178297726,1201,1500,0.8006666666666666,True,False,False,1.0
1847,one_turn,current_limited,False,current_limited_safe_stop,,3888.5913196088645,2683.281572999748,0.0,1487.0192427173442,2663.594657881492,1273,1500,0.8486666666666667,True,False,False,0.5
1848,s_turn,current_limited,False,current_limited_safe_stop,,3875.633336086642,2683.281572999748,0.0,1417.264191985398,2587.125478597084,1352,1500,0.9013333333333333,True,False,False,0.3333333333333333
1849,bezier_fillet,current_limited,False,current_limited_safe_stop,,3699.4891723657006,1697.0562748477141,0.0,1364.8598590361971,2542.5700151629576,1460,1500,0.9733333333333334,True,False,False,0.1
1850,straight_east,zero_current,True,goal_reached,175.0,38.86571790510334,2400.0,0.9838059508728736,0.0,0.0,0,875,0.0,False,False,False,1.0
1851,straight_diagonal,zero_current,False,time_limit,,801.1353084573698,2683.281572999748,0.7014344985190099,307.0866561865178,726.6067775201931,427,1500,0.2846666666666667,False,False,False,1.0
1852,one_turn,zero_current,False,time_limit,,1801.1274725073263,2683.281572999748,0.32875942255520585,282.1122379113034,694.7175591785626,329,1500,0.21933333333333332,False,False,False,1.0
1853,s_turn,zero_current,False,time_limit,,1953.0469348346783,2683.281572999748,0.2721423817436763,285.79461111061744,695.3402939267812,571,1500,0.38066666666666665,False,False,False,0.6666666666666666
1854,bezier_fillet,zero_current,False,time_limit,,1119.8324924497324,1697.0562748477141,0.34013237566313415,408.29760013253593,1030.582074588017,596,1500,0.3973333333333333,False,False,False,0.5
1855,straight_east,normal_current,True,goal_reached,194.0,39.6376167327594,2400.0,0.9834843263613503,0.0,0.0,0,970,0.0,False,False,False,1.0
1856,straight_diagonal,normal_current,False,time_limit,,791.7132555234984,2683.281572999748,0.7049458903269661,255.82522234349565,684.3352764789649,335,1500,0.22333333333333333,False,False,False,1.0
1857,one_turn,normal_current,False,time_limit,,2001.4706716543822,2683.281572999748,0.25409592053477337,250.75145775841762,792.5572400955674,335,1500,0.22333333333333333,False,False,False,1.0
1858,s_turn,normal_current,False,time_limit,,2345.5740602578458,2683.281572999748,0.12585615916721155,338.30548745599236,702.1358350016842,584,1500,0.3893333333333333,False,False,False,0.6666666666666666
1859,bezier_fillet,normal_current,False,time_limit,,731.7122060549788,1697.0562748477141,0.5688344476846301,198.8187347698479,779.868132885786,563,1500,0.37533333333333335,False,False,False,1.0
1860,straight_east,normal_current,False,time_limit,,100.42026262671016,2400.0,0.9581582239055374,0.0,0.0,67,1500,0.04466666666666667,False,False,False,1.0
1861,straight_diagonal,normal_current,False,time_limit,,164.79757890125612,2683.281572999748,0.9385835685082343,113.96040667829357,195.0783441737899,138,1500,0.092,False,False,False,1.0
1862,one_turn,normal_current,False,time_limit,,1326.9748985842402,2683.281572999748,0.5054656537216249,107.26699765485323,342.820759704035,325,1500,0.21666666666666667,False,False,False,1.0
1863,s_turn,normal_current,False,time_limit,,2803.527795715053,2683.281572999748,0.0,378.85842868435384,1126.9723731037088,630,1500,0.42,False,False,False,0.6666666666666666
1864,bezier_fillet,normal_current,False,time_limit,,2024.210597006578,1697.0562748477141,0.0,230.54937553573748,656.9747971371299,1023,1500,0.682,False,False,False,0.5
1865,straight_east,normal_current,False,time_limit,,638.091522896957,2400.0,0.7341285321262679,0.0,0.0,0,1500,0.0,False,False,False,1.0
1866,straight_diagonal,normal_current,False,time_limit,,1608.1023592053887,2683.281572999748,0.4006956350064944,851.077765050841,1348.1814235252878,0,1500,0.0,False,False,False,1.0
1867,one_turn,normal_current,False,time_limit,,1549.171984869053,2683.281572999748,0.4226576888324204,33.81493732367289,335.8402524595783,15,1500,0.01,False,False,False,1.0
1868,s_turn,normal_current,False,time_limit,,1866.823111540872,2683.281572999748,0.304276103437823,112.85289432201044,399.87340019734745,357,1500,0.238,False,False,False,0.6666666666666666
1869,bezier_fillet,normal_current,False,time_limit,,1211.5510964351029,1697.0562748477141,0.28608666996395166,310.8413262741774,1140.0096734438891,805,1500,0.5366666666666666,False,False,False,0.2
1870,straight_east,current_limited,False,current_limited_safe_stop,,4730.45974397833,2400.0,0.0,0.0,0.0,1499,1500,0.9993333333333333,True,False,False,1.0
1871,straight_diagonal,current_limited,False,current_limited_safe_stop,,4727.751860020814,2683.281572999748,0.0,1459.4742699168276,2805.338002990058,1499,1500,0.9993333333333333,True,False,False,1.0
1872,one_turn,current_limited,False,current_limited_safe_stop,,4880.291936902907,2683.281572999748,0.0,0.0,0.0,1499,1500,0.9993333333333333,True,False,False,0.5
1873,s_turn,current_limited,False,current_limited_safe_stop,,4880.291936902907,2683.281572999748,0.0,0.0,0.0,1499,1500,0.9993333333333333,True,False,False,0.3333333333333333
1874,bezier_fillet,current_limited,False,current_limited_safe_stop,,3510.581384358818,1697.0562748477141,0.0,453.7650433631973,896.9510388304536,1499,1500,0.9993333333333333,True,False,False,0.1
1875,straight_east,zero_current,True,goal_reached,175.0,38.86571790510334,2400.0,0.9838059508728736,0.0,0.0,0,875,0.0,False,False,False,1.0
1876,straight_diagonal,zero_current,False,time_limit,,801.1353084573698,2683.281572999748,0.7014344985190099,307.0866561865178,726.6067775201931,427,1500,0.2846666666666667,False,False,False,1.0
1877,one_turn,zero_current,False,time_limit,,1801.1274725073263,2683.281572999748,0.32875942255520585,282.1122379113034,694.7175591785626,329,1500,0.21933333333333332,False,False,False,1.0
1878,s_turn,zero_current,False,time_limit,,1953.0469348346783,2683.281572999748,0.2721423817436763,285.79461111061744,695.3402939267812,571,1500,0.38066666666666665,False,False,False,0.6666666666666666
1879,bezier_fillet,zero_current,False,time_limit,,1119.8324924497324,1697.0562748477141,0.34013237566313415,408.29760013253593,1030.582074588017,596,1500,0.3973333333333333,False,False,False,0.5
1880,straight_east,normal_current,False,time_limit,,704.6489408403376,2400.0,0.7063962746498593,264.889218190719,465.40444203368907,438,1500,0.292,False,False,False,1.0
1881,straight_diagonal,normal_current,False,time_limit,,1066.5834517525816,2683.281572999748,0.6025078163674767,269.048953118443,1060.3454877688298,505,1500,0.33666666666666667,False,False,False,1.0
1882,one_turn,normal_current,False,time_limit,,1714.9187478508986,2683.281572999748,0.36088751731942825,271.93438122929433,637.7893088435198,717,1500,0.478,False,False,False,0.5
1883,s_turn,normal_current,False,time_limit,,1723.379112832506,2683.281572999748,0.3577345254505394,310.4468269738355,740.5265024266264,675,1500,0.45,False,False,False,0.3333333333333333
1884,bezier_fillet,normal_current,False,time_limit,,732.6579259185175,1697.0562748477141,0.5682771769107876,436.274846015497,1075.2629222328273,591,1500,0.394,False,False,False,0.6
1885,straight_east,normal_current,False,time_limit,,148.00852826375547,2400.0,0.9383297798901018,457.26045166659617,823.345774952023,119,1500,0.07933333333333334,False,False,False,1.0
1886,straight_diagonal,normal_current,False,time_limit,,205.7554996295415,2683.281572999748,0.923319452680652,330.4492780657757,679.1697490421172,154,1500,0.10266666666666667,False,False,False,1.0
1887,one_turn,normal_current,False,time_limit,,1742.5603110250668,2683.281572999748,0.35058611494246245,429.34561558216615,873.9363298199933,115,1500,0.07666666666666666,False,False,False,1.0
1888,s_turn,normal_current,False,time_limit,,1656.8294530549026,2683.281572999748,0.3825361193075736,455.28853662487444,1585.5836175355157,928,1500,0.6186666666666667,False,False,False,0.3333333333333333
1889,bezier_fillet,normal_current,False,time_limit,,470.822701523762,1697.0562748477141,0.722565062513315,495.2806350447874,1392.9883720886803,1034,1500,0.6893333333333334,False,False,False,0.1
1890,straight_east,normal_current,False,time_limit,,917.920487272619,2400.0,0.6175331303030753,929.8759529646185,1273.4560819745402,0,1500,0.0,False,False,False,1.0
1891,straight_diagonal,normal_current,False,time_limit,,605.432084426037,2683.281572999748,0.774368783910665,627.6806102637283,967.7926772835701,0,1500,0.0,False,False,False,1.0
1892,one_turn,normal_current,False,time_limit,,2053.6267262566707,2683.281572999748,0.23465850661328871,362.45349274041985,720.6219590276294,287,1500,0.19133333333333333,False,False,False,1.0
1893,s_turn,normal_current,False,time_limit,,2403.938615593771,2683.281572999748,0.10410497363259877,245.0429653343598,566.5854737868185,530,1500,0.35333333333333333,False,False,False,0.3333333333333333
1894,bezier_fillet,normal_current,False,time_limit,,1636.9017475214298,1697.0562748477141,0.035446395159572604,159.58278826179273,329.63038012451955,682,1500,0.45466666666666666,False,False,False,0.2
1895,straight_east,current_limited,False,current_limited_safe_stop,,2989.0116710246334,2400.0,0.0,1701.9342187405532,2964.1576698138097,991,1500,0.6606666666666666,True,False,False,1.0
1896,straight_diagonal,current_limited,False,current_limited_safe_stop,,2306.65976999211,2683.281572999748,0.1403586588889355,1185.93946297989,1887.4493664375357,786,1500,0.524,True,False,False,1.0
1897,one_turn,current_limited,False,current_limited_safe_stop,,1633.6653885089306,2683.281572999748,0.39116885646757127,1558.7472400009162,2770.1488731482204,1273,1500,0.8486666666666667,True,False,False,0.5
1898,s_turn,current_limited,False,current_limited_safe_stop,,1613.1743422581585,2683.281572999748,0.3988054185253744,1417.2641919853945,2587.1254785970773,1352,1500,0.9013333333333333,True,False,False,0.3333333333333333
1899,bezier_fillet,current_limited,False,current_limited_safe_stop,,1322.0463603392132,1697.0562748477141,0.22097671130095706,1305.3859073106762,2449.893375458741,1455,1500,0.97,True,False,False,0.1
1900,straight_east,zero_current,False,time_limit,,899.226436525178,2400.0,0.6253223181145091,303.0484741395743,758.1714215450929,546,1500,0.364,False,False,False,1.0
1901,straight_diagonal,zero_current,False,time_limit,,779.0801760226552,2683.281572999748,0.7096539610818069,333.221609911576,712.5491798339498,408,1500,0.272,False,False,False,1.0
1902,one_turn,zero_current,False,time_limit,,1991.2283259384753,2683.281572999748,0.257913017413077,368.9293970736674,925.6900774154224,591,1500,0.394,False,False,False,0.5
1903,s_turn,zero_current,False,time_limit,,2031.1597559447907,2683.281572999748,0.2430314520909276,400.6674237900144,1003.5245879605815,599,1500,0.3993333333333333,False,False,False,0.3333333333333333
1904,bezier_fillet,zero_current,False,time_limit,,1138.114309396861,1697.0562748477141,0.329359711716696,400.5844595488587,1010.1957865727305,728,1500,0.48533333333333334,False,False,False,0.2
1905,straight_east,normal_current,False,time_limit,,726.4397264063346,2400.0,0.6973167806640272,308.10518914979616,774.779920808601,503,1500,0.3353333333333333,False,False,False,1.0
1906,straight_diagonal,normal_current,False,time_limit,,620.3628729668145,2683.281572999748,0.7688044075548561,343.2273639212751,556.673455387747,465,1500,0.31,False,False,False,1.0
1907,one_turn,normal_current,False,time_limit,,1644.1756766152432,2683.281572999748,0.3872519033561008,372.55910108823895,956.146405644137,572,1500,0.38133333333333336,False,False,False,0.5
1908,s_turn,normal_current,False,time_limit,,1942.6764977635423,2683.281572999748,0.2760072154515836,408.29796986062144,1022.4599347037506,698,1500,0.4653333333333333,False,False,False,0.3333333333333333
1909,bezier_fillet,normal_current,False,time_limit,,2087.8743167011075,1697.0562748477141,0.0,450.076895792074,1001.0640315352555,881,1500,0.5873333333333334,False,False,False,0.1
1910,straight_east,normal_current,False,time_limit,,407.3987679400138,2400.0,0.8302505133583276,306.85519011609017,815.3535673904397,463,1500,0.30866666666666664,False,False,False,1.0
1911,straight_diagonal,normal_current,True,goal_reached,291.40000000000003,39.351040250603724,2683.281572999748,0.9853347331690534,321.5023099688071,546.9125431539264,190,1457,0.13040494166094715,False,False,False,1.0
1912,one_turn,normal_current,False,time_limit,,1517.189187721897,2683.281572999748,0.43457697358769154,381.036969235346,1011.8208768484944,545,1500,0.36333333333333334,False,False,False,0.5
1913,s_turn,normal_current,False,time_limit,,1971.6825747892212,2683.281572999748,0.26519728878658144,401.19967661139907,1027.708451505071,543,1500,0.362,False,False,False,0.3333333333333333
1914,bezier_fillet,normal_current,False,time_limit,,1370.6808624910516,1697.0562748477141,0.19231855607495982,328.4868071925385,851.9375192351629,566,1500,0.37733333333333335,False,False,False,0.2
1915,straight_east,normal_current,False,time_limit,,1044.506230061614,2400.0,0.5647890708076608,301.08718665261927,859.5467792812464,546,1500,0.364,False,False,False,1.0
1916,straight_diagonal,normal_current,False,time_limit,,240.87185995520252,2683.281572999748,0.9102323578788929,322.7367461682944,603.9064400815748,201,1500,0.134,False,False,False,1.0
1917,one_turn,normal_current,False,time_limit,,1299.1787531720959,2683.281572999748,0.5158246654972956,369.6880013894515,1010.2052839844102,588,1500,0.392,False,False,False,0.5
1918,s_turn,normal_current,False,time_limit,,1235.887523452002,2683.281572999748,0.5394119141695763,680.846853673037,1177.3968121309654,486,1500,0.324,False,False,False,0.6666666666666666
1919,bezier_fillet,normal_current,False,time_limit,,896.4130621803506,1697.0562748477141,0.4717835374900632,264.5361951438124,758.9955021044665,581,1500,0.3873333333333333,False,False,False,0.2
1920,straight_east,current_limited,False,current_limited_safe_stop,,2272.3495500468075,2400.0,0.05318768748049687,295.36377393847994,836.1095730596902,926,1500,0.6173333333333333,True,False,False,1.0
1921,straight_diagonal,current_limited,False,current_limited_safe_stop,,1760.837387805865,2683.281572999748,0.3437746505904878,437.14438638398383,677.1394428400449,780,1500,0.52,True,False,False,1.0
1922,one_turn,current_limited,False,current_limited_safe_stop,,1538.4364802750147,2683.281572999748,0.42665857517325884,1327.190506242857,2653.7342050955813,1189,1500,0.7926666666666666,True,False,False,1.0
1923,s_turn,current_limited,False,current_limited_safe_stop,,1230.4404842183046,2683.281572999748,0.5414419058366856,1486.0307615180345,2788.1882465655744,1297,1500,0.8646666666666667,True,False,False,0.6666666666666666
1924,bezier_fillet,current_limited,False,current_limited_safe_stop,,2297.164588215772,1697.0562748477141,0.0,188.85124192954063,513.856853132471,1396,1500,0.9306666666666666,True,False,False,0.2
1925,straight_east,zero_current,False,time_limit,,899.226436525178,2400.0,0.6253223181145091,303.0484741395743,758.1714215450929,546,1500,0.364,False,False,False,1.0
1926,straight_diagonal,zero_current,False,time_limit,,779.0801760226552,2683.281572999748,0.7096539610818069,333.221609911576,712.5491798339498,408,1500,0.272,False,False,False,1.0
1927,one_turn,zero_current,False,time_limit,,1991.2283259384753,2683.281572999748,0.257913017413077,368.9293970736674,925.6900774154224,591,1500,0.394,False,False,False,0.5
1928,s_turn,zero_current,False,time_limit,,2031.1597559447907,2683.281572999748,0.2430314520909276,400.6674237900144,1003.5245879605815,599,1500,0.3993333333333333,False,False,False,0.3333333333333333
1929,bezier_fillet,zero_current,False,time_limit,,1138.114309396861,1697.0562748477141,0.329359711716696,400.5844595488587,1010.1957865727305,728,1500,0.48533333333333334,False,False,False,0.2
1930,straight_east,normal_current,False,time_limit,,697.9415074950589,2400.0,0.7091910385437254,295.6479534273135,504.1220704252678,420,1500,0.28,False,False,False,1.0
1931,straight_diagonal,normal_current,False,time_limit,,487.63074582343285,2683.281572999748,0.8182707507366471,383.10779382315076,616.8824374822285,244,1500,0.16266666666666665,False,False,False,1.0
1932,one_turn,normal_current,False,time_limit,,2418.4808764575846,2683.281572999748,0.0986853929929284,290.6533748864318,613.3366315012231,842,1500,0.5613333333333334,False,False,False,0.5
1933,s_turn,normal_current,False,time_limit,,2406.079257410017,2683.281572999748,0.10330720352983133,322.00020187198726,679.8653543097539,615,1500,0.41,False,False,False,0.3333333333333333
1934,bezier_fillet,normal_current,False,time_limit,,1641.2874394033374,1697.0562748477141,0.03286210143466287,359.1606471908234,743.1737439462676,874,1500,0.5826666666666667,False,False,False,0.1
1935,straight_east,normal_current,False,time_limit,,137.3551070888596,2400.0,0.9427687053796417,485.7881146683893,848.921064908955,103,1500,0.06866666666666667,False,False,False,1.0
1936,straight_diagonal,normal_current,False,time_limit,,297.3181533467407,2683.281572999748,0.8891960663619968,740.24378163398,1057.6793266141794,0,1500,0.0,False,False,False,1.0
1937,one_turn,normal_current,False,time_limit,,1261.671230983132,2683.281572999748,0.5298028937109797,276.9417882469648,492.7094458105471,0,1500,0.0,False,False,False,1.0
1938,s_turn,normal_current,False,time_limit,,2148.5160844661805,2683.281572999748,0.19929533073032346,198.03564698375138,448.43177598690863,531,1500,0.354,False,False,False,0.3333333333333333
1939,bezier_fillet,normal_current,False,time_limit,,2704.308131630478,1697.0562748477141,0.0,519.7751468555384,1531.743986019033,1056,1500,0.704,False,False,False,0.1
1940,straight_east,normal_current,False,time_limit,,951.752006576522,2400.0,0.6034366639264491,959.4610904817673,1298.1075540488582,0,1500,0.0,False,False,False,1.0
1941,straight_diagonal,normal_current,False,time_limit,,1685.1069605903479,2683.281572999748,0.37199771446032054,1293.778474666515,1776.9388608835534,0,1500,0.0,False,False,False,1.0
1942,one_turn,normal_current,False,time_limit,,1670.8457992186177,2683.281572999748,0.37731253550453436,379.4898003906421,740.6899734362014,0,1500,0.0,False,False,False,1.0
1943,s_turn,normal_current,False,time_limit,,1847.04089858263,2683.281572999748,0.31164849892449076,270.3541617053858,573.926453509323,457,1500,0.30466666666666664,False,False,False,0.3333333333333333
1944,bezier_fillet,normal_current,False,time_limit,,1835.099677193881,1697.0562748477141,0.0,235.50811393521272,501.59144247671094,777,1500,0.518,False,False,False,0.2
1945,straight_east,current_limited,False,current_limited_safe_stop,,3011.1266557967147,2400.0,0.0,1726.2356389097813,2987.508807610431,993,1500,0.662,True,False,False,1.0
1946,straight_diagonal,current_limited,False,current_limited_safe_stop,,3921.722854815623,2683.281572999748,0.0,2028.515107559801,3639.9886175478023,1199,1500,0.7993333333333333,True,False,False,1.0
1947,one_turn,current_limited,False,current_limited_safe_stop,,3910.298794245385,2683.281572999748,0.0,1510.8010747700937,2685.634361981146,1271,1500,0.8473333333333334,True,False,False,0.5
1948,s_turn,current_limited,False,current_limited_safe_stop,,3894.9233635146493,2683.281572999748,0.0,1440.223550043424,2607.837725702856,1362,1500,0.908,True,False,False,0.3333333333333333
1949,bezier_fillet,current_limited,False,current_limited_safe_stop,,3793.2392905990446,1697.0562748477141,0.0,1452.7183027262029,2639.691306364362,1468,1500,0.9786666666666667,True,False,False,0.1
1950,straight_east,zero_current,False,time_limit,,899.226436525178,2400.0,0.6253223181145091,303.0484741395743,758.1714215450929,546,1500,0.364,False,False,False,1.0
1951,straight_diagonal,zero_current,False,time_limit,,779.0801760226552,2683.281572999748,0.7096539610818069,333.221609911576,712.5491798339498,408,1500,0.272,False,False,False,1.0
1952,one_turn,zero_current,False,time_limit,,1991.2283259384753,2683.281572999748,0.257913017413077,368.9293970736674,925.6900774154224,591,1500,0.394,False,False,False,0.5
1953,s_turn,zero_current,False,time_limit,,2031.1597559447907,2683.281572999748,0.2430314520909276,400.6674237900144,1003.5245879605815,599,1500,0.3993333333333333,False,False,False,0.3333333333333333
1954,bezier_fillet,zero_current,False,time_limit,,1138.114309396861,1697.0562748477141,0.329359711716696,400.5844595488587,1010.1957865727305,728,1500,0.48533333333333334,False,False,False,0.2
1955,straight_east,normal_current,False,time_limit,,940.1165377560916,2400.0,0.6082847759349619,287.4997600032853,902.3833684731219,407,1500,0.2713333333333333,False,False,False,1.0
1956,straight_diagonal,normal_current,False,time_limit,,754.8047904479928,2683.281572999748,0.7187008631359674,286.114879398412,668.6571090612608,318,1500,0.212,False,False,False,1.0
1957,one_turn,normal_current,False,time_limit,,2388.171667327605,2683.281572999748,0.10998096831941032,366.817180523157,894.8354196929477,717,1500,0.478,False,False,False,0.5
1958,s_turn,normal_current,False,time_limit,,2445.8052996986353,2683.281572999748,0.08850218169076766,396.0891184985566,974.5573899311039,717,1500,0.478,False,False,False,0.3333333333333333
1959,bezier_fillet,normal_current,False,time_limit,,1471.4220876245379,1697.0562748477141,0.13295621987751916,410.518212603072,1015.9233433660369,704,1500,0.4693333333333333,False,False,False,0.2
1960,straight_east,normal_current,False,time_limit,,115.07715317277811,2400.0,0.9520511861780091,280.08883899604575,487.01013840554106,129,1500,0.086,False,False,False,1.0
1961,straight_diagonal,normal_current,False,time_limit,,150.1815339566774,2683.281572999748,0.9440306468512794,184.0464615759551,265.3029848397891,114,1500,0.076,False,False,False,1.0
1962,one_turn,normal_current,False,time_limit,,1216.0005428841598,2683.281572999748,0.5468233542390618,152.19109696809124,310.002787823247,301,1500,0.20066666666666666,False,False,False,1.0
1963,s_turn,normal_current,False,time_limit,,2579.8620472408074,2683.281572999748,0.03854218163296354,278.0816096801855,656.2690882202478,608,1500,0.4053333333333333,False,False,False,0.3333333333333333
1964,bezier_fillet,normal_current,False,time_limit,,2129.9042716163844,1697.0562748477141,0.0,270.1757814611557,638.7595921156711,892,1500,0.5946666666666667,False,False,False,0.1
1965,straight_east,normal_current,False,time_limit,,972.447877342102,2400.0,0.5948133844407909,521.7230968465102,708.7535159091854,0,1500,0.0,False,False,False,1.0
1966,straight_diagonal,normal_current,False,time_limit,,1504.3376089518088,2683.281572999748,0.4393664742123766,446.9495137745936,1100.362387823718,0,1500,0.0,False,False,False,1.0
1967,one_turn,normal_current,False,time_limit,,1499.1782986202018,2683.281572999748,0.44128923564879163,185.54120692266724,407.3142154699658,0,1500,0.0,False,False,False,1.0
1968,s_turn,normal_current,False,time_limit,,2003.4078506279163,2683.281572999748,0.2533739765565391,171.65702606221092,417.59231522160735,344,1500,0.22933333333333333,False,False,False,0.6666666666666666
1969,bezier_fillet,normal_current,False,time_limit,,1202.0207249790158,1697.0562748477141,0.29170249520047326,192.83970919487626,441.87836709222944,594,1500,0.396,False,False,False,0.3
1970,straight_east,current_limited,False,current_limited_safe_stop,,4806.506342885581,2400.0,0.0,701.4101046397755,1261.8080560480912,1499,1500,0.9993333333333333,True,False,False,1.0
1971,straight_diagonal,current_limited,False,current_limited_safe_stop,,4719.030623766682,2683.281572999748,0.0,1328.4754427313053,2716.42354408045,1499,1500,0.9993333333333333,True,False,False,1.0
1972,one_turn,current_limited,False,current_limited_safe_stop,,5169.042785084271,2683.281572999748,0.0,591.645365353215,1032.959812783858,1499,1500,0.9993333333333333,True,False,False,0.5
1973,s_turn,current_limited,False,current_limited_safe_stop,,5135.764855559452,2683.281572999748,0.0,532.403618167745,931.7417040758514,1499,1500,0.9993333333333333,True,False,False,0.3333333333333333
1974,bezier_fillet,current_limited,False,current_limited_safe_stop,,4001.8609771786996,1697.0562748477141,0.0,338.05131462505847,635.3719823952524,1499,1500,0.9993333333333333,True,False,False,0.1
1975,straight_east,zero_current,False,time_limit,,899.226436525178,2400.0,0.6253223181145091,303.0484741395743,758.1714215450929,546,1500,0.364,False,False,False,1.0
1976,straight_diagonal,zero_current,False,time_limit,,779.0801760226552,2683.281572999748,0.7096539610818069,333.221609911576,712.5491798339498,408,1500,0.272,False,False,False,1.0
1977,one_turn,zero_current,False,time_limit,,1991.2283259384753,2683.281572999748,0.257913017413077,368.9293970736674,925.6900774154224,591,1500,0.394,False,False,False,0.5
1978,s_turn,zero_current,False,time_limit,,2031.1597559447907,2683.281572999748,0.2430314520909276,400.6674237900144,1003.5245879605815,599,1500,0.3993333333333333,False,False,False,0.3333333333333333
1979,bezier_fillet,zero_current,False,time_limit,,1138.114309396861,1697.0562748477141,0.329359711716696,400.5844595488587,1010.1957865727305,728,1500,0.48533333333333334,False,False,False,0.2
1980,straight_east,normal_current,False,time_limit,,717.1063519083556,2400.0,0.7012056867048518,206.7127809402988,411.5491402528578,472,1500,0.31466666666666665,False,False,False,1.0
1981,straight_diagonal,normal_current,False,time_limit,,1044.9020179830989,2683.281572999748,0.6105880096605139,307.17000582518733,1036.399119642037,492,1500,0.328,False,False,False,1.0
1982,one_turn,normal_current,False,time_limit,,1784.8865240735477,2683.281572999748,0.3348120666747055,271.8287436023314,759.1399116018083,519,1500,0.346,False,False,False,0.5
1983,s_turn,normal_current,False,time_limit,,1714.3196522056082,2683.281572999748,0.3611107870840772,312.38159420710883,787.494518928462,320,1500,0.21333333333333335,False,False,False,0.6666666666666666
1984,bezier_fillet,normal_current,True,goal_reached,138.0,39.455207107054406,1697.0562748477141,0.9767507962512352,22.145960799327394,75.24842926894102,155,690,0.2246376811594203,False,False,False,0.8
1985,straight_east,normal_current,False,time_limit,,157.24533650814422,2400.0,0.9344811097882733,425.03559024102134,794.2047475490937,130,1500,0.08666666666666667,False,False,False,1.0
1986,straight_diagonal,normal_current,False,time_limit,,246.38260384533825,2683.281572999748,0.9081786248880706,256.8382236672772,593.8989337420609,183,1500,0.122,False,False,False,1.0
1987,one_turn,normal_current,False,time_limit,,1651.1405265691872,2683.281572999748,0.38465625703108336,370.4595866141627,765.8213238478774,36,1500,0.024,False,False,False,1.0
1988,s_turn,normal_current,False,time_limit,,1640.3851145814378,2683.281572999748,0.38866456241952063,408.89591629173134,1538.8914664652343,917,1500,0.6113333333333333,False,False,False,0.3333333333333333
1989,bezier_fillet,normal_current,False,time_limit,,462.30893073244744,1697.0562748477141,0.7275818500633204,435.039050716975,1303.9977924503198,982,1500,0.6546666666666666,False,False,False,0.2
1990,straight_east,normal_current,False,time_limit,,890.1815977979523,2400.0,0.6290910009175199,900.5982199320811,1250.5078388002698,0,1500,0.0,False,False,False,1.0
1991,straight_diagonal,normal_current,False,time_limit,,547.0755263326879,2683.281572999748,0.796116989048939,566.3314988141836,916.2017505285052,0,1500,0.0,False,False,False,1.0
1992,one_turn,normal_current,False,time_limit,,1577.5883286932274,2683.281572999748,0.41206754275527696,345.18845417562943,707.6024770074666,289,1500,0.19266666666666668,False,False,False,1.0
1993,s_turn,normal_current,False,time_limit,,2437.5498039850427,2683.281572999748,0.09157882329135954,320.6868548796499,748.8510420738974,398,1500,0.2653333333333333,False,False,False,0.6666666666666666
1994,bezier_fillet,normal_current,False,time_limit,,1451.8411751595056,1697.0562748477141,0.14449438319905625,127.2968572264326,258.7086879065276,730,1500,0.4866666666666667,False,False,False,0.1
1995,straight_east,current_limited,False,current_limited_safe_stop,,2968.2679279503636,2400.0,0.0,1678.5025809678532,2942.7753739850355,986,1500,0.6573333333333333,True,False,False,1.0
1996,straight_diagonal,current_limited,False,current_limited_safe_stop,,2265.609354254004,2683.281572999748,0.1556572455714409,1134.5891331388204,1843.6301166337014,780,1500,0.52,True,False,False,1.0
1997,one_turn,current_limited,False,current_limited_safe_stop,,1622.3744670992442,2683.281572999748,0.39537673443434906,1541.1012159794739,2757.5859463086085,1272,1500,0.848,True,False,False,0.5
1998,s_turn,current_limited,False,current_limited_safe_stop,,1603.9295613698787,2683.281572999748,0.40225074494258845,1400.790108245448,2574.5496535926404,1344,1500,0.896,True,False,False,0.3333333333333333
1999,bezier_fillet,current_limited,False,current_limited_safe_stop,,1268.9849644866572,1697.0562748477141,0.2522434386564288,1253.9470812562868,2393.9659803652426,1448,1500,0.9653333333333334,True,False,False,0.1
2000,straight_east,zero_current,False,time_limit,,899.2264365251821,2400.0,0.6253223181145074,303.04847413957583,758.1714215450925,546,1500,0.364,False,False,False,1.0
2001,straight_diagonal,zero_current,False,time_limit,,816.977742256468,2683.281572999748,0.6955303720350392,269.68357366393025,748.9094035890637,441,1500,0.294,False,False,False,1.0
2002,one_turn,zero_current,False,time_limit,,1959.7933899910404,2683.281572999748,0.269628126354213,368.9293970736647,925.6900774154174,591,1500,0.394,False,False,False,0.5
2003,s_turn,zero_current,False,time_limit,,1957.626460326374,2683.281572999748,0.2704356933596555,400.66742379001596,1003.524587960585,599,1500,0.3993333333333333,False,False,False,0.3333333333333333
2004,bezier_fillet,zero_current,False,time_limit,,1158.454314868498,1697.0562748477141,0.317374248551391,363.20292432339545,937.9543803597306,602,1500,0.4013333333333333,False,False,False,0.4
2005,straight_east,normal_current,False,time_limit,,726.4397264063281,2400.0,0.6973167806640299,308.1051891497949,774.7799208085994,503,1500,0.3353333333333333,False,False,False,1.0
2006,straight_diagonal,normal_current,False,time_limit,,641.808939700061,2683.281572999748,0.7608119303772667,292.00663608203115,596.6211183058538,500,1500,0.3333333333333333,False,False,False,1.0
2007,one_turn,normal_current,False,time_limit,,1613.8610590543174,2683.281572999748,0.3985494942857907,372.5591010882336,956.1464056441291,572,1500,0.38133333333333336,False,False,False,0.5
2008,s_turn,normal_current,False,time_limit,,1576.5607888710674,2683.281572999748,0.4124504842372666,408.29796986061535,1022.4599347037397,698,1500,0.4653333333333333,False,False,False,0.3333333333333333
2009,bezier_fillet,normal_current,False,time_limit,,1167.9005523455821,1697.0562748477141,0.31180799973743706,313.58632094866874,788.2671667171883,716,1500,0.47733333333333333,False,False,False,0.5
2010,straight_east,normal_current,False,time_limit,,407.3987679400341,2400.0,0.8302505133583191,306.85519011609387,815.3535673904466,463,1500,0.30866666666666664,False,False,False,1.0
2011,straight_diagonal,normal_current,True,goal_reached,293.6,39.76058198671361,2683.281572999748,0.9851821059754592,275.5481951521519,484.9448526744244,242,1468,0.164850136239782,False,False,False,1.0
2012,one_turn,normal_current,False,time_limit,,1281.665741130941,2683.281572999748,0.5223513797330946,381.0369692353498,1011.8208768485015,545,1500,0.36333333333333334,False,False,False,0.5
2013,s_turn,normal_current,False,time_limit,,1612.6078507526352,2683.281572999748,0.39901653744454546,401.1996766114016,1027.7084515050774,543,1500,0.362,False,False,False,0.3333333333333333
2014,bezier_fillet,normal_current,False,time_limit,,1234.572263935195,1697.0562748477141,0.2725213169221629,239.08578040678833,589.2802841605554,542,1500,0.36133333333333334,False,False,False,0.4
2015,straight_east,normal_current,False,time_limit,,1044.50623006161,2400.0,0.5647890708076625,301.0871866526207,859.5467792812492,546,1500,0.364,False,False,False,1.0
2016,straight_diagonal,normal_current,False,time_limit,,333.13542259364687,2683.281572999748,0.8758477582279143,279.2678356728432,545.6364672152229,302,1500,0.20133333333333334,False,False,False,1.0
2017,one_turn,normal_current,False,time_limit,,1101.4165321859698,2683.281572999748,0.5895262937483478,369.68800138944886,1010.2052839844064,588,1500,0.392,False,False,False,0.5
2018,s_turn,normal_current,False,time_limit,,250.01799583265787,2683.281572999748,0.9068237942866529,1220.6940023153586,1850.3974952609842,1013,1500,0.6753333333333333,False,False,False,0.6666666666666666
2019,bezier_fillet,normal_current,False,time_limit,,835.899941804695,1697.0562748477141,0.5074412356303831,203.55352343335863,466.1519359757758,545,1500,0.36333333333333334,False,False,False,0.4
2020,straight_east,current_limited,False,current_limited_safe_stop,,2272.349550046808,2400.0,0.05318768748049668,295.36377393847977,836.1095730596917,926,1500,0.6173333333333333,True,False,False,1.0
2021,straight_diagonal,current_limited,False,current_limited_safe_stop,,1766.367589715764,2683.281572999748,0.3417136660238489,384.00346499019776,619.7033802407968,799,1500,0.5326666666666666,True,False,False,1.0
2022,one_turn,current_limited,False,current_limited_safe_stop,,1784.8698111339731,2683.281572999748,0.33481829521953754,1487.0251430331764,2931.0905533078485,1221,1500,0.814,True,False,False,1.0
2023,s_turn,current_limited,False,current_limited_safe_stop,,1526.4006870415815,2683.281572999748,0.43114405047877363,1681.9392933175068,3093.98367068524,1312,1500,0.8746666666666667,True,False,False,0.6666666666666666
2024,bezier_fillet,current_limited,False,current_limited_safe_stop,,2313.825013145671,1697.0562748477141,0.0,193.9974222421097,436.6437040108016,1352,1500,0.9013333333333333,True,False,False,0.3
2025,straight_east,zero_current,False,time_limit,,899.2264365251821,2400.0,0.6253223181145074,303.04847413957583,758.1714215450925,546,1500,0.364,False,False,False,1.0
2026,straight_diagonal,zero_current,False,time_limit,,816.977742256468,2683.281572999748,0.6955303720350392,269.68357366393025,748.9094035890637,441,1500,0.294,False,False,False,1.0
2027,one_turn,zero_current,False,time_limit,,1959.7933899910404,2683.281572999748,0.269628126354213,368.9293970736647,925.6900774154174,591,1500,0.394,False,False,False,0.5
2028,s_turn,zero_current,False,time_limit,,1957.626460326374,2683.281572999748,0.2704356933596555,400.66742379001596,1003.524587960585,599,1500,0.3993333333333333,False,False,False,0.3333333333333333
2029,bezier_fillet,zero_current,False,time_limit,,1158.454314868498,1697.0562748477141,0.317374248551391,363.20292432339545,937.9543803597306,602,1500,0.4013333333333333,False,False,False,0.4
2030,straight_east,normal_current,False,time_limit,,717.1063519083535,2400.0,0.7012056867048526,206.71278094029734,411.5491402528478,472,1500,0.31466666666666665,False,False,False,1.0
2031,straight_diagonal,normal_current,False,time_limit,,550.2115764832231,2683.281572999748,0.7949482521626982,324.1084800961678,552.0644427340335,279,1500,0.186,False,False,False,1.0
2032,one_turn,normal_current,False,time_limit,,2125.340320655235,2683.281572999748,0.20793242794894917,271.828743602331,759.1399116018063,519,1500,0.346,False,False,False,0.5
2033,s_turn,normal_current,False,time_limit,,2830.209747674599,2683.281572999748,0.0,428.1813341765025,1223.309848016469,679,1500,0.45266666666666666,False,False,False,0.6666666666666666
2034,bezier_fillet,normal_current,False,time_limit,,1584.1883076581782,1697.0562748477141,0.06650808748205131,328.9983202141062,789.3456199670082,611,1500,0.4073333333333333,False,False,False,0.3
2035,straight_east,normal_current,False,time_limit,,157.24533650815317,2400.0,0.9344811097882695,425.03559024101696,794.2047475490886,130,1500,0.08666666666666667,False,False,False,1.0
2036,straight_diagonal,normal_current,False,time_limit,,210.24935067275038,2683.281572999748,0.9216446932784231,662.5508862494519,996.3689037198353,0,1500,0.0,False,False,False,1.0
2037,one_turn,normal_current,False,time_limit,,1459.4389060411077,2683.281572999748,0.45609923284735915,308.19955210348263,598.2435019637119,128,1500,0.08533333333333333,False,False,False,1.0
2038,s_turn,normal_current,False,time_limit,,3174.5145082631775,2683.281572999748,0.0,408.8959162917284,1538.891466465222,917,1500,0.6113333333333333,False,False,False,0.3333333333333333
2039,bezier_fillet,normal_current,False,time_limit,,2501.361654030642,1697.0562748477141,0.0,483.278306025811,1355.154068815875,1017,1500,0.678,False,False,False,0.1
2040,straight_east,normal_current,False,time_limit,,890.1815977979683,2400.0,0.6290910009175132,900.5982199320872,1250.507838800277,0,1500,0.0,False,False,False,1.0
2041,straight_diagonal,normal_current,False,time_limit,,1588.0966239470697,2683.281572999748,0.408151332336072,1224.7744658351446,1705.412458087302,0,1500,0.0,False,False,False,1.0
2042,one_turn,normal_current,False,time_limit,,1440.6296848454074,2683.281572999748,0.46310901571359514,324.9970981415117,707.6024770074632,13,1500,0.008666666666666666,False,False,False,1.0
2043,s_turn,normal_current,False,time_limit,,2221.332369038283,2683.281572999748,0.17215830370162502,297.50325630346566,569.0898683024952,505,1500,0.33666666666666667,False,False,False,0.6666666666666666
2044,bezier_fillet,normal_current,False,time_limit,,1464.182983498513,1697.0562748477141,0.13722190289187552,137.1076639020369,301.18692292263773,740,1500,0.49333333333333335,False,False,False,0.1
2045,straight_east,current_limited,False,current_limited_safe_stop,,2968.2679279503745,2400.0,0.0,1678.5025809678557,2942.775373985047,986,1500,0.6573333333333333,True,False,False,1.0
2046,straight_diagonal,current_limited,False,current_limited_safe_stop,,3845.712963502896,2683.281572999748,0.0,1971.0187839026967,3579.7173094810705,1207,1500,0.8046666666666666,True,False,False,1.0
2047,one_turn,current_limited,False,current_limited_safe_stop,,3869.040646296633,2683.281572999748,0.0,1464.891315557885,2643.603515983261,1272,1500,0.848,True,False,False,0.5
2048,s_turn,current_limited,False,current_limited_safe_stop,,3863.991249353552,2683.281572999748,0.0,1400.7901082454493,2574.549653592637,1344,1500,0.896,True,False,False,0.3333333333333333
2049,bezier_fillet,current_limited,False,current_limited_safe_stop,,3642.3230388832303,1697.0562748477141,0.0,1309.9124224034088,2483.290293139137,1453,1500,0.9686666666666667,True,False,False,0.1
2050,straight_east,zero_current,False,time_limit,,899.2264365251821,2400.0,0.6253223181145074,303.04847413957583,758.1714215450925,546,1500,0.364,False,False,False,1.0
2051,straight_diagonal,zero_current,False,time_limit,,816.977742256468,2683.281572999748,0.6955303720350392,269.68357366393025,748.9094035890637,441,1500,0.294,False,False,False,1.0
2052,one_turn,zero_current,False,time_limit,,1959.7933899910404,2683.281572999748,0.269628126354213,368.9293970736647,925.6900774154174,591,1500,0.394,False,False,False,0.5
2053,s_turn,zero_current,False,time_limit,,1957.626460326374,2683.281572999748,0.2704356933596555,400.66742379001596,1003.524587960585,599,1500,0.3993333333333333,False,False,False,0.3333333333333333
2054,bezier_fillet,zero_current,False,time_limit,,1158.454314868498,1697.0562748477141,0.317374248551391,363.20292432339545,937.9543803597306,602,1500,0.4013333333333333,False,False,False,0.4
2055,straight_east,normal_current,False,time_limit,,940.1165377560911,2400.0,0.6082847759349621,287.49976000328655,902.3833684731189,407,1500,0.2713333333333333,False,False,False,1.0
2056,straight_diagonal,normal_current,False,time_limit,,819.4493635513423,2683.281572999748,0.6946092531633767,174.21417305459008,665.9555863630956,352,1500,0.23466666666666666,False,False,False,1.0
2057,one_turn,normal_current,False,time_limit,,2359.65652407021,2683.281572999748,0.12060793477135709,366.81718052315796,894.835419692949,717,1500,0.478,False,False,False,0.5
2058,s_turn,normal_current,False,time_limit,,2359.68239664155,2683.281572999748,0.12059829263331219,396.0891184985538,974.5573899310994,717,1500,0.478,False,False,False,0.3333333333333333
2059,bezier_fillet,normal_current,False,time_limit,,1405.5445892249854,1697.0562748477141,0.17177490808246038,456.40183225501517,1079.1610550613646,711,1500,0.474,False,False,False,0.4
2060,straight_east,normal_current,False,time_limit,,115.07715317278044,2400.0,0.9520511861780081,280.08883899604814,487.01013840554674,129,1500,0.086,False,False,False,1.0
2061,straight_diagonal,normal_current,False,time_limit,,142.6947860731367,2683.281572999748,0.946820793050946,462.89854009116743,760.0659925474102,0,1500,0.0,False,False,False,1.0
2062,one_turn,normal_current,False,time_limit,,1199.5370870542872,2683.281572999748,0.5529589219690885,256.1567508018458,587.4440826114405,258,1500,0.172,False,False,False,1.0
2063,s_turn,normal_current,False,time_limit,,2210.358584868817,2683.281572999748,0.1762479915971812,278.08160968018615,656.2690882202437,608,1500,0.4053333333333333,False,False,False,0.3333333333333333
2064,bezier_fillet,normal_current,False,time_limit,,2157.428287054183,1697.0562748477141,0.0,303.42440878951885,767.7339254210436,877,1500,0.5846666666666667,False,False,False,0.1
2065,straight_east,normal_current,False,time_limit,,972.4478773420999,2400.0,0.5948133844407917,521.723096846508,708.7535159091854,0,1500,0.0,False,False,False,1.0
2066,straight_diagonal,normal_current,False,time_limit,,1639.7867383939815,2683.281572999748,0.3888875640580655,979.95153267017,1414.8368280487493,0,1500,0.0,False,False,False,1.0
2067,one_turn,normal_current,False,time_limit,,1380.477715284407,2683.281572999748,0.48552633120007765,195.25732288136166,407.31421546997444,112,1500,0.07466666666666667,False,False,False,1.0
2068,s_turn,normal_current,False,time_limit,,1983.4646116267108,2683.281572999748,0.26080638290624253,162.42511417621657,375.9520332864099,311,1500,0.20733333333333334,False,False,False,0.6666666666666666
2069,bezier_fillet,normal_current,False,time_limit,,1306.4014038689832,1697.0562748477141,0.23019559031051373,205.61794920754087,521.3219357911466,601,1500,0.40066666666666667,False,False,False,0.3
2070,straight_east,current_limited,False,current_limited_safe_stop,,4806.506342885583,2400.0,0.0,701.4101046397772,1261.8080560480985,1499,1500,0.9993333333333333,True,False,False,1.0
2071,straight_diagonal,current_limited,False,current_limited_safe_stop,,4726.150432601913,2683.281572999748,0.0,1527.7926957649338,2847.069081922637,1499,1500,0.9993333333333333,True,False,False,1.0
2072,one_turn,current_limited,False,current_limited_safe_stop,,4664.8468584369675,2683.281572999748,0.0,591.6453653532184,1032.9598127838594,1499,1500,0.9993333333333333,True,False,False,0.5
2073,s_turn,current_limited,False,current_limited_safe_stop,,4680.141073945904,2683.281572999748,0.0,532.4036181677478,931.741704075857,1499,1500,0.9993333333333333,True,False,False,0.3333333333333333
2074,bezier_fillet,current_limited,False,current_limited_safe_stop,,3513.790624415668,1697.0562748477141,0.0,481.64962655936836,899.4110768465985,1499,1500,0.9993333333333333,True,False,False,0.1
2075,straight_east,zero_current,False,time_limit,,899.2264365251821,2400.0,0.6253223181145074,303.04847413957583,758.1714215450925,546,1500,0.364,False,False,False,1.0
2076,straight_diagonal,zero_current,False,time_limit,,816.977742256468,2683.281572999748,0.6955303720350392,269.68357366393025,748.9094035890637,441,1500,0.294,False,False,False,1.0
2077,one_turn,zero_current,False,time_limit,,1959.7933899910404,2683.281572999748,0.269628126354213,368.9293970736647,925.6900774154174,591,1500,0.394,False,False,False,0.5
2078,s_turn,zero_current,False,time_limit,,1957.626460326374,2683.281572999748,0.2704356933596555,400.66742379001596,1003.524587960585,599,1500,0.3993333333333333,False,False,False,0.3333333333333333
2079,bezier_fillet,zero_current,False,time_limit,,1158.454314868498,1697.0562748477141,0.317374248551391,363.20292432339545,937.9543803597306,602,1500,0.4013333333333333,False,False,False,0.4
2080,straight_east,normal_current,False,time_limit,,697.941507495062,2400.0,0.7091910385437241,295.6479534273122,504.12207042527325,420,1500,0.28,False,False,False,1.0
2081,straight_diagonal,normal_current,False,time_limit,,588.4638138624525,2683.281572999748,0.7806924849841288,227.84099676211278,465.16865169986386,437,1500,0.29133333333333333,False,False,False,1.0
2082,one_turn,normal_current,False,time_limit,,1704.4160051422843,2683.281572999748,0.3648016584272036,290.6533748864306,613.3366315012377,842,1500,0.5613333333333334,False,False,False,0.5
2083,s_turn,normal_current,False,time_limit,,1708.766012872168,2683.281572999748,0.36318050626275866,322.0002018719875,679.865354309748,615,1500,0.41,False,False,False,0.3333333333333333
2084,bezier_fillet,normal_current,False,time_limit,,896.3905026078828,1697.0562748477141,0.47179683084562374,364.28996247101134,779.3376692069606,867,1500,0.578,False,False,False,0.1
2085,straight_east,normal_current,False,time_limit,,137.35510708886437,2400.0,0.9427687053796399,485.78811466838425,848.9210649089484,103,1500,0.06866666666666667,False,False,False,1.0
2086,straight_diagonal,normal_current,False,time_limit,,184.7858408550679,2683.281572999748,0.9311343830947684,372.23240974114896,720.7225076454149,139,1500,0.09266666666666666,False,False,False,1.0
2087,one_turn,normal_current,False,time_limit,,1771.005603700581,2683.281572999748,0.33998518026540797,441.94778329649705,880.8691417153893,118,1500,0.07866666666666666,False,False,False,1.0
2088,s_turn,normal_current,False,time_limit,,2508.467232718185,2683.281572999748,0.06514945805189229,198.03564698374947,448.4317759868936,531,1500,0.354,False,False,False,0.3333333333333333
2089,bezier_fillet,normal_current,False,time_limit,,521.8400077711724,1697.0562748477141,0.6925028265088028,511.5478434481691,1479.2002122848728,1057,1500,0.7046666666666667,False,False,False,0.1
2090,straight_east,normal_current,False,time_limit,,951.7520065765243,2400.0,0.6034366639264482,959.4610904817696,1298.1075540488619,0,1500,0.0,False,False,False,1.0
2091,straight_diagonal,normal_current,False,time_limit,,634.324459014832,2683.281572999748,0.7636012316420094,659.2545004020675,993.2824067245062,0,1500,0.0,False,False,False,1.0
2092,one_turn,normal_current,False,time_limit,,2030.89242705737,2683.281572999748,0.2431310796850313,390.12788137490156,740.6899734362014,239,1500,0.15933333333333333,False,False,False,1.0
2093,s_turn,normal_current,False,time_limit,,2094.9123547390454,2683.281572999748,0.21927226131655683,270.35416170539395,573.9264535093193,457,1500,0.30466666666666664,False,False,False,0.3333333333333333
2094,bezier_fillet,normal_current,False,time_limit,,1931.9966651591585,1697.0562748477141,0.0,206.25351993065254,427.87352565373277,780,1500,0.52,False,False,False,0.2
2095,straight_east,current_limited,False,current_limited_safe_stop,,3011.126655796725,2400.0,0.0,1726.2356389097906,2987.5088076104416,993,1500,0.662,True,False,False,1.0
2096,straight_diagonal,current_limited,False,current_limited_safe_stop,,2327.6043897184427,2683.281572999748,0.1325530599771083,1213.9320045651261,1910.3414713033676,788,1500,0.5253333333333333,True,False,False,1.0
2097,one_turn,current_limited,False,current_limited_safe_stop,,1643.288927122832,2683.281572999748,0.3875823753801083,1575.1310568681413,2780.727950121461,1271,1500,0.8473333333333334,True,False,False,0.5
2098,s_turn,current_limited,False,current_limited_safe_stop,,1628.7439713713566,2683.281572999748,0.3930029603451126,1440.223550043418,2607.837725702847,1362,1500,0.908,True,False,False,0.3333333333333333
2099,bezier_fillet,current_limited,False,current_limited_safe_stop,,1400.343306298467,1697.0562748477141,0.17483979343930284,1378.6420005856446,2531.49459129307,1462,1500,0.9746666666666667,True,False,False,0.1
2100,straight_east,zero_current,True,goal_reached,175.0,38.86571790510334,2400.0,0.9838059508728736,0.0,0.0,0,875,0.0,False,False,False,1.0
2101,straight_diagonal,zero_current,False,time_limit,,801.1353084573698,2683.281572999748,0.7014344985190099,307.0866561865178,726.6067775201931,427,1500,0.2846666666666667,False,False,False,1.0
2102,one_turn,zero_current,False,time_limit,,1801.1274725073263,2683.281572999748,0.32875942255520585,282.1122379113034,694.7175591785626,329,1500,0.21933333333333332,False,False,False,1.0
2103,s_turn,zero_current,False,time_limit,,1953.0469348346783,2683.281572999748,0.2721423817436763,285.79461111061744,695.3402939267812,571,1500,0.38066666666666665,False,False,False,0.6666666666666666
2104,bezier_fillet,zero_current,False,time_limit,,1119.8324924497324,1697.0562748477141,0.34013237566313415,408.29760013253593,1030.582074588017,596,1500,0.3973333333333333,False,False,False,0.5
2105,straight_east,normal_current,True,goal_reached,161.0,39.397951889924116,2400.0,0.9835841867125317,0.0,0.0,0,805,0.0,False,False,False,1.0
2106,straight_diagonal,normal_current,False,time_limit,,631.5289012390328,2683.281572999748,0.7646430745122953,318.6527919523976,575.1714871280197,486,1500,0.324,False,False,False,1.0
2107,one_turn,normal_current,False,time_limit,,1515.3028906725992,2683.281572999748,0.43527995499235606,313.0957574102855,819.3309939373185,289,1500,0.19266666666666668,False,False,False,1.0
2108,s_turn,normal_current,False,time_limit,,1818.0600802018864,2683.281572999748,0.32244901224831046,301.542651552764,818.5615839270149,612,1500,0.408,False,False,False,0.6666666666666666
2109,bezier_fillet,normal_current,False,time_limit,,1064.8106285417462,1697.0562748477141,0.3725543198988512,379.74410586033275,958.9149547051893,717,1500,0.478,False,False,False,0.4
2110,straight_east,normal_current,True,goal_reached,141.20000000000002,39.41475254492161,2400.0,0.983577186439616,0.0,0.0,0,706,0.0,False,False,False,1.0
2111,straight_diagonal,normal_current,True,goal_reached,292.40000000000003,38.224565999895205,2683.281572999748,0.9857545453356344,296.74968575976993,513.8118265309145,219,1462,0.14979480164158687,False,False,False,1.0
2112,one_turn,normal_current,False,time_limit,,1117.0821431257448,2683.281572999748,0.5836880652532809,494.5386447834743,1080.3513920383211,244,1500,0.16266666666666665,False,False,False,1.0
2113,s_turn,normal_current,False,time_limit,,1833.2282104267256,2683.281572999748,0.31679618386925884,473.71705186318286,1081.1721369449983,584,1500,0.3893333333333333,False,False,False,1.0
2114,bezier_fillet,normal_current,False,time_limit,,1227.7598765115595,1697.0562748477141,0.27653555470826513,287.09833246099737,757.5007727945292,553,1500,0.36866666666666664,False,False,False,0.3
2115,straight_east,normal_current,True,goal_reached,127.4,39.209373466751,2400.0,0.9836627610555204,0.0,0.0,0,637,0.0,False,False,False,1.0
2116,straight_diagonal,normal_current,False,time_limit,,279.0865962229473,2683.281572999748,0.895990566539409,299.4815928344357,571.8649829921758,225,1500,0.15,False,False,False,1.0
2117,one_turn,normal_current,False,time_limit,,522.6681702134924,2683.281572999748,0.8052130736212001,827.9218698131125,1379.0004870432895,457,1500,0.30466666666666664,False,False,False,1.0
2118,s_turn,normal_current,False,time_limit,,984.7597301459986,2683.281572999748,0.6330017169815331,822.8729418410768,1372.3037567552242,566,1500,0.37733333333333335,False,False,False,0.6666666666666666
2119,bezier_fillet,normal_current,False,time_limit,,865.7572745149936,1697.0562748477141,0.48984763360738726,235.9573658168168,622.8298316268371,586,1500,0.39066666666666666,False,False,False,0.3
2120,straight_east,current_limited,True,goal_reached,112.80000000000001,36.790319012196505,2400.0,0.9846707004115848,0.0,0.0,0,564,0.0,True,False,False,1.0
2121,straight_diagonal,current_limited,False,current_limited_safe_stop,,1764.9242709939335,2683.281572999748,0.3422515591530508,407.55158203396843,644.8609509397966,792,1500,0.528,True,False,False,1.0
2122,one_turn,current_limited,False,current_limited_safe_stop,,1649.7776523296166,2683.281572999748,0.3851641702718272,1395.3694342554425,2777.689168221067,1212,1500,0.808,True,False,False,1.0
2123,s_turn,current_limited,False,current_limited_safe_stop,,1367.10380136747,2683.281572999748,0.49051049464066127,1575.019813193897,2927.7310130149926,1308,1500,0.872,True,False,False,0.6666666666666666
2124,bezier_fillet,current_limited,False,current_limited_safe_stop,,2222.903195940584,1697.0562748477141,0.0,199.85885159860047,439.006190974241,1351,1500,0.9006666666666666,True,False,False,0.3
2125,straight_east,zero_current,True,goal_reached,175.0,38.86571790510334,2400.0,0.9838059508728736,0.0,0.0,0,875,0.0,False,False,False,1.0
2126,straight_diagonal,zero_current,False,time_limit,,801.1353084573698,2683.281572999748,0.7014344985190099,307.0866561865178,726.6067775201931,427,1500,0.2846666666666667,False,False,False,1.0
2127,one_turn,zero_current,False,time_limit,,1801.1274725073263,2683.281572999748,0.32875942255520585,282.1122379113034,694.7175591785626,329,1500,0.21933333333333332,False,False,False,1.0
2128,s_turn,zero_current,False,time_limit,,1953.0469348346783,2683.281572999748,0.2721423817436763,285.79461111061744,695.3402939267812,571,1500,0.38066666666666665,False,False,False,0.6666666666666666
2129,bezier_fillet,zero_current,False,time_limit,,1119.8324924497324,1697.0562748477141,0.34013237566313415,408.29760013253593,1030.582074588017,596,1500,0.3973333333333333,False,False,False,0.5
2130,straight_east,normal_current,False,time_limit,,704.6489408403353,2400.0,0.7063962746498602,264.8892181907182,465.4044420336895,438,1500,0.292,False,False,False,1.0
2131,straight_diagonal,normal_current,False,time_limit,,528.3051494285953,2683.281572999748,0.8031122955024129,352.7465730675921,582.6924440896535,266,1500,0.17733333333333334,False,False,False,1.0
2132,one_turn,normal_current,False,time_limit,,2328.3849958903984,2683.281572999748,0.13226214523308352,271.93438122929354,637.7893088435069,717,1500,0.478,False,False,False,0.5
2133,s_turn,normal_current,False,time_limit,,2343.2008488166193,2683.281572999748,0.12674060285180533,310.4468269738346,740.5265024266225,675,1500,0.45,False,False,False,0.3333333333333333
2134,bezier_fillet,normal_current,False,time_limit,,1569.445374140599,1697.0562748477141,0.07519544436943695,358.1335662291289,795.6686465077776,696,1500,0.464,False,False,False,0.2
2135,straight_east,normal_current,False,time_limit,,148.00852826375177,2400.0,0.9383297798901034,457.26045166659526,823.3457749520217,119,1500,0.07933333333333334,False,False,False,1.0
2136,straight_diagonal,normal_current,False,time_limit,,239.0688611677102,2683.281572999748,0.9109042958542567,697.1177430145499,1023.1960440956091,0,1500,0.0,False,False,False,1.0
2137,one_turn,normal_current,False,time_limit,,1259.862584823137,2683.281572999748,0.5304769363378118,265.9828863388092,474.2872697030248,0,1500,0.0,False,False,False,1.0
2138,s_turn,normal_current,False,time_limit,,3218.0561214311742,2683.281572999748,0.0,455.28853662487654,1585.5836175355216,928,1500,0.6186666666666667,False,False,False,0.3333333333333333
2139,bezier_fillet,normal_current,False,time_limit,,2580.2111403850326,1697.0562748477141,0.0,501.6749080031198,1430.762959458975,1030,1500,0.6866666666666666,False,False,False,0.1
2140,straight_east,normal_current,False,time_limit,,917.9204872726262,2400.0,0.6175331303030723,929.875952964621,1273.456081974542,0,1500,0.0,False,False,False,1.0
2141,straight_diagonal,normal_current,False,time_limit,,1626.4779323741213,2683.281572999748,0.3938474632180265,1255.2650650412984,1734.7267317814587,0,1500,0.0,False,False,False,1.0
2142,one_turn,normal_current,False,time_limit,,1615.481377356966,2683.281572999748,0.39794563730747246,351.7356883614954,720.6219590276255,0,1500,0.0,False,False,False,1.0
2143,s_turn,normal_current,False,time_limit,,2196.8679097843124,2683.281572999748,0.18127566935573375,245.04296533434783,566.5854737868167,530,1500,0.35333333333333333,False,False,False,0.3333333333333333
2144,bezier_fillet,normal_current,False,time_limit,,1793.2705242345721,1697.0562748477141,0.0,169.49637637939264,378.2879868762979,688,1500,0.45866666666666667,False,False,False,0.2
2145,straight_east,current_limited,False,current_limited_safe_stop,,2989.0116710246393,2400.0,0.0,1701.934218740553,2964.157669813815,991,1500,0.6606666666666666,True,False,False,1.0
2146,straight_diagonal,current_limited,False,current_limited_safe_stop,,3875.90332160291,2683.281572999748,0.0,1995.7826267284609,3604.4873178297726,1201,1500,0.8006666666666666,True,False,False,1.0
2147,one_turn,current_limited,False,current_limited_safe_stop,,3888.5913196088645,2683.281572999748,0.0,1487.0192427173442,2663.594657881492,1273,1500,0.8486666666666667,True,False,False,0.5
2148,s_turn,current_limited,False,current_limited_safe_stop,,3875.633336086642,2683.281572999748,0.0,1417.264191985398,2587.125478597084,1352,1500,0.9013333333333333,True,False,False,0.3333333333333333
2149,bezier_fillet,current_limited,False,current_limited_safe_stop,,3699.4891723657006,1697.0562748477141,0.0,1364.8598590361971,2542.5700151629576,1460,1500,0.9733333333333334,True,False,False,0.1
2150,straight_east,zero_current,True,goal_reached,175.0,38.86571790510334,2400.0,0.9838059508728736,0.0,0.0,0,875,0.0,False,False,False,1.0
2151,straight_diagonal,zero_current,False,time_limit,,801.1353084573698,2683.281572999748,0.7014344985190099,307.0866561865178,726.6067775201931,427,1500,0.2846666666666667,False,False,False,1.0
2152,one_turn,zero_current,False,time_limit,,1801.1274725073263,2683.281572999748,0.32875942255520585,282.1122379113034,694.7175591785626,329,1500,0.21933333333333332,False,False,False,1.0
2153,s_turn,zero_current,False,time_limit,,1953.0469348346783,2683.281572999748,0.2721423817436763,285.79461111061744,695.3402939267812,571,1500,0.38066666666666665,False,False,False,0.6666666666666666
2154,bezier_fillet,zero_current,False,time_limit,,1119.8324924497324,1697.0562748477141,0.34013237566313415,408.29760013253593,1030.582074588017,596,1500,0.3973333333333333,False,False,False,0.5
2155,straight_east,normal_current,True,goal_reached,194.0,39.6376167327594,2400.0,0.9834843263613503,0.0,0.0,0,970,0.0,False,False,False,1.0
2156,straight_diagonal,normal_current,False,time_limit,,791.7132555234984,2683.281572999748,0.7049458903269661,255.82522234349565,684.3352764789649,335,1500,0.22333333333333333,False,False,False,1.0
2157,one_turn,normal_current,False,time_limit,,2001.4706716543822,2683.281572999748,0.25409592053477337,250.75145775841762,792.5572400955674,335,1500,0.22333333333333333,False,False,False,1.0
2158,s_turn,normal_current,False,time_limit,,2345.5740602578458,2683.281572999748,0.12585615916721155,338.30548745599236,702.1358350016842,584,1500,0.3893333333333333,False,False,False,0.6666666666666666
2159,bezier_fillet,normal_current,False,time_limit,,731.7122060549788,1697.0562748477141,0.5688344476846301,198.8187347698479,779.868132885786,563,1500,0.37533333333333335,False,False,False,1.0
2160,straight_east,normal_current,False,time_limit,,100.42026262671016,2400.0,0.9581582239055374,0.0,0.0,67,1500,0.04466666666666667,False,False,False,1.0
2161,straight_diagonal,normal_current,False,time_limit,,164.79757890125612,2683.281572999748,0.9385835685082343,113.96040667829357,195.0783441737899,138,1500,0.092,False,False,False,1.0
2162,one_turn,normal_current,False,time_limit,,1326.9748985842402,2683.281572999748,0.5054656537216249,107.26699765485323,342.820759704035,325,1500,0.21666666666666667,False,False,False,1.0
2163,s_turn,normal_current,False,time_limit,,2803.527795715053,2683.281572999748,0.0,378.85842868435384,1126.9723731037088,630,1500,0.42,False,False,False,0.6666666666666666
2164,bezier_fillet,normal_current,False,time_limit,,2024.210597006578,1697.0562748477141,0.0,230.54937553573748,656.9747971371299,1023,1500,0.682,False,False,False,0.5
2165,straight_east,normal_current,False,time_limit,,638.091522896957,2400.0,0.7341285321262679,0.0,0.0,0,1500,0.0,False,False,False,1.0
2166,straight_diagonal,normal_current,False,time_limit,,1608.1023592053887,2683.281572999748,0.4006956350064944,851.077765050841,1348.1814235252878,0,1500,0.0,False,False,False,1.0
2167,one_turn,normal_current,False,time_limit,,1549.171984869053,2683.281572999748,0.4226576888324204,33.81493732367289,335.8402524595783,15,1500,0.01,False,False,False,1.0
2168,s_turn,normal_current,False,time_limit,,1866.823111540872,2683.281572999748,0.304276103437823,112.85289432201044,399.87340019734745,357,1500,0.238,False,False,False,0.6666666666666666
2169,bezier_fillet,normal_current,False,time_limit,,1211.5510964351029,1697.0562748477141,0.28608666996395166,310.8413262741774,1140.0096734438891,805,1500,0.5366666666666666,False,False,False,0.2
2170,straight_east,current_limited,False,current_limited_safe_stop,,4730.45974397833,2400.0,0.0,0.0,0.0,1499,1500,0.9993333333333333,True,False,False,1.0
2171,straight_diagonal,current_limited,False,current_limited_safe_stop,,4727.751860020814,2683.281572999748,0.0,1459.4742699168276,2805.338002990058,1499,1500,0.9993333333333333,True,False,False,1.0
2172,one_turn,current_limited,False,current_limited_safe_stop,,4880.291936902907,2683.281572999748,0.0,0.0,0.0,1499,1500,0.9993333333333333,True,False,False,0.5
2173,s_turn,current_limited,False,current_limited_safe_stop,,4880.291936902907,2683.281572999748,0.0,0.0,0.0,1499,1500,0.9993333333333333,True,False,False,0.3333333333333333
2174,bezier_fillet,current_limited,False,current_limited_safe_stop,,3510.581384358818,1697.0562748477141,0.0,453.7650433631973,896.9510388304536,1499,1500,0.9993333333333333,True,False,False,0.1
2175,straight_east,zero_current,True,goal_reached,175.0,38.86571790510334,2400.0,0.9838059508728736,0.0,0.0,0,875,0.0,False,False,False,1.0
2176,straight_diagonal,zero_current,False,time_limit,,801.1353084573698,2683.281572999748,0.7014344985190099,307.0866561865178,726.6067775201931,427,1500,0.2846666666666667,False,False,False,1.0
2177,one_turn,zero_current,False,time_limit,,1801.1274725073263,2683.281572999748,0.32875942255520585,282.1122379113034,694.7175591785626,329,1500,0.21933333333333332,False,False,False,1.0
2178,s_turn,zero_current,False,time_limit,,1953.0469348346783,2683.281572999748,0.2721423817436763,285.79461111061744,695.3402939267812,571,1500,0.38066666666666665,False,False,False,0.6666666666666666
2179,bezier_fillet,zero_current,False,time_limit,,1119.8324924497324,1697.0562748477141,0.34013237566313415,408.29760013253593,1030.582074588017,596,1500,0.3973333333333333,False,False,False,0.5
2180,straight_east,normal_current,False,time_limit,,704.6489408403376,2400.0,0.7063962746498593,264.889218190719,465.40444203368907,438,1500,0.292,False,False,False,1.0
2181,straight_diagonal,normal_current,False,time_limit,,1066.5834517525816,2683.281572999748,0.6025078163674767,269.048953118443,1060.3454877688298,505,1500,0.33666666666666667,False,False,False,1.0
2182,one_turn,normal_current,False,time_limit,,1714.9187478508986,2683.281572999748,0.36088751731942825,271.93438122929433,637.7893088435198,717,1500,0.478,False,False,False,0.5
2183,s_turn,normal_current,False,time_limit,,1723.379112832506,2683.281572999748,0.3577345254505394,310.4468269738355,740.5265024266264,675,1500,0.45,False,False,False,0.3333333333333333
2184,bezier_fillet,normal_current,False,time_limit,,732.6579259185175,1697.0562748477141,0.5682771769107876,436.274846015497,1075.2629222328273,591,1500,0.394,False,False,False,0.6
2185,straight_east,normal_current,False,time_limit,,148.00852826375547,2400.0,0.9383297798901018,457.26045166659617,823.345774952023,119,1500,0.07933333333333334,False,False,False,1.0
2186,straight_diagonal,normal_current,False,time_limit,,205.7554996295415,2683.281572999748,0.923319452680652,330.4492780657757,679.1697490421172,154,1500,0.10266666666666667,False,False,False,1.0
2187,one_turn,normal_current,False,time_limit,,1742.5603110250668,2683.281572999748,0.35058611494246245,429.34561558216615,873.9363298199933,115,1500,0.07666666666666666,False,False,False,1.0
2188,s_turn,normal_current,False,time_limit,,1656.8294530549026,2683.281572999748,0.3825361193075736,455.28853662487444,1585.5836175355157,928,1500,0.6186666666666667,False,False,False,0.3333333333333333
2189,bezier_fillet,normal_current,False,time_limit,,470.822701523762,1697.0562748477141,0.722565062513315,495.2806350447874,1392.9883720886803,1034,1500,0.6893333333333334,False,False,False,0.1
2190,straight_east,normal_current,False,time_limit,,917.920487272619,2400.0,0.6175331303030753,929.8759529646185,1273.4560819745402,0,1500,0.0,False,False,False,1.0
2191,straight_diagonal,normal_current,False,time_limit,,605.432084426037,2683.281572999748,0.774368783910665,627.6806102637283,967.7926772835701,0,1500,0.0,False,False,False,1.0
2192,one_turn,normal_current,False,time_limit,,2053.6267262566707,2683.281572999748,0.23465850661328871,362.45349274041985,720.6219590276294,287,1500,0.19133333333333333,False,False,False,1.0
2193,s_turn,normal_current,False,time_limit,,2403.938615593771,2683.281572999748,0.10410497363259877,245.0429653343598,566.5854737868185,530,1500,0.35333333333333333,False,False,False,0.3333333333333333
2194,bezier_fillet,normal_current,False,time_limit,,1636.9017475214298,1697.0562748477141,0.035446395159572604,159.58278826179273,329.63038012451955,682,1500,0.45466666666666666,False,False,False,0.2
2195,straight_east,current_limited,False,current_limited_safe_stop,,2989.0116710246334,2400.0,0.0,1701.9342187405532,2964.1576698138097,991,1500,0.6606666666666666,True,False,False,1.0
2196,straight_diagonal,current_limited,False,current_limited_safe_stop,,2306.65976999211,2683.281572999748,0.1403586588889355,1185.93946297989,1887.4493664375357,786,1500,0.524,True,False,False,1.0
2197,one_turn,current_limited,False,current_limited_safe_stop,,1633.6653885089306,2683.281572999748,0.39116885646757127,1558.7472400009162,2770.1488731482204,1273,1500,0.8486666666666667,True,False,False,0.5
2198,s_turn,current_limited,False,current_limited_safe_stop,,1613.1743422581585,2683.281572999748,0.3988054185253744,1417.2641919853945,2587.1254785970773,1352,1500,0.9013333333333333,True,False,False,0.3333333333333333
2199,bezier_fillet,current_limited,False,current_limited_safe_stop,,1322.0463603392132,1697.0562748477141,0.22097671130095706,1305.3859073106762,2449.893375458741,1455,1500,0.97,True,False,False,0.1
2200,straight_east,zero_current,False,time_limit,,899.226436525178,2400.0,0.6253223181145091,303.0484741395743,758.1714215450929,546,1500,0.364,False,False,False,1.0
2201,straight_diagonal,zero_current,False,time_limit,,779.0801760226552,2683.281572999748,0.7096539610818069,333.221609911576,712.5491798339498,408,1500,0.272,False,False,False,1.0
2202,one_turn,zero_current,False,time_limit,,1991.2283259384753,2683.281572999748,0.257913017413077,368.9293970736674,925.6900774154224,591,1500,0.394,False,False,False,0.5
2203,s_turn,zero_current,False,time_limit,,2031.1597559447907,2683.281572999748,0.2430314520909276,400.6674237900144,1003.5245879605815,599,1500,0.3993333333333333,False,False,False,0.3333333333333333
2204,bezier_fillet,zero_current,False,time_limit,,1138.114309396861,1697.0562748477141,0.329359711716696,400.5844595488587,1010.1957865727305,728,1500,0.48533333333333334,False,False,False,0.2
2205,straight_east,normal_current,False,time_limit,,726.4397264063346,2400.0,0.6973167806640272,308.10518914979616,774.779920808601,503,1500,0.3353333333333333,False,False,False,1.0
2206,straight_diagonal,normal_current,False,time_limit,,620.3628729668145,2683.281572999748,0.7688044075548561,343.2273639212751,556.673455387747,465,1500,0.31,False,False,False,1.0
2207,one_turn,normal_current,False,time_limit,,1644.1756766152432,2683.281572999748,0.3872519033561008,372.55910108823895,956.146405644137,572,1500,0.38133333333333336,False,False,False,0.5
2208,s_turn,normal_current,False,time_limit,,1942.6764977635423,2683.281572999748,0.2760072154515836,408.29796986062144,1022.4599347037506,698,1500,0.4653333333333333,False,False,False,0.3333333333333333
2209,bezier_fillet,normal_current,False,time_limit,,2087.8743167011075,1697.0562748477141,0.0,450.076895792074,1001.0640315352555,881,1500,0.5873333333333334,False,False,False,0.1
2210,straight_east,normal_current,False,time_limit,,407.3987679400138,2400.0,0.8302505133583276,306.85519011609017,815.3535673904397,463,1500,0.30866666666666664,False,False,False,1.0
2211,straight_diagonal,normal_current,True,goal_reached,291.40000000000003,39.351040250603724,2683.281572999748,0.9853347331690534,321.5023099688071,546.9125431539264,190,1457,0.13040494166094715,False,False,False,1.0
2212,one_turn,normal_current,False,time_limit,,1517.189187721897,2683.281572999748,0.43457697358769154,381.036969235346,1011.8208768484944,545,1500,0.36333333333333334,False,False,False,0.5
2213,s_turn,normal_current,False,time_limit,,1971.6825747892212,2683.281572999748,0.26519728878658144,401.19967661139907,1027.708451505071,543,1500,0.362,False,False,False,0.3333333333333333
2214,bezier_fillet,normal_current,False,time_limit,,1370.6808624910516,1697.0562748477141,0.19231855607495982,328.4868071925385,851.9375192351629,566,1500,0.37733333333333335,False,False,False,0.2
2215,straight_east,normal_current,False,time_limit,,1044.506230061614,2400.0,0.5647890708076608,301.08718665261927,859.5467792812464,546,1500,0.364,False,False,False,1.0
2216,straight_diagonal,normal_current,False,time_limit,,240.87185995520252,2683.281572999748,0.9102323578788929,322.7367461682944,603.9064400815748,201,1500,0.134,False,False,False,1.0
2217,one_turn,normal_current,False,time_limit,,1299.1787531720959,2683.281572999748,0.5158246654972956,369.6880013894515,1010.2052839844102,588,1500,0.392,False,False,False,0.5
2218,s_turn,normal_current,False,time_limit,,1235.887523452002,2683.281572999748,0.5394119141695763,680.846853673037,1177.3968121309654,486,1500,0.324,False,False,False,0.6666666666666666
2219,bezier_fillet,normal_current,False,time_limit,,896.4130621803506,1697.0562748477141,0.4717835374900632,264.5361951438124,758.9955021044665,581,1500,0.3873333333333333,False,False,False,0.2
2220,straight_east,current_limited,False,current_limited_safe_stop,,2272.3495500468075,2400.0,0.05318768748049687,295.36377393847994,836.1095730596902,926,1500,0.6173333333333333,True,False,False,1.0
2221,straight_diagonal,current_limited,False,current_limited_safe_stop,,1760.837387805865,2683.281572999748,0.3437746505904878,437.14438638398383,677.1394428400449,780,1500,0.52,True,False,False,1.0
2222,one_turn,current_limited,False,current_limited_safe_stop,,1538.4364802750147,2683.281572999748,0.42665857517325884,1327.190506242857,2653.7342050955813,1189,1500,0.7926666666666666,True,False,False,1.0
2223,s_turn,current_limited,False,current_limited_safe_stop,,1230.4404842183046,2683.281572999748,0.5414419058366856,1486.0307615180345,2788.1882465655744,1297,1500,0.8646666666666667,True,False,False,0.6666666666666666
2224,bezier_fillet,current_limited,False,current_limited_safe_stop,,2297.164588215772,1697.0562748477141,0.0,188.85124192954063,513.856853132471,1396,1500,0.9306666666666666,True,False,False,0.2
2225,straight_east,zero_current,False,time_limit,,899.226436525178,2400.0,0.6253223181145091,303.0484741395743,758.1714215450929,546,1500,0.364,False,False,False,1.0
2226,straight_diagonal,zero_current,False,time_limit,,779.0801760226552,2683.281572999748,0.7096539610818069,333.221609911576,712.5491798339498,408,1500,0.272,False,False,False,1.0
2227,one_turn,zero_current,False,time_limit,,1991.2283259384753,2683.281572999748,0.257913017413077,368.9293970736674,925.6900774154224,591,1500,0.394,False,False,False,0.5
2228,s_turn,zero_current,False,time_limit,,2031.1597559447907,2683.281572999748,0.2430314520909276,400.6674237900144,1003.5245879605815,599,1500,0.3993333333333333,False,False,False,0.3333333333333333
2229,bezier_fillet,zero_current,False,time_limit,,1138.114309396861,1697.0562748477141,0.329359711716696,400.5844595488587,1010.1957865727305,728,1500,0.48533333333333334,False,False,False,0.2
2230,straight_east,normal_current,False,time_limit,,697.9415074950589,2400.0,0.7091910385437254,295.6479534273135,504.1220704252678,420,1500,0.28,False,False,False,1.0
2231,straight_diagonal,normal_current,False,time_limit,,487.63074582343285,2683.281572999748,0.8182707507366471,383.10779382315076,616.8824374822285,244,1500,0.16266666666666665,False,False,False,1.0
2232,one_turn,normal_current,False,time_limit,,2418.4808764575846,2683.281572999748,0.0986853929929284,290.6533748864318,613.3366315012231,842,1500,0.5613333333333334,False,False,False,0.5
2233,s_turn,normal_current,False,time_limit,,2406.079257410017,2683.281572999748,0.10330720352983133,322.00020187198726,679.8653543097539,615,1500,0.41,False,False,False,0.3333333333333333
2234,bezier_fillet,normal_current,False,time_limit,,1641.2874394033374,1697.0562748477141,0.03286210143466287,359.1606471908234,743.1737439462676,874,1500,0.5826666666666667,False,False,False,0.1
2235,straight_east,normal_current,False,time_limit,,137.3551070888596,2400.0,0.9427687053796417,485.7881146683893,848.921064908955,103,1500,0.06866666666666667,False,False,False,1.0
2236,straight_diagonal,normal_current,False,time_limit,,297.3181533467407,2683.281572999748,0.8891960663619968,740.24378163398,1057.6793266141794,0,1500,0.0,False,False,False,1.0
2237,one_turn,normal_current,False,time_limit,,1261.671230983132,2683.281572999748,0.5298028937109797,276.9417882469648,492.7094458105471,0,1500,0.0,False,False,False,1.0
2238,s_turn,normal_current,False,time_limit,,2148.5160844661805,2683.281572999748,0.19929533073032346,198.03564698375138,448.43177598690863,531,1500,0.354,False,False,False,0.3333333333333333
2239,bezier_fillet,normal_current,False,time_limit,,2704.308131630478,1697.0562748477141,0.0,519.7751468555384,1531.743986019033,1056,1500,0.704,False,False,False,0.1
2240,straight_east,normal_current,False,time_limit,,951.752006576522,2400.0,0.6034366639264491,959.4610904817673,1298.1075540488582,0,1500,0.0,False,False,False,1.0
2241,straight_diagonal,normal_current,False,time_limit,,1685.1069605903479,2683.281572999748,0.37199771446032054,1293.778474666515,1776.9388608835534,0,1500,0.0,False,False,False,1.0
2242,one_turn,normal_current,False,time_limit,,1670.8457992186177,2683.281572999748,0.37731253550453436,379.4898003906421,740.6899734362014,0,1500,0.0,False,False,False,1.0
2243,s_turn,normal_current,False,time_limit,,1847.04089858263,2683.281572999748,0.31164849892449076,270.3541617053858,573.926453509323,457,1500,0.30466666666666664,False,False,False,0.3333333333333333
2244,bezier_fillet,normal_current,False,time_limit,,1835.099677193881,1697.0562748477141,0.0,235.50811393521272,501.59144247671094,777,1500,0.518,False,False,False,0.2
2245,straight_east,current_limited,False,current_limited_safe_stop,,3011.1266557967147,2400.0,0.0,1726.2356389097813,2987.508807610431,993,1500,0.662,True,False,False,1.0
2246,straight_diagonal,current_limited,False,current_limited_safe_stop,,3921.722854815623,2683.281572999748,0.0,2028.515107559801,3639.9886175478023,1199,1500,0.7993333333333333,True,False,False,1.0
2247,one_turn,current_limited,False,current_limited_safe_stop,,3910.298794245385,2683.281572999748,0.0,1510.8010747700937,2685.634361981146,1271,1500,0.8473333333333334,True,False,False,0.5
2248,s_turn,current_limited,False,current_limited_safe_stop,,3894.9233635146493,2683.281572999748,0.0,1440.223550043424,2607.837725702856,1362,1500,0.908,True,False,False,0.3333333333333333
2249,bezier_fillet,current_limited,False,current_limited_safe_stop,,3793.2392905990446,1697.0562748477141,0.0,1452.7183027262029,2639.691306364362,1468,1500,0.9786666666666667,True,False,False,0.1
2250,straight_east,zero_current,False,time_limit,,899.226436525178,2400.0,0.6253223181145091,303.0484741395743,758.1714215450929,546,1500,0.364,False,False,False,1.0
2251,straight_diagonal,zero_current,False,time_limit,,779.0801760226552,2683.281572999748,0.7096539610818069,333.221609911576,712.5491798339498,408,1500,0.272,False,False,False,1.0
2252,one_turn,zero_current,False,time_limit,,1991.2283259384753,2683.281572999748,0.257913017413077,368.9293970736674,925.6900774154224,591,1500,0.394,False,False,False,0.5
2253,s_turn,zero_current,False,time_limit,,2031.1597559447907,2683.281572999748,0.2430314520909276,400.6674237900144,1003.5245879605815,599,1500,0.3993333333333333,False,False,False,0.3333333333333333
2254,bezier_fillet,zero_current,False,time_limit,,1138.114309396861,1697.0562748477141,0.329359711716696,400.5844595488587,1010.1957865727305,728,1500,0.48533333333333334,False,False,False,0.2
2255,straight_east,normal_current,False,time_limit,,940.1165377560916,2400.0,0.6082847759349619,287.4997600032853,902.3833684731219,407,1500,0.2713333333333333,False,False,False,1.0
2256,straight_diagonal,normal_current,False,time_limit,,754.8047904479928,2683.281572999748,0.7187008631359674,286.114879398412,668.6571090612608,318,1500,0.212,False,False,False,1.0
2257,one_turn,normal_current,False,time_limit,,2388.171667327605,2683.281572999748,0.10998096831941032,366.817180523157,894.8354196929477,717,1500,0.478,False,False,False,0.5
2258,s_turn,normal_current,False,time_limit,,2445.8052996986353,2683.281572999748,0.08850218169076766,396.0891184985566,974.5573899311039,717,1500,0.478,False,False,False,0.3333333333333333
2259,bezier_fillet,normal_current,False,time_limit,,1471.4220876245379,1697.0562748477141,0.13295621987751916,410.518212603072,1015.9233433660369,704,1500,0.4693333333333333,False,False,False,0.2
2260,straight_east,normal_current,False,time_limit,,115.07715317277811,2400.0,0.9520511861780091,280.08883899604575,487.01013840554106,129,1500,0.086,False,False,False,1.0
2261,straight_diagonal,normal_current,False,time_limit,,150.1815339566774,2683.281572999748,0.9440306468512794,184.0464615759551,265.3029848397891,114,1500,0.076,False,False,False,1.0
2262,one_turn,normal_current,False,time_limit,,1216.0005428841598,2683.281572999748,0.5468233542390618,152.19109696809124,310.002787823247,301,1500,0.20066666666666666,False,False,False,1.0
2263,s_turn,normal_current,False,time_limit,,2579.8620472408074,2683.281572999748,0.03854218163296354,278.0816096801855,656.2690882202478,608,1500,0.4053333333333333,False,False,False,0.3333333333333333
2264,bezier_fillet,normal_current,False,time_limit,,2129.9042716163844,1697.0562748477141,0.0,270.1757814611557,638.7595921156711,892,1500,0.5946666666666667,False,False,False,0.1
2265,straight_east,normal_current,False,time_limit,,972.447877342102,2400.0,0.5948133844407909,521.7230968465102,708.7535159091854,0,1500,0.0,False,False,False,1.0
2266,straight_diagonal,normal_current,False,time_limit,,1504.3376089518088,2683.281572999748,0.4393664742123766,446.9495137745936,1100.362387823718,0,1500,0.0,False,False,False,1.0
2267,one_turn,normal_current,False,time_limit,,1499.1782986202018,2683.281572999748,0.44128923564879163,185.54120692266724,407.3142154699658,0,1500,0.0,False,False,False,1.0
2268,s_turn,normal_current,False,time_limit,,2003.4078506279163,2683.281572999748,0.2533739765565391,171.65702606221092,417.59231522160735,344,1500,0.22933333333333333,False,False,False,0.6666666666666666
2269,bezier_fillet,normal_current,False,time_limit,,1202.0207249790158,1697.0562748477141,0.29170249520047326,192.83970919487626,441.87836709222944,594,1500,0.396,False,False,False,0.3
2270,straight_east,current_limited,False,current_limited_safe_stop,,4806.506342885581,2400.0,0.0,701.4101046397755,1261.8080560480912,1499,1500,0.9993333333333333,True,False,False,1.0
2271,straight_diagonal,current_limited,False,current_limited_safe_stop,,4719.030623766682,2683.281572999748,0.0,1328.4754427313053,2716.42354408045,1499,1500,0.9993333333333333,True,False,False,1.0
2272,one_turn,current_limited,False,current_limited_safe_stop,,5169.042785084271,2683.281572999748,0.0,591.645365353215,1032.959812783858,1499,1500,0.9993333333333333,True,False,False,0.5
2273,s_turn,current_limited,False,current_limited_safe_stop,,5135.764855559452,2683.281572999748,0.0,532.403618167745,931.7417040758514,1499,1500,0.9993333333333333,True,False,False,0.3333333333333333
2274,bezier_fillet,current_limited,False,current_limited_safe_stop,,4001.8609771786996,1697.0562748477141,0.0,338.05131462505847,635.3719823952524,1499,1500,0.9993333333333333,True,False,False,0.1
2275,straight_east,zero_current,False,time_limit,,899.226436525178,2400.0,0.6253223181145091,303.0484741395743,758.1714215450929,546,1500,0.364,False,False,False,1.0
2276,straight_diagonal,zero_current,False,time_limit,,779.0801760226552,2683.281572999748,0.7096539610818069,333.221609911576,712.5491798339498,408,1500,0.272,False,False,False,1.0
2277,one_turn,zero_current,False,time_limit,,1991.2283259384753,2683.281572999748,0.257913017413077,368.9293970736674,925.6900774154224,591,1500,0.394,False,False,False,0.5
2278,s_turn,zero_current,False,time_limit,,2031.1597559447907,2683.281572999748,0.2430314520909276,400.6674237900144,1003.5245879605815,599,1500,0.3993333333333333,False,False,False,0.3333333333333333
2279,bezier_fillet,zero_current,False,time_limit,,1138.114309396861,1697.0562748477141,0.329359711716696,400.5844595488587,1010.1957865727305,728,1500,0.48533333333333334,False,False,False,0.2
2280,straight_east,normal_current,False,time_limit,,717.1063519083556,2400.0,0.7012056867048518,206.7127809402988,411.5491402528578,472,1500,0.31466666666666665,False,False,False,1.0
2281,straight_diagonal,normal_current,False,time_limit,,1044.9020179830989,2683.281572999748,0.6105880096605139,307.17000582518733,1036.399119642037,492,1500,0.328,False,False,False,1.0
2282,one_turn,normal_current,False,time_limit,,1784.8865240735477,2683.281572999748,0.3348120666747055,271.8287436023314,759.1399116018083,519,1500,0.346,False,False,False,0.5
2283,s_turn,normal_current,False,time_limit,,1714.3196522056082,2683.281572999748,0.3611107870840772,312.38159420710883,787.494518928462,320,1500,0.21333333333333335,False,False,False,0.6666666666666666
2284,bezier_fillet,normal_current,True,goal_reached,138.0,39.455207107054406,1697.0562748477141,0.9767507962512352,22.145960799327394,75.24842926894102,155,690,0.2246376811594203,False,False,False,0.8
2285,straight_east,normal_current,False,time_limit,,157.24533650814422,2400.0,0.9344811097882733,425.03559024102134,794.2047475490937,130,1500,0.08666666666666667,False,False,False,1.0
2286,straight_diagonal,normal_current,False,time_limit,,246.38260384533825,2683.281572999748,0.9081786248880706,256.8382236672772,593.8989337420609,183,1500,0.122,False,False,False,1.0
2287,one_turn,normal_current,False,time_limit,,1651.1405265691872,2683.281572999748,0.38465625703108336,370.4595866141627,765.8213238478774,36,1500,0.024,False,False,False,1.0
2288,s_turn,normal_current,False,time_limit,,1640.3851145814378,2683.281572999748,0.38866456241952063,408.89591629173134,1538.8914664652343,917,1500,0.6113333333333333,False,False,False,0.3333333333333333
2289,bezier_fillet,normal_current,False,time_limit,,462.30893073244744,1697.0562748477141,0.7275818500633204,435.039050716975,1303.9977924503198,982,1500,0.6546666666666666,False,False,False,0.2
2290,straight_east,normal_current,False,time_limit,,890.1815977979523,2400.0,0.6290910009175199,900.5982199320811,1250.5078388002698,0,1500,0.0,False,False,False,1.0
2291,straight_diagonal,normal_current,False,time_limit,,547.0755263326879,2683.281572999748,0.796116989048939,566.3314988141836,916.2017505285052,0,1500,0.0,False,False,False,1.0
2292,one_turn,normal_current,False,time_limit,,1577.5883286932274,2683.281572999748,0.41206754275527696,345.18845417562943,707.6024770074666,289,1500,0.19266666666666668,False,False,False,1.0
2293,s_turn,normal_current,False,time_limit,,2437.5498039850427,2683.281572999748,0.09157882329135954,320.6868548796499,748.8510420738974,398,1500,0.2653333333333333,False,False,False,0.6666666666666666
2294,bezier_fillet,normal_current,False,time_limit,,1451.8411751595056,1697.0562748477141,0.14449438319905625,127.2968572264326,258.7086879065276,730,1500,0.4866666666666667,False,False,False,0.1
2295,straight_east,current_limited,False,current_limited_safe_stop,,2968.2679279503636,2400.0,0.0,1678.5025809678532,2942.7753739850355,986,1500,0.6573333333333333,True,False,False,1.0
2296,straight_diagonal,current_limited,False,current_limited_safe_stop,,2265.609354254004,2683.281572999748,0.1556572455714409,1134.5891331388204,1843.6301166337014,780,1500,0.52,True,False,False,1.0
2297,one_turn,current_limited,False,current_limited_safe_stop,,1622.3744670992442,2683.281572999748,0.39537673443434906,1541.1012159794739,2757.5859463086085,1272,1500,0.848,True,False,False,0.5
2298,s_turn,current_limited,False,current_limited_safe_stop,,1603.9295613698787,2683.281572999748,0.40225074494258845,1400.790108245448,2574.5496535926404,1344,1500,0.896,True,False,False,0.3333333333333333
2299,bezier_fillet,current_limited,False,current_limited_safe_stop,,1268.9849644866572,1697.0562748477141,0.2522434386564288,1253.9470812562868,2393.9659803652426,1448,1500,0.9653333333333334,True,False,False,0.1
2300,straight_east,zero_current,False,time_limit,,899.2264365251821,2400.0,0.6253223181145074,303.04847413957583,758.1714215450925,546,1500,0.364,False,False,False,1.0
2301,straight_diagonal,zero_current,False,time_limit,,816.977742256468,2683.281572999748,0.6955303720350392,269.68357366393025,748.9094035890637,441,1500,0.294,False,False,False,1.0
2302,one_turn,zero_current,False,time_limit,,1959.7933899910404,2683.281572999748,0.269628126354213,368.9293970736647,925.6900774154174,591,1500,0.394,False,False,False,0.5
2303,s_turn,zero_current,False,time_limit,,1957.626460326374,2683.281572999748,0.2704356933596555,400.66742379001596,1003.524587960585,599,1500,0.3993333333333333,False,False,False,0.3333333333333333
2304,bezier_fillet,zero_current,False,time_limit,,1158.454314868498,1697.0562748477141,0.317374248551391,363.20292432339545,937.9543803597306,602,1500,0.4013333333333333,False,False,False,0.4
2305,straight_east,normal_current,False,time_limit,,726.4397264063281,2400.0,0.6973167806640299,308.1051891497949,774.7799208085994,503,1500,0.3353333333333333,False,False,False,1.0
2306,straight_diagonal,normal_current,False,time_limit,,641.808939700061,2683.281572999748,0.7608119303772667,292.00663608203115,596.6211183058538,500,1500,0.3333333333333333,False,False,False,1.0
2307,one_turn,normal_current,False,time_limit,,1613.8610590543174,2683.281572999748,0.3985494942857907,372.5591010882336,956.1464056441291,572,1500,0.38133333333333336,False,False,False,0.5
2308,s_turn,normal_current,False,time_limit,,1576.5607888710674,2683.281572999748,0.4124504842372666,408.29796986061535,1022.4599347037397,698,1500,0.4653333333333333,False,False,False,0.3333333333333333
2309,bezier_fillet,normal_current,False,time_limit,,1167.9005523455821,1697.0562748477141,0.31180799973743706,313.58632094866874,788.2671667171883,716,1500,0.47733333333333333,False,False,False,0.5
2310,straight_east,normal_current,False,time_limit,,407.3987679400341,2400.0,0.8302505133583191,306.85519011609387,815.3535673904466,463,1500,0.30866666666666664,False,False,False,1.0
2311,straight_diagonal,normal_current,True,goal_reached,293.6,39.76058198671361,2683.281572999748,0.9851821059754592,275.5481951521519,484.9448526744244,242,1468,0.164850136239782,False,False,False,1.0
2312,one_turn,normal_current,False,time_limit,,1281.665741130941,2683.281572999748,0.5223513797330946,381.0369692353498,1011.8208768485015,545,1500,0.36333333333333334,False,False,False,0.5
2313,s_turn,normal_current,False,time_limit,,1612.6078507526352,2683.281572999748,0.39901653744454546,401.1996766114016,1027.7084515050774,543,1500,0.362,False,False,False,0.3333333333333333
2314,bezier_fillet,normal_current,False,time_limit,,1234.572263935195,1697.0562748477141,0.2725213169221629,239.08578040678833,589.2802841605554,542,1500,0.36133333333333334,False,False,False,0.4
2315,straight_east,normal_current,False,time_limit,,1044.50623006161,2400.0,0.5647890708076625,301.0871866526207,859.5467792812492,546,1500,0.364,False,False,False,1.0
2316,straight_diagonal,normal_current,False,time_limit,,333.13542259364687,2683.281572999748,0.8758477582279143,279.2678356728432,545.6364672152229,302,1500,0.20133333333333334,False,False,False,1.0
2317,one_turn,normal_current,False,time_limit,,1101.4165321859698,2683.281572999748,0.5895262937483478,369.68800138944886,1010.2052839844064,588,1500,0.392,False,False,False,0.5
2318,s_turn,normal_current,False,time_limit,,250.01799583265787,2683.281572999748,0.9068237942866529,1220.6940023153586,1850.3974952609842,1013,1500,0.6753333333333333,False,False,False,0.6666666666666666
2319,bezier_fillet,normal_current,False,time_limit,,835.899941804695,1697.0562748477141,0.5074412356303831,203.55352343335863,466.1519359757758,545,1500,0.36333333333333334,False,False,False,0.4
2320,straight_east,current_limited,False,current_limited_safe_stop,,2272.349550046808,2400.0,0.05318768748049668,295.36377393847977,836.1095730596917,926,1500,0.6173333333333333,True,False,False,1.0
2321,straight_diagonal,current_limited,False,current_limited_safe_stop,,1766.367589715764,2683.281572999748,0.3417136660238489,384.00346499019776,619.7033802407968,799,1500,0.5326666666666666,True,False,False,1.0
2322,one_turn,current_limited,False,current_limited_safe_stop,,1784.8698111339731,2683.281572999748,0.33481829521953754,1487.0251430331764,2931.0905533078485,1221,1500,0.814,True,False,False,1.0
2323,s_turn,current_limited,False,current_limited_safe_stop,,1526.4006870415815,2683.281572999748,0.43114405047877363,1681.9392933175068,3093.98367068524,1312,1500,0.8746666666666667,True,False,False,0.6666666666666666
2324,bezier_fillet,current_limited,False,current_limited_safe_stop,,2313.825013145671,1697.0562748477141,0.0,193.9974222421097,436.6437040108016,1352,1500,0.9013333333333333,True,False,False,0.3
2325,straight_east,zero_current,False,time_limit,,899.2264365251821,2400.0,0.6253223181145074,303.04847413957583,758.1714215450925,546,1500,0.364,False,False,False,1.0
2326,straight_diagonal,zero_current,False,time_limit,,816.977742256468,2683.281572999748,0.6955303720350392,269.68357366393025,748.9094035890637,441,1500,0.294,False,False,False,1.0
2327,one_turn,zero_current,False,time_limit,,1959.7933899910404,2683.281572999748,0.269628126354213,368.9293970736647,925.6900774154174,591,1500,0.394,False,False,False,0.5
2328,s_turn,zero_current,False,time_limit,,1957.626460326374,2683.281572999748,0.2704356933596555,400.66742379001596,1003.524587960585,599,1500,0.3993333333333333,False,False,False,0.3333333333333333
2329,bezier_fillet,zero_current,False,time_limit,,1158.454314868498,1697.0562748477141,0.317374248551391,363.20292432339545,937.9543803597306,602,1500,0.4013333333333333,False,False,False,0.4
2330,straight_east,normal_current,False,time_limit,,717.1063519083535,2400.0,0.7012056867048526,206.71278094029734,411.5491402528478,472,1500,0.31466666666666665,False,False,False,1.0
2331,straight_diagonal,normal_current,False,time_limit,,550.2115764832231,2683.281572999748,0.7949482521626982,324.1084800961678,552.0644427340335,279,1500,0.186,False,False,False,1.0
2332,one_turn,normal_current,False,time_limit,,2125.340320655235,2683.281572999748,0.20793242794894917,271.828743602331,759.1399116018063,519,1500,0.346,False,False,False,0.5
2333,s_turn,normal_current,False,time_limit,,2830.209747674599,2683.281572999748,0.0,428.1813341765025,1223.309848016469,679,1500,0.45266666666666666,False,False,False,0.6666666666666666
2334,bezier_fillet,normal_current,False,time_limit,,1584.1883076581782,1697.0562748477141,0.06650808748205131,328.9983202141062,789.3456199670082,611,1500,0.4073333333333333,False,False,False,0.3
2335,straight_east,normal_current,False,time_limit,,157.24533650815317,2400.0,0.9344811097882695,425.03559024101696,794.2047475490886,130,1500,0.08666666666666667,False,False,False,1.0
2336,straight_diagonal,normal_current,False,time_limit,,210.24935067275038,2683.281572999748,0.9216446932784231,662.5508862494519,996.3689037198353,0,1500,0.0,False,False,False,1.0
2337,one_turn,normal_current,False,time_limit,,1459.4389060411077,2683.281572999748,0.45609923284735915,308.19955210348263,598.2435019637119,128,1500,0.08533333333333333,False,False,False,1.0
2338,s_turn,normal_current,False,time_limit,,3174.5145082631775,2683.281572999748,0.0,408.8959162917284,1538.891466465222,917,1500,0.6113333333333333,False,False,False,0.3333333333333333
2339,bezier_fillet,normal_current,False,time_limit,,2501.361654030642,1697.0562748477141,0.0,483.278306025811,1355.154068815875,1017,1500,0.678,False,False,False,0.1
2340,straight_east,normal_current,False,time_limit,,890.1815977979683,2400.0,0.6290910009175132,900.5982199320872,1250.507838800277,0,1500,0.0,False,False,False,1.0
2341,straight_diagonal,normal_current,False,time_limit,,1588.0966239470697,2683.281572999748,0.408151332336072,1224.7744658351446,1705.412458087302,0,1500,0.0,False,False,False,1.0
2342,one_turn,normal_current,False,time_limit,,1440.6296848454074,2683.281572999748,0.46310901571359514,324.9970981415117,707.6024770074632,13,1500,0.008666666666666666,False,False,False,1.0
2343,s_turn,normal_current,False,time_limit,,2221.332369038283,2683.281572999748,0.17215830370162502,297.50325630346566,569.0898683024952,505,1500,0.33666666666666667,False,False,False,0.6666666666666666
2344,bezier_fillet,normal_current,False,time_limit,,1464.182983498513,1697.0562748477141,0.13722190289187552,137.1076639020369,301.18692292263773,740,1500,0.49333333333333335,False,False,False,0.1
2345,straight_east,current_limited,False,current_limited_safe_stop,,2968.2679279503745,2400.0,0.0,1678.5025809678557,2942.775373985047,986,1500,0.6573333333333333,True,False,False,1.0
2346,straight_diagonal,current_limited,False,current_limited_safe_stop,,3845.712963502896,2683.281572999748,0.0,1971.0187839026967,3579.7173094810705,1207,1500,0.8046666666666666,True,False,False,1.0
2347,one_turn,current_limited,False,current_limited_safe_stop,,3869.040646296633,2683.281572999748,0.0,1464.891315557885,2643.603515983261,1272,1500,0.848,True,False,False,0.5
2348,s_turn,current_limited,False,current_limited_safe_stop,,3863.991249353552,2683.281572999748,0.0,1400.7901082454493,2574.549653592637,1344,1500,0.896,True,False,False,0.3333333333333333
2349,bezier_fillet,current_limited,False,current_limited_safe_stop,,3642.3230388832303,1697.0562748477141,0.0,1309.9124224034088,2483.290293139137,1453,1500,0.9686666666666667,True,False,False,0.1
2350,straight_east,zero_current,False,time_limit,,899.2264365251821,2400.0,0.6253223181145074,303.04847413957583,758.1714215450925,546,1500,0.364,False,False,False,1.0
2351,straight_diagonal,zero_current,False,time_limit,,816.977742256468,2683.281572999748,0.6955303720350392,269.68357366393025,748.9094035890637,441,1500,0.294,False,False,False,1.0
2352,one_turn,zero_current,False,time_limit,,1959.7933899910404,2683.281572999748,0.269628126354213,368.9293970736647,925.6900774154174,591,1500,0.394,False,False,False,0.5
2353,s_turn,zero_current,False,time_limit,,1957.626460326374,2683.281572999748,0.2704356933596555,400.66742379001596,1003.524587960585,599,1500,0.3993333333333333,False,False,False,0.3333333333333333
2354,bezier_fillet,zero_current,False,time_limit,,1158.454314868498,1697.0562748477141,0.317374248551391,363.20292432339545,937.9543803597306,602,1500,0.4013333333333333,False,False,False,0.4
2355,straight_east,normal_current,False,time_limit,,940.1165377560911,2400.0,0.6082847759349621,287.49976000328655,902.3833684731189,407,1500,0.2713333333333333,False,False,False,1.0
2356,straight_diagonal,normal_current,False,time_limit,,819.4493635513423,2683.281572999748,0.6946092531633767,174.21417305459008,665.9555863630956,352,1500,0.23466666666666666,False,False,False,1.0
2357,one_turn,normal_current,False,time_limit,,2359.65652407021,2683.281572999748,0.12060793477135709,366.81718052315796,894.835419692949,717,1500,0.478,False,False,False,0.5
2358,s_turn,normal_current,False,time_limit,,2359.68239664155,2683.281572999748,0.12059829263331219,396.0891184985538,974.5573899310994,717,1500,0.478,False,False,False,0.3333333333333333
2359,bezier_fillet,normal_current,False,time_limit,,1405.5445892249854,1697.0562748477141,0.17177490808246038,456.40183225501517,1079.1610550613646,711,1500,0.474,False,False,False,0.4
2360,straight_east,normal_current,False,time_limit,,115.07715317278044,2400.0,0.9520511861780081,280.08883899604814,487.01013840554674,129,1500,0.086,False,False,False,1.0
2361,straight_diagonal,normal_current,False,time_limit,,142.6947860731367,2683.281572999748,0.946820793050946,462.89854009116743,760.0659925474102,0,1500,0.0,False,False,False,1.0
2362,one_turn,normal_current,False,time_limit,,1199.5370870542872,2683.281572999748,0.5529589219690885,256.1567508018458,587.4440826114405,258,1500,0.172,False,False,False,1.0
2363,s_turn,normal_current,False,time_limit,,2210.358584868817,2683.281572999748,0.1762479915971812,278.08160968018615,656.2690882202437,608,1500,0.4053333333333333,False,False,False,0.3333333333333333
2364,bezier_fillet,normal_current,False,time_limit,,2157.428287054183,1697.0562748477141,0.0,303.42440878951885,767.7339254210436,877,1500,0.5846666666666667,False,False,False,0.1
2365,straight_east,normal_current,False,time_limit,,972.4478773420999,2400.0,0.5948133844407917,521.723096846508,708.7535159091854,0,1500,0.0,False,False,False,1.0
2366,straight_diagonal,normal_current,False,time_limit,,1639.7867383939815,2683.281572999748,0.3888875640580655,979.95153267017,1414.8368280487493,0,1500,0.0,False,False,False,1.0
2367,one_turn,normal_current,False,time_limit,,1380.477715284407,2683.281572999748,0.48552633120007765,195.25732288136166,407.31421546997444,112,1500,0.07466666666666667,False,False,False,1.0
2368,s_turn,normal_current,False,time_limit,,1983.4646116267108,2683.281572999748,0.26080638290624253,162.42511417621657,375.9520332864099,311,1500,0.20733333333333334,False,False,False,0.6666666666666666
2369,bezier_fillet,normal_current,False,time_limit,,1306.4014038689832,1697.0562748477141,0.23019559031051373,205.61794920754087,521.3219357911466,601,1500,0.40066666666666667,False,False,False,0.3
2370,straight_east,current_limited,False,current_limited_safe_stop,,4806.506342885583,2400.0,0.0,701.4101046397772,1261.8080560480985,1499,1500,0.9993333333333333,True,False,False,1.0
2371,straight_diagonal,current_limited,False,current_limited_safe_stop,,4726.150432601913,2683.281572999748,0.0,1527.7926957649338,2847.069081922637,1499,1500,0.9993333333333333,True,False,False,1.0
2372,one_turn,current_limited,False,current_limited_safe_stop,,4664.8468584369675,2683.281572999748,0.0,591.6453653532184,1032.9598127838594,1499,1500,0.9993333333333333,True,False,False,0.5
2373,s_turn,current_limited,False,current_limited_safe_stop,,4680.141073945904,2683.281572999748,0.0,532.4036181677478,931.741704075857,1499,1500,0.9993333333333333,True,False,False,0.3333333333333333
2374,bezier_fillet,current_limited,False,current_limited_safe_stop,,3513.790624415668,1697.0562748477141,0.0,481.64962655936836,899.4110768465985,1499,1500,0.9993333333333333,True,False,False,0.1
2375,straight_east,zero_current,False,time_limit,,899.2264365251821,2400.0,0.6253223181145074,303.04847413957583,758.1714215450925,546,1500,0.364,False,False,False,1.0
2376,straight_diagonal,zero_current,False,time_limit,,816.977742256468,2683.281572999748,0.6955303720350392,269.68357366393025,748.9094035890637,441,1500,0.294,False,False,False,1.0
2377,one_turn,zero_current,False,time_limit,,1959.7933899910404,2683.281572999748,0.269628126354213,368.9293970736647,925.6900774154174,591,1500,0.394,False,False,False,0.5
2378,s_turn,zero_current,False,time_limit,,1957.626460326374,2683.281572999748,0.2704356933596555,400.66742379001596,1003.524587960585,599,1500,0.3993333333333333,False,False,False,0.3333333333333333
2379,bezier_fillet,zero_current,False,time_limit,,1158.454314868498,1697.0562748477141,0.317374248551391,363.20292432339545,937.9543803597306,602,1500,0.4013333333333333,False,False,False,0.4
2380,straight_east,normal_current,False,time_limit,,697.941507495062,2400.0,0.7091910385437241,295.6479534273122,504.12207042527325,420,1500,0.28,False,False,False,1.0
2381,straight_diagonal,normal_current,False,time_limit,,588.4638138624525,2683.281572999748,0.7806924849841288,227.84099676211278,465.16865169986386,437,1500,0.29133333333333333,False,False,False,1.0
2382,one_turn,normal_current,False,time_limit,,1704.4160051422843,2683.281572999748,0.3648016584272036,290.6533748864306,613.3366315012377,842,1500,0.5613333333333334,False,False,False,0.5
2383,s_turn,normal_current,False,time_limit,,1708.766012872168,2683.281572999748,0.36318050626275866,322.0002018719875,679.865354309748,615,1500,0.41,False,False,False,0.3333333333333333
2384,bezier_fillet,normal_current,False,time_limit,,896.3905026078828,1697.0562748477141,0.47179683084562374,364.28996247101134,779.3376692069606,867,1500,0.578,False,False,False,0.1
2385,straight_east,normal_current,False,time_limit,,137.35510708886437,2400.0,0.9427687053796399,485.78811466838425,848.9210649089484,103,1500,0.06866666666666667,False,False,False,1.0
2386,straight_diagonal,normal_current,False,time_limit,,184.7858408550679,2683.281572999748,0.9311343830947684,372.23240974114896,720.7225076454149,139,1500,0.09266666666666666,False,False,False,1.0
2387,one_turn,normal_current,False,time_limit,,1771.005603700581,2683.281572999748,0.33998518026540797,441.94778329649705,880.8691417153893,118,1500,0.07866666666666666,False,False,False,1.0
2388,s_turn,normal_current,False,time_limit,,2508.467232718185,2683.281572999748,0.06514945805189229,198.03564698374947,448.4317759868936,531,1500,0.354,False,False,False,0.3333333333333333
2389,bezier_fillet,normal_current,False,time_limit,,521.8400077711724,1697.0562748477141,0.6925028265088028,511.5478434481691,1479.2002122848728,1057,1500,0.7046666666666667,False,False,False,0.1
2390,straight_east,normal_current,False,time_limit,,951.7520065765243,2400.0,0.6034366639264482,959.4610904817696,1298.1075540488619,0,1500,0.0,False,False,False,1.0
2391,straight_diagonal,normal_current,False,time_limit,,634.324459014832,2683.281572999748,0.7636012316420094,659.2545004020675,993.2824067245062,0,1500,0.0,False,False,False,1.0
2392,one_turn,normal_current,False,time_limit,,2030.89242705737,2683.281572999748,0.2431310796850313,390.12788137490156,740.6899734362014,239,1500,0.15933333333333333,False,False,False,1.0
2393,s_turn,normal_current,False,time_limit,,2094.9123547390454,2683.281572999748,0.21927226131655683,270.35416170539395,573.9264535093193,457,1500,0.30466666666666664,False,False,False,0.3333333333333333
2394,bezier_fillet,normal_current,False,time_limit,,1931.9966651591585,1697.0562748477141,0.0,206.25351993065254,427.87352565373277,780,1500,0.52,False,False,False,0.2
2395,straight_east,current_limited,False,current_limited_safe_stop,,3011.126655796725,2400.0,0.0,1726.2356389097906,2987.5088076104416,993,1500,0.662,True,False,False,1.0
2396,straight_diagonal,current_limited,False,current_limited_safe_stop,,2327.6043897184427,2683.281572999748,0.1325530599771083,1213.9320045651261,1910.3414713033676,788,1500,0.5253333333333333,True,False,False,1.0
2397,one_turn,current_limited,False,current_limited_safe_stop,,1643.288927122832,2683.281572999748,0.3875823753801083,1575.1310568681413,2780.727950121461,1271,1500,0.8473333333333334,True,False,False,0.5
2398,s_turn,current_limited,False,current_limited_safe_stop,,1628.7439713713566,2683.281572999748,0.3930029603451126,1440.223550043418,2607.837725702847,1362,1500,0.908,True,False,False,0.3333333333333333
2399,bezier_fillet,current_limited,False,current_limited_safe_stop,,1400.343306298467,1697.0562748477141,0.17483979343930284,1378.6420005856446,2531.49459129307,1462,1500,0.9746666666666667,True,False,False,0.1
2400,straight_east,zero_current,True,goal_reached,175.0,38.86571790510334,2400.0,0.9838059508728736,0.0,0.0,0,875,0.0,False,False,False,1.0
2401,straight_diagonal,zero_current,False,time_limit,,801.1353084573698,2683.281572999748,0.7014344985190099,307.0866561865178,726.6067775201931,427,1500,0.2846666666666667,False,False,False,1.0
2402,one_turn,zero_current,False,time_limit,,1801.1274725073263,2683.281572999748,0.32875942255520585,282.1122379113034,694.7175591785626,329,1500,0.21933333333333332,False,False,False,1.0
2403,s_turn,zero_current,False,time_limit,,1953.0469348346783,2683.281572999748,0.2721423817436763,285.79461111061744,695.3402939267812,571,1500,0.38066666666666665,False,False,False,0.6666666666666666
2404,bezier_fillet,zero_current,False,time_limit,,1119.8324924497324,1697.0562748477141,0.34013237566313415,408.29760013253593,1030.582074588017,596,1500,0.3973333333333333,False,False,False,0.5
2405,straight_east,normal_current,True,goal_reached,161.0,39.397951889924116,2400.0,0.9835841867125317,0.0,0.0,0,805,0.0,False,False,False,1.0
2406,straight_diagonal,normal_current,False,time_limit,,631.5289012390328,2683.281572999748,0.7646430745122953,318.6527919523976,575.1714871280197,486,1500,0.324,False,False,False,1.0
2407,one_turn,normal_current,False,time_limit,,1515.3028906725992,2683.281572999748,0.43527995499235606,313.0957574102855,819.3309939373185,289,1500,0.19266666666666668,False,False,False,1.0
2408,s_turn,normal_current,False,time_limit,,1818.0600802018864,2683.281572999748,0.32244901224831046,301.542651552764,818.5615839270149,612,1500,0.408,False,False,False,0.6666666666666666
2409,bezier_fillet,normal_current,False,time_limit,,1064.8106285417462,1697.0562748477141,0.3725543198988512,379.74410586033275,958.9149547051893,717,1500,0.478,False,False,False,0.4
2410,straight_east,normal_current,True,goal_reached,141.20000000000002,39.41475254492161,2400.0,0.983577186439616,0.0,0.0,0,706,0.0,False,False,False,1.0
2411,straight_diagonal,normal_current,True,goal_reached,292.40000000000003,38.224565999895205,2683.281572999748,0.9857545453356344,296.74968575976993,513.8118265309145,219,1462,0.14979480164158687,False,False,False,1.0
2412,one_turn,normal_current,False,time_limit,,1117.0821431257448,2683.281572999748,0.5836880652532809,494.5386447834743,1080.3513920383211,244,1500,0.16266666666666665,False,False,False,1.0
2413,s_turn,normal_current,False,time_limit,,1833.2282104267256,2683.281572999748,0.31679618386925884,473.71705186318286,1081.1721369449983,584,1500,0.3893333333333333,False,False,False,1.0
2414,bezier_fillet,normal_current,False,time_limit,,1227.7598765115595,1697.0562748477141,0.27653555470826513,287.09833246099737,757.5007727945292,553,1500,0.36866666666666664,False,False,False,0.3
2415,straight_east,normal_current,True,goal_reached,127.4,39.209373466751,2400.0,0.9836627610555204,0.0,0.0,0,637,0.0,False,False,False,1.0
2416,straight_diagonal,normal_current,False,time_limit,,279.0865962229473,2683.281572999748,0.895990566539409,299.4815928344357,571.8649829921758,225,1500,0.15,False,False,False,1.0
2417,one_turn,normal_current,False,time_limit,,522.6681702134924,2683.281572999748,0.8052130736212001,827.9218698131125,1379.0004870432895,457,1500,0.30466666666666664,False,False,False,1.0
2418,s_turn,normal_current,False,time_limit,,984.7597301459986,2683.281572999748,0.6330017169815331,822.8729418410768,1372.3037567552242,566,1500,0.37733333333333335,False,False,False,0.6666666666666666
2419,bezier_fillet,normal_current,False,time_limit,,865.7572745149936,1697.0562748477141,0.48984763360738726,235.9573658168168,622.8298316268371,586,1500,0.39066666666666666,False,False,False,0.3
2420,straight_east,current_limited,True,goal_reached,112.80000000000001,36.790319012196505,2400.0,0.9846707004115848,0.0,0.0,0,564,0.0,True,False,False,1.0
2421,straight_diagonal,current_limited,False,current_limited_safe_stop,,1764.9242709939335,2683.281572999748,0.3422515591530508,407.55158203396843,644.8609509397966,792,1500,0.528,True,False,False,1.0
2422,one_turn,current_limited,False,current_limited_safe_stop,,1649.7776523296166,2683.281572999748,0.3851641702718272,1395.3694342554425,2777.689168221067,1212,1500,0.808,True,False,False,1.0
2423,s_turn,current_limited,False,current_limited_safe_stop,,1367.10380136747,2683.281572999748,0.49051049464066127,1575.019813193897,2927.7310130149926,1308,1500,0.872,True,False,False,0.6666666666666666
2424,bezier_fillet,current_limited,False,current_limited_safe_stop,,2222.903195940584,1697.0562748477141,0.0,199.85885159860047,439.006190974241,1351,1500,0.9006666666666666,True,False,False,0.3
2425,straight_east,zero_current,True,goal_reached,175.0,38.86571790510334,2400.0,0.9838059508728736,0.0,0.0,0,875,0.0,False,False,False,1.0
2426,straight_diagonal,zero_current,False,time_limit,,801.1353084573698,2683.281572999748,0.7014344985190099,307.0866561865178,726.6067775201931,427,1500,0.2846666666666667,False,False,False,1.0
2427,one_turn,zero_current,False,time_limit,,1801.1274725073263,2683.281572999748,0.32875942255520585,282.1122379113034,694.7175591785626,329,1500,0.21933333333333332,False,False,False,1.0
2428,s_turn,zero_current,False,time_limit,,1953.0469348346783,2683.281572999748,0.2721423817436763,285.79461111061744,695.3402939267812,571,1500,0.38066666666666665,False,False,False,0.6666666666666666
2429,bezier_fillet,zero_current,False,time_limit,,1119.8324924497324,1697.0562748477141,0.34013237566313415,408.29760013253593,1030.582074588017,596,1500,0.3973333333333333,False,False,False,0.5
2430,straight_east,normal_current,False,time_limit,,704.6489408403353,2400.0,0.7063962746498602,264.8892181907182,465.4044420336895,438,1500,0.292,False,False,False,1.0
2431,straight_diagonal,normal_current,False,time_limit,,528.3051494285953,2683.281572999748,0.8031122955024129,352.7465730675921,582.6924440896535,266,1500,0.17733333333333334,False,False,False,1.0
2432,one_turn,normal_current,False,time_limit,,2328.3849958903984,2683.281572999748,0.13226214523308352,271.93438122929354,637.7893088435069,717,1500,0.478,False,False,False,0.5
2433,s_turn,normal_current,False,time_limit,,2343.2008488166193,2683.281572999748,0.12674060285180533,310.4468269738346,740.5265024266225,675,1500,0.45,False,False,False,0.3333333333333333
2434,bezier_fillet,normal_current,False,time_limit,,1569.445374140599,1697.0562748477141,0.07519544436943695,358.1335662291289,795.6686465077776,696,1500,0.464,False,False,False,0.2
2435,straight_east,normal_current,False,time_limit,,148.00852826375177,2400.0,0.9383297798901034,457.26045166659526,823.3457749520217,119,1500,0.07933333333333334,False,False,False,1.0
2436,straight_diagonal,normal_current,False,time_limit,,239.0688611677102,2683.281572999748,0.9109042958542567,697.1177430145499,1023.1960440956091,0,1500,0.0,False,False,False,1.0
2437,one_turn,normal_current,False,time_limit,,1259.862584823137,2683.281572999748,0.5304769363378118,265.9828863388092,474.2872697030248,0,1500,0.0,False,False,False,1.0
2438,s_turn,normal_current,False,time_limit,,3218.0561214311742,2683.281572999748,0.0,455.28853662487654,1585.5836175355216,928,1500,0.6186666666666667,False,False,False,0.3333333333333333
2439,bezier_fillet,normal_current,False,time_limit,,2580.2111403850326,1697.0562748477141,0.0,501.6749080031198,1430.762959458975,1030,1500,0.6866666666666666,False,False,False,0.1
2440,straight_east,normal_current,False,time_limit,,917.9204872726262,2400.0,0.6175331303030723,929.875952964621,1273.456081974542,0,1500,0.0,False,False,False,1.0
2441,straight_diagonal,normal_current,False,time_limit,,1626.4779323741213,2683.281572999748,0.3938474632180265,1255.2650650412984,1734.7267317814587,0,1500,0.0,False,False,False,1.0
2442,one_turn,normal_current,False,time_limit,,1615.481377356966,2683.281572999748,0.39794563730747246,351.7356883614954,720.6219590276255,0,1500,0.0,False,False,False,1.0
2443,s_turn,normal_current,False,time_limit,,2196.8679097843124,2683.281572999748,0.18127566935573375,245.04296533434783,566.5854737868167,530,1500,0.35333333333333333,False,False,False,0.3333333333333333
2444,bezier_fillet,normal_current,False,time_limit,,1793.2705242345721,1697.0562748477141,0.0,169.49637637939264,378.2879868762979,688,1500,0.45866666666666667,False,False,False,0.2
2445,straight_east,current_limited,False,current_limited_safe_stop,,2989.0116710246393,2400.0,0.0,1701.934218740553,2964.157669813815,991,1500,0.6606666666666666,True,False,False,1.0
2446,straight_diagonal,current_limited,False,current_limited_safe_stop,,3875.90332160291,2683.281572999748,0.0,1995.7826267284609,3604.4873178297726,1201,1500,0.8006666666666666,True,False,False,1.0
2447,one_turn,current_limited,False,current_limited_safe_stop,,3888.5913196088645,2683.281572999748,0.0,1487.0192427173442,2663.594657881492,1273,1500,0.8486666666666667,True,False,False,0.5
2448,s_turn,current_limited,False,current_limited_safe_stop,,3875.633336086642,2683.281572999748,0.0,1417.264191985398,2587.125478597084,1352,1500,0.9013333333333333,True,False,False,0.3333333333333333
2449,bezier_fillet,current_limited,False,current_limited_safe_stop,,3699.4891723657006,1697.0562748477141,0.0,1364.8598590361971,2542.5700151629576,1460,1500,0.9733333333333334,True,False,False,0.1
2450,straight_east,zero_current,True,goal_reached,175.0,38.86571790510334,2400.0,0.9838059508728736,0.0,0.0,0,875,0.0,False,False,False,1.0
2451,straight_diagonal,zero_current,False,time_limit,,801.1353084573698,2683.281572999748,0.7014344985190099,307.0866561865178,726.6067775201931,427,1500,0.2846666666666667,False,False,False,1.0
2452,one_turn,zero_current,False,time_limit,,1801.1274725073263,2683.281572999748,0.32875942255520585,282.1122379113034,694.7175591785626,329,1500,0.21933333333333332,False,False,False,1.0
2453,s_turn,zero_current,False,time_limit,,1953.0469348346783,2683.281572999748,0.2721423817436763,285.79461111061744,695.3402939267812,571,1500,0.38066666666666665,False,False,False,0.6666666666666666
2454,bezier_fillet,zero_current,False,time_limit,,1119.8324924497324,1697.0562748477141,0.34013237566313415,408.29760013253593,1030.582074588017,596,1500,0.3973333333333333,False,False,False,0.5
2455,straight_east,normal_current,True,goal_reached,194.0,39.6376167327594,2400.0,0.9834843263613503,0.0,0.0,0,970,0.0,False,False,False,1.0
2456,straight_diagonal,normal_current,False,time_limit,,791.7132555234984,2683.281572999748,0.7049458903269661,255.82522234349565,684.3352764789649,335,1500,0.22333333333333333,False,False,False,1.0
2457,one_turn,normal_current,False,time_limit,,2001.4706716543822,2683.281572999748,0.25409592053477337,250.75145775841762,792.5572400955674,335,1500,0.22333333333333333,False,False,False,1.0
2458,s_turn,normal_current,False,time_limit,,2345.5740602578458,2683.281572999748,0.12585615916721155,338.30548745599236,702.1358350016842,584,1500,0.3893333333333333,False,False,False,0.6666666666666666
2459,bezier_fillet,normal_current,False,time_limit,,731.7122060549788,1697.0562748477141,0.5688344476846301,198.8187347698479,779.868132885786,563,1500,0.37533333333333335,False,False,False,1.0
2460,straight_east,normal_current,False,time_limit,,100.42026262671016,2400.0,0.9581582239055374,0.0,0.0,67,1500,0.04466666666666667,False,False,False,1.0
2461,straight_diagonal,normal_current,False,time_limit,,164.79757890125612,2683.281572999748,0.9385835685082343,113.96040667829357,195.0783441737899,138,1500,0.092,False,False,False,1.0
2462,one_turn,normal_current,False,time_limit,,1326.9748985842402,2683.281572999748,0.5054656537216249,107.26699765485323,342.820759704035,325,1500,0.21666666666666667,False,False,False,1.0
2463,s_turn,normal_current,False,time_limit,,2803.527795715053,2683.281572999748,0.0,378.85842868435384,1126.9723731037088,630,1500,0.42,False,False,False,0.6666666666666666
2464,bezier_fillet,normal_current,False,time_limit,,2024.210597006578,1697.0562748477141,0.0,230.54937553573748,656.9747971371299,1023,1500,0.682,False,False,False,0.5
2465,straight_east,normal_current,False,time_limit,,638.091522896957,2400.0,0.7341285321262679,0.0,0.0,0,1500,0.0,False,False,False,1.0
2466,straight_diagonal,normal_current,False,time_limit,,1608.1023592053887,2683.281572999748,0.4006956350064944,851.077765050841,1348.1814235252878,0,1500,0.0,False,False,False,1.0
2467,one_turn,normal_current,False,time_limit,,1549.171984869053,2683.281572999748,0.4226576888324204,33.81493732367289,335.8402524595783,15,1500,0.01,False,False,False,1.0
2468,s_turn,normal_current,False,time_limit,,1866.823111540872,2683.281572999748,0.304276103437823,112.85289432201044,399.87340019734745,357,1500,0.238,False,False,False,0.6666666666666666
2469,bezier_fillet,normal_current,False,time_limit,,1211.5510964351029,1697.0562748477141,0.28608666996395166,310.8413262741774,1140.0096734438891,805,1500,0.5366666666666666,False,False,False,0.2
2470,straight_east,current_limited,False,current_limited_safe_stop,,4730.45974397833,2400.0,0.0,0.0,0.0,1499,1500,0.9993333333333333,True,False,False,1.0
2471,straight_diagonal,current_limited,False,current_limited_safe_stop,,4727.751860020814,2683.281572999748,0.0,1459.4742699168276,2805.338002990058,1499,1500,0.9993333333333333,True,False,False,1.0
2472,one_turn,current_limited,False,current_limited_safe_stop,,4880.291936902907,2683.281572999748,0.0,0.0,0.0,1499,1500,0.9993333333333333,True,False,False,0.5
2473,s_turn,current_limited,False,current_limited_safe_stop,,4880.291936902907,2683.281572999748,0.0,0.0,0.0,1499,1500,0.9993333333333333,True,False,False,0.3333333333333333
2474,bezier_fillet,current_limited,False,current_limited_safe_stop,,3510.581384358818,1697.0562748477141,0.0,453.7650433631973,896.9510388304536,1499,1500,0.9993333333333333,True,False,False,0.1
2475,straight_east,zero_current,True,goal_reached,175.0,38.86571790510334,2400.0,0.9838059508728736,0.0,0.0,0,875,0.0,False,False,False,1.0
2476,straight_diagonal,zero_current,False,time_limit,,801.1353084573698,2683.281572999748,0.7014344985190099,307.0866561865178,726.6067775201931,427,1500,0.2846666666666667,False,False,False,1.0
2477,one_turn,zero_current,False,time_limit,,1801.1274725073263,2683.281572999748,0.32875942255520585,282.1122379113034,694.7175591785626,329,1500,0.21933333333333332,False,False,False,1.0
2478,s_turn,zero_current,False,time_limit,,1953.0469348346783,2683.281572999748,0.2721423817436763,285.79461111061744,695.3402939267812,571,1500,0.38066666666666665,False,False,False,0.6666666666666666
2479,bezier_fillet,zero_current,False,time_limit,,1119.8324924497324,1697.0562748477141,0.34013237566313415,408.29760013253593,1030.582074588017,596,1500,0.3973333333333333,False,False,False,0.5
2480,straight_east,normal_current,False,time_limit,,704.6489408403376,2400.0,0.7063962746498593,264.889218190719,465.40444203368907,438,1500,0.292,False,False,False,1.0
2481,straight_diagonal,normal_current,False,time_limit,,1066.5834517525816,2683.281572999748,0.6025078163674767,269.048953118443,1060.3454877688298,505,1500,0.33666666666666667,False,False,False,1.0
2482,one_turn,normal_current,False,time_limit,,1714.9187478508986,2683.281572999748,0.36088751731942825,271.93438122929433,637.7893088435198,717,1500,0.478,False,False,False,0.5
2483,s_turn,normal_current,False,time_limit,,1723.379112832506,2683.281572999748,0.3577345254505394,310.4468269738355,740.5265024266264,675,1500,0.45,False,False,False,0.3333333333333333
2484,bezier_fillet,normal_current,False,time_limit,,732.6579259185175,1697.0562748477141,0.5682771769107876,436.274846015497,1075.2629222328273,591,1500,0.394,False,False,False,0.6
2485,straight_east,normal_current,False,time_limit,,148.00852826375547,2400.0,0.9383297798901018,457.26045166659617,823.345774952023,119,1500,0.07933333333333334,False,False,False,1.0
2486,straight_diagonal,normal_current,False,time_limit,,205.7554996295415,2683.281572999748,0.923319452680652,330.4492780657757,679.1697490421172,154,1500,0.10266666666666667,False,False,False,1.0
2487,one_turn,normal_current,False,time_limit,,1742.5603110250668,2683.281572999748,0.35058611494246245,429.34561558216615,873.9363298199933,115,1500,0.07666666666666666,False,False,False,1.0
2488,s_turn,normal_current,False,time_limit,,1656.8294530549026,2683.281572999748,0.3825361193075736,455.28853662487444,1585.5836175355157,928,1500,0.6186666666666667,False,False,False,0.3333333333333333
2489,bezier_fillet,normal_current,False,time_limit,,470.822701523762,1697.0562748477141,0.722565062513315,495.2806350447874,1392.9883720886803,1034,1500,0.6893333333333334,False,False,False,0.1
2490,straight_east,normal_current,False,time_limit,,917.920487272619,2400.0,0.6175331303030753,929.8759529646185,1273.4560819745402,0,1500,0.0,False,False,False,1.0
2491,straight_diagonal,normal_current,False,time_limit,,605.432084426037,2683.281572999748,0.774368783910665,627.6806102637283,967.7926772835701,0,1500,0.0,False,False,False,1.0
2492,one_turn,normal_current,False,time_limit,,2053.6267262566707,2683.281572999748,0.23465850661328871,362.45349274041985,720.6219590276294,287,1500,0.19133333333333333,False,False,False,1.0
2493,s_turn,normal_current,False,time_limit,,2403.938615593771,2683.281572999748,0.10410497363259877,245.0429653343598,566.5854737868185,530,1500,0.35333333333333333,False,False,False,0.3333333333333333
2494,bezier_fillet,normal_current,False,time_limit,,1636.9017475214298,1697.0562748477141,0.035446395159572604,159.58278826179273,329.63038012451955,682,1500,0.45466666666666666,False,False,False,0.2
2495,straight_east,current_limited,False,current_limited_safe_stop,,2989.0116710246334,2400.0,0.0,1701.9342187405532,2964.1576698138097,991,1500,0.6606666666666666,True,False,False,1.0
2496,straight_diagonal,current_limited,False,current_limited_safe_stop,,2306.65976999211,2683.281572999748,0.1403586588889355,1185.93946297989,1887.4493664375357,786,1500,0.524,True,False,False,1.0
2497,one_turn,current_limited,False,current_limited_safe_stop,,1633.6653885089306,2683.281572999748,0.39116885646757127,1558.7472400009162,2770.1488731482204,1273,1500,0.8486666666666667,True,False,False,0.5
2498,s_turn,current_limited,False,current_limited_safe_stop,,1613.1743422581585,2683.281572999748,0.3988054185253744,1417.2641919853945,2587.1254785970773,1352,1500,0.9013333333333333,True,False,False,0.3333333333333333
2499,bezier_fillet,current_limited,False,current_limited_safe_stop,,1322.0463603392132,1697.0562748477141,0.22097671130095706,1305.3859073106762,2449.893375458741,1455,1500,0.97,True,False,False,0.1
2500,straight_east,zero_current,False,time_limit,,899.226436525178,2400.0,0.6253223181145091,303.0484741395743,758.1714215450929,546,1500,0.364,False,False,False,1.0
2501,straight_diagonal,zero_current,False,time_limit,,779.0801760226552,2683.281572999748,0.7096539610818069,333.221609911576,712.5491798339498,408,1500,0.272,False,False,False,1.0
2502,one_turn,zero_current,False,time_limit,,1991.2283259384753,2683.281572999748,0.257913017413077,368.9293970736674,925.6900774154224,591,1500,0.394,False,False,False,0.5
2503,s_turn,zero_current,False,time_limit,,2031.1597559447907,2683.281572999748,0.2430314520909276,400.6674237900144,1003.5245879605815,599,1500,0.3993333333333333,False,False,False,0.3333333333333333
2504,bezier_fillet,zero_current,False,time_limit,,1138.114309396861,1697.0562748477141,0.329359711716696,400.5844595488587,1010.1957865727305,728,1500,0.48533333333333334,False,False,False,0.2
2505,straight_east,normal_current,False,time_limit,,726.4397264063346,2400.0,0.6973167806640272,308.10518914979616,774.779920808601,503,1500,0.3353333333333333,False,False,False,1.0
2506,straight_diagonal,normal_current,False,time_limit,,620.3628729668145,2683.281572999748,0.7688044075548561,343.2273639212751,556.673455387747,465,1500,0.31,False,False,False,1.0
2507,one_turn,normal_current,False,time_limit,,1644.1756766152432,2683.281572999748,0.3872519033561008,372.55910108823895,956.146405644137,572,1500,0.38133333333333336,False,False,False,0.5
2508,s_turn,normal_current,False,time_limit,,1942.6764977635423,2683.281572999748,0.2760072154515836,408.29796986062144,1022.4599347037506,698,1500,0.4653333333333333,False,False,False,0.3333333333333333
2509,bezier_fillet,normal_current,False,time_limit,,2087.8743167011075,1697.0562748477141,0.0,450.076895792074,1001.0640315352555,881,1500,0.5873333333333334,False,False,False,0.1
2510,straight_east,normal_current,False,time_limit,,407.3987679400138,2400.0,0.8302505133583276,306.85519011609017,815.3535673904397,463,1500,0.30866666666666664,False,False,False,1.0
2511,straight_diagonal,normal_current,True,goal_reached,291.40000000000003,39.351040250603724,2683.281572999748,0.9853347331690534,321.5023099688071,546.9125431539264,190,1457,0.13040494166094715,False,False,False,1.0
2512,one_turn,normal_current,False,time_limit,,1517.189187721897,2683.281572999748,0.43457697358769154,381.036969235346,1011.8208768484944,545,1500,0.36333333333333334,False,False,False,0.5
2513,s_turn,normal_current,False,time_limit,,1971.6825747892212,2683.281572999748,0.26519728878658144,401.19967661139907,1027.708451505071,543,1500,0.362,False,False,False,0.3333333333333333
2514,bezier_fillet,normal_current,False,time_limit,,1370.6808624910516,1697.0562748477141,0.19231855607495982,328.4868071925385,851.9375192351629,566,1500,0.37733333333333335,False,False,False,0.2
2515,straight_east,normal_current,False,time_limit,,1044.506230061614,2400.0,0.5647890708076608,301.08718665261927,859.5467792812464,546,1500,0.364,False,False,False,1.0
2516,straight_diagonal,normal_current,False,time_limit,,240.87185995520252,2683.281572999748,0.9102323578788929,322.7367461682944,603.9064400815748,201,1500,0.134,False,False,False,1.0
2517,one_turn,normal_current,False,time_limit,,1299.1787531720959,2683.281572999748,0.5158246654972956,369.6880013894515,1010.2052839844102,588,1500,0.392,False,False,False,0.5
2518,s_turn,normal_current,False,time_limit,,1235.887523452002,2683.281572999748,0.5394119141695763,680.846853673037,1177.3968121309654,486,1500,0.324,False,False,False,0.6666666666666666
2519,bezier_fillet,normal_current,False,time_limit,,896.4130621803506,1697.0562748477141,0.4717835374900632,264.5361951438124,758.9955021044665,581,1500,0.3873333333333333,False,False,False,0.2
2520,straight_east,current_limited,False,current_limited_safe_stop,,2272.3495500468075,2400.0,0.05318768748049687,295.36377393847994,836.1095730596902,926,1500,0.6173333333333333,True,False,False,1.0
2521,straight_diagonal,current_limited,False,current_limited_safe_stop,,1760.837387805865,2683.281572999748,0.3437746505904878,437.14438638398383,677.1394428400449,780,1500,0.52,True,False,False,1.0
2522,one_turn,current_limited,False,current_limited_safe_stop,,1538.4364802750147,2683.281572999748,0.42665857517325884,1327.190506242857,2653.7342050955813,1189,1500,0.7926666666666666,True,False,False,1.0
2523,s_turn,current_limited,False,current_limited_safe_stop,,1230.4404842183046,2683.281572999748,0.5414419058366856,1486.0307615180345,2788.1882465655744,1297,1500,0.8646666666666667,True,False,False,0.6666666666666666
2524,bezier_fillet,current_limited,False,current_limited_safe_stop,,2297.164588215772,1697.0562748477141,0.0,188.85124192954063,513.856853132471,1396,1500,0.9306666666666666,True,False,False,0.2
2525,straight_east,zero_current,False,time_limit,,899.226436525178,2400.0,0.6253223181145091,303.0484741395743,758.1714215450929,546,1500,0.364,False,False,False,1.0
2526,straight_diagonal,zero_current,False,time_limit,,779.0801760226552,2683.281572999748,0.7096539610818069,333.221609911576,712.5491798339498,408,1500,0.272,False,False,False,1.0
2527,one_turn,zero_current,False,time_limit,,1991.2283259384753,2683.281572999748,0.257913017413077,368.9293970736674,925.6900774154224,591,1500,0.394,False,False,False,0.5
2528,s_turn,zero_current,False,time_limit,,2031.1597559447907,2683.281572999748,0.2430314520909276,400.6674237900144,1003.5245879605815,599,1500,0.3993333333333333,False,False,False,0.3333333333333333
2529,bezier_fillet,zero_current,False,time_limit,,1138.114309396861,1697.0562748477141,0.329359711716696,400.5844595488587,1010.1957865727305,728,1500,0.48533333333333334,False,False,False,0.2
2530,straight_east,normal_current,False,time_limit,,697.9415074950589,2400.0,0.7091910385437254,295.6479534273135,504.1220704252678,420,1500,0.28,False,False,False,1.0
2531,straight_diagonal,normal_current,False,time_limit,,487.63074582343285,2683.281572999748,0.8182707507366471,383.10779382315076,616.8824374822285,244,1500,0.16266666666666665,False,False,False,1.0
2532,one_turn,normal_current,False,time_limit,,2418.4808764575846,2683.281572999748,0.0986853929929284,290.6533748864318,613.3366315012231,842,1500,0.5613333333333334,False,False,False,0.5
2533,s_turn,normal_current,False,time_limit,,2406.079257410017,2683.281572999748,0.10330720352983133,322.00020187198726,679.8653543097539,615,1500,0.41,False,False,False,0.3333333333333333
2534,bezier_fillet,normal_current,False,time_limit,,1641.2874394033374,1697.0562748477141,0.03286210143466287,359.1606471908234,743.1737439462676,874,1500,0.5826666666666667,False,False,False,0.1
2535,straight_east,normal_current,False,time_limit,,137.3551070888596,2400.0,0.9427687053796417,485.7881146683893,848.921064908955,103,1500,0.06866666666666667,False,False,False,1.0
2536,straight_diagonal,normal_current,False,time_limit,,297.3181533467407,2683.281572999748,0.8891960663619968,740.24378163398,1057.6793266141794,0,1500,0.0,False,False,False,1.0
2537,one_turn,normal_current,False,time_limit,,1261.671230983132,2683.281572999748,0.5298028937109797,276.9417882469648,492.7094458105471,0,1500,0.0,False,False,False,1.0
2538,s_turn,normal_current,False,time_limit,,2148.5160844661805,2683.281572999748,0.19929533073032346,198.03564698375138,448.43177598690863,531,1500,0.354,False,False,False,0.3333333333333333
2539,bezier_fillet,normal_current,False,time_limit,,2704.308131630478,1697.0562748477141,0.0,519.7751468555384,1531.743986019033,1056,1500,0.704,False,False,False,0.1
2540,straight_east,normal_current,False,time_limit,,951.752006576522,2400.0,0.6034366639264491,959.4610904817673,1298.1075540488582,0,1500,0.0,False,False,False,1.0
2541,straight_diagonal,normal_current,False,time_limit,,1685.1069605903479,2683.281572999748,0.37199771446032054,1293.778474666515,1776.9388608835534,0,1500,0.0,False,False,False,1.0
2542,one_turn,normal_current,False,time_limit,,1670.8457992186177,2683.281572999748,0.37731253550453436,379.4898003906421,740.6899734362014,0,1500,0.0,False,False,False,1.0
2543,s_turn,normal_current,False,time_limit,,1847.04089858263,2683.281572999748,0.31164849892449076,270.3541617053858,573.926453509323,457,1500,0.30466666666666664,False,False,False,0.3333333333333333
2544,bezier_fillet,normal_current,False,time_limit,,1835.099677193881,1697.0562748477141,0.0,235.50811393521272,501.59144247671094,777,1500,0.518,False,False,False,0.2
2545,straight_east,current_limited,False,current_limited_safe_stop,,3011.1266557967147,2400.0,0.0,1726.2356389097813,2987.508807610431,993,1500,0.662,True,False,False,1.0
2546,straight_diagonal,current_limited,False,current_limited_safe_stop,,3921.722854815623,2683.281572999748,0.0,2028.515107559801,3639.9886175478023,1199,1500,0.7993333333333333,True,False,False,1.0
2547,one_turn,current_limited,False,current_limited_safe_stop,,3910.298794245385,2683.281572999748,0.0,1510.8010747700937,2685.634361981146,1271,1500,0.8473333333333334,True,False,False,0.5
2548,s_turn,current_limited,False,current_limited_safe_stop,,3894.9233635146493,2683.281572999748,0.0,1440.223550043424,2607.837725702856,1362,1500,0.908,True,False,False,0.3333333333333333
2549,bezier_fillet,current_limited,False,current_limited_safe_stop,,3793.2392905990446,1697.0562748477141,0.0,1452.7183027262029,2639.691306364362,1468,1500,0.9786666666666667,True,False,False,0.1
2550,straight_east,zero_current,False,time_limit,,899.226436525178,2400.0,0.6253223181145091,303.0484741395743,758.1714215450929,546,1500,0.364,False,False,False,1.0
2551,straight_diagonal,zero_current,False,time_limit,,779.0801760226552,2683.281572999748,0.7096539610818069,333.221609911576,712.5491798339498,408,1500,0.272,False,False,False,1.0
2552,one_turn,zero_current,False,time_limit,,1991.2283259384753,2683.281572999748,0.257913017413077,368.9293970736674,925.6900774154224,591,1500,0.394,False,False,False,0.5
2553,s_turn,zero_current,False,time_limit,,2031.1597559447907,2683.281572999748,0.2430314520909276,400.6674237900144,1003.5245879605815,599,1500,0.3993333333333333,False,False,False,0.3333333333333333
2554,bezier_fillet,zero_current,False,time_limit,,1138.114309396861,1697.0562748477141,0.329359711716696,400.5844595488587,1010.1957865727305,728,1500,0.48533333333333334,False,False,False,0.2
2555,straight_east,normal_current,False,time_limit,,940.1165377560916,2400.0,0.6082847759349619,287.4997600032853,902.3833684731219,407,1500,0.2713333333333333,False,False,False,1.0
2556,straight_diagonal,normal_current,False,time_limit,,754.8047904479928,2683.281572999748,0.7187008631359674,286.114879398412,668.6571090612608,318,1500,0.212,False,False,False,1.0
2557,one_turn,normal_current,False,time_limit,,2388.171667327605,2683.281572999748,0.10998096831941032,366.817180523157,894.8354196929477,717,1500,0.478,False,False,False,0.5
2558,s_turn,normal_current,False,time_limit,,2445.8052996986353,2683.281572999748,0.08850218169076766,396.0891184985566,974.5573899311039,717,1500,0.478,False,False,False,0.3333333333333333
2559,bezier_fillet,normal_current,False,time_limit,,1471.4220876245379,1697.0562748477141,0.13295621987751916,410.518212603072,1015.9233433660369,704,1500,0.4693333333333333,False,False,False,0.2
2560,straight_east,normal_current,False,time_limit,,115.07715317277811,2400.0,0.9520511861780091,280.08883899604575,487.01013840554106,129,1500,0.086,False,False,False,1.0
2561,straight_diagonal,normal_current,False,time_limit,,150.1815339566774,2683.281572999748,0.9440306468512794,184.0464615759551,265.3029848397891,114,1500,0.076,False,False,False,1.0
2562,one_turn,normal_current,False,time_limit,,1216.0005428841598,2683.281572999748,0.5468233542390618,152.19109696809124,310.002787823247,301,1500,0.20066666666666666,False,False,False,1.0
2563,s_turn,normal_current,False,time_limit,,2579.8620472408074,2683.281572999748,0.03854218163296354,278.0816096801855,656.2690882202478,608,1500,0.4053333333333333,False,False,False,0.3333333333333333
2564,bezier_fillet,normal_current,False,time_limit,,2129.9042716163844,1697.0562748477141,0.0,270.1757814611557,638.7595921156711,892,1500,0.5946666666666667,False,False,False,0.1
2565,straight_east,normal_current,False,time_limit,,972.447877342102,2400.0,0.5948133844407909,521.7230968465102,708.7535159091854,0,1500,0.0,False,False,False,1.0
2566,straight_diagonal,normal_current,False,time_limit,,1504.3376089518088,2683.281572999748,0.4393664742123766,446.9495137745936,1100.362387823718,0,1500,0.0,False,False,False,1.0
2567,one_turn,normal_current,False,time_limit,,1499.1782986202018,2683.281572999748,0.44128923564879163,185.54120692266724,407.3142154699658,0,1500,0.0,False,False,False,1.0
2568,s_turn,normal_current,False,time_limit,,2003.4078506279163,2683.281572999748,0.2533739765565391,171.65702606221092,417.59231522160735,344,1500,0.22933333333333333,False,False,False,0.6666666666666666
2569,bezier_fillet,normal_current,False,time_limit,,1202.0207249790158,1697.0562748477141,0.29170249520047326,192.83970919487626,441.87836709222944,594,1500,0.396,False,False,False,0.3
2570,straight_east,current_limited,False,current_limited_safe_stop,,4806.506342885581,2400.0,0.0,701.4101046397755,1261.8080560480912,1499,1500,0.9993333333333333,True,False,False,1.0
2571,straight_diagonal,current_limited,False,current_limited_safe_stop,,4719.030623766682,2683.281572999748,0.0,1328.4754427313053,2716.42354408045,1499,1500,0.9993333333333333,True,False,False,1.0
2572,one_turn,current_limited,False,current_limited_safe_stop,,5169.042785084271,2683.281572999748,0.0,591.645365353215,1032.959812783858,1499,1500,0.9993333333333333,True,False,False,0.5
2573,s_turn,current_limited,False,current_limited_safe_stop,,5135.764855559452,2683.281572999748,0.0,532.403618167745,931.7417040758514,1499,1500,0.9993333333333333,True,False,False,0.3333333333333333
2574,bezier_fillet,current_limited,False,current_limited_safe_stop,,4001.8609771786996,1697.0562748477141,0.0,338.05131462505847,635.3719823952524,1499,1500,0.9993333333333333,True,False,False,0.1
2575,straight_east,zero_current,False,time_limit,,899.226436525178,2400.0,0.6253223181145091,303.0484741395743,758.1714215450929,546,1500,0.364,False,False,False,1.0
2576,straight_diagonal,zero_current,False,time_limit,,779.0801760226552,2683.281572999748,0.7096539610818069,333.221609911576,712.5491798339498,408,1500,0.272,False,False,False,1.0
2577,one_turn,zero_current,False,time_limit,,1991.2283259384753,2683.281572999748,0.257913017413077,368.9293970736674,925.6900774154224,591,1500,0.394,False,False,False,0.5
2578,s_turn,zero_current,False,time_limit,,2031.1597559447907,2683.281572999748,0.2430314520909276,400.6674237900144,1003.5245879605815,599,1500,0.3993333333333333,False,False,False,0.3333333333333333
2579,bezier_fillet,zero_current,False,time_limit,,1138.114309396861,1697.0562748477141,0.329359711716696,400.5844595488587,1010.1957865727305,728,1500,0.48533333333333334,False,False,False,0.2
2580,straight_east,normal_current,False,time_limit,,717.1063519083556,2400.0,0.7012056867048518,206.7127809402988,411.5491402528578,472,1500,0.31466666666666665,False,False,False,1.0
2581,straight_diagonal,normal_current,False,time_limit,,1044.9020179830989,2683.281572999748,0.6105880096605139,307.17000582518733,1036.399119642037,492,1500,0.328,False,False,False,1.0
2582,one_turn,normal_current,False,time_limit,,1784.8865240735477,2683.281572999748,0.3348120666747055,271.8287436023314,759.1399116018083,519,1500,0.346,False,False,False,0.5
2583,s_turn,normal_current,False,time_limit,,1714.3196522056082,2683.281572999748,0.3611107870840772,312.38159420710883,787.494518928462,320,1500,0.21333333333333335,False,False,False,0.6666666666666666
2584,bezier_fillet,normal_current,True,goal_reached,138.0,39.455207107054406,1697.0562748477141,0.9767507962512352,22.145960799327394,75.24842926894102,155,690,0.2246376811594203,False,False,False,0.8
2585,straight_east,normal_current,False,time_limit,,157.24533650814422,2400.0,0.9344811097882733,425.03559024102134,794.2047475490937,130,1500,0.08666666666666667,False,False,False,1.0
2586,straight_diagonal,normal_current,False,time_limit,,246.38260384533825,2683.281572999748,0.9081786248880706,256.8382236672772,593.8989337420609,183,1500,0.122,False,False,False,1.0
2587,one_turn,normal_current,False,time_limit,,1651.1405265691872,2683.281572999748,0.38465625703108336,370.4595866141627,765.8213238478774,36,1500,0.024,False,False,False,1.0
2588,s_turn,normal_current,False,time_limit,,1640.3851145814378,2683.281572999748,0.38866456241952063,408.89591629173134,1538.8914664652343,917,1500,0.6113333333333333,False,False,False,0.3333333333333333
2589,bezier_fillet,normal_current,False,time_limit,,462.30893073244744,1697.0562748477141,0.7275818500633204,435.039050716975,1303.9977924503198,982,1500,0.6546666666666666,False,False,False,0.2
2590,straight_east,normal_current,False,time_limit,,890.1815977979523,2400.0,0.6290910009175199,900.5982199320811,1250.5078388002698,0,1500,0.0,False,False,False,1.0
2591,straight_diagonal,normal_current,False,time_limit,,547.0755263326879,2683.281572999748,0.796116989048939,566.3314988141836,916.2017505285052,0,1500,0.0,False,False,False,1.0
2592,one_turn,normal_current,False,time_limit,,1577.5883286932274,2683.281572999748,0.41206754275527696,345.18845417562943,707.6024770074666,289,1500,0.19266666666666668,False,False,False,1.0
2593,s_turn,normal_current,False,time_limit,,2437.5498039850427,2683.281572999748,0.09157882329135954,320.6868548796499,748.8510420738974,398,1500,0.2653333333333333,False,False,False,0.6666666666666666
2594,bezier_fillet,normal_current,False,time_limit,,1451.8411751595056,1697.0562748477141,0.14449438319905625,127.2968572264326,258.7086879065276,730,1500,0.4866666666666667,False,False,False,0.1
2595,straight_east,current_limited,False,current_limited_safe_stop,,2968.2679279503636,2400.0,0.0,1678.5025809678532,2942.7753739850355,986,1500,0.6573333333333333,True,False,False,1.0
2596,straight_diagonal,current_limited,False,current_limited_safe_stop,,2265.609354254004,2683.281572999748,0.1556572455714409,1134.5891331388204,1843.6301166337014,780,1500,0.52,True,False,False,1.0
2597,one_turn,current_limited,False,current_limited_safe_stop,,1622.3744670992442,2683.281572999748,0.39537673443434906,1541.1012159794739,2757.5859463086085,1272,1500,0.848,True,False,False,0.5
2598,s_turn,current_limited,False,current_limited_safe_stop,,1603.9295613698787,2683.281572999748,0.40225074494258845,1400.790108245448,2574.5496535926404,1344,1500,0.896,True,False,False,0.3333333333333333
2599,bezier_fillet,current_limited,False,current_limited_safe_stop,,1268.9849644866572,1697.0562748477141,0.2522434386564288,1253.9470812562868,2393.9659803652426,1448,1500,0.9653333333333334,True,False,False,0.1
2600,straight_east,zero_current,False,time_limit,,899.2264365251821,2400.0,0.6253223181145074,303.04847413957583,758.1714215450925,546,1500,0.364,False,False,False,1.0
2601,straight_diagonal,zero_current,False,time_limit,,816.977742256468,2683.281572999748,0.6955303720350392,269.68357366393025,748.9094035890637,441,1500,0.294,False,False,False,1.0
2602,one_turn,zero_current,False,time_limit,,1959.7933899910404,2683.281572999748,0.269628126354213,368.9293970736647,925.6900774154174,591,1500,0.394,False,False,False,0.5
2603,s_turn,zero_current,False,time_limit,,1957.626460326374,2683.281572999748,0.2704356933596555,400.66742379001596,1003.524587960585,599,1500,0.3993333333333333,False,False,False,0.3333333333333333
2604,bezier_fillet,zero_current,False,time_limit,,1158.454314868498,1697.0562748477141,0.317374248551391,363.20292432339545,937.9543803597306,602,1500,0.4013333333333333,False,False,False,0.4
2605,straight_east,normal_current,False,time_limit,,726.4397264063281,2400.0,0.6973167806640299,308.1051891497949,774.7799208085994,503,1500,0.3353333333333333,False,False,False,1.0
2606,straight_diagonal,normal_current,False,time_limit,,641.808939700061,2683.281572999748,0.7608119303772667,292.00663608203115,596.6211183058538,500,1500,0.3333333333333333,False,False,False,1.0
2607,one_turn,normal_current,False,time_limit,,1613.8610590543174,2683.281572999748,0.3985494942857907,372.5591010882336,956.1464056441291,572,1500,0.38133333333333336,False,False,False,0.5
2608,s_turn,normal_current,False,time_limit,,1576.5607888710674,2683.281572999748,0.4124504842372666,408.29796986061535,1022.4599347037397,698,1500,0.4653333333333333,False,False,False,0.3333333333333333
2609,bezier_fillet,normal_current,False,time_limit,,1167.9005523455821,1697.0562748477141,0.31180799973743706,313.58632094866874,788.2671667171883,716,1500,0.47733333333333333,False,False,False,0.5
2610,straight_east,normal_current,False,time_limit,,407.3987679400341,2400.0,0.8302505133583191,306.85519011609387,815.3535673904466,463,1500,0.30866666666666664,False,False,False,1.0
2611,straight_diagonal,normal_current,True,goal_reached,293.6,39.76058198671361,2683.281572999748,0.9851821059754592,275.5481951521519,484.9448526744244,242,1468,0.164850136239782,False,False,False,1.0
2612,one_turn,normal_current,False,time_limit,,1281.665741130941,2683.281572999748,0.5223513797330946,381.0369692353498,1011.8208768485015,545,1500,0.36333333333333334,False,False,False,0.5
2613,s_turn,normal_current,False,time_limit,,1612.6078507526352,2683.281572999748,0.39901653744454546,401.1996766114016,1027.7084515050774,543,1500,0.362,False,False,False,0.3333333333333333
2614,bezier_fillet,normal_current,False,time_limit,,1234.572263935195,1697.0562748477141,0.2725213169221629,239.08578040678833,589.2802841605554,542,1500,0.36133333333333334,False,False,False,0.4
2615,straight_east,normal_current,False,time_limit,,1044.50623006161,2400.0,0.5647890708076625,301.0871866526207,859.5467792812492,546,1500,0.364,False,False,False,1.0
2616,straight_diagonal,normal_current,False,time_limit,,333.13542259364687,2683.281572999748,0.8758477582279143,279.2678356728432,545.6364672152229,302,1500,0.20133333333333334,False,False,False,1.0
2617,one_turn,normal_current,False,time_limit,,1101.4165321859698,2683.281572999748,0.5895262937483478,369.68800138944886,1010.2052839844064,588,1500,0.392,False,False,False,0.5
2618,s_turn,normal_current,False,time_limit,,250.01799583265787,2683.281572999748,0.9068237942866529,1220.6940023153586,1850.3974952609842,1013,1500,0.6753333333333333,False,False,False,0.6666666666666666
2619,bezier_fillet,normal_current,False,time_limit,,835.899941804695,1697.0562748477141,0.5074412356303831,203.55352343335863,466.1519359757758,545,1500,0.36333333333333334,False,False,False,0.4
2620,straight_east,current_limited,False,current_limited_safe_stop,,2272.349550046808,2400.0,0.05318768748049668,295.36377393847977,836.1095730596917,926,1500,0.6173333333333333,True,False,False,1.0
2621,straight_diagonal,current_limited,False,current_limited_safe_stop,,1766.367589715764,2683.281572999748,0.3417136660238489,384.00346499019776,619.7033802407968,799,1500,0.5326666666666666,True,False,False,1.0
2622,one_turn,current_limited,False,current_limited_safe_stop,,1784.8698111339731,2683.281572999748,0.33481829521953754,1487.0251430331764,2931.0905533078485,1221,1500,0.814,True,False,False,1.0
2623,s_turn,current_limited,False,current_limited_safe_stop,,1526.4006870415815,2683.281572999748,0.43114405047877363,1681.9392933175068,3093.98367068524,1312,1500,0.8746666666666667,True,False,False,0.6666666666666666
2624,bezier_fillet,current_limited,False,current_limited_safe_stop,,2313.825013145671,1697.0562748477141,0.0,193.9974222421097,436.6437040108016,1352,1500,0.9013333333333333,True,False,False,0.3
2625,straight_east,zero_current,False,time_limit,,899.2264365251821,2400.0,0.6253223181145074,303.04847413957583,758.1714215450925,546,1500,0.364,False,False,False,1.0
2626,straight_diagonal,zero_current,False,time_limit,,816.977742256468,2683.281572999748,0.6955303720350392,269.68357366393025,748.9094035890637,441,1500,0.294,False,False,False,1.0
2627,one_turn,zero_current,False,time_limit,,1959.7933899910404,2683.281572999748,0.269628126354213,368.9293970736647,925.6900774154174,591,1500,0.394,False,False,False,0.5
2628,s_turn,zero_current,False,time_limit,,1957.626460326374,2683.281572999748,0.2704356933596555,400.66742379001596,1003.524587960585,599,1500,0.3993333333333333,False,False,False,0.3333333333333333
2629,bezier_fillet,zero_current,False,time_limit,,1158.454314868498,1697.0562748477141,0.317374248551391,363.20292432339545,937.9543803597306,602,1500,0.4013333333333333,False,False,False,0.4
2630,straight_east,normal_current,False,time_limit,,717.1063519083535,2400.0,0.7012056867048526,206.71278094029734,411.5491402528478,472,1500,0.31466666666666665,False,False,False,1.0
2631,straight_diagonal,normal_current,False,time_limit,,550.2115764832231,2683.281572999748,0.7949482521626982,324.1084800961678,552.0644427340335,279,1500,0.186,False,False,False,1.0
2632,one_turn,normal_current,False,time_limit,,2125.340320655235,2683.281572999748,0.20793242794894917,271.828743602331,759.1399116018063,519,1500,0.346,False,False,False,0.5
2633,s_turn,normal_current,False,time_limit,,2830.209747674599,2683.281572999748,0.0,428.1813341765025,1223.309848016469,679,1500,0.45266666666666666,False,False,False,0.6666666666666666
2634,bezier_fillet,normal_current,False,time_limit,,1584.1883076581782,1697.0562748477141,0.06650808748205131,328.9983202141062,789.3456199670082,611,1500,0.4073333333333333,False,False,False,0.3
2635,straight_east,normal_current,False,time_limit,,157.24533650815317,2400.0,0.9344811097882695,425.03559024101696,794.2047475490886,130,1500,0.08666666666666667,False,False,False,1.0
2636,straight_diagonal,normal_current,False,time_limit,,210.24935067275038,2683.281572999748,0.9216446932784231,662.5508862494519,996.3689037198353,0,1500,0.0,False,False,False,1.0
2637,one_turn,normal_current,False,time_limit,,1459.4389060411077,2683.281572999748,0.45609923284735915,308.19955210348263,598.2435019637119,128,1500,0.08533333333333333,False,False,False,1.0
2638,s_turn,normal_current,False,time_limit,,3174.5145082631775,2683.281572999748,0.0,408.8959162917284,1538.891466465222,917,1500,0.6113333333333333,False,False,False,0.3333333333333333
2639,bezier_fillet,normal_current,False,time_limit,,2501.361654030642,1697.0562748477141,0.0,483.278306025811,1355.154068815875,1017,1500,0.678,False,False,False,0.1
2640,straight_east,normal_current,False,time_limit,,890.1815977979683,2400.0,0.6290910009175132,900.5982199320872,1250.507838800277,0,1500,0.0,False,False,False,1.0
2641,straight_diagonal,normal_current,False,time_limit,,1588.0966239470697,2683.281572999748,0.408151332336072,1224.7744658351446,1705.412458087302,0,1500,0.0,False,False,False,1.0
2642,one_turn,normal_current,False,time_limit,,1440.6296848454074,2683.281572999748,0.46310901571359514,324.9970981415117,707.6024770074632,13,1500,0.008666666666666666,False,False,False,1.0
2643,s_turn,normal_current,False,time_limit,,2221.332369038283,2683.281572999748,0.17215830370162502,297.50325630346566,569.0898683024952,505,1500,0.33666666666666667,False,False,False,0.6666666666666666
2644,bezier_fillet,normal_current,False,time_limit,,1464.182983498513,1697.0562748477141,0.13722190289187552,137.1076639020369,301.18692292263773,740,1500,0.49333333333333335,False,False,False,0.1
2645,straight_east,current_limited,False,current_limited_safe_stop,,2968.2679279503745,2400.0,0.0,1678.5025809678557,2942.775373985047,986,1500,0.6573333333333333,True,False,False,1.0
2646,straight_diagonal,current_limited,False,current_limited_safe_stop,,3845.712963502896,2683.281572999748,0.0,1971.0187839026967,3579.7173094810705,1207,1500,0.8046666666666666,True,False,False,1.0
2647,one_turn,current_limited,False,current_limited_safe_stop,,3869.040646296633,2683.281572999748,0.0,1464.891315557885,2643.603515983261,1272,1500,0.848,True,False,False,0.5
2648,s_turn,current_limited,False,current_limited_safe_stop,,3863.991249353552,2683.281572999748,0.0,1400.7901082454493,2574.549653592637,1344,1500,0.896,True,False,False,0.3333333333333333
2649,bezier_fillet,current_limited,False,current_limited_safe_stop,,3642.3230388832303,1697.0562748477141,0.0,1309.9124224034088,2483.290293139137,1453,1500,0.9686666666666667,True,False,False,0.1
2650,straight_east,zero_current,False,time_limit,,899.2264365251821,2400.0,0.6253223181145074,303.04847413957583,758.1714215450925,546,1500,0.364,False,False,False,1.0
2651,straight_diagonal,zero_current,False,time_limit,,816.977742256468,2683.281572999748,0.6955303720350392,269.68357366393025,748.9094035890637,441,1500,0.294,False,False,False,1.0
2652,one_turn,zero_current,False,time_limit,,1959.7933899910404,2683.281572999748,0.269628126354213,368.9293970736647,925.6900774154174,591,1500,0.394,False,False,False,0.5
2653,s_turn,zero_current,False,time_limit,,1957.626460326374,2683.281572999748,0.2704356933596555,400.66742379001596,1003.524587960585,599,1500,0.3993333333333333,False,False,False,0.3333333333333333
2654,bezier_fillet,zero_current,False,time_limit,,1158.454314868498,1697.0562748477141,0.317374248551391,363.20292432339545,937.9543803597306,602,1500,0.4013333333333333,False,False,False,0.4
2655,straight_east,normal_current,False,time_limit,,940.1165377560911,2400.0,0.6082847759349621,287.49976000328655,902.3833684731189,407,1500,0.2713333333333333,False,False,False,1.0
2656,straight_diagonal,normal_current,False,time_limit,,819.4493635513423,2683.281572999748,0.6946092531633767,174.21417305459008,665.9555863630956,352,1500,0.23466666666666666,False,False,False,1.0
2657,one_turn,normal_current,False,time_limit,,2359.65652407021,2683.281572999748,0.12060793477135709,366.81718052315796,894.835419692949,717,1500,0.478,False,False,False,0.5
2658,s_turn,normal_current,False,time_limit,,2359.68239664155,2683.281572999748,0.12059829263331219,396.0891184985538,974.5573899310994,717,1500,0.478,False,False,False,0.3333333333333333
2659,bezier_fillet,normal_current,False,time_limit,,1405.5445892249854,1697.0562748477141,0.17177490808246038,456.40183225501517,1079.1610550613646,711,1500,0.474,False,False,False,0.4
2660,straight_east,normal_current,False,time_limit,,115.07715317278044,2400.0,0.9520511861780081,280.08883899604814,487.01013840554674,129,1500,0.086,False,False,False,1.0
2661,straight_diagonal,normal_current,False,time_limit,,142.6947860731367,2683.281572999748,0.946820793050946,462.89854009116743,760.0659925474102,0,1500,0.0,False,False,False,1.0
2662,one_turn,normal_current,False,time_limit,,1199.5370870542872,2683.281572999748,0.5529589219690885,256.1567508018458,587.4440826114405,258,1500,0.172,False,False,False,1.0
2663,s_turn,normal_current,False,time_limit,,2210.358584868817,2683.281572999748,0.1762479915971812,278.08160968018615,656.2690882202437,608,1500,0.4053333333333333,False,False,False,0.3333333333333333
2664,bezier_fillet,normal_current,False,time_limit,,2157.428287054183,1697.0562748477141,0.0,303.42440878951885,767.7339254210436,877,1500,0.5846666666666667,False,False,False,0.1
2665,straight_east,normal_current,False,time_limit,,972.4478773420999,2400.0,0.5948133844407917,521.723096846508,708.7535159091854,0,1500,0.0,False,False,False,1.0
2666,straight_diagonal,normal_current,False,time_limit,,1639.7867383939815,2683.281572999748,0.3888875640580655,979.95153267017,1414.8368280487493,0,1500,0.0,False,False,False,1.0
2667,one_turn,normal_current,False,time_limit,,1380.477715284407,2683.281572999748,0.48552633120007765,195.25732288136166,407.31421546997444,112,1500,0.07466666666666667,False,False,False,1.0
2668,s_turn,normal_current,False,time_limit,,1983.4646116267108,2683.281572999748,0.26080638290624253,162.42511417621657,375.9520332864099,311,1500,0.20733333333333334,False,False,False,0.6666666666666666
2669,bezier_fillet,normal_current,False,time_limit,,1306.4014038689832,1697.0562748477141,0.23019559031051373,205.61794920754087,521.3219357911466,601,1500,0.40066666666666667,False,False,False,0.3
2670,straight_east,current_limited,False,current_limited_safe_stop,,4806.506342885583,2400.0,0.0,701.4101046397772,1261.8080560480985,1499,1500,0.9993333333333333,True,False,False,1.0
2671,straight_diagonal,current_limited,False,current_limited_safe_stop,,4726.150432601913,2683.281572999748,0.0,1527.7926957649338,2847.069081922637,1499,1500,0.9993333333333333,True,False,False,1.0
2672,one_turn,current_limited,False,current_limited_safe_stop,,4664.8468584369675,2683.281572999748,0.0,591.6453653532184,1032.9598127838594,1499,1500,0.9993333333333333,True,False,False,0.5
2673,s_turn,current_limited,False,current_limited_safe_stop,,4680.141073945904,2683.281572999748,0.0,532.4036181677478,931.741704075857,1499,1500,0.9993333333333333,True,False,False,0.3333333333333333
2674,bezier_fillet,current_limited,False,current_limited_safe_stop,,3513.790624415668,1697.0562748477141,0.0,481.64962655936836,899.4110768465985,1499,1500,0.9993333333333333,True,False,False,0.1
2675,straight_east,zero_current,False,time_limit,,899.2264365251821,2400.0,0.6253223181145074,303.04847413957583,758.1714215450925,546,1500,0.364,False,False,False,1.0
2676,straight_diagonal,zero_current,False,time_limit,,816.977742256468,2683.281572999748,0.6955303720350392,269.68357366393025,748.9094035890637,441,1500,0.294,False,False,False,1.0
2677,one_turn,zero_current,False,time_limit,,1959.7933899910404,2683.281572999748,0.269628126354213,368.9293970736647,925.6900774154174,591,1500,0.394,False,False,False,0.5
2678,s_turn,zero_current,False,time_limit,,1957.626460326374,2683.281572999748,0.2704356933596555,400.66742379001596,1003.524587960585,599,1500,0.3993333333333333,False,False,False,0.3333333333333333
2679,bezier_fillet,zero_current,False,time_limit,,1158.454314868498,1697.0562748477141,0.317374248551391,363.20292432339545,937.9543803597306,602,1500,0.4013333333333333,False,False,False,0.4
2680,straight_east,normal_current,False,time_limit,,697.941507495062,2400.0,0.7091910385437241,295.6479534273122,504.12207042527325,420,1500,0.28,False,False,False,1.0
2681,straight_diagonal,normal_current,False,time_limit,,588.4638138624525,2683.281572999748,0.7806924849841288,227.84099676211278,465.16865169986386,437,1500,0.29133333333333333,False,False,False,1.0
2682,one_turn,normal_current,False,time_limit,,1704.4160051422843,2683.281572999748,0.3648016584272036,290.6533748864306,613.3366315012377,842,1500,0.5613333333333334,False,False,False,0.5
2683,s_turn,normal_current,False,time_limit,,1708.766012872168,2683.281572999748,0.36318050626275866,322.0002018719875,679.865354309748,615,1500,0.41,False,False,False,0.3333333333333333
2684,bezier_fillet,normal_current,False,time_limit,,896.3905026078828,1697.0562748477141,0.47179683084562374,364.28996247101134,779.3376692069606,867,1500,0.578,False,False,False,0.1
2685,straight_east,normal_current,False,time_limit,,137.35510708886437,2400.0,0.9427687053796399,485.78811466838425,848.9210649089484,103,1500,0.06866666666666667,False,False,False,1.0
2686,straight_diagonal,normal_current,False,time_limit,,184.7858408550679,2683.281572999748,0.9311343830947684,372.23240974114896,720.7225076454149,139,1500,0.09266666666666666,False,False,False,1.0
2687,one_turn,normal_current,False,time_limit,,1771.005603700581,2683.281572999748,0.33998518026540797,441.94778329649705,880.8691417153893,118,1500,0.07866666666666666,False,False,False,1.0
2688,s_turn,normal_current,False,time_limit,,2508.467232718185,2683.281572999748,0.06514945805189229,198.03564698374947,448.4317759868936,531,1500,0.354,False,False,False,0.3333333333333333
2689,bezier_fillet,normal_current,False,time_limit,,521.8400077711724,1697.0562748477141,0.6925028265088028,511.5478434481691,1479.2002122848728,1057,1500,0.7046666666666667,False,False,False,0.1
2690,straight_east,normal_current,False,time_limit,,951.7520065765243,2400.0,0.6034366639264482,959.4610904817696,1298.1075540488619,0,1500,0.0,False,False,False,1.0
2691,straight_diagonal,normal_current,False,time_limit,,634.324459014832,2683.281572999748,0.7636012316420094,659.2545004020675,993.2824067245062,0,1500,0.0,False,False,False,1.0
2692,one_turn,normal_current,False,time_limit,,2030.89242705737,2683.281572999748,0.2431310796850313,390.12788137490156,740.6899734362014,239,1500,0.15933333333333333,False,False,False,1.0
2693,s_turn,normal_current,False,time_limit,,2094.9123547390454,2683.281572999748,0.21927226131655683,270.35416170539395,573.9264535093193,457,1500,0.30466666666666664,False,False,False,0.3333333333333333
2694,bezier_fillet,normal_current,False,time_limit,,1931.9966651591585,1697.0562748477141,0.0,206.25351993065254,427.87352565373277,780,1500,0.52,False,False,False,0.2
2695,straight_east,current_limited,False,current_limited_safe_stop,,3011.126655796725,2400.0,0.0,1726.2356389097906,2987.5088076104416,993,1500,0.662,True,False,False,1.0
2696,straight_diagonal,current_limited,False,current_limited_safe_stop,,2327.6043897184427,2683.281572999748,0.1325530599771083,1213.9320045651261,1910.3414713033676,788,1500,0.5253333333333333,True,False,False,1.0
2697,one_turn,current_limited,False,current_limited_safe_stop,,1643.288927122832,2683.281572999748,0.3875823753801083,1575.1310568681413,2780.727950121461,1271,1500,0.8473333333333334,True,False,False,0.5
2698,s_turn,current_limited,False,current_limited_safe_stop,,1628.7439713713566,2683.281572999748,0.3930029603451126,1440.223550043418,2607.837725702847,1362,1500,0.908,True,False,False,0.3333333333333333
2699,bezier_fillet,current_limited,False,current_limited_safe_stop,,1400.343306298467,1697.0562748477141,0.17483979343930284,1378.6420005856446,2531.49459129307,1462,1500,0.9746666666666667,True,False,False,0.1
2700,straight_east,zero_current,True,goal_reached,175.0,38.86571790510334,2400.0,0.9838059508728736,0.0,0.0,0,875,0.0,False,False,False,1.0
2701,straight_diagonal,zero_current,False,time_limit,,801.1353084573698,2683.281572999748,0.7014344985190099,307.0866561865178,726.6067775201931,427,1500,0.2846666666666667,False,False,False,1.0
2702,one_turn,zero_current,False,time_limit,,1801.1274725073263,2683.281572999748,0.32875942255520585,282.1122379113034,694.7175591785626,329,1500,0.21933333333333332,False,False,False,1.0
2703,s_turn,zero_current,False,time_limit,,1953.0469348346783,2683.281572999748,0.2721423817436763,285.79461111061744,695.3402939267812,571,1500,0.38066666666666665,False,False,False,0.6666666666666666
2704,bezier_fillet,zero_current,False,time_limit,,1119.8324924497324,1697.0562748477141,0.34013237566313415,408.29760013253593,1030.582074588017,596,1500,0.3973333333333333,False,False,False,0.5
2705,straight_east,normal_current,True,goal_reached,161.0,39.397951889924116,2400.0,0.9835841867125317,0.0,0.0,0,805,0.0,False,False,False,1.0
2706,straight_diagonal,normal_current,False,time_limit,,631.5289012390328,2683.281572999748,0.7646430745122953,318.6527919523976,575.1714871280197,486,1500,0.324,False,False,False,1.0
2707,one_turn,normal_current,False,time_limit,,1515.3028906725992,2683.281572999748,0.43527995499235606,313.0957574102855,819.3309939373185,289,1500,0.19266666666666668,False,False,False,1.0
2708,s_turn,normal_current,False,time_limit,,1818.0600802018864,2683.281572999748,0.32244901224831046,301.542651552764,818.5615839270149,612,1500,0.408,False,False,False,0.6666666666666666
2709,bezier_fillet,normal_current,False,time_limit,,1064.8106285417462,1697.0562748477141,0.3725543198988512,379.74410586033275,958.9149547051893,717,1500,0.478,False,False,False,0.4
2710,straight_east,normal_current,True,goal_reached,141.20000000000002,39.41475254492161,2400.0,0.983577186439616,0.0,0.0,0,706,0.0,False,False,False,1.0
2711,straight_diagonal,normal_current,True,goal_reached,292.40000000000003,38.224565999895205,2683.281572999748,0.9857545453356344,296.74968575976993,513.8118265309145,219,1462,0.14979480164158687,False,False,False,1.0
2712,one_turn,normal_current,False,time_limit,,1117.0821431257448,2683.281572999748,0.5836880652532809,494.5386447834743,1080.3513920383211,244,1500,0.16266666666666665,False,False,False,1.0
2713,s_turn,normal_current,False,time_limit,,1833.2282104267256,2683.281572999748,0.31679618386925884,473.71705186318286,1081.1721369449983,584,1500,0.3893333333333333,False,False,False,1.0
2714,bezier_fillet,normal_current,False,time_limit,,1227.7598765115595,1697.0562748477141,0.27653555470826513,287.09833246099737,757.5007727945292,553,1500,0.36866666666666664,False,False,False,0.3
2715,straight_east,normal_current,True,goal_reached,127.4,39.209373466751,2400.0,0.9836627610555204,0.0,0.0,0,637,0.0,False,False,False,1.0
2716,straight_diagonal,normal_current,False,time_limit,,279.0865962229473,2683.281572999748,0.895990566539409,299.4815928344357,571.8649829921758,225,1500,0.15,False,False,False,1.0
2717,one_turn,normal_current,False,time_limit,,522.6681702134924,2683.281572999748,0.8052130736212001,827.9218698131125,1379.0004870432895,457,1500,0.30466666666666664,False,False,False,1.0
2718,s_turn,normal_current,False,time_limit,,984.7597301459986,2683.281572999748,0.6330017169815331,822.8729418410768,1372.3037567552242,566,1500,0.37733333333333335,False,False,False,0.6666666666666666
2719,bezier_fillet,normal_current,False,time_limit,,865.7572745149936,1697.0562748477141,0.48984763360738726,235.9573658168168,622.8298316268371,586,1500,0.39066666666666666,False,False,False,0.3
2720,straight_east,current_limited,True,goal_reached,112.80000000000001,36.790319012196505,2400.0,0.9846707004115848,0.0,0.0,0,564,0.0,True,False,False,1.0
2721,straight_diagonal,current_limited,False,current_limited_safe_stop,,1764.9242709939335,2683.281572999748,0.3422515591530508,407.55158203396843,644.8609509397966,792,1500,0.528,True,False,False,1.0
2722,one_turn,current_limited,False,current_limited_safe_stop,,1649.7776523296166,2683.281572999748,0.3851641702718272,1395.3694342554425,2777.689168221067,1212,1500,0.808,True,False,False,1.0
2723,s_turn,current_limited,False,current_limited_safe_stop,,1367.10380136747,2683.281572999748,0.49051049464066127,1575.019813193897,2927.7310130149926,1308,1500,0.872,True,False,False,0.6666666666666666
2724,bezier_fillet,current_limited,False,current_limited_safe_stop,,2222.903195940584,1697.0562748477141,0.0,199.85885159860047,439.006190974241,1351,1500,0.9006666666666666,True,False,False,0.3
2725,straight_east,zero_current,True,goal_reached,175.0,38.86571790510334,2400.0,0.9838059508728736,0.0,0.0,0,875,0.0,False,False,False,1.0
2726,straight_diagonal,zero_current,False,time_limit,,801.1353084573698,2683.281572999748,0.7014344985190099,307.0866561865178,726.6067775201931,427,1500,0.2846666666666667,False,False,False,1.0
2727,one_turn,zero_current,False,time_limit,,1801.1274725073263,2683.281572999748,0.32875942255520585,282.1122379113034,694.7175591785626,329,1500,0.21933333333333332,False,False,False,1.0
2728,s_turn,zero_current,False,time_limit,,1953.0469348346783,2683.281572999748,0.2721423817436763,285.79461111061744,695.3402939267812,571,1500,0.38066666666666665,False,False,False,0.6666666666666666
2729,bezier_fillet,zero_current,False,time_limit,,1119.8324924497324,1697.0562748477141,0.34013237566313415,408.29760013253593,1030.582074588017,596,1500,0.3973333333333333,False,False,False,0.5
2730,straight_east,normal_current,False,time_limit,,704.6489408403353,2400.0,0.7063962746498602,264.8892181907182,465.4044420336895,438,1500,0.292,False,False,False,1.0
2731,straight_diagonal,normal_current,False,time_limit,,528.3051494285953,2683.281572999748,0.8031122955024129,352.7465730675921,582.6924440896535,266,1500,0.17733333333333334,False,False,False,1.0
2732,one_turn,normal_current,False,time_limit,,2328.3849958903984,2683.281572999748,0.13226214523308352,271.93438122929354,637.7893088435069,717,1500,0.478,False,False,False,0.5
2733,s_turn,normal_current,False,time_limit,,2343.2008488166193,2683.281572999748,0.12674060285180533,310.4468269738346,740.5265024266225,675,1500,0.45,False,False,False,0.3333333333333333
2734,bezier_fillet,normal_current,False,time_limit,,1569.445374140599,1697.0562748477141,0.07519544436943695,358.1335662291289,795.6686465077776,696,1500,0.464,False,False,False,0.2
2735,straight_east,normal_current,False,time_limit,,148.00852826375177,2400.0,0.9383297798901034,457.26045166659526,823.3457749520217,119,1500,0.07933333333333334,False,False,False,1.0
2736,straight_diagonal,normal_current,False,time_limit,,239.0688611677102,2683.281572999748,0.9109042958542567,697.1177430145499,1023.1960440956091,0,1500,0.0,False,False,False,1.0
2737,one_turn,normal_current,False,time_limit,,1259.862584823137,2683.281572999748,0.5304769363378118,265.9828863388092,474.2872697030248,0,1500,0.0,False,False,False,1.0
2738,s_turn,normal_current,False,time_limit,,3218.0561214311742,2683.281572999748,0.0,455.28853662487654,1585.5836175355216,928,1500,0.6186666666666667,False,False,False,0.3333333333333333
2739,bezier_fillet,normal_current,False,time_limit,,2580.2111403850326,1697.0562748477141,0.0,501.6749080031198,1430.762959458975,1030,1500,0.6866666666666666,False,False,False,0.1
2740,straight_east,normal_current,False,time_limit,,917.9204872726262,2400.0,0.6175331303030723,929.875952964621,1273.456081974542,0,1500,0.0,False,False,False,1.0
2741,straight_diagonal,normal_current,False,time_limit,,1626.4779323741213,2683.281572999748,0.3938474632180265,1255.2650650412984,1734.7267317814587,0,1500,0.0,False,False,False,1.0
2742,one_turn,normal_current,False,time_limit,,1615.481377356966,2683.281572999748,0.39794563730747246,351.7356883614954,720.6219590276255,0,1500,0.0,False,False,False,1.0
2743,s_turn,normal_current,False,time_limit,,2196.8679097843124,2683.281572999748,0.18127566935573375,245.04296533434783,566.5854737868167,530,1500,0.35333333333333333,False,False,False,0.3333333333333333
2744,bezier_fillet,normal_current,False,time_limit,,1793.2705242345721,1697.0562748477141,0.0,169.49637637939264,378.2879868762979,688,1500,0.45866666666666667,False,False,False,0.2
2745,straight_east,current_limited,False,current_limited_safe_stop,,2989.0116710246393,2400.0,0.0,1701.934218740553,2964.157669813815,991,1500,0.6606666666666666,True,False,False,1.0
2746,straight_diagonal,current_limited,False,current_limited_safe_stop,,3875.90332160291,2683.281572999748,0.0,1995.7826267284609,3604.4873178297726,1201,1500,0.8006666666666666,True,False,False,1.0
2747,one_turn,current_limited,False,current_limited_safe_stop,,3888.5913196088645,2683.281572999748,0.0,1487.0192427173442,2663.594657881492,1273,1500,0.8486666666666667,True,False,False,0.5
2748,s_turn,current_limited,False,current_limited_safe_stop,,3875.633336086642,2683.281572999748,0.0,1417.264191985398,2587.125478597084,1352,1500,0.9013333333333333,True,False,False,0.3333333333333333
2749,bezier_fillet,current_limited,False,current_limited_safe_stop,,3699.4891723657006,1697.0562748477141,0.0,1364.8598590361971,2542.5700151629576,1460,1500,0.9733333333333334,True,False,False,0.1
2750,straight_east,zero_current,True,goal_reached,175.0,38.86571790510334,2400.0,0.9838059508728736,0.0,0.0,0,875,0.0,False,False,False,1.0
2751,straight_diagonal,zero_current,False,time_limit,,801.1353084573698,2683.281572999748,0.7014344985190099,307.0866561865178,726.6067775201931,427,1500,0.2846666666666667,False,False,False,1.0
2752,one_turn,zero_current,False,time_limit,,1801.1274725073263,2683.281572999748,0.32875942255520585,282.1122379113034,694.7175591785626,329,1500,0.21933333333333332,False,False,False,1.0
2753,s_turn,zero_current,False,time_limit,,1953.0469348346783,2683.281572999748,0.2721423817436763,285.79461111061744,695.3402939267812,571,1500,0.38066666666666665,False,False,False,0.6666666666666666
2754,bezier_fillet,zero_current,False,time_limit,,1119.8324924497324,1697.0562748477141,0.34013237566313415,408.29760013253593,1030.582074588017,596,1500,0.3973333333333333,False,False,False,0.5
2755,straight_east,normal_current,True,goal_reached,194.0,39.6376167327594,2400.0,0.9834843263613503,0.0,0.0,0,970,0.0,False,False,False,1.0
2756,straight_diagonal,normal_current,False,time_limit,,791.7132555234984,2683.281572999748,0.7049458903269661,255.82522234349565,684.3352764789649,335,1500,0.22333333333333333,False,False,False,1.0
2757,one_turn,normal_current,False,time_limit,,2001.4706716543822,2683.281572999748,0.25409592053477337,250.75145775841762,792.5572400955674,335,1500,0.22333333333333333,False,False,False,1.0
2758,s_turn,normal_current,False,time_limit,,2345.5740602578458,2683.281572999748,0.12585615916721155,338.30548745599236,702.1358350016842,584,1500,0.3893333333333333,False,False,False,0.6666666666666666
2759,bezier_fillet,normal_current,False,time_limit,,731.7122060549788,1697.0562748477141,0.5688344476846301,198.8187347698479,779.868132885786,563,1500,0.37533333333333335,False,False,False,1.0
2760,straight_east,normal_current,False,time_limit,,100.42026262671016,2400.0,0.9581582239055374,0.0,0.0,67,1500,0.04466666666666667,False,False,False,1.0
2761,straight_diagonal,normal_current,False,time_limit,,164.79757890125612,2683.281572999748,0.9385835685082343,113.96040667829357,195.0783441737899,138,1500,0.092,False,False,False,1.0
2762,one_turn,normal_current,False,time_limit,,1326.9748985842402,2683.281572999748,0.5054656537216249,107.26699765485323,342.820759704035,325,1500,0.21666666666666667,False,False,False,1.0
2763,s_turn,normal_current,False,time_limit,,2803.527795715053,2683.281572999748,0.0,378.85842868435384,1126.9723731037088,630,1500,0.42,False,False,False,0.6666666666666666
2764,bezier_fillet,normal_current,False,time_limit,,2024.210597006578,1697.0562748477141,0.0,230.54937553573748,656.9747971371299,1023,1500,0.682,False,False,False,0.5
2765,straight_east,normal_current,False,time_limit,,638.091522896957,2400.0,0.7341285321262679,0.0,0.0,0,1500,0.0,False,False,False,1.0
2766,straight_diagonal,normal_current,False,time_limit,,1608.1023592053887,2683.281572999748,0.4006956350064944,851.077765050841,1348.1814235252878,0,1500,0.0,False,False,False,1.0
2767,one_turn,normal_current,False,time_limit,,1549.171984869053,2683.281572999748,0.4226576888324204,33.81493732367289,335.8402524595783,15,1500,0.01,False,False,False,1.0
2768,s_turn,normal_current,False,time_limit,,1866.823111540872,2683.281572999748,0.304276103437823,112.85289432201044,399.87340019734745,357,1500,0.238,False,False,False,0.6666666666666666
2769,bezier_fillet,normal_current,False,time_limit,,1211.5510964351029,1697.0562748477141,0.28608666996395166,310.8413262741774,1140.0096734438891,805,1500,0.5366666666666666,False,False,False,0.2
2770,straight_east,current_limited,False,current_limited_safe_stop,,4730.45974397833,2400.0,0.0,0.0,0.0,1499,1500,0.9993333333333333,True,False,False,1.0
2771,straight_diagonal,current_limited,False,current_limited_safe_stop,,4727.751860020814,2683.281572999748,0.0,1459.4742699168276,2805.338002990058,1499,1500,0.9993333333333333,True,False,False,1.0
2772,one_turn,current_limited,False,current_limited_safe_stop,,4880.291936902907,2683.281572999748,0.0,0.0,0.0,1499,1500,0.9993333333333333,True,False,False,0.5
2773,s_turn,current_limited,False,current_limited_safe_stop,,4880.291936902907,2683.281572999748,0.0,0.0,0.0,1499,1500,0.9993333333333333,True,False,False,0.3333333333333333
2774,bezier_fillet,current_limited,False,current_limited_safe_stop,,3510.581384358818,1697.0562748477141,0.0,453.7650433631973,896.9510388304536,1499,1500,0.9993333333333333,True,False,False,0.1
2775,straight_east,zero_current,True,goal_reached,175.0,38.86571790510334,2400.0,0.9838059508728736,0.0,0.0,0,875,0.0,False,False,False,1.0
2776,straight_diagonal,zero_current,False,time_limit,,801.1353084573698,2683.281572999748,0.7014344985190099,307.0866561865178,726.6067775201931,427,1500,0.2846666666666667,False,False,False,1.0
2777,one_turn,zero_current,False,time_limit,,1801.1274725073263,2683.281572999748,0.32875942255520585,282.1122379113034,694.7175591785626,329,1500,0.21933333333333332,False,False,False,1.0
2778,s_turn,zero_current,False,time_limit,,1953.0469348346783,2683.281572999748,0.2721423817436763,285.79461111061744,695.3402939267812,571,1500,0.38066666666666665,False,False,False,0.6666666666666666
2779,bezier_fillet,zero_current,False,time_limit,,1119.8324924497324,1697.0562748477141,0.34013237566313415,408.29760013253593,1030.582074588017,596,1500,0.3973333333333333,False,False,False,0.5
2780,straight_east,normal_current,False,time_limit,,704.6489408403376,2400.0,0.7063962746498593,264.889218190719,465.40444203368907,438,1500,0.292,False,False,False,1.0
2781,straight_diagonal,normal_current,False,time_limit,,1066.5834517525816,2683.281572999748,0.6025078163674767,269.048953118443,1060.3454877688298,505,1500,0.33666666666666667,False,False,False,1.0
2782,one_turn,normal_current,False,time_limit,,1714.9187478508986,2683.281572999748,0.36088751731942825,271.93438122929433,637.7893088435198,717,1500,0.478,False,False,False,0.5
2783,s_turn,normal_current,False,time_limit,,1723.379112832506,2683.281572999748,0.3577345254505394,310.4468269738355,740.5265024266264,675,1500,0.45,False,False,False,0.3333333333333333
2784,bezier_fillet,normal_current,False,time_limit,,732.6579259185175,1697.0562748477141,0.5682771769107876,436.274846015497,1075.2629222328273,591,1500,0.394,False,False,False,0.6
2785,straight_east,normal_current,False,time_limit,,148.00852826375547,2400.0,0.9383297798901018,457.26045166659617,823.345774952023,119,1500,0.07933333333333334,False,False,False,1.0
2786,straight_diagonal,normal_current,False,time_limit,,205.7554996295415,2683.281572999748,0.923319452680652,330.4492780657757,679.1697490421172,154,1500,0.10266666666666667,False,False,False,1.0
2787,one_turn,normal_current,False,time_limit,,1742.5603110250668,2683.281572999748,0.35058611494246245,429.34561558216615,873.9363298199933,115,1500,0.07666666666666666,False,False,False,1.0
2788,s_turn,normal_current,False,time_limit,,1656.8294530549026,2683.281572999748,0.3825361193075736,455.28853662487444,1585.5836175355157,928,1500,0.6186666666666667,False,False,False,0.3333333333333333
2789,bezier_fillet,normal_current,False,time_limit,,470.822701523762,1697.0562748477141,0.722565062513315,495.2806350447874,1392.9883720886803,1034,1500,0.6893333333333334,False,False,False,0.1
2790,straight_east,normal_current,False,time_limit,,917.920487272619,2400.0,0.6175331303030753,929.8759529646185,1273.4560819745402,0,1500,0.0,False,False,False,1.0
2791,straight_diagonal,normal_current,False,time_limit,,605.432084426037,2683.281572999748,0.774368783910665,627.6806102637283,967.7926772835701,0,1500,0.0,False,False,False,1.0
2792,one_turn,normal_current,False,time_limit,,2053.6267262566707,2683.281572999748,0.23465850661328871,362.45349274041985,720.6219590276294,287,1500,0.19133333333333333,False,False,False,1.0
2793,s_turn,normal_current,False,time_limit,,2403.938615593771,2683.281572999748,0.10410497363259877,245.0429653343598,566.5854737868185,530,1500,0.35333333333333333,False,False,False,0.3333333333333333
2794,bezier_fillet,normal_current,False,time_limit,,1636.9017475214298,1697.0562748477141,0.035446395159572604,159.58278826179273,329.63038012451955,682,1500,0.45466666666666666,False,False,False,0.2
2795,straight_east,current_limited,False,current_limited_safe_stop,,2989.0116710246334,2400.0,0.0,1701.9342187405532,2964.1576698138097,991,1500,0.6606666666666666,True,False,False,1.0
2796,straight_diagonal,current_limited,False,current_limited_safe_stop,,2306.65976999211,2683.281572999748,0.1403586588889355,1185.93946297989,1887.4493664375357,786,1500,0.524,True,False,False,1.0
2797,one_turn,current_limited,False,current_limited_safe_stop,,1633.6653885089306,2683.281572999748,0.39116885646757127,1558.7472400009162,2770.1488731482204,1273,1500,0.8486666666666667,True,False,False,0.5
2798,s_turn,current_limited,False,current_limited_safe_stop,,1613.1743422581585,2683.281572999748,0.3988054185253744,1417.2641919853945,2587.1254785970773,1352,1500,0.9013333333333333,True,False,False,0.3333333333333333
2799,bezier_fillet,current_limited,False,current_limited_safe_stop,,1322.0463603392132,1697.0562748477141,0.22097671130095706,1305.3859073106762,2449.893375458741,1455,1500,0.97,True,False,False,0.1
2800,straight_east,zero_current,False,time_limit,,899.226436525178,2400.0,0.6253223181145091,303.0484741395743,758.1714215450929,546,1500,0.364,False,False,False,1.0
2801,straight_diagonal,zero_current,False,time_limit,,779.0801760226552,2683.281572999748,0.7096539610818069,333.221609911576,712.5491798339498,408,1500,0.272,False,False,False,1.0
2802,one_turn,zero_current,False,time_limit,,1991.2283259384753,2683.281572999748,0.257913017413077,368.9293970736674,925.6900774154224,591,1500,0.394,False,False,False,0.5
2803,s_turn,zero_current,False,time_limit,,2031.1597559447907,2683.281572999748,0.2430314520909276,400.6674237900144,1003.5245879605815,599,1500,0.3993333333333333,False,False,False,0.3333333333333333
2804,bezier_fillet,zero_current,False,time_limit,,1138.114309396861,1697.0562748477141,0.329359711716696,400.5844595488587,1010.1957865727305,728,1500,0.48533333333333334,False,False,False,0.2
2805,straight_east,normal_current,False,time_limit,,726.4397264063346,2400.0,0.6973167806640272,308.10518914979616,774.779920808601,503,1500,0.3353333333333333,False,False,False,1.0
2806,straight_diagonal,normal_current,False,time_limit,,620.3628729668145,2683.281572999748,0.7688044075548561,343.2273639212751,556.673455387747,465,1500,0.31,False,False,False,1.0
2807,one_turn,normal_current,False,time_limit,,1644.1756766152432,2683.281572999748,0.3872519033561008,372.55910108823895,956.146405644137,572,1500,0.38133333333333336,False,False,False,0.5
2808,s_turn,normal_current,False,time_limit,,1942.6764977635423,2683.281572999748,0.2760072154515836,408.29796986062144,1022.4599347037506,698,1500,0.4653333333333333,False,False,False,0.3333333333333333
2809,bezier_fillet,normal_current,False,time_limit,,2087.8743167011075,1697.0562748477141,0.0,450.076895792074,1001.0640315352555,881,1500,0.5873333333333334,False,False,False,0.1
2810,straight_east,normal_current,False,time_limit,,407.3987679400138,2400.0,0.8302505133583276,306.85519011609017,815.3535673904397,463,1500,0.30866666666666664,False,False,False,1.0
2811,straight_diagonal,normal_current,True,goal_reached,291.40000000000003,39.351040250603724,2683.281572999748,0.9853347331690534,321.5023099688071,546.9125431539264,190,1457,0.13040494166094715,False,False,False,1.0
2812,one_turn,normal_current,False,time_limit,,1517.189187721897,2683.281572999748,0.43457697358769154,381.036969235346,1011.8208768484944,545,1500,0.36333333333333334,False,False,False,0.5
2813,s_turn,normal_current,False,time_limit,,1971.6825747892212,2683.281572999748,0.26519728878658144,401.19967661139907,1027.708451505071,543,1500,0.362,False,False,False,0.3333333333333333
2814,bezier_fillet,normal_current,False,time_limit,,1370.6808624910516,1697.0562748477141,0.19231855607495982,328.4868071925385,851.9375192351629,566,1500,0.37733333333333335,False,False,False,0.2
2815,straight_east,normal_current,False,time_limit,,1044.506230061614,2400.0,0.5647890708076608,301.08718665261927,859.5467792812464,546,1500,0.364,False,False,False,1.0
2816,straight_diagonal,normal_current,False,time_limit,,240.87185995520252,2683.281572999748,0.9102323578788929,322.7367461682944,603.9064400815748,201,1500,0.134,False,False,False,1.0
2817,one_turn,normal_current,False,time_limit,,1299.1787531720959,2683.281572999748,0.5158246654972956,369.6880013894515,1010.2052839844102,588,1500,0.392,False,False,False,0.5
2818,s_turn,normal_current,False,time_limit,,1235.887523452002,2683.281572999748,0.5394119141695763,680.846853673037,1177.3968121309654,486,1500,0.324,False,False,False,0.6666666666666666
2819,bezier_fillet,normal_current,False,time_limit,,896.4130621803506,1697.0562748477141,0.4717835374900632,264.5361951438124,758.9955021044665,581,1500,0.3873333333333333,False,False,False,0.2
2820,straight_east,current_limited,False,current_limited_safe_stop,,2272.3495500468075,2400.0,0.05318768748049687,295.36377393847994,836.1095730596902,926,1500,0.6173333333333333,True,False,False,1.0
2821,straight_diagonal,current_limited,False,current_limited_safe_stop,,1760.837387805865,2683.281572999748,0.3437746505904878,437.14438638398383,677.1394428400449,780,1500,0.52,True,False,False,1.0
2822,one_turn,current_limited,False,current_limited_safe_stop,,1538.4364802750147,2683.281572999748,0.42665857517325884,1327.190506242857,2653.7342050955813,1189,1500,0.7926666666666666,True,False,False,1.0
2823,s_turn,current_limited,False,current_limited_safe_stop,,1230.4404842183046,2683.281572999748,0.5414419058366856,1486.0307615180345,2788.1882465655744,1297,1500,0.8646666666666667,True,False,False,0.6666666666666666
2824,bezier_fillet,current_limited,False,current_limited_safe_stop,,2297.164588215772,1697.0562748477141,0.0,188.85124192954063,513.856853132471,1396,1500,0.9306666666666666,True,False,False,0.2
2825,straight_east,zero_current,False,time_limit,,899.226436525178,2400.0,0.6253223181145091,303.0484741395743,758.1714215450929,546,1500,0.364,False,False,False,1.0
2826,straight_diagonal,zero_current,False,time_limit,,779.0801760226552,2683.281572999748,0.7096539610818069,333.221609911576,712.5491798339498,408,1500,0.272,False,False,False,1.0
2827,one_turn,zero_current,False,time_limit,,1991.2283259384753,2683.281572999748,0.257913017413077,368.9293970736674,925.6900774154224,591,1500,0.394,False,False,False,0.5
2828,s_turn,zero_current,False,time_limit,,2031.1597559447907,2683.281572999748,0.2430314520909276,400.6674237900144,1003.5245879605815,599,1500,0.3993333333333333,False,False,False,0.3333333333333333
2829,bezier_fillet,zero_current,False,time_limit,,1138.114309396861,1697.0562748477141,0.329359711716696,400.5844595488587,1010.1957865727305,728,1500,0.48533333333333334,False,False,False,0.2
2830,straight_east,normal_current,False,time_limit,,697.9415074950589,2400.0,0.7091910385437254,295.6479534273135,504.1220704252678,420,1500,0.28,False,False,False,1.0
2831,straight_diagonal,normal_current,False,time_limit,,487.63074582343285,2683.281572999748,0.8182707507366471,383.10779382315076,616.8824374822285,244,1500,0.16266666666666665,False,False,False,1.0
2832,one_turn,normal_current,False,time_limit,,2418.4808764575846,2683.281572999748,0.0986853929929284,290.6533748864318,613.3366315012231,842,1500,0.5613333333333334,False,False,False,0.5
2833,s_turn,normal_current,False,time_limit,,2406.079257410017,2683.281572999748,0.10330720352983133,322.00020187198726,679.8653543097539,615,1500,0.41,False,False,False,0.3333333333333333
2834,bezier_fillet,normal_current,False,time_limit,,1641.2874394033374,1697.0562748477141,0.03286210143466287,359.1606471908234,743.1737439462676,874,1500,0.5826666666666667,False,False,False,0.1
2835,straight_east,normal_current,False,time_limit,,137.3551070888596,2400.0,0.9427687053796417,485.7881146683893,848.921064908955,103,1500,0.06866666666666667,False,False,False,1.0
2836,straight_diagonal,normal_current,False,time_limit,,297.3181533467407,2683.281572999748,0.8891960663619968,740.24378163398,1057.6793266141794,0,1500,0.0,False,False,False,1.0
2837,one_turn,normal_current,False,time_limit,,1261.671230983132,2683.281572999748,0.5298028937109797,276.9417882469648,492.7094458105471,0,1500,0.0,False,False,False,1.0
2838,s_turn,normal_current,False,time_limit,,2148.5160844661805,2683.281572999748,0.19929533073032346,198.03564698375138,448.43177598690863,531,1500,0.354,False,False,False,0.3333333333333333
2839,bezier_fillet,normal_current,False,time_limit,,2704.308131630478,1697.0562748477141,0.0,519.7751468555384,1531.743986019033,1056,1500,0.704,False,False,False,0.1
2840,straight_east,normal_current,False,time_limit,,951.752006576522,2400.0,0.6034366639264491,959.4610904817673,1298.1075540488582,0,1500,0.0,False,False,False,1.0
2841,straight_diagonal,normal_current,False,time_limit,,1685.1069605903479,2683.281572999748,0.37199771446032054,1293.778474666515,1776.9388608835534,0,1500,0.0,False,False,False,1.0
2842,one_turn,normal_current,False,time_limit,,1670.8457992186177,2683.281572999748,0.37731253550453436,379.4898003906421,740.6899734362014,0,1500,0.0,False,False,False,1.0
2843,s_turn,normal_current,False,time_limit,,1847.04089858263,2683.281572999748,0.31164849892449076,270.3541617053858,573.926453509323,457,1500,0.30466666666666664,False,False,False,0.3333333333333333
2844,bezier_fillet,normal_current,False,time_limit,,1835.099677193881,1697.0562748477141,0.0,235.50811393521272,501.59144247671094,777,1500,0.518,False,False,False,0.2
2845,straight_east,current_limited,False,current_limited_safe_stop,,3011.1266557967147,2400.0,0.0,1726.2356389097813,2987.508807610431,993,1500,0.662,True,False,False,1.0
2846,straight_diagonal,current_limited,False,current_limited_safe_stop,,3921.722854815623,2683.281572999748,0.0,2028.515107559801,3639.9886175478023,1199,1500,0.7993333333333333,True,False,False,1.0
2847,one_turn,current_limited,False,current_limited_safe_stop,,3910.298794245385,2683.281572999748,0.0,1510.8010747700937,2685.634361981146,1271,1500,0.8473333333333334,True,False,False,0.5
2848,s_turn,current_limited,False,current_limited_safe_stop,,3894.9233635146493,2683.281572999748,0.0,1440.223550043424,2607.837725702856,1362,1500,0.908,True,False,False,0.3333333333333333
2849,bezier_fillet,current_limited,False,current_limited_safe_stop,,3793.2392905990446,1697.0562748477141,0.0,1452.7183027262029,2639.691306364362,1468,1500,0.9786666666666667,True,False,False,0.1
2850,straight_east,zero_current,False,time_limit,,899.226436525178,2400.0,0.6253223181145091,303.0484741395743,758.1714215450929,546,1500,0.364,False,False,False,1.0
2851,straight_diagonal,zero_current,False,time_limit,,779.0801760226552,2683.281572999748,0.7096539610818069,333.221609911576,712.5491798339498,408,1500,0.272,False,False,False,1.0
2852,one_turn,zero_current,False,time_limit,,1991.2283259384753,2683.281572999748,0.257913017413077,368.9293970736674,925.6900774154224,591,1500,0.394,False,False,False,0.5
2853,s_turn,zero_current,False,time_limit,,2031.1597559447907,2683.281572999748,0.2430314520909276,400.6674237900144,1003.5245879605815,599,1500,0.3993333333333333,False,False,False,0.3333333333333333
2854,bezier_fillet,zero_current,False,time_limit,,1138.114309396861,1697.0562748477141,0.329359711716696,400.5844595488587,1010.1957865727305,728,1500,0.48533333333333334,False,False,False,0.2
2855,straight_east,normal_current,False,time_limit,,940.1165377560916,2400.0,0.6082847759349619,287.4997600032853,902.3833684731219,407,1500,0.2713333333333333,False,False,False,1.0
2856,straight_diagonal,normal_current,False,time_limit,,754.8047904479928,2683.281572999748,0.7187008631359674,286.114879398412,668.6571090612608,318,1500,0.212,False,False,False,1.0
2857,one_turn,normal_current,False,time_limit,,2388.171667327605,2683.281572999748,0.10998096831941032,366.817180523157,894.8354196929477,717,1500,0.478,False,False,False,0.5
2858,s_turn,normal_current,False,time_limit,,2445.8052996986353,2683.281572999748,0.08850218169076766,396.0891184985566,974.5573899311039,717,1500,0.478,False,False,False,0.3333333333333333
2859,bezier_fillet,normal_current,False,time_limit,,1471.4220876245379,1697.0562748477141,0.13295621987751916,410.518212603072,1015.9233433660369,704,1500,0.4693333333333333,False,False,False,0.2
2860,straight_east,normal_current,False,time_limit,,115.07715317277811,2400.0,0.9520511861780091,280.08883899604575,487.01013840554106,129,1500,0.086,False,False,False,1.0
2861,straight_diagonal,normal_current,False,time_limit,,150.1815339566774,2683.281572999748,0.9440306468512794,184.0464615759551,265.3029848397891,114,1500,0.076,False,False,False,1.0
2862,one_turn,normal_current,False,time_limit,,1216.0005428841598,2683.281572999748,0.5468233542390618,152.19109696809124,310.002787823247,301,1500,0.20066666666666666,False,False,False,1.0
2863,s_turn,normal_current,False,time_limit,,2579.8620472408074,2683.281572999748,0.03854218163296354,278.0816096801855,656.2690882202478,608,1500,0.4053333333333333,False,False,False,0.3333333333333333
2864,bezier_fillet,normal_current,False,time_limit,,2129.9042716163844,1697.0562748477141,0.0,270.1757814611557,638.7595921156711,892,1500,0.5946666666666667,False,False,False,0.1
2865,straight_east,normal_current,False,time_limit,,972.447877342102,2400.0,0.5948133844407909,521.7230968465102,708.7535159091854,0,1500,0.0,False,False,False,1.0
2866,straight_diagonal,normal_current,False,time_limit,,1504.3376089518088,2683.281572999748,0.4393664742123766,446.9495137745936,1100.362387823718,0,1500,0.0,False,False,False,1.0
2867,one_turn,normal_current,False,time_limit,,1499.1782986202018,2683.281572999748,0.44128923564879163,185.54120692266724,407.3142154699658,0,1500,0.0,False,False,False,1.0
2868,s_turn,normal_current,False,time_limit,,2003.4078506279163,2683.281572999748,0.2533739765565391,171.65702606221092,417.59231522160735,344,1500,0.22933333333333333,False,False,False,0.6666666666666666
2869,bezier_fillet,normal_current,False,time_limit,,1202.0207249790158,1697.0562748477141,0.29170249520047326,192.83970919487626,441.87836709222944,594,1500,0.396,False,False,False,0.3
2870,straight_east,current_limited,False,current_limited_safe_stop,,4806.506342885581,2400.0,0.0,701.4101046397755,1261.8080560480912,1499,1500,0.9993333333333333,True,False,False,1.0
2871,straight_diagonal,current_limited,False,current_limited_safe_stop,,4719.030623766682,2683.281572999748,0.0,1328.4754427313053,2716.42354408045,1499,1500,0.9993333333333333,True,False,False,1.0
2872,one_turn,current_limited,False,current_limited_safe_stop,,5169.042785084271,2683.281572999748,0.0,591.645365353215,1032.959812783858,1499,1500,0.9993333333333333,True,False,False,0.5
2873,s_turn,current_limited,False,current_limited_safe_stop,,5135.764855559452,2683.281572999748,0.0,532.403618167745,931.7417040758514,1499,1500,0.9993333333333333,True,False,False,0.3333333333333333
2874,bezier_fillet,current_limited,False,current_limited_safe_stop,,4001.8609771786996,1697.0562748477141,0.0,338.05131462505847,635.3719823952524,1499,1500,0.9993333333333333,True,False,False,0.1
2875,straight_east,zero_current,False,time_limit,,899.226436525178,2400.0,0.6253223181145091,303.0484741395743,758.1714215450929,546,1500,0.364,False,False,False,1.0
2876,straight_diagonal,zero_current,False,time_limit,,779.0801760226552,2683.281572999748,0.7096539610818069,333.221609911576,712.5491798339498,408,1500,0.272,False,False,False,1.0
2877,one_turn,zero_current,False,time_limit,,1991.2283259384753,2683.281572999748,0.257913017413077,368.9293970736674,925.6900774154224,591,1500,0.394,False,False,False,0.5
2878,s_turn,zero_current,False,time_limit,,2031.1597559447907,2683.281572999748,0.2430314520909276,400.6674237900144,1003.5245879605815,599,1500,0.3993333333333333,False,False,False,0.3333333333333333
2879,bezier_fillet,zero_current,False,time_limit,,1138.114309396861,1697.0562748477141,0.329359711716696,400.5844595488587,1010.1957865727305,728,1500,0.48533333333333334,False,False,False,0.2
2880,straight_east,normal_current,False,time_limit,,717.1063519083556,2400.0,0.7012056867048518,206.7127809402988,411.5491402528578,472,1500,0.31466666666666665,False,False,False,1.0
2881,straight_diagonal,normal_current,False,time_limit,,1044.9020179830989,2683.281572999748,0.6105880096605139,307.17000582518733,1036.399119642037,492,1500,0.328,False,False,False,1.0
2882,one_turn,normal_current,False,time_limit,,1784.8865240735477,2683.281572999748,0.3348120666747055,271.8287436023314,759.1399116018083,519,1500,0.346,False,False,False,0.5
2883,s_turn,normal_current,False,time_limit,,1714.3196522056082,2683.281572999748,0.3611107870840772,312.38159420710883,787.494518928462,320,1500,0.21333333333333335,False,False,False,0.6666666666666666
2884,bezier_fillet,normal_current,True,goal_reached,138.0,39.455207107054406,1697.0562748477141,0.9767507962512352,22.145960799327394,75.24842926894102,155,690,0.2246376811594203,False,False,False,0.8
2885,straight_east,normal_current,False,time_limit,,157.24533650814422,2400.0,0.9344811097882733,425.03559024102134,794.2047475490937,130,1500,0.08666666666666667,False,False,False,1.0
2886,straight_diagonal,normal_current,False,time_limit,,246.38260384533825,2683.281572999748,0.9081786248880706,256.8382236672772,593.8989337420609,183,1500,0.122,False,False,False,1.0
2887,one_turn,normal_current,False,time_limit,,1651.1405265691872,2683.281572999748,0.38465625703108336,370.4595866141627,765.8213238478774,36,1500,0.024,False,False,False,1.0
2888,s_turn,normal_current,False,time_limit,,1640.3851145814378,2683.281572999748,0.38866456241952063,408.89591629173134,1538.8914664652343,917,1500,0.6113333333333333,False,False,False,0.3333333333333333
2889,bezier_fillet,normal_current,False,time_limit,,462.30893073244744,1697.0562748477141,0.7275818500633204,435.039050716975,1303.9977924503198,982,1500,0.6546666666666666,False,False,False,0.2
2890,straight_east,normal_current,False,time_limit,,890.1815977979523,2400.0,0.6290910009175199,900.5982199320811,1250.5078388002698,0,1500,0.0,False,False,False,1.0
2891,straight_diagonal,normal_current,False,time_limit,,547.0755263326879,2683.281572999748,0.796116989048939,566.3314988141836,916.2017505285052,0,1500,0.0,False,False,False,1.0
2892,one_turn,normal_current,False,time_limit,,1577.5883286932274,2683.281572999748,0.41206754275527696,345.18845417562943,707.6024770074666,289,1500,0.19266666666666668,False,False,False,1.0
2893,s_turn,normal_current,False,time_limit,,2437.5498039850427,2683.281572999748,0.09157882329135954,320.6868548796499,748.8510420738974,398,1500,0.2653333333333333,False,False,False,0.6666666666666666
2894,bezier_fillet,normal_current,False,time_limit,,1451.8411751595056,1697.0562748477141,0.14449438319905625,127.2968572264326,258.7086879065276,730,1500,0.4866666666666667,False,False,False,0.1
2895,straight_east,current_limited,False,current_limited_safe_stop,,2968.2679279503636,2400.0,0.0,1678.5025809678532,2942.7753739850355,986,1500,0.6573333333333333,True,False,False,1.0
2896,straight_diagonal,current_limited,False,current_limited_safe_stop,,2265.609354254004,2683.281572999748,0.1556572455714409,1134.5891331388204,1843.6301166337014,780,1500,0.52,True,False,False,1.0
2897,one_turn,current_limited,False,current_limited_safe_stop,,1622.3744670992442,2683.281572999748,0.39537673443434906,1541.1012159794739,2757.5859463086085,1272,1500,0.848,True,False,False,0.5
2898,s_turn,current_limited,False,current_limited_safe_stop,,1603.9295613698787,2683.281572999748,0.40225074494258845,1400.790108245448,2574.5496535926404,1344,1500,0.896,True,False,False,0.3333333333333333
2899,bezier_fillet,current_limited,False,current_limited_safe_stop,,1268.9849644866572,1697.0562748477141,0.2522434386564288,1253.9470812562868,2393.9659803652426,1448,1500,0.9653333333333334,True,False,False,0.1
2900,straight_east,zero_current,False,time_limit,,899.2264365251821,2400.0,0.6253223181145074,303.04847413957583,758.1714215450925,546,1500,0.364,False,False,False,1.0
2901,straight_diagonal,zero_current,False,time_limit,,816.977742256468,2683.281572999748,0.6955303720350392,269.68357366393025,748.9094035890637,441,1500,0.294,False,False,False,1.0
2902,one_turn,zero_current,False,time_limit,,1959.7933899910404,2683.281572999748,0.269628126354213,368.9293970736647,925.6900774154174,591,1500,0.394,False,False,False,0.5
2903,s_turn,zero_current,False,time_limit,,1957.626460326374,2683.281572999748,0.2704356933596555,400.66742379001596,1003.524587960585,599,1500,0.3993333333333333,False,False,False,0.3333333333333333
2904,bezier_fillet,zero_current,False,time_limit,,1158.454314868498,1697.0562748477141,0.317374248551391,363.20292432339545,937.9543803597306,602,1500,0.4013333333333333,False,False,False,0.4
2905,straight_east,normal_current,False,time_limit,,726.4397264063281,2400.0,0.6973167806640299,308.1051891497949,774.7799208085994,503,1500,0.3353333333333333,False,False,False,1.0
2906,straight_diagonal,normal_current,False,time_limit,,641.808939700061,2683.281572999748,0.7608119303772667,292.00663608203115,596.6211183058538,500,1500,0.3333333333333333,False,False,False,1.0
2907,one_turn,normal_current,False,time_limit,,1613.8610590543174,2683.281572999748,0.3985494942857907,372.5591010882336,956.1464056441291,572,1500,0.38133333333333336,False,False,False,0.5
2908,s_turn,normal_current,False,time_limit,,1576.5607888710674,2683.281572999748,0.4124504842372666,408.29796986061535,1022.4599347037397,698,1500,0.4653333333333333,False,False,False,0.3333333333333333
2909,bezier_fillet,normal_current,False,time_limit,,1167.9005523455821,1697.0562748477141,0.31180799973743706,313.58632094866874,788.2671667171883,716,1500,0.47733333333333333,False,False,False,0.5
2910,straight_east,normal_current,False,time_limit,,407.3987679400341,2400.0,0.8302505133583191,306.85519011609387,815.3535673904466,463,1500,0.30866666666666664,False,False,False,1.0
2911,straight_diagonal,normal_current,True,goal_reached,293.6,39.76058198671361,2683.281572999748,0.9851821059754592,275.5481951521519,484.9448526744244,242,1468,0.164850136239782,False,False,False,1.0
2912,one_turn,normal_current,False,time_limit,,1281.665741130941,2683.281572999748,0.5223513797330946,381.0369692353498,1011.8208768485015,545,1500,0.36333333333333334,False,False,False,0.5
2913,s_turn,normal_current,False,time_limit,,1612.6078507526352,2683.281572999748,0.39901653744454546,401.1996766114016,1027.7084515050774,543,1500,0.362,False,False,False,0.3333333333333333
2914,bezier_fillet,normal_current,False,time_limit,,1234.572263935195,1697.0562748477141,0.2725213169221629,239.08578040678833,589.2802841605554,542,1500,0.36133333333333334,False,False,False,0.4
2915,straight_east,normal_current,False,time_limit,,1044.50623006161,2400.0,0.5647890708076625,301.0871866526207,859.5467792812492,546,1500,0.364,False,False,False,1.0
2916,straight_diagonal,normal_current,False,time_limit,,333.13542259364687,2683.281572999748,0.8758477582279143,279.2678356728432,545.6364672152229,302,1500,0.20133333333333334,False,False,False,1.0
2917,one_turn,normal_current,False,time_limit,,1101.4165321859698,2683.281572999748,0.5895262937483478,369.68800138944886,1010.2052839844064,588,1500,0.392,False,False,False,0.5
2918,s_turn,normal_current,False,time_limit,,250.01799583265787,2683.281572999748,0.9068237942866529,1220.6940023153586,1850.3974952609842,1013,1500,0.6753333333333333,False,False,False,0.6666666666666666
2919,bezier_fillet,normal_current,False,time_limit,,835.899941804695,1697.0562748477141,0.5074412356303831,203.55352343335863,466.1519359757758,545,1500,0.36333333333333334,False,False,False,0.4
2920,straight_east,current_limited,False,current_limited_safe_stop,,2272.349550046808,2400.0,0.05318768748049668,295.36377393847977,836.1095730596917,926,1500,0.6173333333333333,True,False,False,1.0
2921,straight_diagonal,current_limited,False,current_limited_safe_stop,,1766.367589715764,2683.281572999748,0.3417136660238489,384.00346499019776,619.7033802407968,799,1500,0.5326666666666666,True,False,False,1.0
2922,one_turn,current_limited,False,current_limited_safe_stop,,1784.8698111339731,2683.281572999748,0.33481829521953754,1487.0251430331764,2931.0905533078485,1221,1500,0.814,True,False,False,1.0
2923,s_turn,current_limited,False,current_limited_safe_stop,,1526.4006870415815,2683.281572999748,0.43114405047877363,1681.9392933175068,3093.98367068524,1312,1500,0.8746666666666667,True,False,False,0.6666666666666666
2924,bezier_fillet,current_limited,False,current_limited_safe_stop,,2313.825013145671,1697.0562748477141,0.0,193.9974222421097,436.6437040108016,1352,1500,0.9013333333333333,True,False,False,0.3
2925,straight_east,zero_current,False,time_limit,,899.2264365251821,2400.0,0.6253223181145074,303.04847413957583,758.1714215450925,546,1500,0.364,False,False,False,1.0
2926,straight_diagonal,zero_current,False,time_limit,,816.977742256468,2683.281572999748,0.6955303720350392,269.68357366393025,748.9094035890637,441,1500,0.294,False,False,False,1.0
2927,one_turn,zero_current,False,time_limit,,1959.7933899910404,2683.281572999748,0.269628126354213,368.9293970736647,925.6900774154174,591,1500,0.394,False,False,False,0.5
2928,s_turn,zero_current,False,time_limit,,1957.626460326374,2683.281572999748,0.2704356933596555,400.66742379001596,1003.524587960585,599,1500,0.3993333333333333,False,False,False,0.3333333333333333
2929,bezier_fillet,zero_current,False,time_limit,,1158.454314868498,1697.0562748477141,0.317374248551391,363.20292432339545,937.9543803597306,602,1500,0.4013333333333333,False,False,False,0.4
2930,straight_east,normal_current,False,time_limit,,717.1063519083535,2400.0,0.7012056867048526,206.71278094029734,411.5491402528478,472,1500,0.31466666666666665,False,False,False,1.0
2931,straight_diagonal,normal_current,False,time_limit,,550.2115764832231,2683.281572999748,0.7949482521626982,324.1084800961678,552.0644427340335,279,1500,0.186,False,False,False,1.0
2932,one_turn,normal_current,False,time_limit,,2125.340320655235,2683.281572999748,0.20793242794894917,271.828743602331,759.1399116018063,519,1500,0.346,False,False,False,0.5
2933,s_turn,normal_current,False,time_limit,,2830.209747674599,2683.281572999748,0.0,428.1813341765025,1223.309848016469,679,1500,0.45266666666666666,False,False,False,0.6666666666666666
2934,bezier_fillet,normal_current,False,time_limit,,1584.1883076581782,1697.0562748477141,0.06650808748205131,328.9983202141062,789.3456199670082,611,1500,0.4073333333333333,False,False,False,0.3
2935,straight_east,normal_current,False,time_limit,,157.24533650815317,2400.0,0.9344811097882695,425.03559024101696,794.2047475490886,130,1500,0.08666666666666667,False,False,False,1.0
2936,straight_diagonal,normal_current,False,time_limit,,210.24935067275038,2683.281572999748,0.9216446932784231,662.5508862494519,996.3689037198353,0,1500,0.0,False,False,False,1.0
2937,one_turn,normal_current,False,time_limit,,1459.4389060411077,2683.281572999748,0.45609923284735915,308.19955210348263,598.2435019637119,128,1500,0.08533333333333333,False,False,False,1.0
2938,s_turn,normal_current,False,time_limit,,3174.5145082631775,2683.281572999748,0.0,408.8959162917284,1538.891466465222,917,1500,0.6113333333333333,False,False,False,0.3333333333333333
2939,bezier_fillet,normal_current,False,time_limit,,2501.361654030642,1697.0562748477141,0.0,483.278306025811,1355.154068815875,1017,1500,0.678,False,False,False,0.1
2940,straight_east,normal_current,False,time_limit,,890.1815977979683,2400.0,0.6290910009175132,900.5982199320872,1250.507838800277,0,1500,0.0,False,False,False,1.0
2941,straight_diagonal,normal_current,False,time_limit,,1588.0966239470697,2683.281572999748,0.408151332336072,1224.7744658351446,1705.412458087302,0,1500,0.0,False,False,False,1.0
2942,one_turn,normal_current,False,time_limit,,1440.6296848454074,2683.281572999748,0.46310901571359514,324.9970981415117,707.6024770074632,13,1500,0.008666666666666666,False,False,False,1.0
2943,s_turn,normal_current,False,time_limit,,2221.332369038283,2683.281572999748,0.17215830370162502,297.50325630346566,569.0898683024952,505,1500,0.33666666666666667,False,False,False,0.6666666666666666
2944,bezier_fillet,normal_current,False,time_limit,,1464.182983498513,1697.0562748477141,0.13722190289187552,137.1076639020369,301.18692292263773,740,1500,0.49333333333333335,False,False,False,0.1
2945,straight_east,current_limited,False,current_limited_safe_stop,,2968.2679279503745,2400.0,0.0,1678.5025809678557,2942.775373985047,986,1500,0.6573333333333333,True,False,False,1.0
2946,straight_diagonal,current_limited,False,current_limited_safe_stop,,3845.712963502896,2683.281572999748,0.0,1971.0187839026967,3579.7173094810705,1207,1500,0.8046666666666666,True,False,False,1.0
2947,one_turn,current_limited,False,current_limited_safe_stop,,3869.040646296633,2683.281572999748,0.0,1464.891315557885,2643.603515983261,1272,1500,0.848,True,False,False,0.5
2948,s_turn,current_limited,False,current_limited_safe_stop,,3863.991249353552,2683.281572999748,0.0,1400.7901082454493,2574.549653592637,1344,1500,0.896,True,False,False,0.3333333333333333
2949,bezier_fillet,current_limited,False,current_limited_safe_stop,,3642.3230388832303,1697.0562748477141,0.0,1309.9124224034088,2483.290293139137,1453,1500,0.9686666666666667,True,False,False,0.1
2950,straight_east,zero_current,False,time_limit,,899.2264365251821,2400.0,0.6253223181145074,303.04847413957583,758.1714215450925,546,1500,0.364,False,False,False,1.0
2951,straight_diagonal,zero_current,False,time_limit,,816.977742256468,2683.281572999748,0.6955303720350392,269.68357366393025,748.9094035890637,441,1500,0.294,False,False,False,1.0
2952,one_turn,zero_current,False,time_limit,,1959.7933899910404,2683.281572999748,0.269628126354213,368.9293970736647,925.6900774154174,591,1500,0.394,False,False,False,0.5
2953,s_turn,zero_current,False,time_limit,,1957.626460326374,2683.281572999748,0.2704356933596555,400.66742379001596,1003.524587960585,599,1500,0.3993333333333333,False,False,False,0.3333333333333333
2954,bezier_fillet,zero_current,False,time_limit,,1158.454314868498,1697.0562748477141,0.317374248551391,363.20292432339545,937.9543803597306,602,1500,0.4013333333333333,False,False,False,0.4
2955,straight_east,normal_current,False,time_limit,,940.1165377560911,2400.0,0.6082847759349621,287.49976000328655,902.3833684731189,407,1500,0.2713333333333333,False,False,False,1.0
2956,straight_diagonal,normal_current,False,time_limit,,819.4493635513423,2683.281572999748,0.6946092531633767,174.21417305459008,665.9555863630956,352,1500,0.23466666666666666,False,False,False,1.0
2957,one_turn,normal_current,False,time_limit,,2359.65652407021,2683.281572999748,0.12060793477135709,366.81718052315796,894.835419692949,717,1500,0.478,False,False,False,0.5
2958,s_turn,normal_current,False,time_limit,,2359.68239664155,2683.281572999748,0.12059829263331219,396.0891184985538,974.5573899310994,717,1500,0.478,False,False,False,0.3333333333333333
2959,bezier_fillet,normal_current,False,time_limit,,1405.5445892249854,1697.0562748477141,0.17177490808246038,456.40183225501517,1079.1610550613646,711,1500,0.474,False,False,False,0.4
2960,straight_east,normal_current,False,time_limit,,115.07715317278044,2400.0,0.9520511861780081,280.08883899604814,487.01013840554674,129,1500,0.086,False,False,False,1.0
2961,straight_diagonal,normal_current,False,time_limit,,142.6947860731367,2683.281572999748,0.946820793050946,462.89854009116743,760.0659925474102,0,1500,0.0,False,False,False,1.0
2962,one_turn,normal_current,False,time_limit,,1199.5370870542872,2683.281572999748,0.5529589219690885,256.1567508018458,587.4440826114405,258,1500,0.172,False,False,False,1.0
2963,s_turn,normal_current,False,time_limit,,2210.358584868817,2683.281572999748,0.1762479915971812,278.08160968018615,656.2690882202437,608,1500,0.4053333333333333,False,False,False,0.3333333333333333
2964,bezier_fillet,normal_current,False,time_limit,,2157.428287054183,1697.0562748477141,0.0,303.42440878951885,767.7339254210436,877,1500,0.5846666666666667,False,False,False,0.1
2965,straight_east,normal_current,False,time_limit,,972.4478773420999,2400.0,0.5948133844407917,521.723096846508,708.7535159091854,0,1500,0.0,False,False,False,1.0
2966,straight_diagonal,normal_current,False,time_limit,,1639.7867383939815,2683.281572999748,0.3888875640580655,979.95153267017,1414.8368280487493,0,1500,0.0,False,False,False,1.0
2967,one_turn,normal_current,False,time_limit,,1380.477715284407,2683.281572999748,0.48552633120007765,195.25732288136166,407.31421546997444,112,1500,0.07466666666666667,False,False,False,1.0
2968,s_turn,normal_current,False,time_limit,,1983.4646116267108,2683.281572999748,0.26080638290624253,162.42511417621657,375.9520332864099,311,1500,0.20733333333333334,False,False,False,0.6666666666666666
2969,bezier_fillet,normal_current,False,time_limit,,1306.4014038689832,1697.0562748477141,0.23019559031051373,205.61794920754087,521.3219357911466,601,1500,0.40066666666666667,False,False,False,0.3
2970,straight_east,current_limited,False,current_limited_safe_stop,,4806.506342885583,2400.0,0.0,701.4101046397772,1261.8080560480985,1499,1500,0.9993333333333333,True,False,False,1.0
2971,straight_diagonal,current_limited,False,current_limited_safe_stop,,4726.150432601913,2683.281572999748,0.0,1527.7926957649338,2847.069081922637,1499,1500,0.9993333333333333,True,False,False,1.0
2972,one_turn,current_limited,False,current_limited_safe_stop,,4664.8468584369675,2683.281572999748,0.0,591.6453653532184,1032.9598127838594,1499,1500,0.9993333333333333,True,False,False,0.5
2973,s_turn,current_limited,False,current_limited_safe_stop,,4680.141073945904,2683.281572999748,0.0,532.4036181677478,931.741704075857,1499,1500,0.9993333333333333,True,False,False,0.3333333333333333
2974,bezier_fillet,current_limited,False,current_limited_safe_stop,,3513.790624415668,1697.0562748477141,0.0,481.64962655936836,899.4110768465985,1499,1500,0.9993333333333333,True,False,False,0.1
2975,straight_east,zero_current,False,time_limit,,899.2264365251821,2400.0,0.6253223181145074,303.04847413957583,758.1714215450925,546,1500,0.364,False,False,False,1.0
2976,straight_diagonal,zero_current,False,time_limit,,816.977742256468,2683.281572999748,0.6955303720350392,269.68357366393025,748.9094035890637,441,1500,0.294,False,False,False,1.0
2977,one_turn,zero_current,False,time_limit,,1959.7933899910404,2683.281572999748,0.269628126354213,368.9293970736647,925.6900774154174,591,1500,0.394,False,False,False,0.5
2978,s_turn,zero_current,False,time_limit,,1957.626460326374,2683.281572999748,0.2704356933596555,400.66742379001596,1003.524587960585,599,1500,0.3993333333333333,False,False,False,0.3333333333333333
2979,bezier_fillet,zero_current,False,time_limit,,1158.454314868498,1697.0562748477141,0.317374248551391,363.20292432339545,937.9543803597306,602,1500,0.4013333333333333,False,False,False,0.4
2980,straight_east,normal_current,False,time_limit,,697.941507495062,2400.0,0.7091910385437241,295.6479534273122,504.12207042527325,420,1500,0.28,False,False,False,1.0
2981,straight_diagonal,normal_current,False,time_limit,,588.4638138624525,2683.281572999748,0.7806924849841288,227.84099676211278,465.16865169986386,437,1500,0.29133333333333333,False,False,False,1.0
2982,one_turn,normal_current,False,time_limit,,1704.4160051422843,2683.281572999748,0.3648016584272036,290.6533748864306,613.3366315012377,842,1500,0.5613333333333334,False,False,False,0.5
2983,s_turn,normal_current,False,time_limit,,1708.766012872168,2683.281572999748,0.36318050626275866,322.0002018719875,679.865354309748,615,1500,0.41,False,False,False,0.3333333333333333
2984,bezier_fillet,normal_current,False,time_limit,,896.3905026078828,1697.0562748477141,0.47179683084562374,364.28996247101134,779.3376692069606,867,1500,0.578,False,False,False,0.1
2985,straight_east,normal_current,False,time_limit,,137.35510708886437,2400.0,0.9427687053796399,485.78811466838425,848.9210649089484,103,1500,0.06866666666666667,False,False,False,1.0
2986,straight_diagonal,normal_current,False,time_limit,,184.7858408550679,2683.281572999748,0.9311343830947684,372.23240974114896,720.7225076454149,139,1500,0.09266666666666666,False,False,False,1.0
2987,one_turn,normal_current,False,time_limit,,1771.005603700581,2683.281572999748,0.33998518026540797,441.94778329649705,880.8691417153893,118,1500,0.07866666666666666,False,False,False,1.0
2988,s_turn,normal_current,False,time_limit,,2508.467232718185,2683.281572999748,0.06514945805189229,198.03564698374947,448.4317759868936,531,1500,0.354,False,False,False,0.3333333333333333
2989,bezier_fillet,normal_current,False,time_limit,,521.8400077711724,1697.0562748477141,0.6925028265088028,511.5478434481691,1479.2002122848728,1057,1500,0.7046666666666667,False,False,False,0.1
2990,straight_east,normal_current,False,time_limit,,951.7520065765243,2400.0,0.6034366639264482,959.4610904817696,1298.1075540488619,0,1500,0.0,False,False,False,1.0
2991,straight_diagonal,normal_current,False,time_limit,,634.324459014832,2683.281572999748,0.7636012316420094,659.2545004020675,993.2824067245062,0,1500,0.0,False,False,False,1.0
2992,one_turn,normal_current,False,time_limit,,2030.89242705737,2683.281572999748,0.2431310796850313,390.12788137490156,740.6899734362014,239,1500,0.15933333333333333,False,False,False,1.0
2993,s_turn,normal_current,False,time_limit,,2094.9123547390454,2683.281572999748,0.21927226131655683,270.35416170539395,573.9264535093193,457,1500,0.30466666666666664,False,False,False,0.3333333333333333
2994,bezier_fillet,normal_current,False,time_limit,,1931.9966651591585,1697.0562748477141,0.0,206.25351993065254,427.87352565373277,780,1500,0.52,False,False,False,0.2
2995,straight_east,current_limited,False,current_limited_safe_stop,,3011.126655796725,2400.0,0.0,1726.2356389097906,2987.5088076104416,993,1500,0.662,True,False,False,1.0
2996,straight_diagonal,current_limited,False,current_limited_safe_stop,,2327.6043897184427,2683.281572999748,0.1325530599771083,1213.9320045651261,1910.3414713033676,788,1500,0.5253333333333333,True,False,False,1.0
2997,one_turn,current_limited,False,current_limited_safe_stop,,1643.288927122832,2683.281572999748,0.3875823753801083,1575.1310568681413,2780.727950121461,1271,1500,0.8473333333333334,True,False,False,0.5
2998,s_turn,current_limited,False,current_limited_safe_stop,,1628.7439713713566,2683.281572999748,0.3930029603451126,1440.223550043418,2607.837725702847,1362,1500,0.908,True,False,False,0.3333333333333333
2999,bezier_fillet,current_limited,False,current_limited_safe_stop,,1400.343306298467,1697.0562748477141,0.17483979343930284,1378.6420005856446,2531.49459129307,1462,1500,0.9746666666666667,True,False,False,0.1
3000,straight_east,zero_current,True,goal_reached,175.0,38.86571790510334,2400.0,0.9838059508728736,0.0,0.0,0,875,0.0,False,False,False,1.0
3001,straight_diagonal,zero_current,False,time_limit,,801.1353084573698,2683.281572999748,0.7014344985190099,307.0866561865178,726.6067775201931,427,1500,0.2846666666666667,False,False,False,1.0
3002,one_turn,zero_current,False,time_limit,,1801.1274725073263,2683.281572999748,0.32875942255520585,282.1122379113034,694.7175591785626,329,1500,0.21933333333333332,False,False,False,1.0
3003,s_turn,zero_current,False,time_limit,,1953.0469348346783,2683.281572999748,0.2721423817436763,285.79461111061744,695.3402939267812,571,1500,0.38066666666666665,False,False,False,0.6666666666666666
3004,bezier_fillet,zero_current,False,time_limit,,1119.8324924497324,1697.0562748477141,0.34013237566313415,408.29760013253593,1030.582074588017,596,1500,0.3973333333333333,False,False,False,0.5
3005,straight_east,normal_current,True,goal_reached,161.0,39.397951889924116,2400.0,0.9835841867125317,0.0,0.0,0,805,0.0,False,False,False,1.0
3006,straight_diagonal,normal_current,False,time_limit,,631.5289012390328,2683.281572999748,0.7646430745122953,318.6527919523976,575.1714871280197,486,1500,0.324,False,False,False,1.0
3007,one_turn,normal_current,False,time_limit,,1515.3028906725992,2683.281572999748,0.43527995499235606,313.0957574102855,819.3309939373185,289,1500,0.19266666666666668,False,False,False,1.0
3008,s_turn,normal_current,False,time_limit,,1818.0600802018864,2683.281572999748,0.32244901224831046,301.542651552764,818.5615839270149,612,1500,0.408,False,False,False,0.6666666666666666
3009,bezier_fillet,normal_current,False,time_limit,,1064.8106285417462,1697.0562748477141,0.3725543198988512,379.74410586033275,958.9149547051893,717,1500,0.478,False,False,False,0.4
3010,straight_east,normal_current,True,goal_reached,141.20000000000002,39.41475254492161,2400.0,0.983577186439616,0.0,0.0,0,706,0.0,False,False,False,1.0
3011,straight_diagonal,normal_current,True,goal_reached,292.40000000000003,38.224565999895205,2683.281572999748,0.9857545453356344,296.74968575976993,513.8118265309145,219,1462,0.14979480164158687,False,False,False,1.0
3012,one_turn,normal_current,False,time_limit,,1117.0821431257448,2683.281572999748,0.5836880652532809,494.5386447834743,1080.3513920383211,244,1500,0.16266666666666665,False,False,False,1.0
3013,s_turn,normal_current,False,time_limit,,1833.2282104267256,2683.281572999748,0.31679618386925884,473.71705186318286,1081.1721369449983,584,1500,0.3893333333333333,False,False,False,1.0
3014,bezier_fillet,normal_current,False,time_limit,,1227.7598765115595,1697.0562748477141,0.27653555470826513,287.09833246099737,757.5007727945292,553,1500,0.36866666666666664,False,False,False,0.3
3015,straight_east,normal_current,True,goal_reached,127.4,39.209373466751,2400.0,0.9836627610555204,0.0,0.0,0,637,0.0,False,False,False,1.0
3016,straight_diagonal,normal_current,False,time_limit,,279.0865962229473,2683.281572999748,0.895990566539409,299.4815928344357,571.8649829921758,225,1500,0.15,False,False,False,1.0
3017,one_turn,normal_current,False,time_limit,,522.6681702134924,2683.281572999748,0.8052130736212001,827.9218698131125,1379.0004870432895,457,1500,0.30466666666666664,False,False,False,1.0
3018,s_turn,normal_current,False,time_limit,,984.7597301459986,2683.281572999748,0.6330017169815331,822.8729418410768,1372.3037567552242,566,1500,0.37733333333333335,False,False,False,0.6666666666666666
3019,bezier_fillet,normal_current,False,time_limit,,865.7572745149936,1697.0562748477141,0.48984763360738726,235.9573658168168,622.8298316268371,586,1500,0.39066666666666666,False,False,False,0.3
3020,straight_east,current_limited,True,goal_reached,112.80000000000001,36.790319012196505,2400.0,0.9846707004115848,0.0,0.0,0,564,0.0,True,False,False,1.0
3021,straight_diagonal,current_limited,False,current_limited_safe_stop,,1764.9242709939335,2683.281572999748,0.3422515591530508,407.55158203396843,644.8609509397966,792,1500,0.528,True,False,False,1.0
3022,one_turn,current_limited,False,current_limited_safe_stop,,1649.7776523296166,2683.281572999748,0.3851641702718272,1395.3694342554425,2777.689168221067,1212,1500,0.808,True,False,False,1.0
3023,s_turn,current_limited,False,current_limited_safe_stop,,1367.10380136747,2683.281572999748,0.49051049464066127,1575.019813193897,2927.7310130149926,1308,1500,0.872,True,False,False,0.6666666666666666
3024,bezier_fillet,current_limited,False,current_limited_safe_stop,,2222.903195940584,1697.0562748477141,0.0,199.85885159860047,439.006190974241,1351,1500,0.9006666666666666,True,False,False,0.3
3025,straight_east,zero_current,True,goal_reached,175.0,38.86571790510334,2400.0,0.9838059508728736,0.0,0.0,0,875,0.0,False,False,False,1.0
3026,straight_diagonal,zero_current,False,time_limit,,801.1353084573698,2683.281572999748,0.7014344985190099,307.0866561865178,726.6067775201931,427,1500,0.2846666666666667,False,False,False,1.0
3027,one_turn,zero_current,False,time_limit,,1801.1274725073263,2683.281572999748,0.32875942255520585,282.1122379113034,694.7175591785626,329,1500,0.21933333333333332,False,False,False,1.0
3028,s_turn,zero_current,False,time_limit,,1953.0469348346783,2683.281572999748,0.2721423817436763,285.79461111061744,695.3402939267812,571,1500,0.38066666666666665,False,False,False,0.6666666666666666
3029,bezier_fillet,zero_current,False,time_limit,,1119.8324924497324,1697.0562748477141,0.34013237566313415,408.29760013253593,1030.582074588017,596,1500,0.3973333333333333,False,False,False,0.5
3030,straight_east,normal_current,False,time_limit,,704.6489408403353,2400.0,0.7063962746498602,264.8892181907182,465.4044420336895,438,1500,0.292,False,False,False,1.0
3031,straight_diagonal,normal_current,False,time_limit,,528.3051494285953,2683.281572999748,0.8031122955024129,352.7465730675921,582.6924440896535,266,1500,0.17733333333333334,False,False,False,1.0
3032,one_turn,normal_current,False,time_limit,,2328.3849958903984,2683.281572999748,0.13226214523308352,271.93438122929354,637.7893088435069,717,1500,0.478,False,False,False,0.5
3033,s_turn,normal_current,False,time_limit,,2343.2008488166193,2683.281572999748,0.12674060285180533,310.4468269738346,740.5265024266225,675,1500,0.45,False,False,False,0.3333333333333333
3034,bezier_fillet,normal_current,False,time_limit,,1569.445374140599,1697.0562748477141,0.07519544436943695,358.1335662291289,795.6686465077776,696,1500,0.464,False,False,False,0.2
3035,straight_east,normal_current,False,time_limit,,148.00852826375177,2400.0,0.9383297798901034,457.26045166659526,823.3457749520217,119,1500,0.07933333333333334,False,False,False,1.0
3036,straight_diagonal,normal_current,False,time_limit,,239.0688611677102,2683.281572999748,0.9109042958542567,697.1177430145499,1023.1960440956091,0,1500,0.0,False,False,False,1.0
3037,one_turn,normal_current,False,time_limit,,1259.862584823137,2683.281572999748,0.5304769363378118,265.9828863388092,474.2872697030248,0,1500,0.0,False,False,False,1.0
3038,s_turn,normal_current,False,time_limit,,3218.0561214311742,2683.281572999748,0.0,455.28853662487654,1585.5836175355216,928,1500,0.6186666666666667,False,False,False,0.3333333333333333
3039,bezier_fillet,normal_current,False,time_limit,,2580.2111403850326,1697.0562748477141,0.0,501.6749080031198,1430.762959458975,1030,1500,0.6866666666666666,False,False,False,0.1
3040,straight_east,normal_current,False,time_limit,,917.9204872726262,2400.0,0.6175331303030723,929.875952964621,1273.456081974542,0,1500,0.0,False,False,False,1.0
3041,straight_diagonal,normal_current,False,time_limit,,1626.4779323741213,2683.281572999748,0.3938474632180265,1255.2650650412984,1734.7267317814587,0,1500,0.0,False,False,False,1.0
3042,one_turn,normal_current,False,time_limit,,1615.481377356966,2683.281572999748,0.39794563730747246,351.7356883614954,720.6219590276255,0,1500,0.0,False,False,False,1.0
3043,s_turn,normal_current,False,time_limit,,2196.8679097843124,2683.281572999748,0.18127566935573375,245.04296533434783,566.5854737868167,530,1500,0.35333333333333333,False,False,False,0.3333333333333333
3044,bezier_fillet,normal_current,False,time_limit,,1793.2705242345721,1697.0562748477141,0.0,169.49637637939264,378.2879868762979,688,1500,0.45866666666666667,False,False,False,0.2
3045,straight_east,current_limited,False,current_limited_safe_stop,,2989.0116710246393,2400.0,0.0,1701.934218740553,2964.157669813815,991,1500,0.6606666666666666,True,False,False,1.0
3046,straight_diagonal,current_limited,False,current_limited_safe_stop,,3875.90332160291,2683.281572999748,0.0,1995.7826267284609,3604.4873178297726,1201,1500,0.8006666666666666,True,False,False,1.0
3047,one_turn,current_limited,False,current_limited_safe_stop,,3888.5913196088645,2683.281572999748,0.0,1487.0192427173442,2663.594657881492,1273,1500,0.8486666666666667,True,False,False,0.5
3048,s_turn,current_limited,False,current_limited_safe_stop,,3875.633336086642,2683.281572999748,0.0,1417.264191985398,2587.125478597084,1352,1500,0.9013333333333333,True,False,False,0.3333333333333333
3049,bezier_fillet,current_limited,False,current_limited_safe_stop,,3699.4891723657006,1697.0562748477141,0.0,1364.8598590361971,2542.5700151629576,1460,1500,0.9733333333333334,True,False,False,0.1
3050,straight_east,zero_current,True,goal_reached,175.0,38.86571790510334,2400.0,0.9838059508728736,0.0,0.0,0,875,0.0,False,False,False,1.0
3051,straight_diagonal,zero_current,False,time_limit,,801.1353084573698,2683.281572999748,0.7014344985190099,307.0866561865178,726.6067775201931,427,1500,0.2846666666666667,False,False,False,1.0
3052,one_turn,zero_current,False,time_limit,,1801.1274725073263,2683.281572999748,0.32875942255520585,282.1122379113034,694.7175591785626,329,1500,0.21933333333333332,False,False,False,1.0
3053,s_turn,zero_current,False,time_limit,,1953.0469348346783,2683.281572999748,0.2721423817436763,285.79461111061744,695.3402939267812,571,1500,0.38066666666666665,False,False,False,0.6666666666666666
3054,bezier_fillet,zero_current,False,time_limit,,1119.8324924497324,1697.0562748477141,0.34013237566313415,408.29760013253593,1030.582074588017,596,1500,0.3973333333333333,False,False,False,0.5
3055,straight_east,normal_current,True,goal_reached,194.0,39.6376167327594,2400.0,0.9834843263613503,0.0,0.0,0,970,0.0,False,False,False,1.0
3056,straight_diagonal,normal_current,False,time_limit,,791.7132555234984,2683.281572999748,0.7049458903269661,255.82522234349565,684.3352764789649,335,1500,0.22333333333333333,False,False,False,1.0
3057,one_turn,normal_current,False,time_limit,,2001.4706716543822,2683.281572999748,0.25409592053477337,250.75145775841762,792.5572400955674,335,1500,0.22333333333333333,False,False,False,1.0
3058,s_turn,normal_current,False,time_limit,,2345.5740602578458,2683.281572999748,0.12585615916721155,338.30548745599236,702.1358350016842,584,1500,0.3893333333333333,False,False,False,0.6666666666666666
3059,bezier_fillet,normal_current,False,time_limit,,731.7122060549788,1697.0562748477141,0.5688344476846301,198.8187347698479,779.868132885786,563,1500,0.37533333333333335,False,False,False,1.0
3060,straight_east,normal_current,False,time_limit,,100.42026262671016,2400.0,0.9581582239055374,0.0,0.0,67,1500,0.04466666666666667,False,False,False,1.0
3061,straight_diagonal,normal_current,False,time_limit,,164.79757890125612,2683.281572999748,0.9385835685082343,113.96040667829357,195.0783441737899,138,1500,0.092,False,False,False,1.0
3062,one_turn,normal_current,False,time_limit,,1326.9748985842402,2683.281572999748,0.5054656537216249,107.26699765485323,342.820759704035,325,1500,0.21666666666666667,False,False,False,1.0
3063,s_turn,normal_current,False,time_limit,,2803.527795715053,2683.281572999748,0.0,378.85842868435384,1126.9723731037088,630,1500,0.42,False,False,False,0.6666666666666666
3064,bezier_fillet,normal_current,False,time_limit,,2024.210597006578,1697.0562748477141,0.0,230.54937553573748,656.9747971371299,1023,1500,0.682,False,False,False,0.5
3065,straight_east,normal_current,False,time_limit,,638.091522896957,2400.0,0.7341285321262679,0.0,0.0,0,1500,0.0,False,False,False,1.0
3066,straight_diagonal,normal_current,False,time_limit,,1608.1023592053887,2683.281572999748,0.4006956350064944,851.077765050841,1348.1814235252878,0,1500,0.0,False,False,False,1.0
3067,one_turn,normal_current,False,time_limit,,1549.171984869053,2683.281572999748,0.4226576888324204,33.81493732367289,335.8402524595783,15,1500,0.01,False,False,False,1.0
3068,s_turn,normal_current,False,time_limit,,1866.823111540872,2683.281572999748,0.304276103437823,112.85289432201044,399.87340019734745,357,1500,0.238,False,False,False,0.6666666666666666
3069,bezier_fillet,normal_current,False,time_limit,,1211.5510964351029,1697.0562748477141,0.28608666996395166,310.8413262741774,1140.0096734438891,805,1500,0.5366666666666666,False,False,False,0.2
3070,straight_east,current_limited,False,current_limited_safe_stop,,4730.45974397833,2400.0,0.0,0.0,0.0,1499,1500,0.9993333333333333,True,False,False,1.0
3071,straight_diagonal,current_limited,False,current_limited_safe_stop,,4727.751860020814,2683.281572999748,0.0,1459.4742699168276,2805.338002990058,1499,1500,0.9993333333333333,True,False,False,1.0
3072,one_turn,current_limited,False,current_limited_safe_stop,,4880.291936902907,2683.281572999748,0.0,0.0,0.0,1499,1500,0.9993333333333333,True,False,False,0.5
3073,s_turn,current_limited,False,current_limited_safe_stop,,4880.291936902907,2683.281572999748,0.0,0.0,0.0,1499,1500,0.9993333333333333,True,False,False,0.3333333333333333
3074,bezier_fillet,current_limited,False,current_limited_safe_stop,,3510.581384358818,1697.0562748477141,0.0,453.7650433631973,896.9510388304536,1499,1500,0.9993333333333333,True,False,False,0.1
3075,straight_east,zero_current,True,goal_reached,175.0,38.86571790510334,2400.0,0.9838059508728736,0.0,0.0,0,875,0.0,False,False,False,1.0
3076,straight_diagonal,zero_current,False,time_limit,,801.1353084573698,2683.281572999748,0.7014344985190099,307.0866561865178,726.6067775201931,427,1500,0.2846666666666667,False,False,False,1.0
3077,one_turn,zero_current,False,time_limit,,1801.1274725073263,2683.281572999748,0.32875942255520585,282.1122379113034,694.7175591785626,329,1500,0.21933333333333332,False,False,False,1.0
3078,s_turn,zero_current,False,time_limit,,1953.0469348346783,2683.281572999748,0.2721423817436763,285.79461111061744,695.3402939267812,571,1500,0.38066666666666665,False,False,False,0.6666666666666666
3079,bezier_fillet,zero_current,False,time_limit,,1119.8324924497324,1697.0562748477141,0.34013237566313415,408.29760013253593,1030.582074588017,596,1500,0.3973333333333333,False,False,False,0.5
3080,straight_east,normal_current,False,time_limit,,704.6489408403376,2400.0,0.7063962746498593,264.889218190719,465.40444203368907,438,1500,0.292,False,False,False,1.0
3081,straight_diagonal,normal_current,False,time_limit,,1066.5834517525816,2683.281572999748,0.6025078163674767,269.048953118443,1060.3454877688298,505,1500,0.33666666666666667,False,False,False,1.0
3082,one_turn,normal_current,False,time_limit,,1714.9187478508986,2683.281572999748,0.36088751731942825,271.93438122929433,637.7893088435198,717,1500,0.478,False,False,False,0.5
3083,s_turn,normal_current,False,time_limit,,1723.379112832506,2683.281572999748,0.3577345254505394,310.4468269738355,740.5265024266264,675,1500,0.45,False,False,False,0.3333333333333333
3084,bezier_fillet,normal_current,False,time_limit,,732.6579259185175,1697.0562748477141,0.5682771769107876,436.274846015497,1075.2629222328273,591,1500,0.394,False,False,False,0.6
3085,straight_east,normal_current,False,time_limit,,148.00852826375547,2400.0,0.9383297798901018,457.26045166659617,823.345774952023,119,1500,0.07933333333333334,False,False,False,1.0
3086,straight_diagonal,normal_current,False,time_limit,,205.7554996295415,2683.281572999748,0.923319452680652,330.4492780657757,679.1697490421172,154,1500,0.10266666666666667,False,False,False,1.0
3087,one_turn,normal_current,False,time_limit,,1742.5603110250668,2683.281572999748,0.35058611494246245,429.34561558216615,873.9363298199933,115,1500,0.07666666666666666,False,False,False,1.0
3088,s_turn,normal_current,False,time_limit,,1656.8294530549026,2683.281572999748,0.3825361193075736,455.28853662487444,1585.5836175355157,928,1500,0.6186666666666667,False,False,False,0.3333333333333333
3089,bezier_fillet,normal_current,False,time_limit,,470.822701523762,1697.0562748477141,0.722565062513315,495.2806350447874,1392.9883720886803,1034,1500,0.6893333333333334,False,False,False,0.1
3090,straight_east,normal_current,False,time_limit,,917.920487272619,2400.0,0.6175331303030753,929.8759529646185,1273.4560819745402,0,1500,0.0,False,False,False,1.0
3091,straight_diagonal,normal_current,False,time_limit,,605.432084426037,2683.281572999748,0.774368783910665,627.6806102637283,967.7926772835701,0,1500,0.0,False,False,False,1.0
3092,one_turn,normal_current,False,time_limit,,2053.6267262566707,2683.281572999748,0.23465850661328871,362.45349274041985,720.6219590276294,287,1500,0.19133333333333333,False,False,False,1.0
3093,s_turn,normal_current,False,time_limit,,2403.938615593771,2683.281572999748,0.10410497363259877,245.0429653343598,566.5854737868185,530,1500,0.35333333333333333,False,False,False,0.3333333333333333
3094,bezier_fillet,normal_current,False,time_limit,,1636.9017475214298,1697.0562748477141,0.035446395159572604,159.58278826179273,329.63038012451955,682,1500,0.45466666666666666,False,False,False,0.2
3095,straight_east,current_limited,False,current_limited_safe_stop,,2989.0116710246334,2400.0,0.0,1701.9342187405532,2964.1576698138097,991,1500,0.6606666666666666,True,False,False,1.0
3096,straight_diagonal,current_limited,False,current_limited_safe_stop,,2306.65976999211,2683.281572999748,0.1403586588889355,1185.93946297989,1887.4493664375357,786,1500,0.524,True,False,False,1.0
3097,one_turn,current_limited,False,current_limited_safe_stop,,1633.6653885089306,2683.281572999748,0.39116885646757127,1558.7472400009162,2770.1488731482204,1273,1500,0.8486666666666667,True,False,False,0.5
3098,s_turn,current_limited,False,current_limited_safe_stop,,1613.1743422581585,2683.281572999748,0.3988054185253744,1417.2641919853945,2587.1254785970773,1352,1500,0.9013333333333333,True,False,False,0.3333333333333333
3099,bezier_fillet,current_limited,False,current_limited_safe_stop,,1322.0463603392132,1697.0562748477141,0.22097671130095706,1305.3859073106762,2449.893375458741,1455,1500,0.97,True,False,False,0.1
3100,straight_east,zero_current,False,time_limit,,899.226436525178,2400.0,0.6253223181145091,303.0484741395743,758.1714215450929,546,1500,0.364,False,False,False,1.0
3101,straight_diagonal,zero_current,False,time_limit,,779.0801760226552,2683.281572999748,0.7096539610818069,333.221609911576,712.5491798339498,408,1500,0.272,False,False,False,1.0
3102,one_turn,zero_current,False,time_limit,,1991.2283259384753,2683.281572999748,0.257913017413077,368.9293970736674,925.6900774154224,591,1500,0.394,False,False,False,0.5
3103,s_turn,zero_current,False,time_limit,,2031.1597559447907,2683.281572999748,0.2430314520909276,400.6674237900144,1003.5245879605815,599,1500,0.3993333333333333,False,False,False,0.3333333333333333
3104,bezier_fillet,zero_current,False,time_limit,,1138.114309396861,1697.0562748477141,0.329359711716696,400.5844595488587,1010.1957865727305,728,1500,0.48533333333333334,False,False,False,0.2
3105,straight_east,normal_current,False,time_limit,,726.4397264063346,2400.0,0.6973167806640272,308.10518914979616,774.779920808601,503,1500,0.3353333333333333,False,False,False,1.0
3106,straight_diagonal,normal_current,False,time_limit,,620.3628729668145,2683.281572999748,0.7688044075548561,343.2273639212751,556.673455387747,465,1500,0.31,False,False,False,1.0
3107,one_turn,normal_current,False,time_limit,,1644.1756766152432,2683.281572999748,0.3872519033561008,372.55910108823895,956.146405644137,572,1500,0.38133333333333336,False,False,False,0.5
3108,s_turn,normal_current,False,time_limit,,1942.6764977635423,2683.281572999748,0.2760072154515836,408.29796986062144,1022.4599347037506,698,1500,0.4653333333333333,False,False,False,0.3333333333333333
3109,bezier_fillet,normal_current,False,time_limit,,2087.8743167011075,1697.0562748477141,0.0,450.076895792074,1001.0640315352555,881,1500,0.5873333333333334,False,False,False,0.1
3110,straight_east,normal_current,False,time_limit,,407.3987679400138,2400.0,0.8302505133583276,306.85519011609017,815.3535673904397,463,1500,0.30866666666666664,False,False,False,1.0
3111,straight_diagonal,normal_current,True,goal_reached,291.40000000000003,39.351040250603724,2683.281572999748,0.9853347331690534,321.5023099688071,546.9125431539264,190,1457,0.13040494166094715,False,False,False,1.0
3112,one_turn,normal_current,False,time_limit,,1517.189187721897,2683.281572999748,0.43457697358769154,381.036969235346,1011.8208768484944,545,1500,0.36333333333333334,False,False,False,0.5
3113,s_turn,normal_current,False,time_limit,,1971.6825747892212,2683.281572999748,0.26519728878658144,401.19967661139907,1027.708451505071,543,1500,0.362,False,False,False,0.3333333333333333
3114,bezier_fillet,normal_current,False,time_limit,,1370.6808624910516,1697.0562748477141,0.19231855607495982,328.4868071925385,851.9375192351629,566,1500,0.37733333333333335,False,False,False,0.2
3115,straight_east,normal_current,False,time_limit,,1044.506230061614,2400.0,0.5647890708076608,301.08718665261927,859.5467792812464,546,1500,0.364,False,False,False,1.0
3116,straight_diagonal,normal_current,False,time_limit,,240.87185995520252,2683.281572999748,0.9102323578788929,322.7367461682944,603.9064400815748,201,1500,0.134,False,False,False,1.0
3117,one_turn,normal_current,False,time_limit,,1299.1787531720959,2683.281572999748,0.5158246654972956,369.6880013894515,1010.2052839844102,588,1500,0.392,False,False,False,0.5
3118,s_turn,normal_current,False,time_limit,,1235.887523452002,2683.281572999748,0.5394119141695763,680.846853673037,1177.3968121309654,486,1500,0.324,False,False,False,0.6666666666666666
3119,bezier_fillet,normal_current,False,time_limit,,896.4130621803506,1697.0562748477141,0.4717835374900632,264.5361951438124,758.9955021044665,581,1500,0.3873333333333333,False,False,False,0.2
3120,straight_east,current_limited,False,current_limited_safe_stop,,2272.3495500468075,2400.0,0.05318768748049687,295.36377393847994,836.1095730596902,926,1500,0.6173333333333333,True,False,False,1.0
3121,straight_diagonal,current_limited,False,current_limited_safe_stop,,1760.837387805865,2683.281572999748,0.3437746505904878,437.14438638398383,677.1394428400449,780,1500,0.52,True,False,False,1.0
3122,one_turn,current_limited,False,current_limited_safe_stop,,1538.4364802750147,2683.281572999748,0.42665857517325884,1327.190506242857,2653.7342050955813,1189,1500,0.7926666666666666,True,False,False,1.0
3123,s_turn,current_limited,False,current_limited_safe_stop,,1230.4404842183046,2683.281572999748,0.5414419058366856,1486.0307615180345,2788.1882465655744,1297,1500,0.8646666666666667,True,False,False,0.6666666666666666
3124,bezier_fillet,current_limited,False,current_limited_safe_stop,,2297.164588215772,1697.0562748477141,0.0,188.85124192954063,513.856853132471,1396,1500,0.9306666666666666,True,False,False,0.2
3125,straight_east,zero_current,False,time_limit,,899.226436525178,2400.0,0.6253223181145091,303.0484741395743,758.1714215450929,546,1500,0.364,False,False,False,1.0
3126,straight_diagonal,zero_current,False,time_limit,,779.0801760226552,2683.281572999748,0.7096539610818069,333.221609911576,712.5491798339498,408,1500,0.272,False,False,False,1.0
3127,one_turn,zero_current,False,time_limit,,1991.2283259384753,2683.281572999748,0.257913017413077,368.9293970736674,925.6900774154224,591,1500,0.394,False,False,False,0.5
3128,s_turn,zero_current,False,time_limit,,2031.1597559447907,2683.281572999748,0.2430314520909276,400.6674237900144,1003.5245879605815,599,1500,0.3993333333333333,False,False,False,0.3333333333333333
3129,bezier_fillet,zero_current,False,time_limit,,1138.114309396861,1697.0562748477141,0.329359711716696,400.5844595488587,1010.1957865727305,728,1500,0.48533333333333334,False,False,False,0.2
3130,straight_east,normal_current,False,time_limit,,697.9415074950589,2400.0,0.7091910385437254,295.6479534273135,504.1220704252678,420,1500,0.28,False,False,False,1.0
3131,straight_diagonal,normal_current,False,time_limit,,487.63074582343285,2683.281572999748,0.8182707507366471,383.10779382315076,616.8824374822285,244,1500,0.16266666666666665,False,False,False,1.0
3132,one_turn,normal_current,False,time_limit,,2418.4808764575846,2683.281572999748,0.0986853929929284,290.6533748864318,613.3366315012231,842,1500,0.5613333333333334,False,False,False,0.5
3133,s_turn,normal_current,False,time_limit,,2406.079257410017,2683.281572999748,0.10330720352983133,322.00020187198726,679.8653543097539,615,1500,0.41,False,False,False,0.3333333333333333
3134,bezier_fillet,normal_current,False,time_limit,,1641.2874394033374,1697.0562748477141,0.03286210143466287,359.1606471908234,743.1737439462676,874,1500,0.5826666666666667,False,False,False,0.1
3135,straight_east,normal_current,False,time_limit,,137.3551070888596,2400.0,0.9427687053796417,485.7881146683893,848.921064908955,103,1500,0.06866666666666667,False,False,False,1.0
3136,straight_diagonal,normal_current,False,time_limit,,297.3181533467407,2683.281572999748,0.8891960663619968,740.24378163398,1057.6793266141794,0,1500,0.0,False,False,False,1.0
3137,one_turn,normal_current,False,time_limit,,1261.671230983132,2683.281572999748,0.5298028937109797,276.9417882469648,492.7094458105471,0,1500,0.0,False,False,False,1.0
3138,s_turn,normal_current,False,time_limit,,2148.5160844661805,2683.281572999748,0.19929533073032346,198.03564698375138,448.43177598690863,531,1500,0.354,False,False,False,0.3333333333333333
3139,bezier_fillet,normal_current,False,time_limit,,2704.308131630478,1697.0562748477141,0.0,519.7751468555384,1531.743986019033,1056,1500,0.704,False,False,False,0.1
3140,straight_east,normal_current,False,time_limit,,951.752006576522,2400.0,0.6034366639264491,959.4610904817673,1298.1075540488582,0,1500,0.0,False,False,False,1.0
3141,straight_diagonal,normal_current,False,time_limit,,1685.1069605903479,2683.281572999748,0.37199771446032054,1293.778474666515,1776.9388608835534,0,1500,0.0,False,False,False,1.0
3142,one_turn,normal_current,False,time_limit,,1670.8457992186177,2683.281572999748,0.37731253550453436,379.4898003906421,740.6899734362014,0,1500,0.0,False,False,False,1.0
3143,s_turn,normal_current,False,time_limit,,1847.04089858263,2683.281572999748,0.31164849892449076,270.3541617053858,573.926453509323,457,1500,0.30466666666666664,False,False,False,0.3333333333333333
3144,bezier_fillet,normal_current,False,time_limit,,1835.099677193881,1697.0562748477141,0.0,235.50811393521272,501.59144247671094,777,1500,0.518,False,False,False,0.2
3145,straight_east,current_limited,False,current_limited_safe_stop,,3011.1266557967147,2400.0,0.0,1726.2356389097813,2987.508807610431,993,1500,0.662,True,False,False,1.0
3146,straight_diagonal,current_limited,False,current_limited_safe_stop,,3921.722854815623,2683.281572999748,0.0,2028.515107559801,3639.9886175478023,1199,1500,0.7993333333333333,True,False,False,1.0
3147,one_turn,current_limited,False,current_limited_safe_stop,,3910.298794245385,2683.281572999748,0.0,1510.8010747700937,2685.634361981146,1271,1500,0.8473333333333334,True,False,False,0.5
3148,s_turn,current_limited,False,current_limited_safe_stop,,3894.9233635146493,2683.281572999748,0.0,1440.223550043424,2607.837725702856,1362,1500,0.908,True,False,False,0.3333333333333333
3149,bezier_fillet,current_limited,False,current_limited_safe_stop,,3793.2392905990446,1697.0562748477141,0.0,1452.7183027262029,2639.691306364362,1468,1500,0.9786666666666667,True,False,False,0.1
3150,straight_east,zero_current,False,time_limit,,899.226436525178,2400.0,0.6253223181145091,303.0484741395743,758.1714215450929,546,1500,0.364,False,False,False,1.0
3151,straight_diagonal,zero_current,False,time_limit,,779.0801760226552,2683.281572999748,0.7096539610818069,333.221609911576,712.5491798339498,408,1500,0.272,False,False,False,1.0
3152,one_turn,zero_current,False,time_limit,,1991.2283259384753,2683.281572999748,0.257913017413077,368.9293970736674,925.6900774154224,591,1500,0.394,False,False,False,0.5
3153,s_turn,zero_current,False,time_limit,,2031.1597559447907,2683.281572999748,0.2430314520909276,400.6674237900144,1003.5245879605815,599,1500,0.3993333333333333,False,False,False,0.3333333333333333
3154,bezier_fillet,zero_current,False,time_limit,,1138.114309396861,1697.0562748477141,0.329359711716696,400.5844595488587,1010.1957865727305,728,1500,0.48533333333333334,False,False,False,0.2
3155,straight_east,normal_current,False,time_limit,,940.1165377560916,2400.0,0.6082847759349619,287.4997600032853,902.3833684731219,407,1500,0.2713333333333333,False,False,False,1.0
3156,straight_diagonal,normal_current,False,time_limit,,754.8047904479928,2683.281572999748,0.7187008631359674,286.114879398412,668.6571090612608,318,1500,0.212,False,False,False,1.0
3157,one_turn,normal_current,False,time_limit,,2388.171667327605,2683.281572999748,0.10998096831941032,366.817180523157,894.8354196929477,717,1500,0.478,False,False,False,0.5
3158,s_turn,normal_current,False,time_limit,,2445.8052996986353,2683.281572999748,0.08850218169076766,396.0891184985566,974.5573899311039,717,1500,0.478,False,False,False,0.3333333333333333
3159,bezier_fillet,normal_current,False,time_limit,,1471.4220876245379,1697.0562748477141,0.13295621987751916,410.518212603072,1015.9233433660369,704,1500,0.4693333333333333,False,False,False,0.2
3160,straight_east,normal_current,False,time_limit,,115.07715317277811,2400.0,0.9520511861780091,280.08883899604575,487.01013840554106,129,1500,0.086,False,False,False,1.0
3161,straight_diagonal,normal_current,False,time_limit,,150.1815339566774,2683.281572999748,0.9440306468512794,184.0464615759551,265.3029848397891,114,1500,0.076,False,False,False,1.0
3162,one_turn,normal_current,False,time_limit,,1216.0005428841598,2683.281572999748,0.5468233542390618,152.19109696809124,310.002787823247,301,1500,0.20066666666666666,False,False,False,1.0
3163,s_turn,normal_current,False,time_limit,,2579.8620472408074,2683.281572999748,0.03854218163296354,278.0816096801855,656.2690882202478,608,1500,0.4053333333333333,False,False,False,0.3333333333333333
3164,bezier_fillet,normal_current,False,time_limit,,2129.9042716163844,1697.0562748477141,0.0,270.1757814611557,638.7595921156711,892,1500,0.5946666666666667,False,False,False,0.1
3165,straight_east,normal_current,False,time_limit,,972.447877342102,2400.0,0.5948133844407909,521.7230968465102,708.7535159091854,0,1500,0.0,False,False,False,1.0
3166,straight_diagonal,normal_current,False,time_limit,,1504.3376089518088,2683.281572999748,0.4393664742123766,446.9495137745936,1100.362387823718,0,1500,0.0,False,False,False,1.0
3167,one_turn,normal_current,False,time_limit,,1499.1782986202018,2683.281572999748,0.44128923564879163,185.54120692266724,407.3142154699658,0,1500,0.0,False,False,False,1.0
3168,s_turn,normal_current,False,time_limit,,2003.4078506279163,2683.281572999748,0.2533739765565391,171.65702606221092,417.59231522160735,344,1500,0.22933333333333333,False,False,False,0.6666666666666666
3169,bezier_fillet,normal_current,False,time_limit,,1202.0207249790158,1697.0562748477141,0.29170249520047326,192.83970919487626,441.87836709222944,594,1500,0.396,False,False,False,0.3
3170,straight_east,current_limited,False,current_limited_safe_stop,,4806.506342885581,2400.0,0.0,701.4101046397755,1261.8080560480912,1499,1500,0.9993333333333333,True,False,False,1.0
3171,straight_diagonal,current_limited,False,current_limited_safe_stop,,4719.030623766682,2683.281572999748,0.0,1328.4754427313053,2716.42354408045,1499,1500,0.9993333333333333,True,False,False,1.0
3172,one_turn,current_limited,False,current_limited_safe_stop,,5169.042785084271,2683.281572999748,0.0,591.645365353215,1032.959812783858,1499,1500,0.9993333333333333,True,False,False,0.5
3173,s_turn,current_limited,False,current_limited_safe_stop,,5135.764855559452,2683.281572999748,0.0,532.403618167745,931.7417040758514,1499,1500,0.9993333333333333,True,False,False,0.3333333333333333
3174,bezier_fillet,current_limited,False,current_limited_safe_stop,,4001.8609771786996,1697.0562748477141,0.0,338.05131462505847,635.3719823952524,1499,1500,0.9993333333333333,True,False,False,0.1
3175,straight_east,zero_current,False,time_limit,,899.226436525178,2400.0,0.6253223181145091,303.0484741395743,758.1714215450929,546,1500,0.364,False,False,False,1.0
3176,straight_diagonal,zero_current,False,time_limit,,779.0801760226552,2683.281572999748,0.7096539610818069,333.221609911576,712.5491798339498,408,1500,0.272,False,False,False,1.0
3177,one_turn,zero_current,False,time_limit,,1991.2283259384753,2683.281572999748,0.257913017413077,368.9293970736674,925.6900774154224,591,1500,0.394,False,False,False,0.5
3178,s_turn,zero_current,False,time_limit,,2031.1597559447907,2683.281572999748,0.2430314520909276,400.6674237900144,1003.5245879605815,599,1500,0.3993333333333333,False,False,False,0.3333333333333333
3179,bezier_fillet,zero_current,False,time_limit,,1138.114309396861,1697.0562748477141,0.329359711716696,400.5844595488587,1010.1957865727305,728,1500,0.48533333333333334,False,False,False,0.2
3180,straight_east,normal_current,False,time_limit,,717.1063519083556,2400.0,0.7012056867048518,206.7127809402988,411.5491402528578,472,1500,0.31466666666666665,False,False,False,1.0
3181,straight_diagonal,normal_current,False,time_limit,,1044.9020179830989,2683.281572999748,0.6105880096605139,307.17000582518733,1036.399119642037,492,1500,0.328,False,False,False,1.0
3182,one_turn,normal_current,False,time_limit,,1784.8865240735477,2683.281572999748,0.3348120666747055,271.8287436023314,759.1399116018083,519,1500,0.346,False,False,False,0.5
3183,s_turn,normal_current,False,time_limit,,1714.3196522056082,2683.281572999748,0.3611107870840772,312.38159420710883,787.494518928462,320,1500,0.21333333333333335,False,False,False,0.6666666666666666
3184,bezier_fillet,normal_current,True,goal_reached,138.0,39.455207107054406,1697.0562748477141,0.9767507962512352,22.145960799327394,75.24842926894102,155,690,0.2246376811594203,False,False,False,0.8
3185,straight_east,normal_current,False,time_limit,,157.24533650814422,2400.0,0.9344811097882733,425.03559024102134,794.2047475490937,130,1500,0.08666666666666667,False,False,False,1.0
3186,straight_diagonal,normal_current,False,time_limit,,246.38260384533825,2683.281572999748,0.9081786248880706,256.8382236672772,593.8989337420609,183,1500,0.122,False,False,False,1.0
3187,one_turn,normal_current,False,time_limit,,1651.1405265691872,2683.281572999748,0.38465625703108336,370.4595866141627,765.8213238478774,36,1500,0.024,False,False,False,1.0
3188,s_turn,normal_current,False,time_limit,,1640.3851145814378,2683.281572999748,0.38866456241952063,408.89591629173134,1538.8914664652343,917,1500,0.6113333333333333,False,False,False,0.3333333333333333
3189,bezier_fillet,normal_current,False,time_limit,,462.30893073244744,1697.0562748477141,0.7275818500633204,435.039050716975,1303.9977924503198,982,1500,0.6546666666666666,False,False,False,0.2
3190,straight_east,normal_current,False,time_limit,,890.1815977979523,2400.0,0.6290910009175199,900.5982199320811,1250.5078388002698,0,1500,0.0,False,False,False,1.0
3191,straight_diagonal,normal_current,False,time_limit,,547.0755263326879,2683.281572999748,0.796116989048939,566.3314988141836,916.2017505285052,0,1500,0.0,False,False,False,1.0
3192,one_turn,normal_current,False,time_limit,,1577.5883286932274,2683.281572999748,0.41206754275527696,345.18845417562943,707.6024770074666,289,1500,0.19266666666666668,False,False,False,1.0
3193,s_turn,normal_current,False,time_limit,,2437.5498039850427,2683.281572999748,0.09157882329135954,320.6868548796499,748.8510420738974,398,1500,0.2653333333333333,False,False,False,0.6666666666666666
3194,bezier_fillet,normal_current,False,time_limit,,1451.8411751595056,1697.0562748477141,0.14449438319905625,127.2968572264326,258.7086879065276,730,1500,0.4866666666666667,False,False,False,0.1
3195,straight_east,current_limited,False,current_limited_safe_stop,,2968.2679279503636,2400.0,0.0,1678.5025809678532,2942.7753739850355,986,1500,0.6573333333333333,True,False,False,1.0
3196,straight_diagonal,current_limited,False,current_limited_safe_stop,,2265.609354254004,2683.281572999748,0.1556572455714409,1134.5891331388204,1843.6301166337014,780,1500,0.52,True,False,False,1.0
3197,one_turn,current_limited,False,current_limited_safe_stop,,1622.3744670992442,2683.281572999748,0.39537673443434906,1541.1012159794739,2757.5859463086085,1272,1500,0.848,True,False,False,0.5
3198,s_turn,current_limited,False,current_limited_safe_stop,,1603.9295613698787,2683.281572999748,0.40225074494258845,1400.790108245448,2574.5496535926404,1344,1500,0.896,True,False,False,0.3333333333333333
3199,bezier_fillet,current_limited,False,current_limited_safe_stop,,1268.9849644866572,1697.0562748477141,0.2522434386564288,1253.9470812562868,2393.9659803652426,1448,1500,0.9653333333333334,True,False,False,0.1
3200,straight_east,zero_current,False,time_limit,,899.2264365251821,2400.0,0.6253223181145074,303.04847413957583,758.1714215450925,546,1500,0.364,False,False,False,1.0
3201,straight_diagonal,zero_current,False,time_limit,,816.977742256468,2683.281572999748,0.6955303720350392,269.68357366393025,748.9094035890637,441,1500,0.294,False,False,False,1.0
3202,one_turn,zero_current,False,time_limit,,1959.7933899910404,2683.281572999748,0.269628126354213,368.9293970736647,925.6900774154174,591,1500,0.394,False,False,False,0.5
3203,s_turn,zero_current,False,time_limit,,1957.626460326374,2683.281572999748,0.2704356933596555,400.66742379001596,1003.524587960585,599,1500,0.3993333333333333,False,False,False,0.3333333333333333
3204,bezier_fillet,zero_current,False,time_limit,,1158.454314868498,1697.0562748477141,0.317374248551391,363.20292432339545,937.9543803597306,602,1500,0.4013333333333333,False,False,False,0.4
3205,straight_east,normal_current,False,time_limit,,726.4397264063281,2400.0,0.6973167806640299,308.1051891497949,774.7799208085994,503,1500,0.3353333333333333,False,False,False,1.0
3206,straight_diagonal,normal_current,False,time_limit,,641.808939700061,2683.281572999748,0.7608119303772667,292.00663608203115,596.6211183058538,500,1500,0.3333333333333333,False,False,False,1.0
3207,one_turn,normal_current,False,time_limit,,1613.8610590543174,2683.281572999748,0.3985494942857907,372.5591010882336,956.1464056441291,572,1500,0.38133333333333336,False,False,False,0.5
3208,s_turn,normal_current,False,time_limit,,1576.5607888710674,2683.281572999748,0.4124504842372666,408.29796986061535,1022.4599347037397,698,1500,0.4653333333333333,False,False,False,0.3333333333333333
3209,bezier_fillet,normal_current,False,time_limit,,1167.9005523455821,1697.0562748477141,0.31180799973743706,313.58632094866874,788.2671667171883,716,1500,0.47733333333333333,False,False,False,0.5
3210,straight_east,normal_current,False,time_limit,,407.3987679400341,2400.0,0.8302505133583191,306.85519011609387,815.3535673904466,463,1500,0.30866666666666664,False,False,False,1.0
3211,straight_diagonal,normal_current,True,goal_reached,293.6,39.76058198671361,2683.281572999748,0.9851821059754592,275.5481951521519,484.9448526744244,242,1468,0.164850136239782,False,False,False,1.0
3212,one_turn,normal_current,False,time_limit,,1281.665741130941,2683.281572999748,0.5223513797330946,381.0369692353498,1011.8208768485015,545,1500,0.36333333333333334,False,False,False,0.5
3213,s_turn,normal_current,False,time_limit,,1612.6078507526352,2683.281572999748,0.39901653744454546,401.1996766114016,1027.7084515050774,543,1500,0.362,False,False,False,0.3333333333333333
3214,bezier_fillet,normal_current,False,time_limit,,1234.572263935195,1697.0562748477141,0.2725213169221629,239.08578040678833,589.2802841605554,542,1500,0.36133333333333334,False,False,False,0.4
3215,straight_east,normal_current,False,time_limit,,1044.50623006161,2400.0,0.5647890708076625,301.0871866526207,859.5467792812492,546,1500,0.364,False,False,False,1.0
3216,straight_diagonal,normal_current,False,time_limit,,333.13542259364687,2683.281572999748,0.8758477582279143,279.2678356728432,545.6364672152229,302,1500,0.20133333333333334,False,False,False,1.0
3217,one_turn,normal_current,False,time_limit,,1101.4165321859698,2683.281572999748,0.5895262937483478,369.68800138944886,1010.2052839844064,588,1500,0.392,False,False,False,0.5
3218,s_turn,normal_current,False,time_limit,,250.01799583265787,2683.281572999748,0.9068237942866529,1220.6940023153586,1850.3974952609842,1013,1500,0.6753333333333333,False,False,False,0.6666666666666666
3219,bezier_fillet,normal_current,False,time_limit,,835.899941804695,1697.0562748477141,0.5074412356303831,203.55352343335863,466.1519359757758,545,1500,0.36333333333333334,False,False,False,0.4
3220,straight_east,current_limited,False,current_limited_safe_stop,,2272.349550046808,2400.0,0.05318768748049668,295.36377393847977,836.1095730596917,926,1500,0.6173333333333333,True,False,False,1.0
3221,straight_diagonal,current_limited,False,current_limited_safe_stop,,1766.367589715764,2683.281572999748,0.3417136660238489,384.00346499019776,619.7033802407968,799,1500,0.5326666666666666,True,False,False,1.0
3222,one_turn,current_limited,False,current_limited_safe_stop,,1784.8698111339731,2683.281572999748,0.33481829521953754,1487.0251430331764,2931.0905533078485,1221,1500,0.814,True,False,False,1.0
3223,s_turn,current_limited,False,current_limited_safe_stop,,1526.4006870415815,2683.281572999748,0.43114405047877363,1681.9392933175068,3093.98367068524,1312,1500,0.8746666666666667,True,False,False,0.6666666666666666
3224,bezier_fillet,current_limited,False,current_limited_safe_stop,,2313.825013145671,1697.0562748477141,0.0,193.9974222421097,436.6437040108016,1352,1500,0.9013333333333333,True,False,False,0.3
3225,straight_east,zero_current,False,time_limit,,899.2264365251821,2400.0,0.6253223181145074,303.04847413957583,758.1714215450925,546,1500,0.364,False,False,False,1.0
3226,straight_diagonal,zero_current,False,time_limit,,816.977742256468,2683.281572999748,0.6955303720350392,269.68357366393025,748.9094035890637,441,1500,0.294,False,False,False,1.0
3227,one_turn,zero_current,False,time_limit,,1959.7933899910404,2683.281572999748,0.269628126354213,368.9293970736647,925.6900774154174,591,1500,0.394,False,False,False,0.5
3228,s_turn,zero_current,False,time_limit,,1957.626460326374,2683.281572999748,0.2704356933596555,400.66742379001596,1003.524587960585,599,1500,0.3993333333333333,False,False,False,0.3333333333333333
3229,bezier_fillet,zero_current,False,time_limit,,1158.454314868498,1697.0562748477141,0.317374248551391,363.20292432339545,937.9543803597306,602,1500,0.4013333333333333,False,False,False,0.4
3230,straight_east,normal_current,False,time_limit,,717.1063519083535,2400.0,0.7012056867048526,206.71278094029734,411.5491402528478,472,1500,0.31466666666666665,False,False,False,1.0
3231,straight_diagonal,normal_current,False,time_limit,,550.2115764832231,2683.281572999748,0.7949482521626982,324.1084800961678,552.0644427340335,279,1500,0.186,False,False,False,1.0
3232,one_turn,normal_current,False,time_limit,,2125.340320655235,2683.281572999748,0.20793242794894917,271.828743602331,759.1399116018063,519,1500,0.346,False,False,False,0.5
3233,s_turn,normal_current,False,time_limit,,2830.209747674599,2683.281572999748,0.0,428.1813341765025,1223.309848016469,679,1500,0.45266666666666666,False,False,False,0.6666666666666666
3234,bezier_fillet,normal_current,False,time_limit,,1584.1883076581782,1697.0562748477141,0.06650808748205131,328.9983202141062,789.3456199670082,611,1500,0.4073333333333333,False,False,False,0.3
3235,straight_east,normal_current,False,time_limit,,157.24533650815317,2400.0,0.9344811097882695,425.03559024101696,794.2047475490886,130,1500,0.08666666666666667,False,False,False,1.0
3236,straight_diagonal,normal_current,False,time_limit,,210.24935067275038,2683.281572999748,0.9216446932784231,662.5508862494519,996.3689037198353,0,1500,0.0,False,False,False,1.0
3237,one_turn,normal_current,False,time_limit,,1459.4389060411077,2683.281572999748,0.45609923284735915,308.19955210348263,598.2435019637119,128,1500,0.08533333333333333,False,False,False,1.0
3238,s_turn,normal_current,False,time_limit,,3174.5145082631775,2683.281572999748,0.0,408.8959162917284,1538.891466465222,917,1500,0.6113333333333333,False,False,False,0.3333333333333333
3239,bezier_fillet,normal_current,False,time_limit,,2501.361654030642,1697.0562748477141,0.0,483.278306025811,1355.154068815875,1017,1500,0.678,False,False,False,0.1
3240,straight_east,normal_current,False,time_limit,,890.1815977979683,2400.0,0.6290910009175132,900.5982199320872,1250.507838800277,0,1500,0.0,False,False,False,1.0
3241,straight_diagonal,normal_current,False,time_limit,,1588.0966239470697,2683.281572999748,0.408151332336072,1224.7744658351446,1705.412458087302,0,1500,0.0,False,False,False,1.0
3242,one_turn,normal_current,False,time_limit,,1440.6296848454074,2683.281572999748,0.46310901571359514,324.9970981415117,707.6024770074632,13,1500,0.008666666666666666,False,False,False,1.0
3243,s_turn,normal_current,False,time_limit,,2221.332369038283,2683.281572999748,0.17215830370162502,297.50325630346566,569.0898683024952,505,1500,0.33666666666666667,False,False,False,0.6666666666666666
3244,bezier_fillet,normal_current,False,time_limit,,1464.182983498513,1697.0562748477141,0.13722190289187552,137.1076639020369,301.18692292263773,740,1500,0.49333333333333335,False,False,False,0.1
3245,straight_east,current_limited,False,current_limited_safe_stop,,2968.2679279503745,2400.0,0.0,1678.5025809678557,2942.775373985047,986,1500,0.6573333333333333,True,False,False,1.0
3246,straight_diagonal,current_limited,False,current_limited_safe_stop,,3845.712963502896,2683.281572999748,0.0,1971.0187839026967,3579.7173094810705,1207,1500,0.8046666666666666,True,False,False,1.0
3247,one_turn,current_limited,False,current_limited_safe_stop,,3869.040646296633,2683.281572999748,0.0,1464.891315557885,2643.603515983261,1272,1500,0.848,True,False,False,0.5
3248,s_turn,current_limited,False,current_limited_safe_stop,,3863.991249353552,2683.281572999748,0.0,1400.7901082454493,2574.549653592637,1344,1500,0.896,True,False,False,0.3333333333333333
3249,bezier_fillet,current_limited,False,current_limited_safe_stop,,3642.3230388832303,1697.0562748477141,0.0,1309.9124224034088,2483.290293139137,1453,1500,0.9686666666666667,True,False,False,0.1
3250,straight_east,zero_current,False,time_limit,,899.2264365251821,2400.0,0.6253223181145074,303.04847413957583,758.1714215450925,546,1500,0.364,False,False,False,1.0
3251,straight_diagonal,zero_current,False,time_limit,,816.977742256468,2683.281572999748,0.6955303720350392,269.68357366393025,748.9094035890637,441,1500,0.294,False,False,False,1.0
3252,one_turn,zero_current,False,time_limit,,1959.7933899910404,2683.281572999748,0.269628126354213,368.9293970736647,925.6900774154174,591,1500,0.394,False,False,False,0.5
3253,s_turn,zero_current,False,time_limit,,1957.626460326374,2683.281572999748,0.2704356933596555,400.66742379001596,1003.524587960585,599,1500,0.3993333333333333,False,False,False,0.3333333333333333
3254,bezier_fillet,zero_current,False,time_limit,,1158.454314868498,1697.0562748477141,0.317374248551391,363.20292432339545,937.9543803597306,602,1500,0.4013333333333333,False,False,False,0.4
3255,straight_east,normal_current,False,time_limit,,940.1165377560911,2400.0,0.6082847759349621,287.49976000328655,902.3833684731189,407,1500,0.2713333333333333,False,False,False,1.0
3256,straight_diagonal,normal_current,False,time_limit,,819.4493635513423,2683.281572999748,0.6946092531633767,174.21417305459008,665.9555863630956,352,1500,0.23466666666666666,False,False,False,1.0
3257,one_turn,normal_current,False,time_limit,,2359.65652407021,2683.281572999748,0.12060793477135709,366.81718052315796,894.835419692949,717,1500,0.478,False,False,False,0.5
3258,s_turn,normal_current,False,time_limit,,2359.68239664155,2683.281572999748,0.12059829263331219,396.0891184985538,974.5573899310994,717,1500,0.478,False,False,False,0.3333333333333333
3259,bezier_fillet,normal_current,False,time_limit,,1405.5445892249854,1697.0562748477141,0.17177490808246038,456.40183225501517,1079.1610550613646,711,1500,0.474,False,False,False,0.4
3260,straight_east,normal_current,False,time_limit,,115.07715317278044,2400.0,0.9520511861780081,280.08883899604814,487.01013840554674,129,1500,0.086,False,False,False,1.0
3261,straight_diagonal,normal_current,False,time_limit,,142.6947860731367,2683.281572999748,0.946820793050946,462.89854009116743,760.0659925474102,0,1500,0.0,False,False,False,1.0
3262,one_turn,normal_current,False,time_limit,,1199.5370870542872,2683.281572999748,0.5529589219690885,256.1567508018458,587.4440826114405,258,1500,0.172,False,False,False,1.0
3263,s_turn,normal_current,False,time_limit,,2210.358584868817,2683.281572999748,0.1762479915971812,278.08160968018615,656.2690882202437,608,1500,0.4053333333333333,False,False,False,0.3333333333333333
3264,bezier_fillet,normal_current,False,time_limit,,2157.428287054183,1697.0562748477141,0.0,303.42440878951885,767.7339254210436,877,1500,0.5846666666666667,False,False,False,0.1
3265,straight_east,normal_current,False,time_limit,,972.4478773420999,2400.0,0.5948133844407917,521.723096846508,708.7535159091854,0,1500,0.0,False,False,False,1.0
3266,straight_diagonal,normal_current,False,time_limit,,1639.7867383939815,2683.281572999748,0.3888875640580655,979.95153267017,1414.8368280487493,0,1500,0.0,False,False,False,1.0
3267,one_turn,normal_current,False,time_limit,,1380.477715284407,2683.281572999748,0.48552633120007765,195.25732288136166,407.31421546997444,112,1500,0.07466666666666667,False,False,False,1.0
3268,s_turn,normal_current,False,time_limit,,1983.4646116267108,2683.281572999748,0.26080638290624253,162.42511417621657,375.9520332864099,311,1500,0.20733333333333334,False,False,False,0.6666666666666666
3269,bezier_fillet,normal_current,False,time_limit,,1306.4014038689832,1697.0562748477141,0.23019559031051373,205.61794920754087,521.3219357911466,601,1500,0.40066666666666667,False,False,False,0.3
3270,straight_east,current_limited,False,current_limited_safe_stop,,4806.506342885583,2400.0,0.0,701.4101046397772,1261.8080560480985,1499,1500,0.9993333333333333,True,False,False,1.0
3271,straight_diagonal,current_limited,False,current_limited_safe_stop,,4726.150432601913,2683.281572999748,0.0,1527.7926957649338,2847.069081922637,1499,1500,0.9993333333333333,True,False,False,1.0
3272,one_turn,current_limited,False,current_limited_safe_stop,,4664.8468584369675,2683.281572999748,0.0,591.6453653532184,1032.9598127838594,1499,1500,0.9993333333333333,True,False,False,0.5
3273,s_turn,current_limited,False,current_limited_safe_stop,,4680.141073945904,2683.281572999748,0.0,532.4036181677478,931.741704075857,1499,1500,0.9993333333333333,True,False,False,0.3333333333333333
3274,bezier_fillet,current_limited,False,current_limited_safe_stop,,3513.790624415668,1697.0562748477141,0.0,481.64962655936836,899.4110768465985,1499,1500,0.9993333333333333,True,False,False,0.1
3275,straight_east,zero_current,False,time_limit,,899.2264365251821,2400.0,0.6253223181145074,303.04847413957583,758.1714215450925,546,1500,0.364,False,False,False,1.0
3276,straight_diagonal,zero_current,False,time_limit,,816.977742256468,2683.281572999748,0.6955303720350392,269.68357366393025,748.9094035890637,441,1500,0.294,False,False,False,1.0
3277,one_turn,zero_current,False,time_limit,,1959.7933899910404,2683.281572999748,0.269628126354213,368.9293970736647,925.6900774154174,591,1500,0.394,False,False,False,0.5
3278,s_turn,zero_current,False,time_limit,,1957.626460326374,2683.281572999748,0.2704356933596555,400.66742379001596,1003.524587960585,599,1500,0.3993333333333333,False,False,False,0.3333333333333333
3279,bezier_fillet,zero_current,False,time_limit,,1158.454314868498,1697.0562748477141,0.317374248551391,363.20292432339545,937.9543803597306,602,1500,0.4013333333333333,False,False,False,0.4
3280,straight_east,normal_current,False,time_limit,,697.941507495062,2400.0,0.7091910385437241,295.6479534273122,504.12207042527325,420,1500,0.28,False,False,False,1.0
3281,straight_diagonal,normal_current,False,time_limit,,588.4638138624525,2683.281572999748,0.7806924849841288,227.84099676211278,465.16865169986386,437,1500,0.29133333333333333,False,False,False,1.0
3282,one_turn,normal_current,False,time_limit,,1704.4160051422843,2683.281572999748,0.3648016584272036,290.6533748864306,613.3366315012377,842,1500,0.5613333333333334,False,False,False,0.5
3283,s_turn,normal_current,False,time_limit,,1708.766012872168,2683.281572999748,0.36318050626275866,322.0002018719875,679.865354309748,615,1500,0.41,False,False,False,0.3333333333333333
3284,bezier_fillet,normal_current,False,time_limit,,896.3905026078828,1697.0562748477141,0.47179683084562374,364.28996247101134,779.3376692069606,867,1500,0.578,False,False,False,0.1
3285,straight_east,normal_current,False,time_limit,,137.35510708886437,2400.0,0.9427687053796399,485.78811466838425,848.9210649089484,103,1500,0.06866666666666667,False,False,False,1.0
3286,straight_diagonal,normal_current,False,time_limit,,184.7858408550679,2683.281572999748,0.9311343830947684,372.23240974114896,720.7225076454149,139,1500,0.09266666666666666,False,False,False,1.0
3287,one_turn,normal_current,False,time_limit,,1771.005603700581,2683.281572999748,0.33998518026540797,441.94778329649705,880.8691417153893,118,1500,0.07866666666666666,False,False,False,1.0
3288,s_turn,normal_current,False,time_limit,,2508.467232718185,2683.281572999748,0.06514945805189229,198.03564698374947,448.4317759868936,531,1500,0.354,False,False,False,0.3333333333333333
3289,bezier_fillet,normal_current,False,time_limit,,521.8400077711724,1697.0562748477141,0.6925028265088028,511.5478434481691,1479.2002122848728,1057,1500,0.7046666666666667,False,False,False,0.1
3290,straight_east,normal_current,False,time_limit,,951.7520065765243,2400.0,0.6034366639264482,959.4610904817696,1298.1075540488619,0,1500,0.0,False,False,False,1.0
3291,straight_diagonal,normal_current,False,time_limit,,634.324459014832,2683.281572999748,0.7636012316420094,659.2545004020675,993.2824067245062,0,1500,0.0,False,False,False,1.0
3292,one_turn,normal_current,False,time_limit,,2030.89242705737,2683.281572999748,0.2431310796850313,390.12788137490156,740.6899734362014,239,1500,0.15933333333333333,False,False,False,1.0
3293,s_turn,normal_current,False,time_limit,,2094.9123547390454,2683.281572999748,0.21927226131655683,270.35416170539395,573.9264535093193,457,1500,0.30466666666666664,False,False,False,0.3333333333333333
3294,bezier_fillet,normal_current,False,time_limit,,1931.9966651591585,1697.0562748477141,0.0,206.25351993065254,427.87352565373277,780,1500,0.52,False,False,False,0.2
3295,straight_east,current_limited,False,current_limited_safe_stop,,3011.126655796725,2400.0,0.0,1726.2356389097906,2987.5088076104416,993,1500,0.662,True,False,False,1.0
3296,straight_diagonal,current_limited,False,current_limited_safe_stop,,2327.6043897184427,2683.281572999748,0.1325530599771083,1213.9320045651261,1910.3414713033676,788,1500,0.5253333333333333,True,False,False,1.0
3297,one_turn,current_limited,False,current_limited_safe_stop,,1643.288927122832,2683.281572999748,0.3875823753801083,1575.1310568681413,2780.727950121461,1271,1500,0.8473333333333334,True,False,False,0.5
3298,s_turn,current_limited,False,current_limited_safe_stop,,1628.7439713713566,2683.281572999748,0.3930029603451126,1440.223550043418,2607.837725702847,1362,1500,0.908,True,False,False,0.3333333333333333
3299,bezier_fillet,current_limited,False,current_limited_safe_stop,,1400.343306298467,1697.0562748477141,0.17483979343930284,1378.6420005856446,2531.49459129307,1462,1500,0.9746666666666667,True,False,False,0.1
3300,straight_east,zero_current,True,goal_reached,175.0,38.86571790510334,2400.0,0.9838059508728736,0.0,0.0,0,875,0.0,False,False,False,1.0
3301,straight_diagonal,zero_current,False,time_limit,,801.1353084573698,2683.281572999748,0.7014344985190099,307.0866561865178,726.6067775201931,427,1500,0.2846666666666667,False,False,False,1.0
3302,one_turn,zero_current,False,time_limit,,1801.1274725073263,2683.281572999748,0.32875942255520585,282.1122379113034,694.7175591785626,329,1500,0.21933333333333332,False,False,False,1.0
3303,s_turn,zero_current,False,time_limit,,1953.0469348346783,2683.281572999748,0.2721423817436763,285.79461111061744,695.3402939267812,571,1500,0.38066666666666665,False,False,False,0.6666666666666666
3304,bezier_fillet,zero_current,False,time_limit,,1119.8324924497324,1697.0562748477141,0.34013237566313415,408.29760013253593,1030.582074588017,596,1500,0.3973333333333333,False,False,False,0.5
3305,straight_east,normal_current,True,goal_reached,161.0,39.397951889924116,2400.0,0.9835841867125317,0.0,0.0,0,805,0.0,False,False,False,1.0
3306,straight_diagonal,normal_current,False,time_limit,,631.5289012390328,2683.281572999748,0.7646430745122953,318.6527919523976,575.1714871280197,486,1500,0.324,False,False,False,1.0
3307,one_turn,normal_current,False,time_limit,,1515.3028906725992,2683.281572999748,0.43527995499235606,313.0957574102855,819.3309939373185,289,1500,0.19266666666666668,False,False,False,1.0
3308,s_turn,normal_current,False,time_limit,,1818.0600802018864,2683.281572999748,0.32244901224831046,301.542651552764,818.5615839270149,612,1500,0.408,False,False,False,0.6666666666666666
3309,bezier_fillet,normal_current,False,time_limit,,1064.8106285417462,1697.0562748477141,0.3725543198988512,379.74410586033275,958.9149547051893,717,1500,0.478,False,False,False,0.4
3310,straight_east,normal_current,True,goal_reached,141.20000000000002,39.41475254492161,2400.0,0.983577186439616,0.0,0.0,0,706,0.0,False,False,False,1.0
3311,straight_diagonal,normal_current,True,goal_reached,292.40000000000003,38.224565999895205,2683.281572999748,0.9857545453356344,296.74968575976993,513.8118265309145,219,1462,0.14979480164158687,False,False,False,1.0
3312,one_turn,normal_current,False,time_limit,,1117.0821431257448,2683.281572999748,0.5836880652532809,494.5386447834743,1080.3513920383211,244,1500,0.16266666666666665,False,False,False,1.0
3313,s_turn,normal_current,False,time_limit,,1833.2282104267256,2683.281572999748,0.31679618386925884,473.71705186318286,1081.1721369449983,584,1500,0.3893333333333333,False,False,False,1.0
3314,bezier_fillet,normal_current,False,time_limit,,1227.7598765115595,1697.0562748477141,0.27653555470826513,287.09833246099737,757.5007727945292,553,1500,0.36866666666666664,False,False,False,0.3
3315,straight_east,normal_current,True,goal_reached,127.4,39.209373466751,2400.0,0.9836627610555204,0.0,0.0,0,637,0.0,False,False,False,1.0
3316,straight_diagonal,normal_current,False,time_limit,,279.0865962229473,2683.281572999748,0.895990566539409,299.4815928344357,571.8649829921758,225,1500,0.15,False,False,False,1.0
3317,one_turn,normal_current,False,time_limit,,522.6681702134924,2683.281572999748,0.8052130736212001,827.9218698131125,1379.0004870432895,457,1500,0.30466666666666664,False,False,False,1.0
3318,s_turn,normal_current,False,time_limit,,984.7597301459986,2683.281572999748,0.6330017169815331,822.8729418410768,1372.3037567552242,566,1500,0.37733333333333335,False,False,False,0.6666666666666666
3319,bezier_fillet,normal_current,False,time_limit,,865.7572745149936,1697.0562748477141,0.48984763360738726,235.9573658168168,622.8298316268371,586,1500,0.39066666666666666,False,False,False,0.3
3320,straight_east,current_limited,True,goal_reached,112.80000000000001,36.790319012196505,2400.0,0.9846707004115848,0.0,0.0,0,564,0.0,True,False,False,1.0
3321,straight_diagonal,current_limited,False,current_limited_safe_stop,,1764.9242709939335,2683.281572999748,0.3422515591530508,407.55158203396843,644.8609509397966,792,1500,0.528,True,False,False,1.0
3322,one_turn,current_limited,False,current_limited_safe_stop,,1649.7776523296166,2683.281572999748,0.3851641702718272,1395.3694342554425,2777.689168221067,1212,1500,0.808,True,False,False,1.0
3323,s_turn,current_limited,False,current_limited_safe_stop,,1367.10380136747,2683.281572999748,0.49051049464066127,1575.019813193897,2927.7310130149926,1308,1500,0.872,True,False,False,0.6666666666666666
3324,bezier_fillet,current_limited,False,current_limited_safe_stop,,2222.903195940584,1697.0562748477141,0.0,199.85885159860047,439.006190974241,1351,1500,0.9006666666666666,True,False,False,0.3
3325,straight_east,zero_current,True,goal_reached,175.0,38.86571790510334,2400.0,0.9838059508728736,0.0,0.0,0,875,0.0,False,False,False,1.0
3326,straight_diagonal,zero_current,False,time_limit,,801.1353084573698,2683.281572999748,0.7014344985190099,307.0866561865178,726.6067775201931,427,1500,0.2846666666666667,False,False,False,1.0
3327,one_turn,zero_current,False,time_limit,,1801.1274725073263,2683.281572999748,0.32875942255520585,282.1122379113034,694.7175591785626,329,1500,0.21933333333333332,False,False,False,1.0
3328,s_turn,zero_current,False,time_limit,,1953.0469348346783,2683.281572999748,0.2721423817436763,285.79461111061744,695.3402939267812,571,1500,0.38066666666666665,False,False,False,0.6666666666666666
3329,bezier_fillet,zero_current,False,time_limit,,1119.8324924497324,1697.0562748477141,0.34013237566313415,408.29760013253593,1030.582074588017,596,1500,0.3973333333333333,False,False,False,0.5
3330,straight_east,normal_current,False,time_limit,,704.6489408403353,2400.0,0.7063962746498602,264.8892181907182,465.4044420336895,438,1500,0.292,False,False,False,1.0
3331,straight_diagonal,normal_current,False,time_limit,,528.3051494285953,2683.281572999748,0.8031122955024129,352.7465730675921,582.6924440896535,266,1500,0.17733333333333334,False,False,False,1.0
3332,one_turn,normal_current,False,time_limit,,2328.3849958903984,2683.281572999748,0.13226214523308352,271.93438122929354,637.7893088435069,717,1500,0.478,False,False,False,0.5
3333,s_turn,normal_current,False,time_limit,,2343.2008488166193,2683.281572999748,0.12674060285180533,310.4468269738346,740.5265024266225,675,1500,0.45,False,False,False,0.3333333333333333
3334,bezier_fillet,normal_current,False,time_limit,,1569.445374140599,1697.0562748477141,0.07519544436943695,358.1335662291289,795.6686465077776,696,1500,0.464,False,False,False,0.2
3335,straight_east,normal_current,False,time_limit,,148.00852826375177,2400.0,0.9383297798901034,457.26045166659526,823.3457749520217,119,1500,0.07933333333333334,False,False,False,1.0
3336,straight_diagonal,normal_current,False,time_limit,,239.0688611677102,2683.281572999748,0.9109042958542567,697.1177430145499,1023.1960440956091,0,1500,0.0,False,False,False,1.0
3337,one_turn,normal_current,False,time_limit,,1259.862584823137,2683.281572999748,0.5304769363378118,265.9828863388092,474.2872697030248,0,1500,0.0,False,False,False,1.0
3338,s_turn,normal_current,False,time_limit,,3218.0561214311742,2683.281572999748,0.0,455.28853662487654,1585.5836175355216,928,1500,0.6186666666666667,False,False,False,0.3333333333333333
3339,bezier_fillet,normal_current,False,time_limit,,2580.2111403850326,1697.0562748477141,0.0,501.6749080031198,1430.762959458975,1030,1500,0.6866666666666666,False,False,False,0.1
3340,straight_east,normal_current,False,time_limit,,917.9204872726262,2400.0,0.6175331303030723,929.875952964621,1273.456081974542,0,1500,0.0,False,False,False,1.0
3341,straight_diagonal,normal_current,False,time_limit,,1626.4779323741213,2683.281572999748,0.3938474632180265,1255.2650650412984,1734.7267317814587,0,1500,0.0,False,False,False,1.0
3342,one_turn,normal_current,False,time_limit,,1615.481377356966,2683.281572999748,0.39794563730747246,351.7356883614954,720.6219590276255,0,1500,0.0,False,False,False,1.0
3343,s_turn,normal_current,False,time_limit,,2196.8679097843124,2683.281572999748,0.18127566935573375,245.04296533434783,566.5854737868167,530,1500,0.35333333333333333,False,False,False,0.3333333333333333
3344,bezier_fillet,normal_current,False,time_limit,,1793.2705242345721,1697.0562748477141,0.0,169.49637637939264,378.2879868762979,688,1500,0.45866666666666667,False,False,False,0.2
3345,straight_east,current_limited,False,current_limited_safe_stop,,2989.0116710246393,2400.0,0.0,1701.934218740553,2964.157669813815,991,1500,0.6606666666666666,True,False,False,1.0
3346,straight_diagonal,current_limited,False,current_limited_safe_stop,,3875.90332160291,2683.281572999748,0.0,1995.7826267284609,3604.4873178297726,1201,1500,0.8006666666666666,True,False,False,1.0
3347,one_turn,current_limited,False,current_limited_safe_stop,,3888.5913196088645,2683.281572999748,0.0,1487.0192427173442,2663.594657881492,1273,1500,0.8486666666666667,True,False,False,0.5
3348,s_turn,current_limited,False,current_limited_safe_stop,,3875.633336086642,2683.281572999748,0.0,1417.264191985398,2587.125478597084,1352,1500,0.9013333333333333,True,False,False,0.3333333333333333
3349,bezier_fillet,current_limited,False,current_limited_safe_stop,,3699.4891723657006,1697.0562748477141,0.0,1364.8598590361971,2542.5700151629576,1460,1500,0.9733333333333334,True,False,False,0.1
3350,straight_east,zero_current,True,goal_reached,175.0,38.86571790510334,2400.0,0.9838059508728736,0.0,0.0,0,875,0.0,False,False,False,1.0
3351,straight_diagonal,zero_current,False,time_limit,,801.1353084573698,2683.281572999748,0.7014344985190099,307.0866561865178,726.6067775201931,427,1500,0.2846666666666667,False,False,False,1.0
3352,one_turn,zero_current,False,time_limit,,1801.1274725073263,2683.281572999748,0.32875942255520585,282.1122379113034,694.7175591785626,329,1500,0.21933333333333332,False,False,False,1.0
3353,s_turn,zero_current,False,time_limit,,1953.0469348346783,2683.281572999748,0.2721423817436763,285.79461111061744,695.3402939267812,571,1500,0.38066666666666665,False,False,False,0.6666666666666666
3354,bezier_fillet,zero_current,False,time_limit,,1119.8324924497324,1697.0562748477141,0.34013237566313415,408.29760013253593,1030.582074588017,596,1500,0.3973333333333333,False,False,False,0.5
3355,straight_east,normal_current,True,goal_reached,194.0,39.6376167327594,2400.0,0.9834843263613503,0.0,0.0,0,970,0.0,False,False,False,1.0
3356,straight_diagonal,normal_current,False,time_limit,,791.7132555234984,2683.281572999748,0.7049458903269661,255.82522234349565,684.3352764789649,335,1500,0.22333333333333333,False,False,False,1.0
3357,one_turn,normal_current,False,time_limit,,2001.4706716543822,2683.281572999748,0.25409592053477337,250.75145775841762,792.5572400955674,335,1500,0.22333333333333333,False,False,False,1.0
3358,s_turn,normal_current,False,time_limit,,2345.5740602578458,2683.281572999748,0.12585615916721155,338.30548745599236,702.1358350016842,584,1500,0.3893333333333333,False,False,False,0.6666666666666666
3359,bezier_fillet,normal_current,False,time_limit,,731.7122060549788,1697.0562748477141,0.5688344476846301,198.8187347698479,779.868132885786,563,1500,0.37533333333333335,False,False,False,1.0
3360,straight_east,normal_current,False,time_limit,,100.42026262671016,2400.0,0.9581582239055374,0.0,0.0,67,1500,0.04466666666666667,False,False,False,1.0
3361,straight_diagonal,normal_current,False,time_limit,,164.79757890125612,2683.281572999748,0.9385835685082343,113.96040667829357,195.0783441737899,138,1500,0.092,False,False,False,1.0
3362,one_turn,normal_current,False,time_limit,,1326.9748985842402,2683.281572999748,0.5054656537216249,107.26699765485323,342.820759704035,325,1500,0.21666666666666667,False,False,False,1.0
3363,s_turn,normal_current,False,time_limit,,2803.527795715053,2683.281572999748,0.0,378.85842868435384,1126.9723731037088,630,1500,0.42,False,False,False,0.6666666666666666
3364,bezier_fillet,normal_current,False,time_limit,,2024.210597006578,1697.0562748477141,0.0,230.54937553573748,656.9747971371299,1023,1500,0.682,False,False,False,0.5
3365,straight_east,normal_current,False,time_limit,,638.091522896957,2400.0,0.7341285321262679,0.0,0.0,0,1500,0.0,False,False,False,1.0
3366,straight_diagonal,normal_current,False,time_limit,,1608.1023592053887,2683.281572999748,0.4006956350064944,851.077765050841,1348.1814235252878,0,1500,0.0,False,False,False,1.0
3367,one_turn,normal_current,False,time_limit,,1549.171984869053,2683.281572999748,0.4226576888324204,33.81493732367289,335.8402524595783,15,1500,0.01,False,False,False,1.0
3368,s_turn,normal_current,False,time_limit,,1866.823111540872,2683.281572999748,0.304276103437823,112.85289432201044,399.87340019734745,357,1500,0.238,False,False,False,0.6666666666666666
3369,bezier_fillet,normal_current,False,time_limit,,1211.5510964351029,1697.0562748477141,0.28608666996395166,310.8413262741774,1140.0096734438891,805,1500,0.5366666666666666,False,False,False,0.2
3370,straight_east,current_limited,False,current_limited_safe_stop,,4730.45974397833,2400.0,0.0,0.0,0.0,1499,1500,0.9993333333333333,True,False,False,1.0
3371,straight_diagonal,current_limited,False,current_limited_safe_stop,,4727.751860020814,2683.281572999748,0.0,1459.4742699168276,2805.338002990058,1499,1500,0.9993333333333333,True,False,False,1.0
3372,one_turn,current_limited,False,current_limited_safe_stop,,4880.291936902907,2683.281572999748,0.0,0.0,0.0,1499,1500,0.9993333333333333,True,False,False,0.5
3373,s_turn,current_limited,False,current_limited_safe_stop,,4880.291936902907,2683.281572999748,0.0,0.0,0.0,1499,1500,0.9993333333333333,True,False,False,0.3333333333333333
3374,bezier_fillet,current_limited,False,current_limited_safe_stop,,3510.581384358818,1697.0562748477141,0.0,453.7650433631973,896.9510388304536,1499,1500,0.9993333333333333,True,False,False,0.1
3375,straight_east,zero_current,True,goal_reached,175.0,38.86571790510334,2400.0,0.9838059508728736,0.0,0.0,0,875,0.0,False,False,False,1.0
3376,straight_diagonal,zero_current,False,time_limit,,801.1353084573698,2683.281572999748,0.7014344985190099,307.0866561865178,726.6067775201931,427,1500,0.2846666666666667,False,False,False,1.0
3377,one_turn,zero_current,False,time_limit,,1801.1274725073263,2683.281572999748,0.32875942255520585,282.1122379113034,694.7175591785626,329,1500,0.21933333333333332,False,False,False,1.0
3378,s_turn,zero_current,False,time_limit,,1953.0469348346783,2683.281572999748,0.2721423817436763,285.79461111061744,695.3402939267812,571,1500,0.38066666666666665,False,False,False,0.6666666666666666
3379,bezier_fillet,zero_current,False,time_limit,,1119.8324924497324,1697.0562748477141,0.34013237566313415,408.29760013253593,1030.582074588017,596,1500,0.3973333333333333,False,False,False,0.5
3380,straight_east,normal_current,False,time_limit,,704.6489408403376,2400.0,0.7063962746498593,264.889218190719,465.40444203368907,438,1500,0.292,False,False,False,1.0
3381,straight_diagonal,normal_current,False,time_limit,,1066.5834517525816,2683.281572999748,0.6025078163674767,269.048953118443,1060.3454877688298,505,1500,0.33666666666666667,False,False,False,1.0
3382,one_turn,normal_current,False,time_limit,,1714.9187478508986,2683.281572999748,0.36088751731942825,271.93438122929433,637.7893088435198,717,1500,0.478,False,False,False,0.5
3383,s_turn,normal_current,False,time_limit,,1723.379112832506,2683.281572999748,0.3577345254505394,310.4468269738355,740.5265024266264,675,1500,0.45,False,False,False,0.3333333333333333
3384,bezier_fillet,normal_current,False,time_limit,,732.6579259185175,1697.0562748477141,0.5682771769107876,436.274846015497,1075.2629222328273,591,1500,0.394,False,False,False,0.6
3385,straight_east,normal_current,False,time_limit,,148.00852826375547,2400.0,0.9383297798901018,457.26045166659617,823.345774952023,119,1500,0.07933333333333334,False,False,False,1.0
3386,straight_diagonal,normal_current,False,time_limit,,205.7554996295415,2683.281572999748,0.923319452680652,330.4492780657757,679.1697490421172,154,1500,0.10266666666666667,False,False,False,1.0
3387,one_turn,normal_current,False,time_limit,,1742.5603110250668,2683.281572999748,0.35058611494246245,429.34561558216615,873.9363298199933,115,1500,0.07666666666666666,False,False,False,1.0
3388,s_turn,normal_current,False,time_limit,,1656.8294530549026,2683.281572999748,0.3825361193075736,455.28853662487444,1585.5836175355157,928,1500,0.6186666666666667,False,False,False,0.3333333333333333
3389,bezier_fillet,normal_current,False,time_limit,,470.822701523762,1697.0562748477141,0.722565062513315,495.2806350447874,1392.9883720886803,1034,1500,0.6893333333333334,False,False,False,0.1
3390,straight_east,normal_current,False,time_limit,,917.920487272619,2400.0,0.6175331303030753,929.8759529646185,1273.4560819745402,0,1500,0.0,False,False,False,1.0
3391,straight_diagonal,normal_current,False,time_limit,,605.432084426037,2683.281572999748,0.774368783910665,627.6806102637283,967.7926772835701,0,1500,0.0,False,False,False,1.0
3392,one_turn,normal_current,False,time_limit,,2053.6267262566707,2683.281572999748,0.23465850661328871,362.45349274041985,720.6219590276294,287,1500,0.19133333333333333,False,False,False,1.0
3393,s_turn,normal_current,False,time_limit,,2403.938615593771,2683.281572999748,0.10410497363259877,245.0429653343598,566.5854737868185,530,1500,0.35333333333333333,False,False,False,0.3333333333333333
3394,bezier_fillet,normal_current,False,time_limit,,1636.9017475214298,1697.0562748477141,0.035446395159572604,159.58278826179273,329.63038012451955,682,1500,0.45466666666666666,False,False,False,0.2
3395,straight_east,current_limited,False,current_limited_safe_stop,,2989.0116710246334,2400.0,0.0,1701.9342187405532,2964.1576698138097,991,1500,0.6606666666666666,True,False,False,1.0
3396,straight_diagonal,current_limited,False,current_limited_safe_stop,,2306.65976999211,2683.281572999748,0.1403586588889355,1185.93946297989,1887.4493664375357,786,1500,0.524,True,False,False,1.0
3397,one_turn,current_limited,False,current_limited_safe_stop,,1633.6653885089306,2683.281572999748,0.39116885646757127,1558.7472400009162,2770.1488731482204,1273,1500,0.8486666666666667,True,False,False,0.5
3398,s_turn,current_limited,False,current_limited_safe_stop,,1613.1743422581585,2683.281572999748,0.3988054185253744,1417.2641919853945,2587.1254785970773,1352,1500,0.9013333333333333,True,False,False,0.3333333333333333
3399,bezier_fillet,current_limited,False,current_limited_safe_stop,,1322.0463603392132,1697.0562748477141,0.22097671130095706,1305.3859073106762,2449.893375458741,1455,1500,0.97,True,False,False,0.1
3400,straight_east,zero_current,False,time_limit,,899.226436525178,2400.0,0.6253223181145091,303.0484741395743,758.1714215450929,546,1500,0.364,False,False,False,1.0
3401,straight_diagonal,zero_current,False,time_limit,,779.0801760226552,2683.281572999748,0.7096539610818069,333.221609911576,712.5491798339498,408,1500,0.272,False,False,False,1.0
3402,one_turn,zero_current,False,time_limit,,1991.2283259384753,2683.281572999748,0.257913017413077,368.9293970736674,925.6900774154224,591,1500,0.394,False,False,False,0.5
3403,s_turn,zero_current,False,time_limit,,2031.1597559447907,2683.281572999748,0.2430314520909276,400.6674237900144,1003.5245879605815,599,1500,0.3993333333333333,False,False,False,0.3333333333333333
3404,bezier_fillet,zero_current,False,time_limit,,1138.114309396861,1697.0562748477141,0.329359711716696,400.5844595488587,1010.1957865727305,728,1500,0.48533333333333334,False,False,False,0.2
3405,straight_east,normal_current,False,time_limit,,726.4397264063346,2400.0,0.6973167806640272,308.10518914979616,774.779920808601,503,1500,0.3353333333333333,False,False,False,1.0
3406,straight_diagonal,normal_current,False,time_limit,,620.3628729668145,2683.281572999748,0.7688044075548561,343.2273639212751,556.673455387747,465,1500,0.31,False,False,False,1.0
3407,one_turn,normal_current,False,time_limit,,1644.1756766152432,2683.281572999748,0.3872519033561008,372.55910108823895,956.146405644137,572,1500,0.38133333333333336,False,False,False,0.5
3408,s_turn,normal_current,False,time_limit,,1942.6764977635423,2683.281572999748,0.2760072154515836,408.29796986062144,1022.4599347037506,698,1500,0.4653333333333333,False,False,False,0.3333333333333333
3409,bezier_fillet,normal_current,False,time_limit,,2087.8743167011075,1697.0562748477141,0.0,450.076895792074,1001.0640315352555,881,1500,0.5873333333333334,False,False,False,0.1
3410,straight_east,normal_current,False,time_limit,,407.3987679400138,2400.0,0.8302505133583276,306.85519011609017,815.3535673904397,463,1500,0.30866666666666664,False,False,False,1.0
3411,straight_diagonal,normal_current,True,goal_reached,291.40000000000003,39.351040250603724,2683.281572999748,0.9853347331690534,321.5023099688071,546.9125431539264,190,1457,0.13040494166094715,False,False,False,1.0
3412,one_turn,normal_current,False,time_limit,,1517.189187721897,2683.281572999748,0.43457697358769154,381.036969235346,1011.8208768484944,545,1500,0.36333333333333334,False,False,False,0.5
3413,s_turn,normal_current,False,time_limit,,1971.6825747892212,2683.281572999748,0.26519728878658144,401.19967661139907,1027.708451505071,543,1500,0.362,False,False,False,0.3333333333333333
3414,bezier_fillet,normal_current,False,time_limit,,1370.6808624910516,1697.0562748477141,0.19231855607495982,328.4868071925385,851.9375192351629,566,1500,0.37733333333333335,False,False,False,0.2
3415,straight_east,normal_current,False,time_limit,,1044.506230061614,2400.0,0.5647890708076608,301.08718665261927,859.5467792812464,546,1500,0.364,False,False,False,1.0
3416,straight_diagonal,normal_current,False,time_limit,,240.87185995520252,2683.281572999748,0.9102323578788929,322.7367461682944,603.9064400815748,201,1500,0.134,False,False,False,1.0
3417,one_turn,normal_current,False,time_limit,,1299.1787531720959,2683.281572999748,0.5158246654972956,369.6880013894515,1010.2052839844102,588,1500,0.392,False,False,False,0.5
3418,s_turn,normal_current,False,time_limit,,1235.887523452002,2683.281572999748,0.5394119141695763,680.846853673037,1177.3968121309654,486,1500,0.324,False,False,False,0.6666666666666666
3419,bezier_fillet,normal_current,False,time_limit,,896.4130621803506,1697.0562748477141,0.4717835374900632,264.5361951438124,758.9955021044665,581,1500,0.3873333333333333,False,False,False,0.2
3420,straight_east,current_limited,False,current_limited_safe_stop,,2272.3495500468075,2400.0,0.05318768748049687,295.36377393847994,836.1095730596902,926,1500,0.6173333333333333,True,False,False,1.0
3421,straight_diagonal,current_limited,False,current_limited_safe_stop,,1760.837387805865,2683.281572999748,0.3437746505904878,437.14438638398383,677.1394428400449,780,1500,0.52,True,False,False,1.0
3422,one_turn,current_limited,False,current_limited_safe_stop,,1538.4364802750147,2683.281572999748,0.42665857517325884,1327.190506242857,2653.7342050955813,1189,1500,0.7926666666666666,True,False,False,1.0
3423,s_turn,current_limited,False,current_limited_safe_stop,,1230.4404842183046,2683.281572999748,0.5414419058366856,1486.0307615180345,2788.1882465655744,1297,1500,0.8646666666666667,True,False,False,0.6666666666666666
3424,bezier_fillet,current_limited,False,current_limited_safe_stop,,2297.164588215772,1697.0562748477141,0.0,188.85124192954063,513.856853132471,1396,1500,0.9306666666666666,True,False,False,0.2
3425,straight_east,zero_current,False,time_limit,,899.226436525178,2400.0,0.6253223181145091,303.0484741395743,758.1714215450929,546,1500,0.364,False,False,False,1.0
3426,straight_diagonal,zero_current,False,time_limit,,779.0801760226552,2683.281572999748,0.7096539610818069,333.221609911576,712.5491798339498,408,1500,0.272,False,False,False,1.0
3427,one_turn,zero_current,False,time_limit,,1991.2283259384753,2683.281572999748,0.257913017413077,368.9293970736674,925.6900774154224,591,1500,0.394,False,False,False,0.5
3428,s_turn,zero_current,False,time_limit,,2031.1597559447907,2683.281572999748,0.2430314520909276,400.6674237900144,1003.5245879605815,599,1500,0.3993333333333333,False,False,False,0.3333333333333333
3429,bezier_fillet,zero_current,False,time_limit,,1138.114309396861,1697.0562748477141,0.329359711716696,400.5844595488587,1010.1957865727305,728,1500,0.48533333333333334,False,False,False,0.2
3430,straight_east,normal_current,False,time_limit,,697.9415074950589,2400.0,0.7091910385437254,295.6479534273135,504.1220704252678,420,1500,0.28,False,False,False,1.0
3431,straight_diagonal,normal_current,False,time_limit,,487.63074582343285,2683.281572999748,0.8182707507366471,383.10779382315076,616.8824374822285,244,1500,0.16266666666666665,False,False,False,1.0
3432,one_turn,normal_current,False,time_limit,,2418.4808764575846,2683.281572999748,0.0986853929929284,290.6533748864318,613.3366315012231,842,1500,0.5613333333333334,False,False,False,0.5
3433,s_turn,normal_current,False,time_limit,,2406.079257410017,2683.281572999748,0.10330720352983133,322.00020187198726,679.8653543097539,615,1500,0.41,False,False,False,0.3333333333333333
3434,bezier_fillet,normal_current,False,time_limit,,1641.2874394033374,1697.0562748477141,0.03286210143466287,359.1606471908234,743.1737439462676,874,1500,0.5826666666666667,False,False,False,0.1
3435,straight_east,normal_current,False,time_limit,,137.3551070888596,2400.0,0.9427687053796417,485.7881146683893,848.921064908955,103,1500,0.06866666666666667,False,False,False,1.0
3436,straight_diagonal,normal_current,False,time_limit,,297.3181533467407,2683.281572999748,0.8891960663619968,740.24378163398,1057.6793266141794,0,1500,0.0,False,False,False,1.0
3437,one_turn,normal_current,False,time_limit,,1261.671230983132,2683.281572999748,0.5298028937109797,276.9417882469648,492.7094458105471,0,1500,0.0,False,False,False,1.0
3438,s_turn,normal_current,False,time_limit,,2148.5160844661805,2683.281572999748,0.19929533073032346,198.03564698375138,448.43177598690863,531,1500,0.354,False,False,False,0.3333333333333333
3439,bezier_fillet,normal_current,False,time_limit,,2704.308131630478,1697.0562748477141,0.0,519.7751468555384,1531.743986019033,1056,1500,0.704,False,False,False,0.1
3440,straight_east,normal_current,False,time_limit,,951.752006576522,2400.0,0.6034366639264491,959.4610904817673,1298.1075540488582,0,1500,0.0,False,False,False,1.0
3441,straight_diagonal,normal_current,False,time_limit,,1685.1069605903479,2683.281572999748,0.37199771446032054,1293.778474666515,1776.9388608835534,0,1500,0.0,False,False,False,1.0
3442,one_turn,normal_current,False,time_limit,,1670.8457992186177,2683.281572999748,0.37731253550453436,379.4898003906421,740.6899734362014,0,1500,0.0,False,False,False,1.0
3443,s_turn,normal_current,False,time_limit,,1847.04089858263,2683.281572999748,0.31164849892449076,270.3541617053858,573.926453509323,457,1500,0.30466666666666664,False,False,False,0.3333333333333333
3444,bezier_fillet,normal_current,False,time_limit,,1835.099677193881,1697.0562748477141,0.0,235.50811393521272,501.59144247671094,777,1500,0.518,False,False,False,0.2
3445,straight_east,current_limited,False,current_limited_safe_stop,,3011.1266557967147,2400.0,0.0,1726.2356389097813,2987.508807610431,993,1500,0.662,True,False,False,1.0
3446,straight_diagonal,current_limited,False,current_limited_safe_stop,,3921.722854815623,2683.281572999748,0.0,2028.515107559801,3639.9886175478023,1199,1500,0.7993333333333333,True,False,False,1.0
3447,one_turn,current_limited,False,current_limited_safe_stop,,3910.298794245385,2683.281572999748,0.0,1510.8010747700937,2685.634361981146,1271,1500,0.8473333333333334,True,False,False,0.5
3448,s_turn,current_limited,False,current_limited_safe_stop,,3894.9233635146493,2683.281572999748,0.0,1440.223550043424,2607.837725702856,1362,1500,0.908,True,False,False,0.3333333333333333
3449,bezier_fillet,current_limited,False,current_limited_safe_stop,,3793.2392905990446,1697.0562748477141,0.0,1452.7183027262029,2639.691306364362,1468,1500,0.9786666666666667,True,False,False,0.1
3450,straight_east,zero_current,False,time_limit,,899.226436525178,2400.0,0.6253223181145091,303.0484741395743,758.1714215450929,546,1500,0.364,False,False,False,1.0
3451,straight_diagonal,zero_current,False,time_limit,,779.0801760226552,2683.281572999748,0.7096539610818069,333.221609911576,712.5491798339498,408,1500,0.272,False,False,False,1.0
3452,one_turn,zero_current,False,time_limit,,1991.2283259384753,2683.281572999748,0.257913017413077,368.9293970736674,925.6900774154224,591,1500,0.394,False,False,False,0.5
3453,s_turn,zero_current,False,time_limit,,2031.1597559447907,2683.281572999748,0.2430314520909276,400.6674237900144,1003.5245879605815,599,1500,0.3993333333333333,False,False,False,0.3333333333333333
3454,bezier_fillet,zero_current,False,time_limit,,1138.114309396861,1697.0562748477141,0.329359711716696,400.5844595488587,1010.1957865727305,728,1500,0.48533333333333334,False,False,False,0.2
3455,straight_east,normal_current,False,time_limit,,940.1165377560916,2400.0,0.6082847759349619,287.4997600032853,902.3833684731219,407,1500,0.2713333333333333,False,False,False,1.0
3456,straight_diagonal,normal_current,False,time_limit,,754.8047904479928,2683.281572999748,0.7187008631359674,286.114879398412,668.6571090612608,318,1500,0.212,False,False,False,1.0
3457,one_turn,normal_current,False,time_limit,,2388.171667327605,2683.281572999748,0.10998096831941032,366.817180523157,894.8354196929477,717,1500,0.478,False,False,False,0.5
3458,s_turn,normal_current,False,time_limit,,2445.8052996986353,2683.281572999748,0.08850218169076766,396.0891184985566,974.5573899311039,717,1500,0.478,False,False,False,0.3333333333333333
3459,bezier_fillet,normal_current,False,time_limit,,1471.4220876245379,1697.0562748477141,0.13295621987751916,410.518212603072,1015.9233433660369,704,1500,0.4693333333333333,False,False,False,0.2
3460,straight_east,normal_current,False,time_limit,,115.07715317277811,2400.0,0.9520511861780091,280.08883899604575,487.01013840554106,129,1500,0.086,False,False,False,1.0
3461,straight_diagonal,normal_current,False,time_limit,,150.1815339566774,2683.281572999748,0.9440306468512794,184.0464615759551,265.3029848397891,114,1500,0.076,False,False,False,1.0
3462,one_turn,normal_current,False,time_limit,,1216.0005428841598,2683.281572999748,0.5468233542390618,152.19109696809124,310.002787823247,301,1500,0.20066666666666666,False,False,False,1.0
3463,s_turn,normal_current,False,time_limit,,2579.8620472408074,2683.281572999748,0.03854218163296354,278.0816096801855,656.2690882202478,608,1500,0.4053333333333333,False,False,False,0.3333333333333333
3464,bezier_fillet,normal_current,False,time_limit,,2129.9042716163844,1697.0562748477141,0.0,270.1757814611557,638.7595921156711,892,1500,0.5946666666666667,False,False,False,0.1
3465,straight_east,normal_current,False,time_limit,,972.447877342102,2400.0,0.5948133844407909,521.7230968465102,708.7535159091854,0,1500,0.0,False,False,False,1.0
3466,straight_diagonal,normal_current,False,time_limit,,1504.3376089518088,2683.281572999748,0.4393664742123766,446.9495137745936,1100.362387823718,0,1500,0.0,False,False,False,1.0
3467,one_turn,normal_current,False,time_limit,,1499.1782986202018,2683.281572999748,0.44128923564879163,185.54120692266724,407.3142154699658,0,1500,0.0,False,False,False,1.0
3468,s_turn,normal_current,False,time_limit,,2003.4078506279163,2683.281572999748,0.2533739765565391,171.65702606221092,417.59231522160735,344,1500,0.22933333333333333,False,False,False,0.6666666666666666
3469,bezier_fillet,normal_current,False,time_limit,,1202.0207249790158,1697.0562748477141,0.29170249520047326,192.83970919487626,441.87836709222944,594,1500,0.396,False,False,False,0.3
3470,straight_east,current_limited,False,current_limited_safe_stop,,4806.506342885581,2400.0,0.0,701.4101046397755,1261.8080560480912,1499,1500,0.9993333333333333,True,False,False,1.0
3471,straight_diagonal,current_limited,False,current_limited_safe_stop,,4719.030623766682,2683.281572999748,0.0,1328.4754427313053,2716.42354408045,1499,1500,0.9993333333333333,True,False,False,1.0
3472,one_turn,current_limited,False,current_limited_safe_stop,,5169.042785084271,2683.281572999748,0.0,591.645365353215,1032.959812783858,1499,1500,0.9993333333333333,True,False,False,0.5
3473,s_turn,current_limited,False,current_limited_safe_stop,,5135.764855559452,2683.281572999748,0.0,532.403618167745,931.7417040758514,1499,1500,0.9993333333333333,True,False,False,0.3333333333333333
3474,bezier_fillet,current_limited,False,current_limited_safe_stop,,4001.8609771786996,1697.0562748477141,0.0,338.05131462505847,635.3719823952524,1499,1500,0.9993333333333333,True,False,False,0.1
3475,straight_east,zero_current,False,time_limit,,899.226436525178,2400.0,0.6253223181145091,303.0484741395743,758.1714215450929,546,1500,0.364,False,False,False,1.0
3476,straight_diagonal,zero_current,False,time_limit,,779.0801760226552,2683.281572999748,0.7096539610818069,333.221609911576,712.5491798339498,408,1500,0.272,False,False,False,1.0
3477,one_turn,zero_current,False,time_limit,,1991.2283259384753,2683.281572999748,0.257913017413077,368.9293970736674,925.6900774154224,591,1500,0.394,False,False,False,0.5
3478,s_turn,zero_current,False,time_limit,,2031.1597559447907,2683.281572999748,0.2430314520909276,400.6674237900144,1003.5245879605815,599,1500,0.3993333333333333,False,False,False,0.3333333333333333
3479,bezier_fillet,zero_current,False,time_limit,,1138.114309396861,1697.0562748477141,0.329359711716696,400.5844595488587,1010.1957865727305,728,1500,0.48533333333333334,False,False,False,0.2
3480,straight_east,normal_current,False,time_limit,,717.1063519083556,2400.0,0.7012056867048518,206.7127809402988,411.5491402528578,472,1500,0.31466666666666665,False,False,False,1.0
3481,straight_diagonal,normal_current,False,time_limit,,1044.9020179830989,2683.281572999748,0.6105880096605139,307.17000582518733,1036.399119642037,492,1500,0.328,False,False,False,1.0
3482,one_turn,normal_current,False,time_limit,,1784.8865240735477,2683.281572999748,0.3348120666747055,271.8287436023314,759.1399116018083,519,1500,0.346,False,False,False,0.5
3483,s_turn,normal_current,False,time_limit,,1714.3196522056082,2683.281572999748,0.3611107870840772,312.38159420710883,787.494518928462,320,1500,0.21333333333333335,False,False,False,0.6666666666666666
3484,bezier_fillet,normal_current,True,goal_reached,138.0,39.455207107054406,1697.0562748477141,0.9767507962512352,22.145960799327394,75.24842926894102,155,690,0.2246376811594203,False,False,False,0.8
3485,straight_east,normal_current,False,time_limit,,157.24533650814422,2400.0,0.9344811097882733,425.03559024102134,794.2047475490937,130,1500,0.08666666666666667,False,False,False,1.0
3486,straight_diagonal,normal_current,False,time_limit,,246.38260384533825,2683.281572999748,0.9081786248880706,256.8382236672772,593.8989337420609,183,1500,0.122,False,False,False,1.0
3487,one_turn,normal_current,False,time_limit,,1651.1405265691872,2683.281572999748,0.38465625703108336,370.4595866141627,765.8213238478774,36,1500,0.024,False,False,False,1.0
3488,s_turn,normal_current,False,time_limit,,1640.3851145814378,2683.281572999748,0.38866456241952063,408.89591629173134,1538.8914664652343,917,1500,0.6113333333333333,False,False,False,0.3333333333333333
3489,bezier_fillet,normal_current,False,time_limit,,462.30893073244744,1697.0562748477141,0.7275818500633204,435.039050716975,1303.9977924503198,982,1500,0.6546666666666666,False,False,False,0.2
3490,straight_east,normal_current,False,time_limit,,890.1815977979523,2400.0,0.6290910009175199,900.5982199320811,1250.5078388002698,0,1500,0.0,False,False,False,1.0
3491,straight_diagonal,normal_current,False,time_limit,,547.0755263326879,2683.281572999748,0.796116989048939,566.3314988141836,916.2017505285052,0,1500,0.0,False,False,False,1.0
3492,one_turn,normal_current,False,time_limit,,1577.5883286932274,2683.281572999748,0.41206754275527696,345.18845417562943,707.6024770074666,289,1500,0.19266666666666668,False,False,False,1.0
3493,s_turn,normal_current,False,time_limit,,2437.5498039850427,2683.281572999748,0.09157882329135954,320.6868548796499,748.8510420738974,398,1500,0.2653333333333333,False,False,False,0.6666666666666666
3494,bezier_fillet,normal_current,False,time_limit,,1451.8411751595056,1697.0562748477141,0.14449438319905625,127.2968572264326,258.7086879065276,730,1500,0.4866666666666667,False,False,False,0.1
3495,straight_east,current_limited,False,current_limited_safe_stop,,2968.2679279503636,2400.0,0.0,1678.5025809678532,2942.7753739850355,986,1500,0.6573333333333333,True,False,False,1.0
3496,straight_diagonal,current_limited,False,current_limited_safe_stop,,2265.609354254004,2683.281572999748,0.1556572455714409,1134.5891331388204,1843.6301166337014,780,1500,0.52,True,False,False,1.0
3497,one_turn,current_limited,False,current_limited_safe_stop,,1622.3744670992442,2683.281572999748,0.39537673443434906,1541.1012159794739,2757.5859463086085,1272,1500,0.848,True,False,False,0.5
3498,s_turn,current_limited,False,current_limited_safe_stop,,1603.9295613698787,2683.281572999748,0.40225074494258845,1400.790108245448,2574.5496535926404,1344,1500,0.896,True,False,False,0.3333333333333333
3499,bezier_fillet,current_limited,False,current_limited_safe_stop,,1268.9849644866572,1697.0562748477141,0.2522434386564288,1253.9470812562868,2393.9659803652426,1448,1500,0.9653333333333334,True,False,False,0.1
3500,straight_east,zero_current,False,time_limit,,899.2264365251821,2400.0,0.6253223181145074,303.04847413957583,758.1714215450925,546,1500,0.364,False,False,False,1.0
3501,straight_diagonal,zero_current,False,time_limit,,816.977742256468,2683.281572999748,0.6955303720350392,269.68357366393025,748.9094035890637,441,1500,0.294,False,False,False,1.0
3502,one_turn,zero_current,False,time_limit,,1959.7933899910404,2683.281572999748,0.269628126354213,368.9293970736647,925.6900774154174,591,1500,0.394,False,False,False,0.5
3503,s_turn,zero_current,False,time_limit,,1957.626460326374,2683.281572999748,0.2704356933596555,400.66742379001596,1003.524587960585,599,1500,0.3993333333333333,False,False,False,0.3333333333333333
3504,bezier_fillet,zero_current,False,time_limit,,1158.454314868498,1697.0562748477141,0.317374248551391,363.20292432339545,937.9543803597306,602,1500,0.4013333333333333,False,False,False,0.4
3505,straight_east,normal_current,False,time_limit,,726.4397264063281,2400.0,0.6973167806640299,308.1051891497949,774.7799208085994,503,1500,0.3353333333333333,False,False,False,1.0
3506,straight_diagonal,normal_current,False,time_limit,,641.808939700061,2683.281572999748,0.7608119303772667,292.00663608203115,596.6211183058538,500,1500,0.3333333333333333,False,False,False,1.0
3507,one_turn,normal_current,False,time_limit,,1613.8610590543174,2683.281572999748,0.3985494942857907,372.5591010882336,956.1464056441291,572,1500,0.38133333333333336,False,False,False,0.5
3508,s_turn,normal_current,False,time_limit,,1576.5607888710674,2683.281572999748,0.4124504842372666,408.29796986061535,1022.4599347037397,698,1500,0.4653333333333333,False,False,False,0.3333333333333333
3509,bezier_fillet,normal_current,False,time_limit,,1167.9005523455821,1697.0562748477141,0.31180799973743706,313.58632094866874,788.2671667171883,716,1500,0.47733333333333333,False,False,False,0.5
3510,straight_east,normal_current,False,time_limit,,407.3987679400341,2400.0,0.8302505133583191,306.85519011609387,815.3535673904466,463,1500,0.30866666666666664,False,False,False,1.0
3511,straight_diagonal,normal_current,True,goal_reached,293.6,39.76058198671361,2683.281572999748,0.9851821059754592,275.5481951521519,484.9448526744244,242,1468,0.164850136239782,False,False,False,1.0
3512,one_turn,normal_current,False,time_limit,,1281.665741130941,2683.281572999748,0.5223513797330946,381.0369692353498,1011.8208768485015,545,1500,0.36333333333333334,False,False,False,0.5
3513,s_turn,normal_current,False,time_limit,,1612.6078507526352,2683.281572999748,0.39901653744454546,401.1996766114016,1027.7084515050774,543,1500,0.362,False,False,False,0.3333333333333333
3514,bezier_fillet,normal_current,False,time_limit,,1234.572263935195,1697.0562748477141,0.2725213169221629,239.08578040678833,589.2802841605554,542,1500,0.36133333333333334,False,False,False,0.4
3515,straight_east,normal_current,False,time_limit,,1044.50623006161,2400.0,0.5647890708076625,301.0871866526207,859.5467792812492,546,1500,0.364,False,False,False,1.0
3516,straight_diagonal,normal_current,False,time_limit,,333.13542259364687,2683.281572999748,0.8758477582279143,279.2678356728432,545.6364672152229,302,1500,0.20133333333333334,False,False,False,1.0
3517,one_turn,normal_current,False,time_limit,,1101.4165321859698,2683.281572999748,0.5895262937483478,369.68800138944886,1010.2052839844064,588,1500,0.392,False,False,False,0.5
3518,s_turn,normal_current,False,time_limit,,250.01799583265787,2683.281572999748,0.9068237942866529,1220.6940023153586,1850.3974952609842,1013,1500,0.6753333333333333,False,False,False,0.6666666666666666
3519,bezier_fillet,normal_current,False,time_limit,,835.899941804695,1697.0562748477141,0.5074412356303831,203.55352343335863,466.1519359757758,545,1500,0.36333333333333334,False,False,False,0.4
3520,straight_east,current_limited,False,current_limited_safe_stop,,2272.349550046808,2400.0,0.05318768748049668,295.36377393847977,836.1095730596917,926,1500,0.6173333333333333,True,False,False,1.0
3521,straight_diagonal,current_limited,False,current_limited_safe_stop,,1766.367589715764,2683.281572999748,0.3417136660238489,384.00346499019776,619.7033802407968,799,1500,0.5326666666666666,True,False,False,1.0
3522,one_turn,current_limited,False,current_limited_safe_stop,,1784.8698111339731,2683.281572999748,0.33481829521953754,1487.0251430331764,2931.0905533078485,1221,1500,0.814,True,False,False,1.0
3523,s_turn,current_limited,False,current_limited_safe_stop,,1526.4006870415815,2683.281572999748,0.43114405047877363,1681.9392933175068,3093.98367068524,1312,1500,0.8746666666666667,True,False,False,0.6666666666666666
3524,bezier_fillet,current_limited,False,current_limited_safe_stop,,2313.825013145671,1697.0562748477141,0.0,193.9974222421097,436.6437040108016,1352,1500,0.9013333333333333,True,False,False,0.3
3525,straight_east,zero_current,False,time_limit,,899.2264365251821,2400.0,0.6253223181145074,303.04847413957583,758.1714215450925,546,1500,0.364,False,False,False,1.0
3526,straight_diagonal,zero_current,False,time_limit,,816.977742256468,2683.281572999748,0.6955303720350392,269.68357366393025,748.9094035890637,441,1500,0.294,False,False,False,1.0
3527,one_turn,zero_current,False,time_limit,,1959.7933899910404,2683.281572999748,0.269628126354213,368.9293970736647,925.6900774154174,591,1500,0.394,False,False,False,0.5
3528,s_turn,zero_current,False,time_limit,,1957.626460326374,2683.281572999748,0.2704356933596555,400.66742379001596,1003.524587960585,599,1500,0.3993333333333333,False,False,False,0.3333333333333333
3529,bezier_fillet,zero_current,False,time_limit,,1158.454314868498,1697.0562748477141,0.317374248551391,363.20292432339545,937.9543803597306,602,1500,0.4013333333333333,False,False,False,0.4
3530,straight_east,normal_current,False,time_limit,,717.1063519083535,2400.0,0.7012056867048526,206.71278094029734,411.5491402528478,472,1500,0.31466666666666665,False,False,False,1.0
3531,straight_diagonal,normal_current,False,time_limit,,550.2115764832231,2683.281572999748,0.7949482521626982,324.1084800961678,552.0644427340335,279,1500,0.186,False,False,False,1.0
3532,one_turn,normal_current,False,time_limit,,2125.340320655235,2683.281572999748,0.20793242794894917,271.828743602331,759.1399116018063,519,1500,0.346,False,False,False,0.5
3533,s_turn,normal_current,False,time_limit,,2830.209747674599,2683.281572999748,0.0,428.1813341765025,1223.309848016469,679,1500,0.45266666666666666,False,False,False,0.6666666666666666
3534,bezier_fillet,normal_current,False,time_limit,,1584.1883076581782,1697.0562748477141,0.06650808748205131,328.9983202141062,789.3456199670082,611,1500,0.4073333333333333,False,False,False,0.3
3535,straight_east,normal_current,False,time_limit,,157.24533650815317,2400.0,0.9344811097882695,425.03559024101696,794.2047475490886,130,1500,0.08666666666666667,False,False,False,1.0
3536,straight_diagonal,normal_current,False,time_limit,,210.24935067275038,2683.281572999748,0.9216446932784231,662.5508862494519,996.3689037198353,0,1500,0.0,False,False,False,1.0
3537,one_turn,normal_current,False,time_limit,,1459.4389060411077,2683.281572999748,0.45609923284735915,308.19955210348263,598.2435019637119,128,1500,0.08533333333333333,False,False,False,1.0
3538,s_turn,normal_current,False,time_limit,,3174.5145082631775,2683.281572999748,0.0,408.8959162917284,1538.891466465222,917,1500,0.6113333333333333,False,False,False,0.3333333333333333
3539,bezier_fillet,normal_current,False,time_limit,,2501.361654030642,1697.0562748477141,0.0,483.278306025811,1355.154068815875,1017,1500,0.678,False,False,False,0.1
3540,straight_east,normal_current,False,time_limit,,890.1815977979683,2400.0,0.6290910009175132,900.5982199320872,1250.507838800277,0,1500,0.0,False,False,False,1.0
3541,straight_diagonal,normal_current,False,time_limit,,1588.0966239470697,2683.281572999748,0.408151332336072,1224.7744658351446,1705.412458087302,0,1500,0.0,False,False,False,1.0
3542,one_turn,normal_current,False,time_limit,,1440.6296848454074,2683.281572999748,0.46310901571359514,324.9970981415117,707.6024770074632,13,1500,0.008666666666666666,False,False,False,1.0
3543,s_turn,normal_current,False,time_limit,,2221.332369038283,2683.281572999748,0.17215830370162502,297.50325630346566,569.0898683024952,505,1500,0.33666666666666667,False,False,False,0.6666666666666666
3544,bezier_fillet,normal_current,False,time_limit,,1464.182983498513,1697.0562748477141,0.13722190289187552,137.1076639020369,301.18692292263773,740,1500,0.49333333333333335,False,False,False,0.1
3545,straight_east,current_limited,False,current_limited_safe_stop,,2968.2679279503745,2400.0,0.0,1678.5025809678557,2942.775373985047,986,1500,0.6573333333333333,True,False,False,1.0
3546,straight_diagonal,current_limited,False,current_limited_safe_stop,,3845.712963502896,2683.281572999748,0.0,1971.0187839026967,3579.7173094810705,1207,1500,0.8046666666666666,True,False,False,1.0
3547,one_turn,current_limited,False,current_limited_safe_stop,,3869.040646296633,2683.281572999748,0.0,1464.891315557885,2643.603515983261,1272,1500,0.848,True,False,False,0.5
3548,s_turn,current_limited,False,current_limited_safe_stop,,3863.991249353552,2683.281572999748,0.0,1400.7901082454493,2574.549653592637,1344,1500,0.896,True,False,False,0.3333333333333333
3549,bezier_fillet,current_limited,False,current_limited_safe_stop,,3642.3230388832303,1697.0562748477141,0.0,1309.9124224034088,2483.290293139137,1453,1500,0.9686666666666667,True,False,False,0.1
3550,straight_east,zero_current,False,time_limit,,899.2264365251821,2400.0,0.6253223181145074,303.04847413957583,758.1714215450925,546,1500,0.364,False,False,False,1.0
3551,straight_diagonal,zero_current,False,time_limit,,816.977742256468,2683.281572999748,0.6955303720350392,269.68357366393025,748.9094035890637,441,1500,0.294,False,False,False,1.0
3552,one_turn,zero_current,False,time_limit,,1959.7933899910404,2683.281572999748,0.269628126354213,368.9293970736647,925.6900774154174,591,1500,0.394,False,False,False,0.5
3553,s_turn,zero_current,False,time_limit,,1957.626460326374,2683.281572999748,0.2704356933596555,400.66742379001596,1003.524587960585,599,1500,0.3993333333333333,False,False,False,0.3333333333333333
3554,bezier_fillet,zero_current,False,time_limit,,1158.454314868498,1697.0562748477141,0.317374248551391,363.20292432339545,937.9543803597306,602,1500,0.4013333333333333,False,False,False,0.4
3555,straight_east,normal_current,False,time_limit,,940.1165377560911,2400.0,0.6082847759349621,287.49976000328655,902.3833684731189,407,1500,0.2713333333333333,False,False,False,1.0
3556,straight_diagonal,normal_current,False,time_limit,,819.4493635513423,2683.281572999748,0.6946092531633767,174.21417305459008,665.9555863630956,352,1500,0.23466666666666666,False,False,False,1.0
3557,one_turn,normal_current,False,time_limit,,2359.65652407021,2683.281572999748,0.12060793477135709,366.81718052315796,894.835419692949,717,1500,0.478,False,False,False,0.5
3558,s_turn,normal_current,False,time_limit,,2359.68239664155,2683.281572999748,0.12059829263331219,396.0891184985538,974.5573899310994,717,1500,0.478,False,False,False,0.3333333333333333
3559,bezier_fillet,normal_current,False,time_limit,,1405.5445892249854,1697.0562748477141,0.17177490808246038,456.40183225501517,1079.1610550613646,711,1500,0.474,False,False,False,0.4
3560,straight_east,normal_current,False,time_limit,,115.07715317278044,2400.0,0.9520511861780081,280.08883899604814,487.01013840554674,129,1500,0.086,False,False,False,1.0
3561,straight_diagonal,normal_current,False,time_limit,,142.6947860731367,2683.281572999748,0.946820793050946,462.89854009116743,760.0659925474102,0,1500,0.0,False,False,False,1.0
3562,one_turn,normal_current,False,time_limit,,1199.5370870542872,2683.281572999748,0.5529589219690885,256.1567508018458,587.4440826114405,258,1500,0.172,False,False,False,1.0
3563,s_turn,normal_current,False,time_limit,,2210.358584868817,2683.281572999748,0.1762479915971812,278.08160968018615,656.2690882202437,608,1500,0.4053333333333333,False,False,False,0.3333333333333333
3564,bezier_fillet,normal_current,False,time_limit,,2157.428287054183,1697.0562748477141,0.0,303.42440878951885,767.7339254210436,877,1500,0.5846666666666667,False,False,False,0.1
3565,straight_east,normal_current,False,time_limit,,972.4478773420999,2400.0,0.5948133844407917,521.723096846508,708.7535159091854,0,1500,0.0,False,False,False,1.0
3566,straight_diagonal,normal_current,False,time_limit,,1639.7867383939815,2683.281572999748,0.3888875640580655,979.95153267017,1414.8368280487493,0,1500,0.0,False,False,False,1.0
3567,one_turn,normal_current,False,time_limit,,1380.477715284407,2683.281572999748,0.48552633120007765,195.25732288136166,407.31421546997444,112,1500,0.07466666666666667,False,False,False,1.0
3568,s_turn,normal_current,False,time_limit,,1983.4646116267108,2683.281572999748,0.26080638290624253,162.42511417621657,375.9520332864099,311,1500,0.20733333333333334,False,False,False,0.6666666666666666
3569,bezier_fillet,normal_current,False,time_limit,,1306.4014038689832,1697.0562748477141,0.23019559031051373,205.61794920754087,521.3219357911466,601,1500,0.40066666666666667,False,False,False,0.3
3570,straight_east,current_limited,False,current_limited_safe_stop,,4806.506342885583,2400.0,0.0,701.4101046397772,1261.8080560480985,1499,1500,0.9993333333333333,True,False,False,1.0
3571,straight_diagonal,current_limited,False,current_limited_safe_stop,,4726.150432601913,2683.281572999748,0.0,1527.7926957649338,2847.069081922637,1499,1500,0.9993333333333333,True,False,False,1.0
3572,one_turn,current_limited,False,current_limited_safe_stop,,4664.8468584369675,2683.281572999748,0.0,591.6453653532184,1032.9598127838594,1499,1500,0.9993333333333333,True,False,False,0.5
3573,s_turn,current_limited,False,current_limited_safe_stop,,4680.141073945904,2683.281572999748,0.0,532.4036181677478,931.741704075857,1499,1500,0.9993333333333333,True,False,False,0.3333333333333333
3574,bezier_fillet,current_limited,False,current_limited_safe_stop,,3513.790624415668,1697.0562748477141,0.0,481.64962655936836,899.4110768465985,1499,1500,0.9993333333333333,True,False,False,0.1
3575,straight_east,zero_current,False,time_limit,,899.2264365251821,2400.0,0.6253223181145074,303.04847413957583,758.1714215450925,546,1500,0.364,False,False,False,1.0
3576,straight_diagonal,zero_current,False,time_limit,,816.977742256468,2683.281572999748,0.6955303720350392,269.68357366393025,748.9094035890637,441,1500,0.294,False,False,False,1.0
3577,one_turn,zero_current,False,time_limit,,1959.7933899910404,2683.281572999748,0.269628126354213,368.9293970736647,925.6900774154174,591,1500,0.394,False,False,False,0.5
3578,s_turn,zero_current,False,time_limit,,1957.626460326374,2683.281572999748,0.2704356933596555,400.66742379001596,1003.524587960585,599,1500,0.3993333333333333,False,False,False,0.3333333333333333
3579,bezier_fillet,zero_current,False,time_limit,,1158.454314868498,1697.0562748477141,0.317374248551391,363.20292432339545,937.9543803597306,602,1500,0.4013333333333333,False,False,False,0.4
3580,straight_east,normal_current,False,time_limit,,697.941507495062,2400.0,0.7091910385437241,295.6479534273122,504.12207042527325,420,1500,0.28,False,False,False,1.0
3581,straight_diagonal,normal_current,False,time_limit,,588.4638138624525,2683.281572999748,0.7806924849841288,227.84099676211278,465.16865169986386,437,1500,0.29133333333333333,False,False,False,1.0
3582,one_turn,normal_current,False,time_limit,,1704.4160051422843,2683.281572999748,0.3648016584272036,290.6533748864306,613.3366315012377,842,1500,0.5613333333333334,False,False,False,0.5
3583,s_turn,normal_current,False,time_limit,,1708.766012872168,2683.281572999748,0.36318050626275866,322.0002018719875,679.865354309748,615,1500,0.41,False,False,False,0.3333333333333333
3584,bezier_fillet,normal_current,False,time_limit,,896.3905026078828,1697.0562748477141,0.47179683084562374,364.28996247101134,779.3376692069606,867,1500,0.578,False,False,False,0.1
3585,straight_east,normal_current,False,time_limit,,137.35510708886437,2400.0,0.9427687053796399,485.78811466838425,848.9210649089484,103,1500,0.06866666666666667,False,False,False,1.0
3586,straight_diagonal,normal_current,False,time_limit,,184.7858408550679,2683.281572999748,0.9311343830947684,372.23240974114896,720.7225076454149,139,1500,0.09266666666666666,False,False,False,1.0
3587,one_turn,normal_current,False,time_limit,,1771.005603700581,2683.281572999748,0.33998518026540797,441.94778329649705,880.8691417153893,118,1500,0.07866666666666666,False,False,False,1.0
3588,s_turn,normal_current,False,time_limit,,2508.467232718185,2683.281572999748,0.06514945805189229,198.03564698374947,448.4317759868936,531,1500,0.354,False,False,False,0.3333333333333333
3589,bezier_fillet,normal_current,False,time_limit,,521.8400077711724,1697.0562748477141,0.6925028265088028,511.5478434481691,1479.2002122848728,1057,1500,0.7046666666666667,False,False,False,0.1
3590,straight_east,normal_current,False,time_limit,,951.7520065765243,2400.0,0.6034366639264482,959.4610904817696,1298.1075540488619,0,1500,0.0,False,False,False,1.0
3591,straight_diagonal,normal_current,False,time_limit,,634.324459014832,2683.281572999748,0.7636012316420094,659.2545004020675,993.2824067245062,0,1500,0.0,False,False,False,1.0
3592,one_turn,normal_current,False,time_limit,,2030.89242705737,2683.281572999748,0.2431310796850313,390.12788137490156,740.6899734362014,239,1500,0.15933333333333333,False,False,False,1.0
3593,s_turn,normal_current,False,time_limit,,2094.9123547390454,2683.281572999748,0.21927226131655683,270.35416170539395,573.9264535093193,457,1500,0.30466666666666664,False,False,False,0.3333333333333333
3594,bezier_fillet,normal_current,False,time_limit,,1931.9966651591585,1697.0562748477141,0.0,206.25351993065254,427.87352565373277,780,1500,0.52,False,False,False,0.2
3595,straight_east,current_limited,False,current_limited_safe_stop,,3011.126655796725,2400.0,0.0,1726.2356389097906,2987.5088076104416,993,1500,0.662,True,False,False,1.0
3596,straight_diagonal,current_limited,False,current_limited_safe_stop,,2327.6043897184427,2683.281572999748,0.1325530599771083,1213.9320045651261,1910.3414713033676,788,1500,0.5253333333333333,True,False,False,1.0
3597,one_turn,current_limited,False,current_limited_safe_stop,,1643.288927122832,2683.281572999748,0.3875823753801083,1575.1310568681413,2780.727950121461,1271,1500,0.8473333333333334,True,False,False,0.5
3598,s_turn,current_limited,False,current_limited_safe_stop,,1628.7439713713566,2683.281572999748,0.3930029603451126,1440.223550043418,2607.837725702847,1362,1500,0.908,True,False,False,0.3333333333333333
3599,bezier_fillet,current_limited,False,current_limited_safe_stop,,1400.343306298467,1697.0562748477141,0.17483979343930284,1378.6420005856446,2531.49459129307,1462,1500,0.9746666666666667,True,False,False,0.1
3600,straight_east,zero_current,True,goal_reached,175.0,38.86571790510334,2400.0,0.9838059508728736,0.0,0.0,0,875,0.0,False,False,False,1.0
3601,straight_diagonal,zero_current,False,time_limit,,801.1353084573698,2683.281572999748,0.7014344985190099,307.0866561865178,726.6067775201931,427,1500,0.2846666666666667,False,False,False,1.0
3602,one_turn,zero_current,False,time_limit,,1801.1274725073263,2683.281572999748,0.32875942255520585,282.1122379113034,694.7175591785626,329,1500,0.21933333333333332,False,False,False,1.0
3603,s_turn,zero_current,False,time_limit,,1953.0469348346783,2683.281572999748,0.2721423817436763,285.79461111061744,695.3402939267812,571,1500,0.38066666666666665,False,False,False,0.6666666666666666
3604,bezier_fillet,zero_current,False,time_limit,,1119.8324924497324,1697.0562748477141,0.34013237566313415,408.29760013253593,1030.582074588017,596,1500,0.3973333333333333,False,False,False,0.5
3605,straight_east,normal_current,True,goal_reached,161.0,39.397951889924116,2400.0,0.9835841867125317,0.0,0.0,0,805,0.0,False,False,False,1.0
3606,straight_diagonal,normal_current,False,time_limit,,631.5289012390328,2683.281572999748,0.7646430745122953,318.6527919523976,575.1714871280197,486,1500,0.324,False,False,False,1.0
3607,one_turn,normal_current,False,time_limit,,1515.3028906725992,2683.281572999748,0.43527995499235606,313.0957574102855,819.3309939373185,289,1500,0.19266666666666668,False,False,False,1.0
3608,s_turn,normal_current,False,time_limit,,1818.0600802018864,2683.281572999748,0.32244901224831046,301.542651552764,818.5615839270149,612,1500,0.408,False,False,False,0.6666666666666666
3609,bezier_fillet,normal_current,False,time_limit,,1064.8106285417462,1697.0562748477141,0.3725543198988512,379.74410586033275,958.9149547051893,717,1500,0.478,False,False,False,0.4
3610,straight_east,normal_current,True,goal_reached,141.20000000000002,39.41475254492161,2400.0,0.983577186439616,0.0,0.0,0,706,0.0,False,False,False,1.0
3611,straight_diagonal,normal_current,True,goal_reached,292.40000000000003,38.224565999895205,2683.281572999748,0.9857545453356344,296.74968575976993,513.8118265309145,219,1462,0.14979480164158687,False,False,False,1.0
3612,one_turn,normal_current,False,time_limit,,1117.0821431257448,2683.281572999748,0.5836880652532809,494.5386447834743,1080.3513920383211,244,1500,0.16266666666666665,False,False,False,1.0
3613,s_turn,normal_current,False,time_limit,,1833.2282104267256,2683.281572999748,0.31679618386925884,473.71705186318286,1081.1721369449983,584,1500,0.3893333333333333,False,False,False,1.0
3614,bezier_fillet,normal_current,False,time_limit,,1227.7598765115595,1697.0562748477141,0.27653555470826513,287.09833246099737,757.5007727945292,553,1500,0.36866666666666664,False,False,False,0.3
3615,straight_east,normal_current,True,goal_reached,127.4,39.209373466751,2400.0,0.9836627610555204,0.0,0.0,0,637,0.0,False,False,False,1.0
3616,straight_diagonal,normal_current,False,time_limit,,279.0865962229473,2683.281572999748,0.895990566539409,299.4815928344357,571.8649829921758,225,1500,0.15,False,False,False,1.0
3617,one_turn,normal_current,False,time_limit,,522.6681702134924,2683.281572999748,0.8052130736212001,827.9218698131125,1379.0004870432895,457,1500,0.30466666666666664,False,False,False,1.0
3618,s_turn,normal_current,False,time_limit,,984.7597301459986,2683.281572999748,0.6330017169815331,822.8729418410768,1372.3037567552242,566,1500,0.37733333333333335,False,False,False,0.6666666666666666
3619,bezier_fillet,normal_current,False,time_limit,,865.7572745149936,1697.0562748477141,0.48984763360738726,235.9573658168168,622.8298316268371,586,1500,0.39066666666666666,False,False,False,0.3
3620,straight_east,current_limited,True,goal_reached,112.80000000000001,36.790319012196505,2400.0,0.9846707004115848,0.0,0.0,0,564,0.0,True,False,False,1.0
3621,straight_diagonal,current_limited,False,current_limited_safe_stop,,1764.9242709939335,2683.281572999748,0.3422515591530508,407.55158203396843,644.8609509397966,792,1500,0.528,True,False,False,1.0
3622,one_turn,current_limited,False,current_limited_safe_stop,,1649.7776523296166,2683.281572999748,0.3851641702718272,1395.3694342554425,2777.689168221067,1212,1500,0.808,True,False,False,1.0
3623,s_turn,current_limited,False,current_limited_safe_stop,,1367.10380136747,2683.281572999748,0.49051049464066127,1575.019813193897,2927.7310130149926,1308,1500,0.872,True,False,False,0.6666666666666666
3624,bezier_fillet,current_limited,False,current_limited_safe_stop,,2222.903195940584,1697.0562748477141,0.0,199.85885159860047,439.006190974241,1351,1500,0.9006666666666666,True,False,False,0.3
3625,straight_east,zero_current,True,goal_reached,175.0,38.86571790510334,2400.0,0.9838059508728736,0.0,0.0,0,875,0.0,False,False,False,1.0
3626,straight_diagonal,zero_current,False,time_limit,,801.1353084573698,2683.281572999748,0.7014344985190099,307.0866561865178,726.6067775201931,427,1500,0.2846666666666667,False,False,False,1.0
3627,one_turn,zero_current,False,time_limit,,1801.1274725073263,2683.281572999748,0.32875942255520585,282.1122379113034,694.7175591785626,329,1500,0.21933333333333332,False,False,False,1.0
3628,s_turn,zero_current,False,time_limit,,1953.0469348346783,2683.281572999748,0.2721423817436763,285.79461111061744,695.3402939267812,571,1500,0.38066666666666665,False,False,False,0.6666666666666666
3629,bezier_fillet,zero_current,False,time_limit,,1119.8324924497324,1697.0562748477141,0.34013237566313415,408.29760013253593,1030.582074588017,596,1500,0.3973333333333333,False,False,False,0.5
3630,straight_east,normal_current,False,time_limit,,704.6489408403353,2400.0,0.7063962746498602,264.8892181907182,465.4044420336895,438,1500,0.292,False,False,False,1.0
3631,straight_diagonal,normal_current,False,time_limit,,528.3051494285953,2683.281572999748,0.8031122955024129,352.7465730675921,582.6924440896535,266,1500,0.17733333333333334,False,False,False,1.0
3632,one_turn,normal_current,False,time_limit,,2328.3849958903984,2683.281572999748,0.13226214523308352,271.93438122929354,637.7893088435069,717,1500,0.478,False,False,False,0.5
3633,s_turn,normal_current,False,time_limit,,2343.2008488166193,2683.281572999748,0.12674060285180533,310.4468269738346,740.5265024266225,675,1500,0.45,False,False,False,0.3333333333333333
3634,bezier_fillet,normal_current,False,time_limit,,1569.445374140599,1697.0562748477141,0.07519544436943695,358.1335662291289,795.6686465077776,696,1500,0.464,False,False,False,0.2
3635,straight_east,normal_current,False,time_limit,,148.00852826375177,2400.0,0.9383297798901034,457.26045166659526,823.3457749520217,119,1500,0.07933333333333334,False,False,False,1.0
3636,straight_diagonal,normal_current,False,time_limit,,239.0688611677102,2683.281572999748,0.9109042958542567,697.1177430145499,1023.1960440956091,0,1500,0.0,False,False,False,1.0
3637,one_turn,normal_current,False,time_limit,,1259.862584823137,2683.281572999748,0.5304769363378118,265.9828863388092,474.2872697030248,0,1500,0.0,False,False,False,1.0
3638,s_turn,normal_current,False,time_limit,,3218.0561214311742,2683.281572999748,0.0,455.28853662487654,1585.5836175355216,928,1500,0.6186666666666667,False,False,False,0.3333333333333333
3639,bezier_fillet,normal_current,False,time_limit,,2580.2111403850326,1697.0562748477141,0.0,501.6749080031198,1430.762959458975,1030,1500,0.6866666666666666,False,False,False,0.1
3640,straight_east,normal_current,False,time_limit,,917.9204872726262,2400.0,0.6175331303030723,929.875952964621,1273.456081974542,0,1500,0.0,False,False,False,1.0
3641,straight_diagonal,normal_current,False,time_limit,,1626.4779323741213,2683.281572999748,0.3938474632180265,1255.2650650412984,1734.7267317814587,0,1500,0.0,False,False,False,1.0
3642,one_turn,normal_current,False,time_limit,,1615.481377356966,2683.281572999748,0.39794563730747246,351.7356883614954,720.6219590276255,0,1500,0.0,False,False,False,1.0
3643,s_turn,normal_current,False,time_limit,,2196.8679097843124,2683.281572999748,0.18127566935573375,245.04296533434783,566.5854737868167,530,1500,0.35333333333333333,False,False,False,0.3333333333333333
3644,bezier_fillet,normal_current,False,time_limit,,1793.2705242345721,1697.0562748477141,0.0,169.49637637939264,378.2879868762979,688,1500,0.45866666666666667,False,False,False,0.2
3645,straight_east,current_limited,False,current_limited_safe_stop,,2989.0116710246393,2400.0,0.0,1701.934218740553,2964.157669813815,991,1500,0.6606666666666666,True,False,False,1.0
3646,straight_diagonal,current_limited,False,current_limited_safe_stop,,3875.90332160291,2683.281572999748,0.0,1995.7826267284609,3604.4873178297726,1201,1500,0.8006666666666666,True,False,False,1.0
3647,one_turn,current_limited,False,current_limited_safe_stop,,3888.5913196088645,2683.281572999748,0.0,1487.0192427173442,2663.594657881492,1273,1500,0.8486666666666667,True,False,False,0.5
3648,s_turn,current_limited,False,current_limited_safe_stop,,3875.633336086642,2683.281572999748,0.0,1417.264191985398,2587.125478597084,1352,1500,0.9013333333333333,True,False,False,0.3333333333333333
3649,bezier_fillet,current_limited,False,current_limited_safe_stop,,3699.4891723657006,1697.0562748477141,0.0,1364.8598590361971,2542.5700151629576,1460,1500,0.9733333333333334,True,False,False,0.1
3650,straight_east,zero_current,True,goal_reached,175.0,38.86571790510334,2400.0,0.9838059508728736,0.0,0.0,0,875,0.0,False,False,False,1.0
3651,straight_diagonal,zero_current,False,time_limit,,801.1353084573698,2683.281572999748,0.7014344985190099,307.0866561865178,726.6067775201931,427,1500,0.2846666666666667,False,False,False,1.0
3652,one_turn,zero_current,False,time_limit,,1801.1274725073263,2683.281572999748,0.32875942255520585,282.1122379113034,694.7175591785626,329,1500,0.21933333333333332,False,False,False,1.0
3653,s_turn,zero_current,False,time_limit,,1953.0469348346783,2683.281572999748,0.2721423817436763,285.79461111061744,695.3402939267812,571,1500,0.38066666666666665,False,False,False,0.6666666666666666
3654,bezier_fillet,zero_current,False,time_limit,,1119.8324924497324,1697.0562748477141,0.34013237566313415,408.29760013253593,1030.582074588017,596,1500,0.3973333333333333,False,False,False,0.5
3655,straight_east,normal_current,True,goal_reached,194.0,39.6376167327594,2400.0,0.9834843263613503,0.0,0.0,0,970,0.0,False,False,False,1.0
3656,straight_diagonal,normal_current,False,time_limit,,791.7132555234984,2683.281572999748,0.7049458903269661,255.82522234349565,684.3352764789649,335,1500,0.22333333333333333,False,False,False,1.0
3657,one_turn,normal_current,False,time_limit,,2001.4706716543822,2683.281572999748,0.25409592053477337,250.75145775841762,792.5572400955674,335,1500,0.22333333333333333,False,False,False,1.0
3658,s_turn,normal_current,False,time_limit,,2345.5740602578458,2683.281572999748,0.12585615916721155,338.30548745599236,702.1358350016842,584,1500,0.3893333333333333,False,False,False,0.6666666666666666
3659,bezier_fillet,normal_current,False,time_limit,,731.7122060549788,1697.0562748477141,0.5688344476846301,198.8187347698479,779.868132885786,563,1500,0.37533333333333335,False,False,False,1.0
3660,straight_east,normal_current,False,time_limit,,100.42026262671016,2400.0,0.9581582239055374,0.0,0.0,67,1500,0.04466666666666667,False,False,False,1.0
3661,straight_diagonal,normal_current,False,time_limit,,164.79757890125612,2683.281572999748,0.9385835685082343,113.96040667829357,195.0783441737899,138,1500,0.092,False,False,False,1.0
3662,one_turn,normal_current,False,time_limit,,1326.9748985842402,2683.281572999748,0.5054656537216249,107.26699765485323,342.820759704035,325,1500,0.21666666666666667,False,False,False,1.0
3663,s_turn,normal_current,False,time_limit,,2803.527795715053,2683.281572999748,0.0,378.85842868435384,1126.9723731037088,630,1500,0.42,False,False,False,0.6666666666666666
3664,bezier_fillet,normal_current,False,time_limit,,2024.210597006578,1697.0562748477141,0.0,230.54937553573748,656.9747971371299,1023,1500,0.682,False,False,False,0.5
3665,straight_east,normal_current,False,time_limit,,638.091522896957,2400.0,0.7341285321262679,0.0,0.0,0,1500,0.0,False,False,False,1.0
3666,straight_diagonal,normal_current,False,time_limit,,1608.1023592053887,2683.281572999748,0.4006956350064944,851.077765050841,1348.1814235252878,0,1500,0.0,False,False,False,1.0
3667,one_turn,normal_current,False,time_limit,,1549.171984869053,2683.281572999748,0.4226576888324204,33.81493732367289,335.8402524595783,15,1500,0.01,False,False,False,1.0
3668,s_turn,normal_current,False,time_limit,,1866.823111540872,2683.281572999748,0.304276103437823,112.85289432201044,399.87340019734745,357,1500,0.238,False,False,False,0.6666666666666666
3669,bezier_fillet,normal_current,False,time_limit,,1211.5510964351029,1697.0562748477141,0.28608666996395166,310.8413262741774,1140.0096734438891,805,1500,0.5366666666666666,False,False,False,0.2
3670,straight_east,current_limited,False,current_limited_safe_stop,,4730.45974397833,2400.0,0.0,0.0,0.0,1499,1500,0.9993333333333333,True,False,False,1.0
3671,straight_diagonal,current_limited,False,current_limited_safe_stop,,4727.751860020814,2683.281572999748,0.0,1459.4742699168276,2805.338002990058,1499,1500,0.9993333333333333,True,False,False,1.0
3672,one_turn,current_limited,False,current_limited_safe_stop,,4880.291936902907,2683.281572999748,0.0,0.0,0.0,1499,1500,0.9993333333333333,True,False,False,0.5
3673,s_turn,current_limited,False,current_limited_safe_stop,,4880.291936902907,2683.281572999748,0.0,0.0,0.0,1499,1500,0.9993333333333333,True,False,False,0.3333333333333333
3674,bezier_fillet,current_limited,False,current_limited_safe_stop,,3510.581384358818,1697.0562748477141,0.0,453.7650433631973,896.9510388304536,1499,1500,0.9993333333333333,True,False,False,0.1
3675,straight_east,zero_current,True,goal_reached,175.0,38.86571790510334,2400.0,0.9838059508728736,0.0,0.0,0,875,0.0,False,False,False,1.0
3676,straight_diagonal,zero_current,False,time_limit,,801.1353084573698,2683.281572999748,0.7014344985190099,307.0866561865178,726.6067775201931,427,1500,0.2846666666666667,False,False,False,1.0
3677,one_turn,zero_current,False,time_limit,,1801.1274725073263,2683.281572999748,0.32875942255520585,282.1122379113034,694.7175591785626,329,1500,0.21933333333333332,False,False,False,1.0
3678,s_turn,zero_current,False,time_limit,,1953.0469348346783,2683.281572999748,0.2721423817436763,285.79461111061744,695.3402939267812,571,1500,0.38066666666666665,False,False,False,0.6666666666666666
3679,bezier_fillet,zero_current,False,time_limit,,1119.8324924497324,1697.0562748477141,0.34013237566313415,408.29760013253593,1030.582074588017,596,1500,0.3973333333333333,False,False,False,0.5
3680,straight_east,normal_current,False,time_limit,,704.6489408403376,2400.0,0.7063962746498593,264.889218190719,465.40444203368907,438,1500,0.292,False,False,False,1.0
3681,straight_diagonal,normal_current,False,time_limit,,1066.5834517525816,2683.281572999748,0.6025078163674767,269.048953118443,1060.3454877688298,505,1500,0.33666666666666667,False,False,False,1.0
3682,one_turn,normal_current,False,time_limit,,1714.9187478508986,2683.281572999748,0.36088751731942825,271.93438122929433,637.7893088435198,717,1500,0.478,False,False,False,0.5
3683,s_turn,normal_current,False,time_limit,,1723.379112832506,2683.281572999748,0.3577345254505394,310.4468269738355,740.5265024266264,675,1500,0.45,False,False,False,0.3333333333333333
3684,bezier_fillet,normal_current,False,time_limit,,732.6579259185175,1697.0562748477141,0.5682771769107876,436.274846015497,1075.2629222328273,591,1500,0.394,False,False,False,0.6
3685,straight_east,normal_current,False,time_limit,,148.00852826375547,2400.0,0.9383297798901018,457.26045166659617,823.345774952023,119,1500,0.07933333333333334,False,False,False,1.0
3686,straight_diagonal,normal_current,False,time_limit,,205.7554996295415,2683.281572999748,0.923319452680652,330.4492780657757,679.1697490421172,154,1500,0.10266666666666667,False,False,False,1.0
3687,one_turn,normal_current,False,time_limit,,1742.5603110250668,2683.281572999748,0.35058611494246245,429.34561558216615,873.9363298199933,115,1500,0.07666666666666666,False,False,False,1.0
3688,s_turn,normal_current,False,time_limit,,1656.8294530549026,2683.281572999748,0.3825361193075736,455.28853662487444,1585.5836175355157,928,1500,0.6186666666666667,False,False,False,0.3333333333333333
3689,bezier_fillet,normal_current,False,time_limit,,470.822701523762,1697.0562748477141,0.722565062513315,495.2806350447874,1392.9883720886803,1034,1500,0.6893333333333334,False,False,False,0.1
3690,straight_east,normal_current,False,time_limit,,917.920487272619,2400.0,0.6175331303030753,929.8759529646185,1273.4560819745402,0,1500,0.0,False,False,False,1.0
3691,straight_diagonal,normal_current,False,time_limit,,605.432084426037,2683.281572999748,0.774368783910665,627.6806102637283,967.7926772835701,0,1500,0.0,False,False,False,1.0
3692,one_turn,normal_current,False,time_limit,,2053.6267262566707,2683.281572999748,0.23465850661328871,362.45349274041985,720.6219590276294,287,1500,0.19133333333333333,False,False,False,1.0
3693,s_turn,normal_current,False,time_limit,,2403.938615593771,2683.281572999748,0.10410497363259877,245.0429653343598,566.5854737868185,530,1500,0.35333333333333333,False,False,False,0.3333333333333333
3694,bezier_fillet,normal_current,False,time_limit,,1636.9017475214298,1697.0562748477141,0.035446395159572604,159.58278826179273,329.63038012451955,682,1500,0.45466666666666666,False,False,False,0.2
3695,straight_east,current_limited,False,current_limited_safe_stop,,2989.0116710246334,2400.0,0.0,1701.9342187405532,2964.1576698138097,991,1500,0.6606666666666666,True,False,False,1.0
3696,straight_diagonal,current_limited,False,current_limited_safe_stop,,2306.65976999211,2683.281572999748,0.1403586588889355,1185.93946297989,1887.4493664375357,786,1500,0.524,True,False,False,1.0
3697,one_turn,current_limited,False,current_limited_safe_stop,,1633.6653885089306,2683.281572999748,0.39116885646757127,1558.7472400009162,2770.1488731482204,1273,1500,0.8486666666666667,True,False,False,0.5
3698,s_turn,current_limited,False,current_limited_safe_stop,,1613.1743422581585,2683.281572999748,0.3988054185253744,1417.2641919853945,2587.1254785970773,1352,1500,0.9013333333333333,True,False,False,0.3333333333333333
3699,bezier_fillet,current_limited,False,current_limited_safe_stop,,1322.0463603392132,1697.0562748477141,0.22097671130095706,1305.3859073106762,2449.893375458741,1455,1500,0.97,True,False,False,0.1
3700,straight_east,zero_current,False,time_limit,,899.226436525178,2400.0,0.6253223181145091,303.0484741395743,758.1714215450929,546,1500,0.364,False,False,False,1.0
3701,straight_diagonal,zero_current,False,time_limit,,779.0801760226552,2683.281572999748,0.7096539610818069,333.221609911576,712.5491798339498,408,1500,0.272,False,False,False,1.0
3702,one_turn,zero_current,False,time_limit,,1991.2283259384753,2683.281572999748,0.257913017413077,368.9293970736674,925.6900774154224,591,1500,0.394,False,False,False,0.5
3703,s_turn,zero_current,False,time_limit,,2031.1597559447907,2683.281572999748,0.2430314520909276,400.6674237900144,1003.5245879605815,599,1500,0.3993333333333333,False,False,False,0.3333333333333333
3704,bezier_fillet,zero_current,False,time_limit,,1138.114309396861,1697.0562748477141,0.329359711716696,400.5844595488587,1010.1957865727305,728,1500,0.48533333333333334,False,False,False,0.2
3705,straight_east,normal_current,False,time_limit,,726.4397264063346,2400.0,0.6973167806640272,308.10518914979616,774.779920808601,503,1500,0.3353333333333333,False,False,False,1.0
3706,straight_diagonal,normal_current,False,time_limit,,620.3628729668145,2683.281572999748,0.7688044075548561,343.2273639212751,556.673455387747,465,1500,0.31,False,False,False,1.0
3707,one_turn,normal_current,False,time_limit,,1644.1756766152432,2683.281572999748,0.3872519033561008,372.55910108823895,956.146405644137,572,1500,0.38133333333333336,False,False,False,0.5
3708,s_turn,normal_current,False,time_limit,,1942.6764977635423,2683.281572999748,0.2760072154515836,408.29796986062144,1022.4599347037506,698,1500,0.4653333333333333,False,False,False,0.3333333333333333
3709,bezier_fillet,normal_current,False,time_limit,,2087.8743167011075,1697.0562748477141,0.0,450.076895792074,1001.0640315352555,881,1500,0.5873333333333334,False,False,False,0.1
3710,straight_east,normal_current,False,time_limit,,407.3987679400138,2400.0,0.8302505133583276,306.85519011609017,815.3535673904397,463,1500,0.30866666666666664,False,False,False,1.0
3711,straight_diagonal,normal_current,True,goal_reached,291.40000000000003,39.351040250603724,2683.281572999748,0.9853347331690534,321.5023099688071,546.9125431539264,190,1457,0.13040494166094715,False,False,False,1.0
3712,one_turn,normal_current,False,time_limit,,1517.189187721897,2683.281572999748,0.43457697358769154,381.036969235346,1011.8208768484944,545,1500,0.36333333333333334,False,False,False,0.5
3713,s_turn,normal_current,False,time_limit,,1971.6825747892212,2683.281572999748,0.26519728878658144,401.19967661139907,1027.708451505071,543,1500,0.362,False,False,False,0.3333333333333333
3714,bezier_fillet,normal_current,False,time_limit,,1370.6808624910516,1697.0562748477141,0.19231855607495982,328.4868071925385,851.9375192351629,566,1500,0.37733333333333335,False,False,False,0.2
3715,straight_east,normal_current,False,time_limit,,1044.506230061614,2400.0,0.5647890708076608,301.08718665261927,859.5467792812464,546,1500,0.364,False,False,False,1.0
3716,straight_diagonal,normal_current,False,time_limit,,240.87185995520252,2683.281572999748,0.9102323578788929,322.7367461682944,603.9064400815748,201,1500,0.134,False,False,False,1.0
3717,one_turn,normal_current,False,time_limit,,1299.1787531720959,2683.281572999748,0.5158246654972956,369.6880013894515,1010.2052839844102,588,1500,0.392,False,False,False,0.5
3718,s_turn,normal_current,False,time_limit,,1235.887523452002,2683.281572999748,0.5394119141695763,680.846853673037,1177.3968121309654,486,1500,0.324,False,False,False,0.6666666666666666
3719,bezier_fillet,normal_current,False,time_limit,,896.4130621803506,1697.0562748477141,0.4717835374900632,264.5361951438124,758.9955021044665,581,1500,0.3873333333333333,False,False,False,0.2
3720,straight_east,current_limited,False,current_limited_safe_stop,,2272.3495500468075,2400.0,0.05318768748049687,295.36377393847994,836.1095730596902,926,1500,0.6173333333333333,True,False,False,1.0
3721,straight_diagonal,current_limited,False,current_limited_safe_stop,,1760.837387805865,2683.281572999748,0.3437746505904878,437.14438638398383,677.1394428400449,780,1500,0.52,True,False,False,1.0
3722,one_turn,current_limited,False,current_limited_safe_stop,,1538.4364802750147,2683.281572999748,0.42665857517325884,1327.190506242857,2653.7342050955813,1189,1500,0.7926666666666666,True,False,False,1.0
3723,s_turn,current_limited,False,current_limited_safe_stop,,1230.4404842183046,2683.281572999748,0.5414419058366856,1486.0307615180345,2788.1882465655744,1297,1500,0.8646666666666667,True,False,False,0.6666666666666666
3724,bezier_fillet,current_limited,False,current_limited_safe_stop,,2297.164588215772,1697.0562748477141,0.0,188.85124192954063,513.856853132471,1396,1500,0.9306666666666666,True,False,False,0.2
3725,straight_east,zero_current,False,time_limit,,899.226436525178,2400.0,0.6253223181145091,303.0484741395743,758.1714215450929,546,1500,0.364,False,False,False,1.0
3726,straight_diagonal,zero_current,False,time_limit,,779.0801760226552,2683.281572999748,0.7096539610818069,333.221609911576,712.5491798339498,408,1500,0.272,False,False,False,1.0
3727,one_turn,zero_current,False,time_limit,,1991.2283259384753,2683.281572999748,0.257913017413077,368.9293970736674,925.6900774154224,591,1500,0.394,False,False,False,0.5
3728,s_turn,zero_current,False,time_limit,,2031.1597559447907,2683.281572999748,0.2430314520909276,400.6674237900144,1003.5245879605815,599,1500,0.3993333333333333,False,False,False,0.3333333333333333
3729,bezier_fillet,zero_current,False,time_limit,,1138.114309396861,1697.0562748477141,0.329359711716696,400.5844595488587,1010.1957865727305,728,1500,0.48533333333333334,False,False,False,0.2
3730,straight_east,normal_current,False,time_limit,,697.9415074950589,2400.0,0.7091910385437254,295.6479534273135,504.1220704252678,420,1500,0.28,False,False,False,1.0
3731,straight_diagonal,normal_current,False,time_limit,,487.63074582343285,2683.281572999748,0.8182707507366471,383.10779382315076,616.8824374822285,244,1500,0.16266666666666665,False,False,False,1.0
3732,one_turn,normal_current,False,time_limit,,2418.4808764575846,2683.281572999748,0.0986853929929284,290.6533748864318,613.3366315012231,842,1500,0.5613333333333334,False,False,False,0.5
3733,s_turn,normal_current,False,time_limit,,2406.079257410017,2683.281572999748,0.10330720352983133,322.00020187198726,679.8653543097539,615,1500,0.41,False,False,False,0.3333333333333333
3734,bezier_fillet,normal_current,False,time_limit,,1641.2874394033374,1697.0562748477141,0.03286210143466287,359.1606471908234,743.1737439462676,874,1500,0.5826666666666667,False,False,False,0.1
3735,straight_east,normal_current,False,time_limit,,137.3551070888596,2400.0,0.9427687053796417,485.7881146683893,848.921064908955,103,1500,0.06866666666666667,False,False,False,1.0
3736,straight_diagonal,normal_current,False,time_limit,,297.3181533467407,2683.281572999748,0.8891960663619968,740.24378163398,1057.6793266141794,0,1500,0.0,False,False,False,1.0
3737,one_turn,normal_current,False,time_limit,,1261.671230983132,2683.281572999748,0.5298028937109797,276.9417882469648,492.7094458105471,0,1500,0.0,False,False,False,1.0
3738,s_turn,normal_current,False,time_limit,,2148.5160844661805,2683.281572999748,0.19929533073032346,198.03564698375138,448.43177598690863,531,1500,0.354,False,False,False,0.3333333333333333
3739,bezier_fillet,normal_current,False,time_limit,,2704.308131630478,1697.0562748477141,0.0,519.7751468555384,1531.743986019033,1056,1500,0.704,False,False,False,0.1
3740,straight_east,normal_current,False,time_limit,,951.752006576522,2400.0,0.6034366639264491,959.4610904817673,1298.1075540488582,0,1500,0.0,False,False,False,1.0
3741,straight_diagonal,normal_current,False,time_limit,,1685.1069605903479,2683.281572999748,0.37199771446032054,1293.778474666515,1776.9388608835534,0,1500,0.0,False,False,False,1.0
3742,one_turn,normal_current,False,time_limit,,1670.8457992186177,2683.281572999748,0.37731253550453436,379.4898003906421,740.6899734362014,0,1500,0.0,False,False,False,1.0
3743,s_turn,normal_current,False,time_limit,,1847.04089858263,2683.281572999748,0.31164849892449076,270.3541617053858,573.926453509323,457,1500,0.30466666666666664,False,False,False,0.3333333333333333
3744,bezier_fillet,normal_current,False,time_limit,,1835.099677193881,1697.0562748477141,0.0,235.50811393521272,501.59144247671094,777,1500,0.518,False,False,False,0.2
3745,straight_east,current_limited,False,current_limited_safe_stop,,3011.1266557967147,2400.0,0.0,1726.2356389097813,2987.508807610431,993,1500,0.662,True,False,False,1.0
3746,straight_diagonal,current_limited,False,current_limited_safe_stop,,3921.722854815623,2683.281572999748,0.0,2028.515107559801,3639.9886175478023,1199,1500,0.7993333333333333,True,False,False,1.0
3747,one_turn,current_limited,False,current_limited_safe_stop,,3910.298794245385,2683.281572999748,0.0,1510.8010747700937,2685.634361981146,1271,1500,0.8473333333333334,True,False,False,0.5
3748,s_turn,current_limited,False,current_limited_safe_stop,,3894.9233635146493,2683.281572999748,0.0,1440.223550043424,2607.837725702856,1362,1500,0.908,True,False,False,0.3333333333333333
3749,bezier_fillet,current_limited,False,current_limited_safe_stop,,3793.2392905990446,1697.0562748477141,0.0,1452.7183027262029,2639.691306364362,1468,1500,0.9786666666666667,True,False,False,0.1
3750,straight_east,zero_current,False,time_limit,,899.226436525178,2400.0,0.6253223181145091,303.0484741395743,758.1714215450929,546,1500,0.364,False,False,False,1.0
3751,straight_diagonal,zero_current,False,time_limit,,779.0801760226552,2683.281572999748,0.7096539610818069,333.221609911576,712.5491798339498,408,1500,0.272,False,False,False,1.0
3752,one_turn,zero_current,False,time_limit,,1991.2283259384753,2683.281572999748,0.257913017413077,368.9293970736674,925.6900774154224,591,1500,0.394,False,False,False,0.5
3753,s_turn,zero_current,False,time_limit,,2031.1597559447907,2683.281572999748,0.2430314520909276,400.6674237900144,1003.5245879605815,599,1500,0.3993333333333333,False,False,False,0.3333333333333333
3754,bezier_fillet,zero_current,False,time_limit,,1138.114309396861,1697.0562748477141,0.329359711716696,400.5844595488587,1010.1957865727305,728,1500,0.48533333333333334,False,False,False,0.2
3755,straight_east,normal_current,False,time_limit,,940.1165377560916,2400.0,0.6082847759349619,287.4997600032853,902.3833684731219,407,1500,0.2713333333333333,False,False,False,1.0
3756,straight_diagonal,normal_current,False,time_limit,,754.8047904479928,2683.281572999748,0.7187008631359674,286.114879398412,668.6571090612608,318,1500,0.212,False,False,False,1.0
3757,one_turn,normal_current,False,time_limit,,2388.171667327605,2683.281572999748,0.10998096831941032,366.817180523157,894.8354196929477,717,1500,0.478,False,False,False,0.5
3758,s_turn,normal_current,False,time_limit,,2445.8052996986353,2683.281572999748,0.08850218169076766,396.0891184985566,974.5573899311039,717,1500,0.478,False,False,False,0.3333333333333333
3759,bezier_fillet,normal_current,False,time_limit,,1471.4220876245379,1697.0562748477141,0.13295621987751916,410.518212603072,1015.9233433660369,704,1500,0.4693333333333333,False,False,False,0.2
3760,straight_east,normal_current,False,time_limit,,115.07715317277811,2400.0,0.9520511861780091,280.08883899604575,487.01013840554106,129,1500,0.086,False,False,False,1.0
3761,straight_diagonal,normal_current,False,time_limit,,150.1815339566774,2683.281572999748,0.9440306468512794,184.0464615759551,265.3029848397891,114,1500,0.076,False,False,False,1.0
3762,one_turn,normal_current,False,time_limit,,1216.0005428841598,2683.281572999748,0.5468233542390618,152.19109696809124,310.002787823247,301,1500,0.20066666666666666,False,False,False,1.0
3763,s_turn,normal_current,False,time_limit,,2579.8620472408074,2683.281572999748,0.03854218163296354,278.0816096801855,656.2690882202478,608,1500,0.4053333333333333,False,False,False,0.3333333333333333
3764,bezier_fillet,normal_current,False,time_limit,,2129.9042716163844,1697.0562748477141,0.0,270.1757814611557,638.7595921156711,892,1500,0.5946666666666667,False,False,False,0.1
3765,straight_east,normal_current,False,time_limit,,972.447877342102,2400.0,0.5948133844407909,521.7230968465102,708.7535159091854,0,1500,0.0,False,False,False,1.0
3766,straight_diagonal,normal_current,False,time_limit,,1504.3376089518088,2683.281572999748,0.4393664742123766,446.9495137745936,1100.362387823718,0,1500,0.0,False,False,False,1.0
3767,one_turn,normal_current,False,time_limit,,1499.1782986202018,2683.281572999748,0.44128923564879163,185.54120692266724,407.3142154699658,0,1500,0.0,False,False,False,1.0
3768,s_turn,normal_current,False,time_limit,,2003.4078506279163,2683.281572999748,0.2533739765565391,171.65702606221092,417.59231522160735,344,1500,0.22933333333333333,False,False,False,0.6666666666666666
3769,bezier_fillet,normal_current,False,time_limit,,1202.0207249790158,1697.0562748477141,0.29170249520047326,192.83970919487626,441.87836709222944,594,1500,0.396,False,False,False,0.3
3770,straight_east,current_limited,False,current_limited_safe_stop,,4806.506342885581,2400.0,0.0,701.4101046397755,1261.8080560480912,1499,1500,0.9993333333333333,True,False,False,1.0
3771,straight_diagonal,current_limited,False,current_limited_safe_stop,,4719.030623766682,2683.281572999748,0.0,1328.4754427313053,2716.42354408045,1499,1500,0.9993333333333333,True,False,False,1.0
3772,one_turn,current_limited,False,current_limited_safe_stop,,5169.042785084271,2683.281572999748,0.0,591.645365353215,1032.959812783858,1499,1500,0.9993333333333333,True,False,False,0.5
3773,s_turn,current_limited,False,current_limited_safe_stop,,5135.764855559452,2683.281572999748,0.0,532.403618167745,931.7417040758514,1499,1500,0.9993333333333333,True,False,False,0.3333333333333333
3774,bezier_fillet,current_limited,False,current_limited_safe_stop,,4001.8609771786996,1697.0562748477141,0.0,338.05131462505847,635.3719823952524,1499,1500,0.9993333333333333,True,False,False,0.1
3775,straight_east,zero_current,False,time_limit,,899.226436525178,2400.0,0.6253223181145091,303.0484741395743,758.1714215450929,546,1500,0.364,False,False,False,1.0
3776,straight_diagonal,zero_current,False,time_limit,,779.0801760226552,2683.281572999748,0.7096539610818069,333.221609911576,712.5491798339498,408,1500,0.272,False,False,False,1.0
3777,one_turn,zero_current,False,time_limit,,1991.2283259384753,2683.281572999748,0.257913017413077,368.9293970736674,925.6900774154224,591,1500,0.394,False,False,False,0.5
3778,s_turn,zero_current,False,time_limit,,2031.1597559447907,2683.281572999748,0.2430314520909276,400.6674237900144,1003.5245879605815,599,1500,0.3993333333333333,False,False,False,0.3333333333333333
3779,bezier_fillet,zero_current,False,time_limit,,1138.114309396861,1697.0562748477141,0.329359711716696,400.5844595488587,1010.1957865727305,728,1500,0.48533333333333334,False,False,False,0.2
3780,straight_east,normal_current,False,time_limit,,717.1063519083556,2400.0,0.7012056867048518,206.7127809402988,411.5491402528578,472,1500,0.31466666666666665,False,False,False,1.0
3781,straight_diagonal,normal_current,False,time_limit,,1044.9020179830989,2683.281572999748,0.6105880096605139,307.17000582518733,1036.399119642037,492,1500,0.328,False,False,False,1.0
3782,one_turn,normal_current,False,time_limit,,1784.8865240735477,2683.281572999748,0.3348120666747055,271.8287436023314,759.1399116018083,519,1500,0.346,False,False,False,0.5
3783,s_turn,normal_current,False,time_limit,,1714.3196522056082,2683.281572999748,0.3611107870840772,312.38159420710883,787.494518928462,320,1500,0.21333333333333335,False,False,False,0.6666666666666666
3784,bezier_fillet,normal_current,True,goal_reached,138.0,39.455207107054406,1697.0562748477141,0.9767507962512352,22.145960799327394,75.24842926894102,155,690,0.2246376811594203,False,False,False,0.8
3785,straight_east,normal_current,False,time_limit,,157.24533650814422,2400.0,0.9344811097882733,425.03559024102134,794.2047475490937,130,1500,0.08666666666666667,False,False,False,1.0
3786,straight_diagonal,normal_current,False,time_limit,,246.38260384533825,2683.281572999748,0.9081786248880706,256.8382236672772,593.8989337420609,183,1500,0.122,False,False,False,1.0
3787,one_turn,normal_current,False,time_limit,,1651.1405265691872,2683.281572999748,0.38465625703108336,370.4595866141627,765.8213238478774,36,1500,0.024,False,False,False,1.0
3788,s_turn,normal_current,False,time_limit,,1640.3851145814378,2683.281572999748,0.38866456241952063,408.89591629173134,1538.8914664652343,917,1500,0.6113333333333333,False,False,False,0.3333333333333333
3789,bezier_fillet,normal_current,False,time_limit,,462.30893073244744,1697.0562748477141,0.7275818500633204,435.039050716975,1303.9977924503198,982,1500,0.6546666666666666,False,False,False,0.2
3790,straight_east,normal_current,False,time_limit,,890.1815977979523,2400.0,0.6290910009175199,900.5982199320811,1250.5078388002698,0,1500,0.0,False,False,False,1.0
3791,straight_diagonal,normal_current,False,time_limit,,547.0755263326879,2683.281572999748,0.796116989048939,566.3314988141836,916.2017505285052,0,1500,0.0,False,False,False,1.0
3792,one_turn,normal_current,False,time_limit,,1577.5883286932274,2683.281572999748,0.41206754275527696,345.18845417562943,707.6024770074666,289,1500,0.19266666666666668,False,False,False,1.0
3793,s_turn,normal_current,False,time_limit,,2437.5498039850427,2683.281572999748,0.09157882329135954,320.6868548796499,748.8510420738974,398,1500,0.2653333333333333,False,False,False,0.6666666666666666
3794,bezier_fillet,normal_current,False,time_limit,,1451.8411751595056,1697.0562748477141,0.14449438319905625,127.2968572264326,258.7086879065276,730,1500,0.4866666666666667,False,False,False,0.1
3795,straight_east,current_limited,False,current_limited_safe_stop,,2968.2679279503636,2400.0,0.0,1678.5025809678532,2942.7753739850355,986,1500,0.6573333333333333,True,False,False,1.0
3796,straight_diagonal,current_limited,False,current_limited_safe_stop,,2265.609354254004,2683.281572999748,0.1556572455714409,1134.5891331388204,1843.6301166337014,780,1500,0.52,True,False,False,1.0
3797,one_turn,current_limited,False,current_limited_safe_stop,,1622.3744670992442,2683.281572999748,0.39537673443434906,1541.1012159794739,2757.5859463086085,1272,1500,0.848,True,False,False,0.5
3798,s_turn,current_limited,False,current_limited_safe_stop,,1603.9295613698787,2683.281572999748,0.40225074494258845,1400.790108245448,2574.5496535926404,1344,1500,0.896,True,False,False,0.3333333333333333
3799,bezier_fillet,current_limited,False,current_limited_safe_stop,,1268.9849644866572,1697.0562748477141,0.2522434386564288,1253.9470812562868,2393.9659803652426,1448,1500,0.9653333333333334,True,False,False,0.1
3800,straight_east,zero_current,False,time_limit,,899.2264365251821,2400.0,0.6253223181145074,303.04847413957583,758.1714215450925,546,1500,0.364,False,False,False,1.0
3801,straight_diagonal,zero_current,False,time_limit,,816.977742256468,2683.281572999748,0.6955303720350392,269.68357366393025,748.9094035890637,441,1500,0.294,False,False,False,1.0
3802,one_turn,zero_current,False,time_limit,,1959.7933899910404,2683.281572999748,0.269628126354213,368.9293970736647,925.6900774154174,591,1500,0.394,False,False,False,0.5
3803,s_turn,zero_current,False,time_limit,,1957.626460326374,2683.281572999748,0.2704356933596555,400.66742379001596,1003.524587960585,599,1500,0.3993333333333333,False,False,False,0.3333333333333333
3804,bezier_fillet,zero_current,False,time_limit,,1158.454314868498,1697.0562748477141,0.317374248551391,363.20292432339545,937.9543803597306,602,1500,0.4013333333333333,False,False,False,0.4
3805,straight_east,normal_current,False,time_limit,,726.4397264063281,2400.0,0.6973167806640299,308.1051891497949,774.7799208085994,503,1500,0.3353333333333333,False,False,False,1.0
3806,straight_diagonal,normal_current,False,time_limit,,641.808939700061,2683.281572999748,0.7608119303772667,292.00663608203115,596.6211183058538,500,1500,0.3333333333333333,False,False,False,1.0
3807,one_turn,normal_current,False,time_limit,,1613.8610590543174,2683.281572999748,0.3985494942857907,372.5591010882336,956.1464056441291,572,1500,0.38133333333333336,False,False,False,0.5
3808,s_turn,normal_current,False,time_limit,,1576.5607888710674,2683.281572999748,0.4124504842372666,408.29796986061535,1022.4599347037397,698,1500,0.4653333333333333,False,False,False,0.3333333333333333
3809,bezier_fillet,normal_current,False,time_limit,,1167.9005523455821,1697.0562748477141,0.31180799973743706,313.58632094866874,788.2671667171883,716,1500,0.47733333333333333,False,False,False,0.5
3810,straight_east,normal_current,False,time_limit,,407.3987679400341,2400.0,0.8302505133583191,306.85519011609387,815.3535673904466,463,1500,0.30866666666666664,False,False,False,1.0
3811,straight_diagonal,normal_current,True,goal_reached,293.6,39.76058198671361,2683.281572999748,0.9851821059754592,275.5481951521519,484.9448526744244,242,1468,0.164850136239782,False,False,False,1.0
3812,one_turn,normal_current,False,time_limit,,1281.665741130941,2683.281572999748,0.5223513797330946,381.0369692353498,1011.8208768485015,545,1500,0.36333333333333334,False,False,False,0.5
3813,s_turn,normal_current,False,time_limit,,1612.6078507526352,2683.281572999748,0.39901653744454546,401.1996766114016,1027.7084515050774,543,1500,0.362,False,False,False,0.3333333333333333
3814,bezier_fillet,normal_current,False,time_limit,,1234.572263935195,1697.0562748477141,0.2725213169221629,239.08578040678833,589.2802841605554,542,1500,0.36133333333333334,False,False,False,0.4
3815,straight_east,normal_current,False,time_limit,,1044.50623006161,2400.0,0.5647890708076625,301.0871866526207,859.5467792812492,546,1500,0.364,False,False,False,1.0
3816,straight_diagonal,normal_current,False,time_limit,,333.13542259364687,2683.281572999748,0.8758477582279143,279.2678356728432,545.6364672152229,302,1500,0.20133333333333334,False,False,False,1.0
3817,one_turn,normal_current,False,time_limit,,1101.4165321859698,2683.281572999748,0.5895262937483478,369.68800138944886,1010.2052839844064,588,1500,0.392,False,False,False,0.5
3818,s_turn,normal_current,False,time_limit,,250.01799583265787,2683.281572999748,0.9068237942866529,1220.6940023153586,1850.3974952609842,1013,1500,0.6753333333333333,False,False,False,0.6666666666666666
3819,bezier_fillet,normal_current,False,time_limit,,835.899941804695,1697.0562748477141,0.5074412356303831,203.55352343335863,466.1519359757758,545,1500,0.36333333333333334,False,False,False,0.4
3820,straight_east,current_limited,False,current_limited_safe_stop,,2272.349550046808,2400.0,0.05318768748049668,295.36377393847977,836.1095730596917,926,1500,0.6173333333333333,True,False,False,1.0
3821,straight_diagonal,current_limited,False,current_limited_safe_stop,,1766.367589715764,2683.281572999748,0.3417136660238489,384.00346499019776,619.7033802407968,799,1500,0.5326666666666666,True,False,False,1.0
3822,one_turn,current_limited,False,current_limited_safe_stop,,1784.8698111339731,2683.281572999748,0.33481829521953754,1487.0251430331764,2931.0905533078485,1221,1500,0.814,True,False,False,1.0
3823,s_turn,current_limited,False,current_limited_safe_stop,,1526.4006870415815,2683.281572999748,0.43114405047877363,1681.9392933175068,3093.98367068524,1312,1500,0.8746666666666667,True,False,False,0.6666666666666666
3824,bezier_fillet,current_limited,False,current_limited_safe_stop,,2313.825013145671,1697.0562748477141,0.0,193.9974222421097,436.6437040108016,1352,1500,0.9013333333333333,True,False,False,0.3
3825,straight_east,zero_current,False,time_limit,,899.2264365251821,2400.0,0.6253223181145074,303.04847413957583,758.1714215450925,546,1500,0.364,False,False,False,1.0
3826,straight_diagonal,zero_current,False,time_limit,,816.977742256468,2683.281572999748,0.6955303720350392,269.68357366393025,748.9094035890637,441,1500,0.294,False,False,False,1.0
3827,one_turn,zero_current,False,time_limit,,1959.7933899910404,2683.281572999748,0.269628126354213,368.9293970736647,925.6900774154174,591,1500,0.394,False,False,False,0.5
3828,s_turn,zero_current,False,time_limit,,1957.626460326374,2683.281572999748,0.2704356933596555,400.66742379001596,1003.524587960585,599,1500,0.3993333333333333,False,False,False,0.3333333333333333
3829,bezier_fillet,zero_current,False,time_limit,,1158.454314868498,1697.0562748477141,0.317374248551391,363.20292432339545,937.9543803597306,602,1500,0.4013333333333333,False,False,False,0.4
3830,straight_east,normal_current,False,time_limit,,717.1063519083535,2400.0,0.7012056867048526,206.71278094029734,411.5491402528478,472,1500,0.31466666666666665,False,False,False,1.0
3831,straight_diagonal,normal_current,False,time_limit,,550.2115764832231,2683.281572999748,0.7949482521626982,324.1084800961678,552.0644427340335,279,1500,0.186,False,False,False,1.0
3832,one_turn,normal_current,False,time_limit,,2125.340320655235,2683.281572999748,0.20793242794894917,271.828743602331,759.1399116018063,519,1500,0.346,False,False,False,0.5
3833,s_turn,normal_current,False,time_limit,,2830.209747674599,2683.281572999748,0.0,428.1813341765025,1223.309848016469,679,1500,0.45266666666666666,False,False,False,0.6666666666666666
3834,bezier_fillet,normal_current,False,time_limit,,1584.1883076581782,1697.0562748477141,0.06650808748205131,328.9983202141062,789.3456199670082,611,1500,0.4073333333333333,False,False,False,0.3
3835,straight_east,normal_current,False,time_limit,,157.24533650815317,2400.0,0.9344811097882695,425.03559024101696,794.2047475490886,130,1500,0.08666666666666667,False,False,False,1.0
3836,straight_diagonal,normal_current,False,time_limit,,210.24935067275038,2683.281572999748,0.9216446932784231,662.5508862494519,996.3689037198353,0,1500,0.0,False,False,False,1.0
3837,one_turn,normal_current,False,time_limit,,1459.4389060411077,2683.281572999748,0.45609923284735915,308.19955210348263,598.2435019637119,128,1500,0.08533333333333333,False,False,False,1.0
3838,s_turn,normal_current,False,time_limit,,3174.5145082631775,2683.281572999748,0.0,408.8959162917284,1538.891466465222,917,1500,0.6113333333333333,False,False,False,0.3333333333333333
3839,bezier_fillet,normal_current,False,time_limit,,2501.361654030642,1697.0562748477141,0.0,483.278306025811,1355.154068815875,1017,1500,0.678,False,False,False,0.1
3840,straight_east,normal_current,False,time_limit,,890.1815977979683,2400.0,0.6290910009175132,900.5982199320872,1250.507838800277,0,1500,0.0,False,False,False,1.0
3841,straight_diagonal,normal_current,False,time_limit,,1588.0966239470697,2683.281572999748,0.408151332336072,1224.7744658351446,1705.412458087302,0,1500,0.0,False,False,False,1.0
3842,one_turn,normal_current,False,time_limit,,1440.6296848454074,2683.281572999748,0.46310901571359514,324.9970981415117,707.6024770074632,13,1500,0.008666666666666666,False,False,False,1.0
3843,s_turn,normal_current,False,time_limit,,2221.332369038283,2683.281572999748,0.17215830370162502,297.50325630346566,569.0898683024952,505,1500,0.33666666666666667,False,False,False,0.6666666666666666
3844,bezier_fillet,normal_current,False,time_limit,,1464.182983498513,1697.0562748477141,0.13722190289187552,137.1076639020369,301.18692292263773,740,1500,0.49333333333333335,False,False,False,0.1
3845,straight_east,current_limited,False,current_limited_safe_stop,,2968.2679279503745,2400.0,0.0,1678.5025809678557,2942.775373985047,986,1500,0.6573333333333333,True,False,False,1.0
3846,straight_diagonal,current_limited,False,current_limited_safe_stop,,3845.712963502896,2683.281572999748,0.0,1971.0187839026967,3579.7173094810705,1207,1500,0.8046666666666666,True,False,False,1.0
3847,one_turn,current_limited,False,current_limited_safe_stop,,3869.040646296633,2683.281572999748,0.0,1464.891315557885,2643.603515983261,1272,1500,0.848,True,False,False,0.5
3848,s_turn,current_limited,False,current_limited_safe_stop,,3863.991249353552,2683.281572999748,0.0,1400.7901082454493,2574.549653592637,1344,1500,0.896,True,False,False,0.3333333333333333
3849,bezier_fillet,current_limited,False,current_limited_safe_stop,,3642.3230388832303,1697.0562748477141,0.0,1309.9124224034088,2483.290293139137,1453,1500,0.9686666666666667,True,False,False,0.1
3850,straight_east,zero_current,False,time_limit,,899.2264365251821,2400.0,0.6253223181145074,303.04847413957583,758.1714215450925,546,1500,0.364,False,False,False,1.0
3851,straight_diagonal,zero_current,False,time_limit,,816.977742256468,2683.281572999748,0.6955303720350392,269.68357366393025,748.9094035890637,441,1500,0.294,False,False,False,1.0
3852,one_turn,zero_current,False,time_limit,,1959.7933899910404,2683.281572999748,0.269628126354213,368.9293970736647,925.6900774154174,591,1500,0.394,False,False,False,0.5
3853,s_turn,zero_current,False,time_limit,,1957.626460326374,2683.281572999748,0.2704356933596555,400.66742379001596,1003.524587960585,599,1500,0.3993333333333333,False,False,False,0.3333333333333333
3854,bezier_fillet,zero_current,False,time_limit,,1158.454314868498,1697.0562748477141,0.317374248551391,363.20292432339545,937.9543803597306,602,1500,0.4013333333333333,False,False,False,0.4
3855,straight_east,normal_current,False,time_limit,,940.1165377560911,2400.0,0.6082847759349621,287.49976000328655,902.3833684731189,407,1500,0.2713333333333333,False,False,False,1.0
3856,straight_diagonal,normal_current,False,time_limit,,819.4493635513423,2683.281572999748,0.6946092531633767,174.21417305459008,665.9555863630956,352,1500,0.23466666666666666,False,False,False,1.0
3857,one_turn,normal_current,False,time_limit,,2359.65652407021,2683.281572999748,0.12060793477135709,366.81718052315796,894.835419692949,717,1500,0.478,False,False,False,0.5
3858,s_turn,normal_current,False,time_limit,,2359.68239664155,2683.281572999748,0.12059829263331219,396.0891184985538,974.5573899310994,717,1500,0.478,False,False,False,0.3333333333333333
3859,bezier_fillet,normal_current,False,time_limit,,1405.5445892249854,1697.0562748477141,0.17177490808246038,456.40183225501517,1079.1610550613646,711,1500,0.474,False,False,False,0.4
3860,straight_east,normal_current,False,time_limit,,115.07715317278044,2400.0,0.9520511861780081,280.08883899604814,487.01013840554674,129,1500,0.086,False,False,False,1.0
3861,straight_diagonal,normal_current,False,time_limit,,142.6947860731367,2683.281572999748,0.946820793050946,462.89854009116743,760.0659925474102,0,1500,0.0,False,False,False,1.0
3862,one_turn,normal_current,False,time_limit,,1199.5370870542872,2683.281572999748,0.5529589219690885,256.1567508018458,587.4440826114405,258,1500,0.172,False,False,False,1.0
3863,s_turn,normal_current,False,time_limit,,2210.358584868817,2683.281572999748,0.1762479915971812,278.08160968018615,656.2690882202437,608,1500,0.4053333333333333,False,False,False,0.3333333333333333
3864,bezier_fillet,normal_current,False,time_limit,,2157.428287054183,1697.0562748477141,0.0,303.42440878951885,767.7339254210436,877,1500,0.5846666666666667,False,False,False,0.1
3865,straight_east,normal_current,False,time_limit,,972.4478773420999,2400.0,0.5948133844407917,521.723096846508,708.7535159091854,0,1500,0.0,False,False,False,1.0
3866,straight_diagonal,normal_current,False,time_limit,,1639.7867383939815,2683.281572999748,0.3888875640580655,979.95153267017,1414.8368280487493,0,1500,0.0,False,False,False,1.0
3867,one_turn,normal_current,False,time_limit,,1380.477715284407,2683.281572999748,0.48552633120007765,195.25732288136166,407.31421546997444,112,1500,0.07466666666666667,False,False,False,1.0
3868,s_turn,normal_current,False,time_limit,,1983.4646116267108,2683.281572999748,0.26080638290624253,162.42511417621657,375.9520332864099,311,1500,0.20733333333333334,False,False,False,0.6666666666666666
3869,bezier_fillet,normal_current,False,time_limit,,1306.4014038689832,1697.0562748477141,0.23019559031051373,205.61794920754087,521.3219357911466,601,1500,0.40066666666666667,False,False,False,0.3
3870,straight_east,current_limited,False,current_limited_safe_stop,,4806.506342885583,2400.0,0.0,701.4101046397772,1261.8080560480985,1499,1500,0.9993333333333333,True,False,False,1.0
3871,straight_diagonal,current_limited,False,current_limited_safe_stop,,4726.150432601913,2683.281572999748,0.0,1527.7926957649338,2847.069081922637,1499,1500,0.9993333333333333,True,False,False,1.0
3872,one_turn,current_limited,False,current_limited_safe_stop,,4664.8468584369675,2683.281572999748,0.0,591.6453653532184,1032.9598127838594,1499,1500,0.9993333333333333,True,False,False,0.5
3873,s_turn,current_limited,False,current_limited_safe_stop,,4680.141073945904,2683.281572999748,0.0,532.4036181677478,931.741704075857,1499,1500,0.9993333333333333,True,False,False,0.3333333333333333
3874,bezier_fillet,current_limited,False,current_limited_safe_stop,,3513.790624415668,1697.0562748477141,0.0,481.64962655936836,899.4110768465985,1499,1500,0.9993333333333333,True,False,False,0.1
3875,straight_east,zero_current,False,time_limit,,899.2264365251821,2400.0,0.6253223181145074,303.04847413957583,758.1714215450925,546,1500,0.364,False,False,False,1.0
3876,straight_diagonal,zero_current,False,time_limit,,816.977742256468,2683.281572999748,0.6955303720350392,269.68357366393025,748.9094035890637,441,1500,0.294,False,False,False,1.0
3877,one_turn,zero_current,False,time_limit,,1959.7933899910404,2683.281572999748,0.269628126354213,368.9293970736647,925.6900774154174,591,1500,0.394,False,False,False,0.5
3878,s_turn,zero_current,False,time_limit,,1957.626460326374,2683.281572999748,0.2704356933596555,400.66742379001596,1003.524587960585,599,1500,0.3993333333333333,False,False,False,0.3333333333333333
3879,bezier_fillet,zero_current,False,time_limit,,1158.454314868498,1697.0562748477141,0.317374248551391,363.20292432339545,937.9543803597306,602,1500,0.4013333333333333,False,False,False,0.4
3880,straight_east,normal_current,False,time_limit,,697.941507495062,2400.0,0.7091910385437241,295.6479534273122,504.12207042527325,420,1500,0.28,False,False,False,1.0
3881,straight_diagonal,normal_current,False,time_limit,,588.4638138624525,2683.281572999748,0.7806924849841288,227.84099676211278,465.16865169986386,437,1500,0.29133333333333333,False,False,False,1.0
3882,one_turn,normal_current,False,time_limit,,1704.4160051422843,2683.281572999748,0.3648016584272036,290.6533748864306,613.3366315012377,842,1500,0.5613333333333334,False,False,False,0.5
3883,s_turn,normal_current,False,time_limit,,1708.766012872168,2683.281572999748,0.36318050626275866,322.0002018719875,679.865354309748,615,1500,0.41,False,False,False,0.3333333333333333
3884,bezier_fillet,normal_current,False,time_limit,,896.3905026078828,1697.0562748477141,0.47179683084562374,364.28996247101134,779.3376692069606,867,1500,0.578,False,False,False,0.1
3885,straight_east,normal_current,False,time_limit,,137.35510708886437,2400.0,0.9427687053796399,485.78811466838425,848.9210649089484,103,1500,0.06866666666666667,False,False,False,1.0
3886,straight_diagonal,normal_current,False,time_limit,,184.7858408550679,2683.281572999748,0.9311343830947684,372.23240974114896,720.7225076454149,139,1500,0.09266666666666666,False,False,False,1.0
3887,one_turn,normal_current,False,time_limit,,1771.005603700581,2683.281572999748,0.33998518026540797,441.94778329649705,880.8691417153893,118,1500,0.07866666666666666,False,False,False,1.0
3888,s_turn,normal_current,False,time_limit,,2508.467232718185,2683.281572999748,0.06514945805189229,198.03564698374947,448.4317759868936,531,1500,0.354,False,False,False,0.3333333333333333
3889,bezier_fillet,normal_current,False,time_limit,,521.8400077711724,1697.0562748477141,0.6925028265088028,511.5478434481691,1479.2002122848728,1057,1500,0.7046666666666667,False,False,False,0.1
3890,straight_east,normal_current,False,time_limit,,951.7520065765243,2400.0,0.6034366639264482,959.4610904817696,1298.1075540488619,0,1500,0.0,False,False,False,1.0
3891,straight_diagonal,normal_current,False,time_limit,,634.324459014832,2683.281572999748,0.7636012316420094,659.2545004020675,993.2824067245062,0,1500,0.0,False,False,False,1.0
3892,one_turn,normal_current,False,time_limit,,2030.89242705737,2683.281572999748,0.2431310796850313,390.12788137490156,740.6899734362014,239,1500,0.15933333333333333,False,False,False,1.0
3893,s_turn,normal_current,False,time_limit,,2094.9123547390454,2683.281572999748,0.21927226131655683,270.35416170539395,573.9264535093193,457,1500,0.30466666666666664,False,False,False,0.3333333333333333
3894,bezier_fillet,normal_current,False,time_limit,,1931.9966651591585,1697.0562748477141,0.0,206.25351993065254,427.87352565373277,780,1500,0.52,False,False,False,0.2
3895,straight_east,current_limited,False,current_limited_safe_stop,,3011.126655796725,2400.0,0.0,1726.2356389097906,2987.5088076104416,993,1500,0.662,True,False,False,1.0
3896,straight_diagonal,current_limited,False,current_limited_safe_stop,,2327.6043897184427,2683.281572999748,0.1325530599771083,1213.9320045651261,1910.3414713033676,788,1500,0.5253333333333333,True,False,False,1.0
3897,one_turn,current_limited,False,current_limited_safe_stop,,1643.288927122832,2683.281572999748,0.3875823753801083,1575.1310568681413,2780.727950121461,1271,1500,0.8473333333333334,True,False,False,0.5
3898,s_turn,current_limited,False,current_limited_safe_stop,,1628.7439713713566,2683.281572999748,0.3930029603451126,1440.223550043418,2607.837725702847,1362,1500,0.908,True,False,False,0.3333333333333333
3899,bezier_fillet,current_limited,False,current_limited_safe_stop,,1400.343306298467,1697.0562748477141,0.17483979343930284,1378.6420005856446,2531.49459129307,1462,1500,0.9746666666666667,True,False,False,0.1
3900,straight_east,zero_current,True,goal_reached,175.0,38.86571790510334,2400.0,0.9838059508728736,0.0,0.0,0,875,0.0,False,False,False,1.0
3901,straight_diagonal,zero_current,False,time_limit,,801.1353084573698,2683.281572999748,0.7014344985190099,307.0866561865178,726.6067775201931,427,1500,0.2846666666666667,False,False,False,1.0
3902,one_turn,zero_current,False,time_limit,,1801.1274725073263,2683.281572999748,0.32875942255520585,282.1122379113034,694.7175591785626,329,1500,0.21933333333333332,False,False,False,1.0
3903,s_turn,zero_current,False,time_limit,,1953.0469348346783,2683.281572999748,0.2721423817436763,285.79461111061744,695.3402939267812,571,1500,0.38066666666666665,False,False,False,0.6666666666666666
3904,bezier_fillet,zero_current,False,time_limit,,1119.8324924497324,1697.0562748477141,0.34013237566313415,408.29760013253593,1030.582074588017,596,1500,0.3973333333333333,False,False,False,0.5
3905,straight_east,normal_current,True,goal_reached,161.0,39.397951889924116,2400.0,0.9835841867125317,0.0,0.0,0,805,0.0,False,False,False,1.0
3906,straight_diagonal,normal_current,False,time_limit,,631.5289012390328,2683.281572999748,0.7646430745122953,318.6527919523976,575.1714871280197,486,1500,0.324,False,False,False,1.0
3907,one_turn,normal_current,False,time_limit,,1515.3028906725992,2683.281572999748,0.43527995499235606,313.0957574102855,819.3309939373185,289,1500,0.19266666666666668,False,False,False,1.0
3908,s_turn,normal_current,False,time_limit,,1818.0600802018864,2683.281572999748,0.32244901224831046,301.542651552764,818.5615839270149,612,1500,0.408,False,False,False,0.6666666666666666
3909,bezier_fillet,normal_current,False,time_limit,,1064.8106285417462,1697.0562748477141,0.3725543198988512,379.74410586033275,958.9149547051893,717,1500,0.478,False,False,False,0.4
3910,straight_east,normal_current,True,goal_reached,141.20000000000002,39.41475254492161,2400.0,0.983577186439616,0.0,0.0,0,706,0.0,False,False,False,1.0
3911,straight_diagonal,normal_current,True,goal_reached,292.40000000000003,38.224565999895205,2683.281572999748,0.9857545453356344,296.74968575976993,513.8118265309145,219,1462,0.14979480164158687,False,False,False,1.0
3912,one_turn,normal_current,False,time_limit,,1117.0821431257448,2683.281572999748,0.5836880652532809,494.5386447834743,1080.3513920383211,244,1500,0.16266666666666665,False,False,False,1.0
3913,s_turn,normal_current,False,time_limit,,1833.2282104267256,2683.281572999748,0.31679618386925884,473.71705186318286,1081.1721369449983,584,1500,0.3893333333333333,False,False,False,1.0
3914,bezier_fillet,normal_current,False,time_limit,,1227.7598765115595,1697.0562748477141,0.27653555470826513,287.09833246099737,757.5007727945292,553,1500,0.36866666666666664,False,False,False,0.3
3915,straight_east,normal_current,True,goal_reached,127.4,39.209373466751,2400.0,0.9836627610555204,0.0,0.0,0,637,0.0,False,False,False,1.0
3916,straight_diagonal,normal_current,False,time_limit,,279.0865962229473,2683.281572999748,0.895990566539409,299.4815928344357,571.8649829921758,225,1500,0.15,False,False,False,1.0
3917,one_turn,normal_current,False,time_limit,,522.6681702134924,2683.281572999748,0.8052130736212001,827.9218698131125,1379.0004870432895,457,1500,0.30466666666666664,False,False,False,1.0
3918,s_turn,normal_current,False,time_limit,,984.7597301459986,2683.281572999748,0.6330017169815331,822.8729418410768,1372.3037567552242,566,1500,0.37733333333333335,False,False,False,0.6666666666666666
3919,bezier_fillet,normal_current,False,time_limit,,865.7572745149936,1697.0562748477141,0.48984763360738726,235.9573658168168,622.8298316268371,586,1500,0.39066666666666666,False,False,False,0.3
3920,straight_east,current_limited,True,goal_reached,112.80000000000001,36.790319012196505,2400.0,0.9846707004115848,0.0,0.0,0,564,0.0,True,False,False,1.0
3921,straight_diagonal,current_limited,False,current_limited_safe_stop,,1764.9242709939335,2683.281572999748,0.3422515591530508,407.55158203396843,644.8609509397966,792,1500,0.528,True,False,False,1.0
3922,one_turn,current_limited,False,current_limited_safe_stop,,1649.7776523296166,2683.281572999748,0.3851641702718272,1395.3694342554425,2777.689168221067,1212,1500,0.808,True,False,False,1.0
3923,s_turn,current_limited,False,current_limited_safe_stop,,1367.10380136747,2683.281572999748,0.49051049464066127,1575.019813193897,2927.7310130149926,1308,1500,0.872,True,False,False,0.6666666666666666
3924,bezier_fillet,current_limited,False,current_limited_safe_stop,,2222.903195940584,1697.0562748477141,0.0,199.85885159860047,439.006190974241,1351,1500,0.9006666666666666,True,False,False,0.3
3925,straight_east,zero_current,True,goal_reached,175.0,38.86571790510334,2400.0,0.9838059508728736,0.0,0.0,0,875,0.0,False,False,False,1.0
3926,straight_diagonal,zero_current,False,time_limit,,801.1353084573698,2683.281572999748,0.7014344985190099,307.0866561865178,726.6067775201931,427,1500,0.2846666666666667,False,False,False,1.0
3927,one_turn,zero_current,False,time_limit,,1801.1274725073263,2683.281572999748,0.32875942255520585,282.1122379113034,694.7175591785626,329,1500,0.21933333333333332,False,False,False,1.0
3928,s_turn,zero_current,False,time_limit,,1953.0469348346783,2683.281572999748,0.2721423817436763,285.79461111061744,695.3402939267812,571,1500,0.38066666666666665,False,False,False,0.6666666666666666
3929,bezier_fillet,zero_current,False,time_limit,,1119.8324924497324,1697.0562748477141,0.34013237566313415,408.29760013253593,1030.582074588017,596,1500,0.3973333333333333,False,False,False,0.5
3930,straight_east,normal_current,False,time_limit,,704.6489408403353,2400.0,0.7063962746498602,264.8892181907182,465.4044420336895,438,1500,0.292,False,False,False,1.0
3931,straight_diagonal,normal_current,False,time_limit,,528.3051494285953,2683.281572999748,0.8031122955024129,352.7465730675921,582.6924440896535,266,1500,0.17733333333333334,False,False,False,1.0
3932,one_turn,normal_current,False,time_limit,,2328.3849958903984,2683.281572999748,0.13226214523308352,271.93438122929354,637.7893088435069,717,1500,0.478,False,False,False,0.5
3933,s_turn,normal_current,False,time_limit,,2343.2008488166193,2683.281572999748,0.12674060285180533,310.4468269738346,740.5265024266225,675,1500,0.45,False,False,False,0.3333333333333333
3934,bezier_fillet,normal_current,False,time_limit,,1569.445374140599,1697.0562748477141,0.07519544436943695,358.1335662291289,795.6686465077776,696,1500,0.464,False,False,False,0.2
3935,straight_east,normal_current,False,time_limit,,148.00852826375177,2400.0,0.9383297798901034,457.26045166659526,823.3457749520217,119,1500,0.07933333333333334,False,False,False,1.0
3936,straight_diagonal,normal_current,False,time_limit,,239.0688611677102,2683.281572999748,0.9109042958542567,697.1177430145499,1023.1960440956091,0,1500,0.0,False,False,False,1.0
3937,one_turn,normal_current,False,time_limit,,1259.862584823137,2683.281572999748,0.5304769363378118,265.9828863388092,474.2872697030248,0,1500,0.0,False,False,False,1.0
3938,s_turn,normal_current,False,time_limit,,3218.0561214311742,2683.281572999748,0.0,455.28853662487654,1585.5836175355216,928,1500,0.6186666666666667,False,False,False,0.3333333333333333
3939,bezier_fillet,normal_current,False,time_limit,,2580.2111403850326,1697.0562748477141,0.0,501.6749080031198,1430.762959458975,1030,1500,0.6866666666666666,False,False,False,0.1
3940,straight_east,normal_current,False,time_limit,,917.9204872726262,2400.0,0.6175331303030723,929.875952964621,1273.456081974542,0,1500,0.0,False,False,False,1.0
3941,straight_diagonal,normal_current,False,time_limit,,1626.4779323741213,2683.281572999748,0.3938474632180265,1255.2650650412984,1734.7267317814587,0,1500,0.0,False,False,False,1.0
3942,one_turn,normal_current,False,time_limit,,1615.481377356966,2683.281572999748,0.39794563730747246,351.7356883614954,720.6219590276255,0,1500,0.0,False,False,False,1.0
3943,s_turn,normal_current,False,time_limit,,2196.8679097843124,2683.281572999748,0.18127566935573375,245.04296533434783,566.5854737868167,530,1500,0.35333333333333333,False,False,False,0.3333333333333333
3944,bezier_fillet,normal_current,False,time_limit,,1793.2705242345721,1697.0562748477141,0.0,169.49637637939264,378.2879868762979,688,1500,0.45866666666666667,False,False,False,0.2
3945,straight_east,current_limited,False,current_limited_safe_stop,,2989.0116710246393,2400.0,0.0,1701.934218740553,2964.157669813815,991,1500,0.6606666666666666,True,False,False,1.0
3946,straight_diagonal,current_limited,False,current_limited_safe_stop,,3875.90332160291,2683.281572999748,0.0,1995.7826267284609,3604.4873178297726,1201,1500,0.8006666666666666,True,False,False,1.0
3947,one_turn,current_limited,False,current_limited_safe_stop,,3888.5913196088645,2683.281572999748,0.0,1487.0192427173442,2663.594657881492,1273,1500,0.8486666666666667,True,False,False,0.5
3948,s_turn,current_limited,False,current_limited_safe_stop,,3875.633336086642,2683.281572999748,0.0,1417.264191985398,2587.125478597084,1352,1500,0.9013333333333333,True,False,False,0.3333333333333333
3949,bezier_fillet,current_limited,False,current_limited_safe_stop,,3699.4891723657006,1697.0562748477141,0.0,1364.8598590361971,2542.5700151629576,1460,1500,0.9733333333333334,True,False,False,0.1
3950,straight_east,zero_current,True,goal_reached,175.0,38.86571790510334,2400.0,0.9838059508728736,0.0,0.0,0,875,0.0,False,False,False,1.0
3951,straight_diagonal,zero_current,False,time_limit,,801.1353084573698,2683.281572999748,0.7014344985190099,307.0866561865178,726.6067775201931,427,1500,0.2846666666666667,False,False,False,1.0
3952,one_turn,zero_current,False,time_limit,,1801.1274725073263,2683.281572999748,0.32875942255520585,282.1122379113034,694.7175591785626,329,1500,0.21933333333333332,False,False,False,1.0
3953,s_turn,zero_current,False,time_limit,,1953.0469348346783,2683.281572999748,0.2721423817436763,285.79461111061744,695.3402939267812,571,1500,0.38066666666666665,False,False,False,0.6666666666666666
3954,bezier_fillet,zero_current,False,time_limit,,1119.8324924497324,1697.0562748477141,0.34013237566313415,408.29760013253593,1030.582074588017,596,1500,0.3973333333333333,False,False,False,0.5
3955,straight_east,normal_current,True,goal_reached,194.0,39.6376167327594,2400.0,0.9834843263613503,0.0,0.0,0,970,0.0,False,False,False,1.0
3956,straight_diagonal,normal_current,False,time_limit,,791.7132555234984,2683.281572999748,0.7049458903269661,255.82522234349565,684.3352764789649,335,1500,0.22333333333333333,False,False,False,1.0
3957,one_turn,normal_current,False,time_limit,,2001.4706716543822,2683.281572999748,0.25409592053477337,250.75145775841762,792.5572400955674,335,1500,0.22333333333333333,False,False,False,1.0
3958,s_turn,normal_current,False,time_limit,,2345.5740602578458,2683.281572999748,0.12585615916721155,338.30548745599236,702.1358350016842,584,1500,0.3893333333333333,False,False,False,0.6666666666666666
3959,bezier_fillet,normal_current,False,time_limit,,731.7122060549788,1697.0562748477141,0.5688344476846301,198.8187347698479,779.868132885786,563,1500,0.37533333333333335,False,False,False,1.0
3960,straight_east,normal_current,False,time_limit,,100.42026262671016,2400.0,0.9581582239055374,0.0,0.0,67,1500,0.04466666666666667,False,False,False,1.0
3961,straight_diagonal,normal_current,False,time_limit,,164.79757890125612,2683.281572999748,0.9385835685082343,113.96040667829357,195.0783441737899,138,1500,0.092,False,False,False,1.0
3962,one_turn,normal_current,False,time_limit,,1326.9748985842402,2683.281572999748,0.5054656537216249,107.26699765485323,342.820759704035,325,1500,0.21666666666666667,False,False,False,1.0
3963,s_turn,normal_current,False,time_limit,,2803.527795715053,2683.281572999748,0.0,378.85842868435384,1126.9723731037088,630,1500,0.42,False,False,False,0.6666666666666666
3964,bezier_fillet,normal_current,False,time_limit,,2024.210597006578,1697.0562748477141,0.0,230.54937553573748,656.9747971371299,1023,1500,0.682,False,False,False,0.5
3965,straight_east,normal_current,False,time_limit,,638.091522896957,2400.0,0.7341285321262679,0.0,0.0,0,1500,0.0,False,False,False,1.0
3966,straight_diagonal,normal_current,False,time_limit,,1608.1023592053887,2683.281572999748,0.4006956350064944,851.077765050841,1348.1814235252878,0,1500,0.0,False,False,False,1.0
3967,one_turn,normal_current,False,time_limit,,1549.171984869053,2683.281572999748,0.4226576888324204,33.81493732367289,335.8402524595783,15,1500,0.01,False,False,False,1.0
3968,s_turn,normal_current,False,time_limit,,1866.823111540872,2683.281572999748,0.304276103437823,112.85289432201044,399.87340019734745,357,1500,0.238,False,False,False,0.6666666666666666
3969,bezier_fillet,normal_current,False,time_limit,,1211.5510964351029,1697.0562748477141,0.28608666996395166,310.8413262741774,1140.0096734438891,805,1500,0.5366666666666666,False,False,False,0.2
3970,straight_east,current_limited,False,current_limited_safe_stop,,4730.45974397833,2400.0,0.0,0.0,0.0,1499,1500,0.9993333333333333,True,False,False,1.0
3971,straight_diagonal,current_limited,False,current_limited_safe_stop,,4727.751860020814,2683.281572999748,0.0,1459.4742699168276,2805.338002990058,1499,1500,0.9993333333333333,True,False,False,1.0
3972,one_turn,current_limited,False,current_limited_safe_stop,,4880.291936902907,2683.281572999748,0.0,0.0,0.0,1499,1500,0.9993333333333333,True,False,False,0.5
3973,s_turn,current_limited,False,current_limited_safe_stop,,4880.291936902907,2683.281572999748,0.0,0.0,0.0,1499,1500,0.9993333333333333,True,False,False,0.3333333333333333
3974,bezier_fillet,current_limited,False,current_limited_safe_stop,,3510.581384358818,1697.0562748477141,0.0,453.7650433631973,896.9510388304536,1499,1500,0.9993333333333333,True,False,False,0.1
3975,straight_east,zero_current,True,goal_reached,175.0,38.86571790510334,2400.0,0.9838059508728736,0.0,0.0,0,875,0.0,False,False,False,1.0
3976,straight_diagonal,zero_current,False,time_limit,,801.1353084573698,2683.281572999748,0.7014344985190099,307.0866561865178,726.6067775201931,427,1500,0.2846666666666667,False,False,False,1.0
3977,one_turn,zero_current,False,time_limit,,1801.1274725073263,2683.281572999748,0.32875942255520585,282.1122379113034,694.7175591785626,329,1500,0.21933333333333332,False,False,False,1.0
3978,s_turn,zero_current,False,time_limit,,1953.0469348346783,2683.281572999748,0.2721423817436763,285.79461111061744,695.3402939267812,571,1500,0.38066666666666665,False,False,False,0.6666666666666666
3979,bezier_fillet,zero_current,False,time_limit,,1119.8324924497324,1697.0562748477141,0.34013237566313415,408.29760013253593,1030.582074588017,596,1500,0.3973333333333333,False,False,False,0.5
3980,straight_east,normal_current,False,time_limit,,704.6489408403376,2400.0,0.7063962746498593,264.889218190719,465.40444203368907,438,1500,0.292,False,False,False,1.0
3981,straight_diagonal,normal_current,False,time_limit,,1066.5834517525816,2683.281572999748,0.6025078163674767,269.048953118443,1060.3454877688298,505,1500,0.33666666666666667,False,False,False,1.0
3982,one_turn,normal_current,False,time_limit,,1714.9187478508986,2683.281572999748,0.36088751731942825,271.93438122929433,637.7893088435198,717,1500,0.478,False,False,False,0.5
3983,s_turn,normal_current,False,time_limit,,1723.379112832506,2683.281572999748,0.3577345254505394,310.4468269738355,740.5265024266264,675,1500,0.45,False,False,False,0.3333333333333333
3984,bezier_fillet,normal_current,False,time_limit,,732.6579259185175,1697.0562748477141,0.5682771769107876,436.274846015497,1075.2629222328273,591,1500,0.394,False,False,False,0.6
3985,straight_east,normal_current,False,time_limit,,148.00852826375547,2400.0,0.9383297798901018,457.26045166659617,823.345774952023,119,1500,0.07933333333333334,False,False,False,1.0
3986,straight_diagonal,normal_current,False,time_limit,,205.7554996295415,2683.281572999748,0.923319452680652,330.4492780657757,679.1697490421172,154,1500,0.10266666666666667,False,False,False,1.0
3987,one_turn,normal_current,False,time_limit,,1742.5603110250668,2683.281572999748,0.35058611494246245,429.34561558216615,873.9363298199933,115,1500,0.07666666666666666,False,False,False,1.0
3988,s_turn,normal_current,False,time_limit,,1656.8294530549026,2683.281572999748,0.3825361193075736,455.28853662487444,1585.5836175355157,928,1500,0.6186666666666667,False,False,False,0.3333333333333333
3989,bezier_fillet,normal_current,False,time_limit,,470.822701523762,1697.0562748477141,0.722565062513315,495.2806350447874,1392.9883720886803,1034,1500,0.6893333333333334,False,False,False,0.1
3990,straight_east,normal_current,False,time_limit,,917.920487272619,2400.0,0.6175331303030753,929.8759529646185,1273.4560819745402,0,1500,0.0,False,False,False,1.0
3991,straight_diagonal,normal_current,False,time_limit,,605.432084426037,2683.281572999748,0.774368783910665,627.6806102637283,967.7926772835701,0,1500,0.0,False,False,False,1.0
3992,one_turn,normal_current,False,time_limit,,2053.6267262566707,2683.281572999748,0.23465850661328871,362.45349274041985,720.6219590276294,287,1500,0.19133333333333333,False,False,False,1.0
3993,s_turn,normal_current,False,time_limit,,2403.938615593771,2683.281572999748,0.10410497363259877,245.0429653343598,566.5854737868185,530,1500,0.35333333333333333,False,False,False,0.3333333333333333
3994,bezier_fillet,normal_current,False,time_limit,,1636.9017475214298,1697.0562748477141,0.035446395159572604,159.58278826179273,329.63038012451955,682,1500,0.45466666666666666,False,False,False,0.2
3995,straight_east,current_limited,False,current_limited_safe_stop,,2989.0116710246334,2400.0,0.0,1701.9342187405532,2964.1576698138097,991,1500,0.6606666666666666,True,False,False,1.0
3996,straight_diagonal,current_limited,False,current_limited_safe_stop,,2306.65976999211,2683.281572999748,0.1403586588889355,1185.93946297989,1887.4493664375357,786,1500,0.524,True,False,False,1.0
3997,one_turn,current_limited,False,current_limited_safe_stop,,1633.6653885089306,2683.281572999748,0.39116885646757127,1558.7472400009162,2770.1488731482204,1273,1500,0.8486666666666667,True,False,False,0.5
3998,s_turn,current_limited,False,current_limited_safe_stop,,1613.1743422581585,2683.281572999748,0.3988054185253744,1417.2641919853945,2587.1254785970773,1352,1500,0.9013333333333333,True,False,False,0.3333333333333333
3999,bezier_fillet,current_limited,False,current_limited_safe_stop,,1322.0463603392132,1697.0562748477141,0.22097671130095706,1305.3859073106762,2449.893375458741,1455,1500,0.97,True,False,False,0.1
4000,straight_east,zero_current,False,time_limit,,899.226436525178,2400.0,0.6253223181145091,303.0484741395743,758.1714215450929,546,1500,0.364,False,False,False,1.0
4001,straight_diagonal,zero_current,False,time_limit,,779.0801760226552,2683.281572999748,0.7096539610818069,333.221609911576,712.5491798339498,408,1500,0.272,False,False,False,1.0
4002,one_turn,zero_current,False,time_limit,,1991.2283259384753,2683.281572999748,0.257913017413077,368.9293970736674,925.6900774154224,591,1500,0.394,False,False,False,0.5
4003,s_turn,zero_current,False,time_limit,,2031.1597559447907,2683.281572999748,0.2430314520909276,400.6674237900144,1003.5245879605815,599,1500,0.3993333333333333,False,False,False,0.3333333333333333
4004,bezier_fillet,zero_current,False,time_limit,,1138.114309396861,1697.0562748477141,0.329359711716696,400.5844595488587,1010.1957865727305,728,1500,0.48533333333333334,False,False,False,0.2
4005,straight_east,normal_current,False,time_limit,,726.4397264063346,2400.0,0.6973167806640272,308.10518914979616,774.779920808601,503,1500,0.3353333333333333,False,False,False,1.0
4006,straight_diagonal,normal_current,False,time_limit,,620.3628729668145,2683.281572999748,0.7688044075548561,343.2273639212751,556.673455387747,465,1500,0.31,False,False,False,1.0
4007,one_turn,normal_current,False,time_limit,,1644.1756766152432,2683.281572999748,0.3872519033561008,372.55910108823895,956.146405644137,572,1500,0.38133333333333336,False,False,False,0.5
4008,s_turn,normal_current,False,time_limit,,1942.6764977635423,2683.281572999748,0.2760072154515836,408.29796986062144,1022.4599347037506,698,1500,0.4653333333333333,False,False,False,0.3333333333333333
4009,bezier_fillet,normal_current,False,time_limit,,2087.8743167011075,1697.0562748477141,0.0,450.076895792074,1001.0640315352555,881,1500,0.5873333333333334,False,False,False,0.1
4010,straight_east,normal_current,False,time_limit,,407.3987679400138,2400.0,0.8302505133583276,306.85519011609017,815.3535673904397,463,1500,0.30866666666666664,False,False,False,1.0
4011,straight_diagonal,normal_current,True,goal_reached,291.40000000000003,39.351040250603724,2683.281572999748,0.9853347331690534,321.5023099688071,546.9125431539264,190,1457,0.13040494166094715,False,False,False,1.0
4012,one_turn,normal_current,False,time_limit,,1517.189187721897,2683.281572999748,0.43457697358769154,381.036969235346,1011.8208768484944,545,1500,0.36333333333333334,False,False,False,0.5
4013,s_turn,normal_current,False,time_limit,,1971.6825747892212,2683.281572999748,0.26519728878658144,401.19967661139907,1027.708451505071,543,1500,0.362,False,False,False,0.3333333333333333
4014,bezier_fillet,normal_current,False,time_limit,,1370.6808624910516,1697.0562748477141,0.19231855607495982,328.4868071925385,851.9375192351629,566,1500,0.37733333333333335,False,False,False,0.2
4015,straight_east,normal_current,False,time_limit,,1044.506230061614,2400.0,0.5647890708076608,301.08718665261927,859.5467792812464,546,1500,0.364,False,False,False,1.0
4016,straight_diagonal,normal_current,False,time_limit,,240.87185995520252,2683.281572999748,0.9102323578788929,322.7367461682944,603.9064400815748,201,1500,0.134,False,False,False,1.0
4017,one_turn,normal_current,False,time_limit,,1299.1787531720959,2683.281572999748,0.5158246654972956,369.6880013894515,1010.2052839844102,588,1500,0.392,False,False,False,0.5
4018,s_turn,normal_current,False,time_limit,,1235.887523452002,2683.281572999748,0.5394119141695763,680.846853673037,1177.3968121309654,486,1500,0.324,False,False,False,0.6666666666666666
4019,bezier_fillet,normal_current,False,time_limit,,896.4130621803506,1697.0562748477141,0.4717835374900632,264.5361951438124,758.9955021044665,581,1500,0.3873333333333333,False,False,False,0.2
4020,straight_east,current_limited,False,current_limited_safe_stop,,2272.3495500468075,2400.0,0.05318768748049687,295.36377393847994,836.1095730596902,926,1500,0.6173333333333333,True,False,False,1.0
4021,straight_diagonal,current_limited,False,current_limited_safe_stop,,1760.837387805865,2683.281572999748,0.3437746505904878,437.14438638398383,677.1394428400449,780,1500,0.52,True,False,False,1.0
4022,one_turn,current_limited,False,current_limited_safe_stop,,1538.4364802750147,2683.281572999748,0.42665857517325884,1327.190506242857,2653.7342050955813,1189,1500,0.7926666666666666,True,False,False,1.0
4023,s_turn,current_limited,False,current_limited_safe_stop,,1230.4404842183046,2683.281572999748,0.5414419058366856,1486.0307615180345,2788.1882465655744,1297,1500,0.8646666666666667,True,False,False,0.6666666666666666
4024,bezier_fillet,current_limited,False,current_limited_safe_stop,,2297.164588215772,1697.0562748477141,0.0,188.85124192954063,513.856853132471,1396,1500,0.9306666666666666,True,False,False,0.2
4025,straight_east,zero_current,False,time_limit,,899.226436525178,2400.0,0.6253223181145091,303.0484741395743,758.1714215450929,546,1500,0.364,False,False,False,1.0
4026,straight_diagonal,zero_current,False,time_limit,,779.0801760226552,2683.281572999748,0.7096539610818069,333.221609911576,712.5491798339498,408,1500,0.272,False,False,False,1.0
4027,one_turn,zero_current,False,time_limit,,1991.2283259384753,2683.281572999748,0.257913017413077,368.9293970736674,925.6900774154224,591,1500,0.394,False,False,False,0.5
4028,s_turn,zero_current,False,time_limit,,2031.1597559447907,2683.281572999748,0.2430314520909276,400.6674237900144,1003.5245879605815,599,1500,0.3993333333333333,False,False,False,0.3333333333333333
4029,bezier_fillet,zero_current,False,time_limit,,1138.114309396861,1697.0562748477141,0.329359711716696,400.5844595488587,1010.1957865727305,728,1500,0.48533333333333334,False,False,False,0.2
4030,straight_east,normal_current,False,time_limit,,697.9415074950589,2400.0,0.7091910385437254,295.6479534273135,504.1220704252678,420,1500,0.28,False,False,False,1.0
4031,straight_diagonal,normal_current,False,time_limit,,487.63074582343285,2683.281572999748,0.8182707507366471,383.10779382315076,616.8824374822285,244,1500,0.16266666666666665,False,False,False,1.0
4032,one_turn,normal_current,False,time_limit,,2418.4808764575846,2683.281572999748,0.0986853929929284,290.6533748864318,613.3366315012231,842,1500,0.5613333333333334,False,False,False,0.5
4033,s_turn,normal_current,False,time_limit,,2406.079257410017,2683.281572999748,0.10330720352983133,322.00020187198726,679.8653543097539,615,1500,0.41,False,False,False,0.3333333333333333
4034,bezier_fillet,normal_current,False,time_limit,,1641.2874394033374,1697.0562748477141,0.03286210143466287,359.1606471908234,743.1737439462676,874,1500,0.5826666666666667,False,False,False,0.1
4035,straight_east,normal_current,False,time_limit,,137.3551070888596,2400.0,0.9427687053796417,485.7881146683893,848.921064908955,103,1500,0.06866666666666667,False,False,False,1.0
4036,straight_diagonal,normal_current,False,time_limit,,297.3181533467407,2683.281572999748,0.8891960663619968,740.24378163398,1057.6793266141794,0,1500,0.0,False,False,False,1.0
4037,one_turn,normal_current,False,time_limit,,1261.671230983132,2683.281572999748,0.5298028937109797,276.9417882469648,492.7094458105471,0,1500,0.0,False,False,False,1.0
4038,s_turn,normal_current,False,time_limit,,2148.5160844661805,2683.281572999748,0.19929533073032346,198.03564698375138,448.43177598690863,531,1500,0.354,False,False,False,0.3333333333333333
4039,bezier_fillet,normal_current,False,time_limit,,2704.308131630478,1697.0562748477141,0.0,519.7751468555384,1531.743986019033,1056,1500,0.704,False,False,False,0.1
4040,straight_east,normal_current,False,time_limit,,951.752006576522,2400.0,0.6034366639264491,959.4610904817673,1298.1075540488582,0,1500,0.0,False,False,False,1.0
4041,straight_diagonal,normal_current,False,time_limit,,1685.1069605903479,2683.281572999748,0.37199771446032054,1293.778474666515,1776.9388608835534,0,1500,0.0,False,False,False,1.0
4042,one_turn,normal_current,False,time_limit,,1670.8457992186177,2683.281572999748,0.37731253550453436,379.4898003906421,740.6899734362014,0,1500,0.0,False,False,False,1.0
4043,s_turn,normal_current,False,time_limit,,1847.04089858263,2683.281572999748,0.31164849892449076,270.3541617053858,573.926453509323,457,1500,0.30466666666666664,False,False,False,0.3333333333333333
4044,bezier_fillet,normal_current,False,time_limit,,1835.099677193881,1697.0562748477141,0.0,235.50811393521272,501.59144247671094,777,1500,0.518,False,False,False,0.2
4045,straight_east,current_limited,False,current_limited_safe_stop,,3011.1266557967147,2400.0,0.0,1726.2356389097813,2987.508807610431,993,1500,0.662,True,False,False,1.0
4046,straight_diagonal,current_limited,False,current_limited_safe_stop,,3921.722854815623,2683.281572999748,0.0,2028.515107559801,3639.9886175478023,1199,1500,0.7993333333333333,True,False,False,1.0
4047,one_turn,current_limited,False,current_limited_safe_stop,,3910.298794245385,2683.281572999748,0.0,1510.8010747700937,2685.634361981146,1271,1500,0.8473333333333334,True,False,False,0.5
4048,s_turn,current_limited,False,current_limited_safe_stop,,3894.9233635146493,2683.281572999748,0.0,1440.223550043424,2607.837725702856,1362,1500,0.908,True,False,False,0.3333333333333333
4049,bezier_fillet,current_limited,False,current_limited_safe_stop,,3793.2392905990446,1697.0562748477141,0.0,1452.7183027262029,2639.691306364362,1468,1500,0.9786666666666667,True,False,False,0.1
4050,straight_east,zero_current,False,time_limit,,899.226436525178,2400.0,0.6253223181145091,303.0484741395743,758.1714215450929,546,1500,0.364,False,False,False,1.0
4051,straight_diagonal,zero_current,False,time_limit,,779.0801760226552,2683.281572999748,0.7096539610818069,333.221609911576,712.5491798339498,408,1500,0.272,False,False,False,1.0
4052,one_turn,zero_current,False,time_limit,,1991.2283259384753,2683.281572999748,0.257913017413077,368.9293970736674,925.6900774154224,591,1500,0.394,False,False,False,0.5
4053,s_turn,zero_current,False,time_limit,,2031.1597559447907,2683.281572999748,0.2430314520909276,400.6674237900144,1003.5245879605815,599,1500,0.3993333333333333,False,False,False,0.3333333333333333
4054,bezier_fillet,zero_current,False,time_limit,,1138.114309396861,1697.0562748477141,0.329359711716696,400.5844595488587,1010.1957865727305,728,1500,0.48533333333333334,False,False,False,0.2
4055,straight_east,normal_current,False,time_limit,,940.1165377560916,2400.0,0.6082847759349619,287.4997600032853,902.3833684731219,407,1500,0.2713333333333333,False,False,False,1.0
4056,straight_diagonal,normal_current,False,time_limit,,754.8047904479928,2683.281572999748,0.7187008631359674,286.114879398412,668.6571090612608,318,1500,0.212,False,False,False,1.0
4057,one_turn,normal_current,False,time_limit,,2388.171667327605,2683.281572999748,0.10998096831941032,366.817180523157,894.8354196929477,717,1500,0.478,False,False,False,0.5
4058,s_turn,normal_current,False,time_limit,,2445.8052996986353,2683.281572999748,0.08850218169076766,396.0891184985566,974.5573899311039,717,1500,0.478,False,False,False,0.3333333333333333
4059,bezier_fillet,normal_current,False,time_limit,,1471.4220876245379,1697.0562748477141,0.13295621987751916,410.518212603072,1015.9233433660369,704,1500,0.4693333333333333,False,False,False,0.2
4060,straight_east,normal_current,False,time_limit,,115.07715317277811,2400.0,0.9520511861780091,280.08883899604575,487.01013840554106,129,1500,0.086,False,False,False,1.0
4061,straight_diagonal,normal_current,False,time_limit,,150.1815339566774,2683.281572999748,0.9440306468512794,184.0464615759551,265.3029848397891,114,1500,0.076,False,False,False,1.0
4062,one_turn,normal_current,False,time_limit,,1216.0005428841598,2683.281572999748,0.5468233542390618,152.19109696809124,310.002787823247,301,1500,0.20066666666666666,False,False,False,1.0
4063,s_turn,normal_current,False,time_limit,,2579.8620472408074,2683.281572999748,0.03854218163296354,278.0816096801855,656.2690882202478,608,1500,0.4053333333333333,False,False,False,0.3333333333333333
4064,bezier_fillet,normal_current,False,time_limit,,2129.9042716163844,1697.0562748477141,0.0,270.1757814611557,638.7595921156711,892,1500,0.5946666666666667,False,False,False,0.1
4065,straight_east,normal_current,False,time_limit,,972.447877342102,2400.0,0.5948133844407909,521.7230968465102,708.7535159091854,0,1500,0.0,False,False,False,1.0
4066,straight_diagonal,normal_current,False,time_limit,,1504.3376089518088,2683.281572999748,0.4393664742123766,446.9495137745936,1100.362387823718,0,1500,0.0,False,False,False,1.0
4067,one_turn,normal_current,False,time_limit,,1499.1782986202018,2683.281572999748,0.44128923564879163,185.54120692266724,407.3142154699658,0,1500,0.0,False,False,False,1.0
4068,s_turn,normal_current,False,time_limit,,2003.4078506279163,2683.281572999748,0.2533739765565391,171.65702606221092,417.59231522160735,344,1500,0.22933333333333333,False,False,False,0.6666666666666666
4069,bezier_fillet,normal_current,False,time_limit,,1202.0207249790158,1697.0562748477141,0.29170249520047326,192.83970919487626,441.87836709222944,594,1500,0.396,False,False,False,0.3
4070,straight_east,current_limited,False,current_limited_safe_stop,,4806.506342885581,2400.0,0.0,701.4101046397755,1261.8080560480912,1499,1500,0.9993333333333333,True,False,False,1.0
4071,straight_diagonal,current_limited,False,current_limited_safe_stop,,4719.030623766682,2683.281572999748,0.0,1328.4754427313053,2716.42354408045,1499,1500,0.9993333333333333,True,False,False,1.0
4072,one_turn,current_limited,False,current_limited_safe_stop,,5169.042785084271,2683.281572999748,0.0,591.645365353215,1032.959812783858,1499,1500,0.9993333333333333,True,False,False,0.5
4073,s_turn,current_limited,False,current_limited_safe_stop,,5135.764855559452,2683.281572999748,0.0,532.403618167745,931.7417040758514,1499,1500,0.9993333333333333,True,False,False,0.3333333333333333
4074,bezier_fillet,current_limited,False,current_limited_safe_stop,,4001.8609771786996,1697.0562748477141,0.0,338.05131462505847,635.3719823952524,1499,1500,0.9993333333333333,True,False,False,0.1
4075,straight_east,zero_current,False,time_limit,,899.226436525178,2400.0,0.6253223181145091,303.0484741395743,758.1714215450929,546,1500,0.364,False,False,False,1.0
4076,straight_diagonal,zero_current,False,time_limit,,779.0801760226552,2683.281572999748,0.7096539610818069,333.221609911576,712.5491798339498,408,1500,0.272,False,False,False,1.0
4077,one_turn,zero_current,False,time_limit,,1991.2283259384753,2683.281572999748,0.257913017413077,368.9293970736674,925.6900774154224,591,1500,0.394,False,False,False,0.5
4078,s_turn,zero_current,False,time_limit,,2031.1597559447907,2683.281572999748,0.2430314520909276,400.6674237900144,1003.5245879605815,599,1500,0.3993333333333333,False,False,False,0.3333333333333333
4079,bezier_fillet,zero_current,False,time_limit,,1138.114309396861,1697.0562748477141,0.329359711716696,400.5844595488587,1010.1957865727305,728,1500,0.48533333333333334,False,False,False,0.2
4080,straight_east,normal_current,False,time_limit,,717.1063519083556,2400.0,0.7012056867048518,206.7127809402988,411.5491402528578,472,1500,0.31466666666666665,False,False,False,1.0
4081,straight_diagonal,normal_current,False,time_limit,,1044.9020179830989,2683.281572999748,0.6105880096605139,307.17000582518733,1036.399119642037,492,1500,0.328,False,False,False,1.0
4082,one_turn,normal_current,False,time_limit,,1784.8865240735477,2683.281572999748,0.3348120666747055,271.8287436023314,759.1399116018083,519,1500,0.346,False,False,False,0.5
4083,s_turn,normal_current,False,time_limit,,1714.3196522056082,2683.281572999748,0.3611107870840772,312.38159420710883,787.494518928462,320,1500,0.21333333333333335,False,False,False,0.6666666666666666
4084,bezier_fillet,normal_current,True,goal_reached,138.0,39.455207107054406,1697.0562748477141,0.9767507962512352,22.145960799327394,75.24842926894102,155,690,0.2246376811594203,False,False,False,0.8
4085,straight_east,normal_current,False,time_limit,,157.24533650814422,2400.0,0.9344811097882733,425.03559024102134,794.2047475490937,130,1500,0.08666666666666667,False,False,False,1.0
4086,straight_diagonal,normal_current,False,time_limit,,246.38260384533825,2683.281572999748,0.9081786248880706,256.8382236672772,593.8989337420609,183,1500,0.122,False,False,False,1.0
4087,one_turn,normal_current,False,time_limit,,1651.1405265691872,2683.281572999748,0.38465625703108336,370.4595866141627,765.8213238478774,36,1500,0.024,False,False,False,1.0
4088,s_turn,normal_current,False,time_limit,,1640.3851145814378,2683.281572999748,0.38866456241952063,408.89591629173134,1538.8914664652343,917,1500,0.6113333333333333,False,False,False,0.3333333333333333
4089,bezier_fillet,normal_current,False,time_limit,,462.30893073244744,1697.0562748477141,0.7275818500633204,435.039050716975,1303.9977924503198,982,1500,0.6546666666666666,False,False,False,0.2
4090,straight_east,normal_current,False,time_limit,,890.1815977979523,2400.0,0.6290910009175199,900.5982199320811,1250.5078388002698,0,1500,0.0,False,False,False,1.0
4091,straight_diagonal,normal_current,False,time_limit,,547.0755263326879,2683.281572999748,0.796116989048939,566.3314988141836,916.2017505285052,0,1500,0.0,False,False,False,1.0
4092,one_turn,normal_current,False,time_limit,,1577.5883286932274,2683.281572999748,0.41206754275527696,345.18845417562943,707.6024770074666,289,1500,0.19266666666666668,False,False,False,1.0
4093,s_turn,normal_current,False,time_limit,,2437.5498039850427,2683.281572999748,0.09157882329135954,320.6868548796499,748.8510420738974,398,1500,0.2653333333333333,False,False,False,0.6666666666666666
4094,bezier_fillet,normal_current,False,time_limit,,1451.8411751595056,1697.0562748477141,0.14449438319905625,127.2968572264326,258.7086879065276,730,1500,0.4866666666666667,False,False,False,0.1
4095,straight_east,current_limited,False,current_limited_safe_stop,,2968.2679279503636,2400.0,0.0,1678.5025809678532,2942.7753739850355,986,1500,0.6573333333333333,True,False,False,1.0
4096,straight_diagonal,current_limited,False,current_limited_safe_stop,,2265.609354254004,2683.281572999748,0.1556572455714409,1134.5891331388204,1843.6301166337014,780,1500,0.52,True,False,False,1.0
4097,one_turn,current_limited,False,current_limited_safe_stop,,1622.3744670992442,2683.281572999748,0.39537673443434906,1541.1012159794739,2757.5859463086085,1272,1500,0.848,True,False,False,0.5
4098,s_turn,current_limited,False,current_limited_safe_stop,,1603.9295613698787,2683.281572999748,0.40225074494258845,1400.790108245448,2574.5496535926404,1344,1500,0.896,True,False,False,0.3333333333333333
4099,bezier_fillet,current_limited,False,current_limited_safe_stop,,1268.9849644866572,1697.0562748477141,0.2522434386564288,1253.9470812562868,2393.9659803652426,1448,1500,0.9653333333333334,True,False,False,0.1
4100,straight_east,zero_current,False,time_limit,,899.2264365251821,2400.0,0.6253223181145074,303.04847413957583,758.1714215450925,546,1500,0.364,False,False,False,1.0
4101,straight_diagonal,zero_current,False,time_limit,,816.977742256468,2683.281572999748,0.6955303720350392,269.68357366393025,748.9094035890637,441,1500,0.294,False,False,False,1.0
4102,one_turn,zero_current,False,time_limit,,1959.7933899910404,2683.281572999748,0.269628126354213,368.9293970736647,925.6900774154174,591,1500,0.394,False,False,False,0.5
4103,s_turn,zero_current,False,time_limit,,1957.626460326374,2683.281572999748,0.2704356933596555,400.66742379001596,1003.524587960585,599,1500,0.3993333333333333,False,False,False,0.3333333333333333
4104,bezier_fillet,zero_current,False,time_limit,,1158.454314868498,1697.0562748477141,0.317374248551391,363.20292432339545,937.9543803597306,602,1500,0.4013333333333333,False,False,False,0.4
4105,straight_east,normal_current,False,time_limit,,726.4397264063281,2400.0,0.6973167806640299,308.1051891497949,774.7799208085994,503,1500,0.3353333333333333,False,False,False,1.0
4106,straight_diagonal,normal_current,False,time_limit,,641.808939700061,2683.281572999748,0.7608119303772667,292.00663608203115,596.6211183058538,500,1500,0.3333333333333333,False,False,False,1.0
4107,one_turn,normal_current,False,time_limit,,1613.8610590543174,2683.281572999748,0.3985494942857907,372.5591010882336,956.1464056441291,572,1500,0.38133333333333336,False,False,False,0.5
4108,s_turn,normal_current,False,time_limit,,1576.5607888710674,2683.281572999748,0.4124504842372666,408.29796986061535,1022.4599347037397,698,1500,0.4653333333333333,False,False,False,0.3333333333333333
4109,bezier_fillet,normal_current,False,time_limit,,1167.9005523455821,1697.0562748477141,0.31180799973743706,313.58632094866874,788.2671667171883,716,1500,0.47733333333333333,False,False,False,0.5
4110,straight_east,normal_current,False,time_limit,,407.3987679400341,2400.0,0.8302505133583191,306.85519011609387,815.3535673904466,463,1500,0.30866666666666664,False,False,False,1.0
4111,straight_diagonal,normal_current,True,goal_reached,293.6,39.76058198671361,2683.281572999748,0.9851821059754592,275.5481951521519,484.9448526744244,242,1468,0.164850136239782,False,False,False,1.0
4112,one_turn,normal_current,False,time_limit,,1281.665741130941,2683.281572999748,0.5223513797330946,381.0369692353498,1011.8208768485015,545,1500,0.36333333333333334,False,False,False,0.5
4113,s_turn,normal_current,False,time_limit,,1612.6078507526352,2683.281572999748,0.39901653744454546,401.1996766114016,1027.7084515050774,543,1500,0.362,False,False,False,0.3333333333333333
4114,bezier_fillet,normal_current,False,time_limit,,1234.572263935195,1697.0562748477141,0.2725213169221629,239.08578040678833,589.2802841605554,542,1500,0.36133333333333334,False,False,False,0.4
4115,straight_east,normal_current,False,time_limit,,1044.50623006161,2400.0,0.5647890708076625,301.0871866526207,859.5467792812492,546,1500,0.364,False,False,False,1.0
4116,straight_diagonal,normal_current,False,time_limit,,333.13542259364687,2683.281572999748,0.8758477582279143,279.2678356728432,545.6364672152229,302,1500,0.20133333333333334,False,False,False,1.0
4117,one_turn,normal_current,False,time_limit,,1101.4165321859698,2683.281572999748,0.5895262937483478,369.68800138944886,1010.2052839844064,588,1500,0.392,False,False,False,0.5
4118,s_turn,normal_current,False,time_limit,,250.01799583265787,2683.281572999748,0.9068237942866529,1220.6940023153586,1850.3974952609842,1013,1500,0.6753333333333333,False,False,False,0.6666666666666666
4119,bezier_fillet,normal_current,False,time_limit,,835.899941804695,1697.0562748477141,0.5074412356303831,203.55352343335863,466.1519359757758,545,1500,0.36333333333333334,False,False,False,0.4
4120,straight_east,current_limited,False,current_limited_safe_stop,,2272.349550046808,2400.0,0.05318768748049668,295.36377393847977,836.1095730596917,926,1500,0.6173333333333333,True,False,False,1.0
4121,straight_diagonal,current_limited,False,current_limited_safe_stop,,1766.367589715764,2683.281572999748,0.3417136660238489,384.00346499019776,619.7033802407968,799,1500,0.5326666666666666,True,False,False,1.0
4122,one_turn,current_limited,False,current_limited_safe_stop,,1784.8698111339731,2683.281572999748,0.33481829521953754,1487.0251430331764,2931.0905533078485,1221,1500,0.814,True,False,False,1.0
4123,s_turn,current_limited,False,current_limited_safe_stop,,1526.4006870415815,2683.281572999748,0.43114405047877363,1681.9392933175068,3093.98367068524,1312,1500,0.8746666666666667,True,False,False,0.6666666666666666
4124,bezier_fillet,current_limited,False,current_limited_safe_stop,,2313.825013145671,1697.0562748477141,0.0,193.9974222421097,436.6437040108016,1352,1500,0.9013333333333333,True,False,False,0.3
4125,straight_east,zero_current,False,time_limit,,899.2264365251821,2400.0,0.6253223181145074,303.04847413957583,758.1714215450925,546,1500,0.364,False,False,False,1.0
4126,straight_diagonal,zero_current,False,time_limit,,816.977742256468,2683.281572999748,0.6955303720350392,269.68357366393025,748.9094035890637,441,1500,0.294,False,False,False,1.0
4127,one_turn,zero_current,False,time_limit,,1959.7933899910404,2683.281572999748,0.269628126354213,368.9293970736647,925.6900774154174,591,1500,0.394,False,False,False,0.5
4128,s_turn,zero_current,False,time_limit,,1957.626460326374,2683.281572999748,0.2704356933596555,400.66742379001596,1003.524587960585,599,1500,0.3993333333333333,False,False,False,0.3333333333333333
4129,bezier_fillet,zero_current,False,time_limit,,1158.454314868498,1697.0562748477141,0.317374248551391,363.20292432339545,937.9543803597306,602,1500,0.4013333333333333,False,False,False,0.4
4130,straight_east,normal_current,False,time_limit,,717.1063519083535,2400.0,0.7012056867048526,206.71278094029734,411.5491402528478,472,1500,0.31466666666666665,False,False,False,1.0
4131,straight_diagonal,normal_current,False,time_limit,,550.2115764832231,2683.281572999748,0.7949482521626982,324.1084800961678,552.0644427340335,279,1500,0.186,False,False,False,1.0
4132,one_turn,normal_current,False,time_limit,,2125.340320655235,2683.281572999748,0.20793242794894917,271.828743602331,759.1399116018063,519,1500,0.346,False,False,False,0.5
4133,s_turn,normal_current,False,time_limit,,2830.209747674599,2683.281572999748,0.0,428.1813341765025,1223.309848016469,679,1500,0.45266666666666666,False,False,False,0.6666666666666666
4134,bezier_fillet,normal_current,False,time_limit,,1584.1883076581782,1697.0562748477141,0.06650808748205131,328.9983202141062,789.3456199670082,611,1500,0.4073333333333333,False,False,False,0.3
4135,straight_east,normal_current,False,time_limit,,157.24533650815317,2400.0,0.9344811097882695,425.03559024101696,794.2047475490886,130,1500,0.08666666666666667,False,False,False,1.0
4136,straight_diagonal,normal_current,False,time_limit,,210.24935067275038,2683.281572999748,0.9216446932784231,662.5508862494519,996.3689037198353,0,1500,0.0,False,False,False,1.0
4137,one_turn,normal_current,False,time_limit,,1459.4389060411077,2683.281572999748,0.45609923284735915,308.19955210348263,598.2435019637119,128,1500,0.08533333333333333,False,False,False,1.0
4138,s_turn,normal_current,False,time_limit,,3174.5145082631775,2683.281572999748,0.0,408.8959162917284,1538.891466465222,917,1500,0.6113333333333333,False,False,False,0.3333333333333333
4139,bezier_fillet,normal_current,False,time_limit,,2501.361654030642,1697.0562748477141,0.0,483.278306025811,1355.154068815875,1017,1500,0.678,False,False,False,0.1
4140,straight_east,normal_current,False,time_limit,,890.1815977979683,2400.0,0.6290910009175132,900.5982199320872,1250.507838800277,0,1500,0.0,False,False,False,1.0
4141,straight_diagonal,normal_current,False,time_limit,,1588.0966239470697,2683.281572999748,0.408151332336072,1224.7744658351446,1705.412458087302,0,1500,0.0,False,False,False,1.0
4142,one_turn,normal_current,False,time_limit,,1440.6296848454074,2683.281572999748,0.46310901571359514,324.9970981415117,707.6024770074632,13,1500,0.008666666666666666,False,False,False,1.0
4143,s_turn,normal_current,False,time_limit,,2221.332369038283,2683.281572999748,0.17215830370162502,297.50325630346566,569.0898683024952,505,1500,0.33666666666666667,False,False,False,0.6666666666666666
4144,bezier_fillet,normal_current,False,time_limit,,1464.182983498513,1697.0562748477141,0.13722190289187552,137.1076639020369,301.18692292263773,740,1500,0.49333333333333335,False,False,False,0.1
4145,straight_east,current_limited,False,current_limited_safe_stop,,2968.2679279503745,2400.0,0.0,1678.5025809678557,2942.775373985047,986,1500,0.6573333333333333,True,False,False,1.0
4146,straight_diagonal,current_limited,False,current_limited_safe_stop,,3845.712963502896,2683.281572999748,0.0,1971.0187839026967,3579.7173094810705,1207,1500,0.8046666666666666,True,False,False,1.0
4147,one_turn,current_limited,False,current_limited_safe_stop,,3869.040646296633,2683.281572999748,0.0,1464.891315557885,2643.603515983261,1272,1500,0.848,True,False,False,0.5
4148,s_turn,current_limited,False,current_limited_safe_stop,,3863.991249353552,2683.281572999748,0.0,1400.7901082454493,2574.549653592637,1344,1500,0.896,True,False,False,0.3333333333333333
4149,bezier_fillet,current_limited,False,current_limited_safe_stop,,3642.3230388832303,1697.0562748477141,0.0,1309.9124224034088,2483.290293139137,1453,1500,0.9686666666666667,True,False,False,0.1
4150,straight_east,zero_current,False,time_limit,,899.2264365251821,2400.0,0.6253223181145074,303.04847413957583,758.1714215450925,546,1500,0.364,False,False,False,1.0
4151,straight_diagonal,zero_current,False,time_limit,,816.977742256468,2683.281572999748,0.6955303720350392,269.68357366393025,748.9094035890637,441,1500,0.294,False,False,False,1.0
4152,one_turn,zero_current,False,time_limit,,1959.7933899910404,2683.281572999748,0.269628126354213,368.9293970736647,925.6900774154174,591,1500,0.394,False,False,False,0.5
4153,s_turn,zero_current,False,time_limit,,1957.626460326374,2683.281572999748,0.2704356933596555,400.66742379001596,1003.524587960585,599,1500,0.3993333333333333,False,False,False,0.3333333333333333
4154,bezier_fillet,zero_current,False,time_limit,,1158.454314868498,1697.0562748477141,0.317374248551391,363.20292432339545,937.9543803597306,602,1500,0.4013333333333333,False,False,False,0.4
4155,straight_east,normal_current,False,time_limit,,940.1165377560911,2400.0,0.6082847759349621,287.49976000328655,902.3833684731189,407,1500,0.2713333333333333,False,False,False,1.0
4156,straight_diagonal,normal_current,False,time_limit,,819.4493635513423,2683.281572999748,0.6946092531633767,174.21417305459008,665.9555863630956,352,1500,0.23466666666666666,False,False,False,1.0
4157,one_turn,normal_current,False,time_limit,,2359.65652407021,2683.281572999748,0.12060793477135709,366.81718052315796,894.835419692949,717,1500,0.478,False,False,False,0.5
4158,s_turn,normal_current,False,time_limit,,2359.68239664155,2683.281572999748,0.12059829263331219,396.0891184985538,974.5573899310994,717,1500,0.478,False,False,False,0.3333333333333333
4159,bezier_fillet,normal_current,False,time_limit,,1405.5445892249854,1697.0562748477141,0.17177490808246038,456.40183225501517,1079.1610550613646,711,1500,0.474,False,False,False,0.4
4160,straight_east,normal_current,False,time_limit,,115.07715317278044,2400.0,0.9520511861780081,280.08883899604814,487.01013840554674,129,1500,0.086,False,False,False,1.0
4161,straight_diagonal,normal_current,False,time_limit,,142.6947860731367,2683.281572999748,0.946820793050946,462.89854009116743,760.0659925474102,0,1500,0.0,False,False,False,1.0
4162,one_turn,normal_current,False,time_limit,,1199.5370870542872,2683.281572999748,0.5529589219690885,256.1567508018458,587.4440826114405,258,1500,0.172,False,False,False,1.0
4163,s_turn,normal_current,False,time_limit,,2210.358584868817,2683.281572999748,0.1762479915971812,278.08160968018615,656.2690882202437,608,1500,0.4053333333333333,False,False,False,0.3333333333333333
4164,bezier_fillet,normal_current,False,time_limit,,2157.428287054183,1697.0562748477141,0.0,303.42440878951885,767.7339254210436,877,1500,0.5846666666666667,False,False,False,0.1
4165,straight_east,normal_current,False,time_limit,,972.4478773420999,2400.0,0.5948133844407917,521.723096846508,708.7535159091854,0,1500,0.0,False,False,False,1.0
4166,straight_diagonal,normal_current,False,time_limit,,1639.7867383939815,2683.281572999748,0.3888875640580655,979.95153267017,1414.8368280487493,0,1500,0.0,False,False,False,1.0
4167,one_turn,normal_current,False,time_limit,,1380.477715284407,2683.281572999748,0.48552633120007765,195.25732288136166,407.31421546997444,112,1500,0.07466666666666667,False,False,False,1.0
4168,s_turn,normal_current,False,time_limit,,1983.4646116267108,2683.281572999748,0.26080638290624253,162.42511417621657,375.9520332864099,311,1500,0.20733333333333334,False,False,False,0.6666666666666666
4169,bezier_fillet,normal_current,False,time_limit,,1306.4014038689832,1697.0562748477141,0.23019559031051373,205.61794920754087,521.3219357911466,601,1500,0.40066666666666667,False,False,False,0.3
4170,straight_east,current_limited,False,current_limited_safe_stop,,4806.506342885583,2400.0,0.0,701.4101046397772,1261.8080560480985,1499,1500,0.9993333333333333,True,False,False,1.0
4171,straight_diagonal,current_limited,False,current_limited_safe_stop,,4726.150432601913,2683.281572999748,0.0,1527.7926957649338,2847.069081922637,1499,1500,0.9993333333333333,True,False,False,1.0
4172,one_turn,current_limited,False,current_limited_safe_stop,,4664.8468584369675,2683.281572999748,0.0,591.6453653532184,1032.9598127838594,1499,1500,0.9993333333333333,True,False,False,0.5
4173,s_turn,current_limited,False,current_limited_safe_stop,,4680.141073945904,2683.281572999748,0.0,532.4036181677478,931.741704075857,1499,1500,0.9993333333333333,True,False,False,0.3333333333333333
4174,bezier_fillet,current_limited,False,current_limited_safe_stop,,3513.790624415668,1697.0562748477141,0.0,481.64962655936836,899.4110768465985,1499,1500,0.9993333333333333,True,False,False,0.1
4175,straight_east,zero_current,False,time_limit,,899.2264365251821,2400.0,0.6253223181145074,303.04847413957583,758.1714215450925,546,1500,0.364,False,False,False,1.0
4176,straight_diagonal,zero_current,False,time_limit,,816.977742256468,2683.281572999748,0.6955303720350392,269.68357366393025,748.9094035890637,441,1500,0.294,False,False,False,1.0
4177,one_turn,zero_current,False,time_limit,,1959.7933899910404,2683.281572999748,0.269628126354213,368.9293970736647,925.6900774154174,591,1500,0.394,False,False,False,0.5
4178,s_turn,zero_current,False,time_limit,,1957.626460326374,2683.281572999748,0.2704356933596555,400.66742379001596,1003.524587960585,599,1500,0.3993333333333333,False,False,False,0.3333333333333333
4179,bezier_fillet,zero_current,False,time_limit,,1158.454314868498,1697.0562748477141,0.317374248551391,363.20292432339545,937.9543803597306,602,1500,0.4013333333333333,False,False,False,0.4
4180,straight_east,normal_current,False,time_limit,,697.941507495062,2400.0,0.7091910385437241,295.6479534273122,504.12207042527325,420,1500,0.28,False,False,False,1.0
4181,straight_diagonal,normal_current,False,time_limit,,588.4638138624525,2683.281572999748,0.7806924849841288,227.84099676211278,465.16865169986386,437,1500,0.29133333333333333,False,False,False,1.0
4182,one_turn,normal_current,False,time_limit,,1704.4160051422843,2683.281572999748,0.3648016584272036,290.6533748864306,613.3366315012377,842,1500,0.5613333333333334,False,False,False,0.5
4183,s_turn,normal_current,False,time_limit,,1708.766012872168,2683.281572999748,0.36318050626275866,322.0002018719875,679.865354309748,615,1500,0.41,False,False,False,0.3333333333333333
4184,bezier_fillet,normal_current,False,time_limit,,896.3905026078828,1697.0562748477141,0.47179683084562374,364.28996247101134,779.3376692069606,867,1500,0.578,False,False,False,0.1
4185,straight_east,normal_current,False,time_limit,,137.35510708886437,2400.0,0.9427687053796399,485.78811466838425,848.9210649089484,103,1500,0.06866666666666667,False,False,False,1.0
4186,straight_diagonal,normal_current,False,time_limit,,184.7858408550679,2683.281572999748,0.9311343830947684,372.23240974114896,720.7225076454149,139,1500,0.09266666666666666,False,False,False,1.0
4187,one_turn,normal_current,False,time_limit,,1771.005603700581,2683.281572999748,0.33998518026540797,441.94778329649705,880.8691417153893,118,1500,0.07866666666666666,False,False,False,1.0
4188,s_turn,normal_current,False,time_limit,,2508.467232718185,2683.281572999748,0.06514945805189229,198.03564698374947,448.4317759868936,531,1500,0.354,False,False,False,0.3333333333333333
4189,bezier_fillet,normal_current,False,time_limit,,521.8400077711724,1697.0562748477141,0.6925028265088028,511.5478434481691,1479.2002122848728,1057,1500,0.7046666666666667,False,False,False,0.1
4190,straight_east,normal_current,False,time_limit,,951.7520065765243,2400.0,0.6034366639264482,959.4610904817696,1298.1075540488619,0,1500,0.0,False,False,False,1.0
4191,straight_diagonal,normal_current,False,time_limit,,634.324459014832,2683.281572999748,0.7636012316420094,659.2545004020675,993.2824067245062,0,1500,0.0,False,False,False,1.0
4192,one_turn,normal_current,False,time_limit,,2030.89242705737,2683.281572999748,0.2431310796850313,390.12788137490156,740.6899734362014,239,1500,0.15933333333333333,False,False,False,1.0
4193,s_turn,normal_current,False,time_limit,,2094.9123547390454,2683.281572999748,0.21927226131655683,270.35416170539395,573.9264535093193,457,1500,0.30466666666666664,False,False,False,0.3333333333333333
4194,bezier_fillet,normal_current,False,time_limit,,1931.9966651591585,1697.0562748477141,0.0,206.25351993065254,427.87352565373277,780,1500,0.52,False,False,False,0.2
4195,straight_east,current_limited,False,current_limited_safe_stop,,3011.126655796725,2400.0,0.0,1726.2356389097906,2987.5088076104416,993,1500,0.662,True,False,False,1.0
4196,straight_diagonal,current_limited,False,current_limited_safe_stop,,2327.6043897184427,2683.281572999748,0.1325530599771083,1213.9320045651261,1910.3414713033676,788,1500,0.5253333333333333,True,False,False,1.0
4197,one_turn,current_limited,False,current_limited_safe_stop,,1643.288927122832,2683.281572999748,0.3875823753801083,1575.1310568681413,2780.727950121461,1271,1500,0.8473333333333334,True,False,False,0.5
4198,s_turn,current_limited,False,current_limited_safe_stop,,1628.7439713713566,2683.281572999748,0.3930029603451126,1440.223550043418,2607.837725702847,1362,1500,0.908,True,False,False,0.3333333333333333
4199,bezier_fillet,current_limited,False,current_limited_safe_stop,,1400.343306298467,1697.0562748477141,0.17483979343930284,1378.6420005856446,2531.49459129307,1462,1500,0.9746666666666667,True,False,False,0.1
4200,straight_east,zero_current,True,goal_reached,175.0,38.86571790510334,2400.0,0.9838059508728736,0.0,0.0,0,875,0.0,False,False,False,1.0
4201,straight_diagonal,zero_current,False,time_limit,,801.1353084573698,2683.281572999748,0.7014344985190099,307.0866561865178,726.6067775201931,427,1500,0.2846666666666667,False,False,False,1.0
4202,one_turn,zero_current,False,time_limit,,1801.1274725073263,2683.281572999748,0.32875942255520585,282.1122379113034,694.7175591785626,329,1500,0.21933333333333332,False,False,False,1.0
4203,s_turn,zero_current,False,time_limit,,1953.0469348346783,2683.281572999748,0.2721423817436763,285.79461111061744,695.3402939267812,571,1500,0.38066666666666665,False,False,False,0.6666666666666666
4204,bezier_fillet,zero_current,False,time_limit,,1119.8324924497324,1697.0562748477141,0.34013237566313415,408.29760013253593,1030.582074588017,596,1500,0.3973333333333333,False,False,False,0.5
4205,straight_east,normal_current,True,goal_reached,161.0,39.397951889924116,2400.0,0.9835841867125317,0.0,0.0,0,805,0.0,False,False,False,1.0
4206,straight_diagonal,normal_current,False,time_limit,,631.5289012390328,2683.281572999748,0.7646430745122953,318.6527919523976,575.1714871280197,486,1500,0.324,False,False,False,1.0
4207,one_turn,normal_current,False,time_limit,,1515.3028906725992,2683.281572999748,0.43527995499235606,313.0957574102855,819.3309939373185,289,1500,0.19266666666666668,False,False,False,1.0
4208,s_turn,normal_current,False,time_limit,,1818.0600802018864,2683.281572999748,0.32244901224831046,301.542651552764,818.5615839270149,612,1500,0.408,False,False,False,0.6666666666666666
4209,bezier_fillet,normal_current,False,time_limit,,1064.8106285417462,1697.0562748477141,0.3725543198988512,379.74410586033275,958.9149547051893,717,1500,0.478,False,False,False,0.4
4210,straight_east,normal_current,True,goal_reached,141.20000000000002,39.41475254492161,2400.0,0.983577186439616,0.0,0.0,0,706,0.0,False,False,False,1.0
4211,straight_diagonal,normal_current,True,goal_reached,292.40000000000003,38.224565999895205,2683.281572999748,0.9857545453356344,296.74968575976993,513.8118265309145,219,1462,0.14979480164158687,False,False,False,1.0
4212,one_turn,normal_current,False,time_limit,,1117.0821431257448,2683.281572999748,0.5836880652532809,494.5386447834743,1080.3513920383211,244,1500,0.16266666666666665,False,False,False,1.0
4213,s_turn,normal_current,False,time_limit,,1833.2282104267256,2683.281572999748,0.31679618386925884,473.71705186318286,1081.1721369449983,584,1500,0.3893333333333333,False,False,False,1.0
4214,bezier_fillet,normal_current,False,time_limit,,1227.7598765115595,1697.0562748477141,0.27653555470826513,287.09833246099737,757.5007727945292,553,1500,0.36866666666666664,False,False,False,0.3
4215,straight_east,normal_current,True,goal_reached,127.4,39.209373466751,2400.0,0.9836627610555204,0.0,0.0,0,637,0.0,False,False,False,1.0
4216,straight_diagonal,normal_current,False,time_limit,,279.0865962229473,2683.281572999748,0.895990566539409,299.4815928344357,571.8649829921758,225,1500,0.15,False,False,False,1.0
4217,one_turn,normal_current,False,time_limit,,522.6681702134924,2683.281572999748,0.8052130736212001,827.9218698131125,1379.0004870432895,457,1500,0.30466666666666664,False,False,False,1.0
4218,s_turn,normal_current,False,time_limit,,984.7597301459986,2683.281572999748,0.6330017169815331,822.8729418410768,1372.3037567552242,566,1500,0.37733333333333335,False,False,False,0.6666666666666666
4219,bezier_fillet,normal_current,False,time_limit,,865.7572745149936,1697.0562748477141,0.48984763360738726,235.9573658168168,622.8298316268371,586,1500,0.39066666666666666,False,False,False,0.3
4220,straight_east,current_limited,True,goal_reached,112.80000000000001,36.790319012196505,2400.0,0.9846707004115848,0.0,0.0,0,564,0.0,True,False,False,1.0
4221,straight_diagonal,current_limited,False,current_limited_safe_stop,,1764.9242709939335,2683.281572999748,0.3422515591530508,407.55158203396843,644.8609509397966,792,1500,0.528,True,False,False,1.0
4222,one_turn,current_limited,False,current_limited_safe_stop,,1649.7776523296166,2683.281572999748,0.3851641702718272,1395.3694342554425,2777.689168221067,1212,1500,0.808,True,False,False,1.0
4223,s_turn,current_limited,False,current_limited_safe_stop,,1367.10380136747,2683.281572999748,0.49051049464066127,1575.019813193897,2927.7310130149926,1308,1500,0.872,True,False,False,0.6666666666666666
4224,bezier_fillet,current_limited,False,current_limited_safe_stop,,2222.903195940584,1697.0562748477141,0.0,199.85885159860047,439.006190974241,1351,1500,0.9006666666666666,True,False,False,0.3
4225,straight_east,zero_current,True,goal_reached,175.0,38.86571790510334,2400.0,0.9838059508728736,0.0,0.0,0,875,0.0,False,False,False,1.0
4226,straight_diagonal,zero_current,False,time_limit,,801.1353084573698,2683.281572999748,0.7014344985190099,307.0866561865178,726.6067775201931,427,1500,0.2846666666666667,False,False,False,1.0
4227,one_turn,zero_current,False,time_limit,,1801.1274725073263,2683.281572999748,0.32875942255520585,282.1122379113034,694.7175591785626,329,1500,0.21933333333333332,False,False,False,1.0
4228,s_turn,zero_current,False,time_limit,,1953.0469348346783,2683.281572999748,0.2721423817436763,285.79461111061744,695.3402939267812,571,1500,0.38066666666666665,False,False,False,0.6666666666666666
4229,bezier_fillet,zero_current,False,time_limit,,1119.8324924497324,1697.0562748477141,0.34013237566313415,408.29760013253593,1030.582074588017,596,1500,0.3973333333333333,False,False,False,0.5
4230,straight_east,normal_current,False,time_limit,,704.6489408403353,2400.0,0.7063962746498602,264.8892181907182,465.4044420336895,438,1500,0.292,False,False,False,1.0
4231,straight_diagonal,normal_current,False,time_limit,,528.3051494285953,2683.281572999748,0.8031122955024129,352.7465730675921,582.6924440896535,266,1500,0.17733333333333334,False,False,False,1.0
4232,one_turn,normal_current,False,time_limit,,2328.3849958903984,2683.281572999748,0.13226214523308352,271.93438122929354,637.7893088435069,717,1500,0.478,False,False,False,0.5
4233,s_turn,normal_current,False,time_limit,,2343.2008488166193,2683.281572999748,0.12674060285180533,310.4468269738346,740.5265024266225,675,1500,0.45,False,False,False,0.3333333333333333
4234,bezier_fillet,normal_current,False,time_limit,,1569.445374140599,1697.0562748477141,0.07519544436943695,358.1335662291289,795.6686465077776,696,1500,0.464,False,False,False,0.2
4235,straight_east,normal_current,False,time_limit,,148.00852826375177,2400.0,0.9383297798901034,457.26045166659526,823.3457749520217,119,1500,0.07933333333333334,False,False,False,1.0
4236,straight_diagonal,normal_current,False,time_limit,,239.0688611677102,2683.281572999748,0.9109042958542567,697.1177430145499,1023.1960440956091,0,1500,0.0,False,False,False,1.0
4237,one_turn,normal_current,False,time_limit,,1259.862584823137,2683.281572999748,0.5304769363378118,265.9828863388092,474.2872697030248,0,1500,0.0,False,False,False,1.0
4238,s_turn,normal_current,False,time_limit,,3218.0561214311742,2683.281572999748,0.0,455.28853662487654,1585.5836175355216,928,1500,0.6186666666666667,False,False,False,0.3333333333333333
4239,bezier_fillet,normal_current,False,time_limit,,2580.2111403850326,1697.0562748477141,0.0,501.6749080031198,1430.762959458975,1030,1500,0.6866666666666666,False,False,False,0.1
4240,straight_east,normal_current,False,time_limit,,917.9204872726262,2400.0,0.6175331303030723,929.875952964621,1273.456081974542,0,1500,0.0,False,False,False,1.0
4241,straight_diagonal,normal_current,False,time_limit,,1626.4779323741213,2683.281572999748,0.3938474632180265,1255.2650650412984,1734.7267317814587,0,1500,0.0,False,False,False,1.0
4242,one_turn,normal_current,False,time_limit,,1615.481377356966,2683.281572999748,0.39794563730747246,351.7356883614954,720.6219590276255,0,1500,0.0,False,False,False,1.0
4243,s_turn,normal_current,False,time_limit,,2196.8679097843124,2683.281572999748,0.18127566935573375,245.04296533434783,566.5854737868167,530,1500,0.35333333333333333,False,False,False,0.3333333333333333
4244,bezier_fillet,normal_current,False,time_limit,,1793.2705242345721,1697.0562748477141,0.0,169.49637637939264,378.2879868762979,688,1500,0.45866666666666667,False,False,False,0.2
4245,straight_east,current_limited,False,current_limited_safe_stop,,2989.0116710246393,2400.0,0.0,1701.934218740553,2964.157669813815,991,1500,0.6606666666666666,True,False,False,1.0
4246,straight_diagonal,current_limited,False,current_limited_safe_stop,,3875.90332160291,2683.281572999748,0.0,1995.7826267284609,3604.4873178297726,1201,1500,0.8006666666666666,True,False,False,1.0
4247,one_turn,current_limited,False,current_limited_safe_stop,,3888.5913196088645,2683.281572999748,0.0,1487.0192427173442,2663.594657881492,1273,1500,0.8486666666666667,True,False,False,0.5
4248,s_turn,current_limited,False,current_limited_safe_stop,,3875.633336086642,2683.281572999748,0.0,1417.264191985398,2587.125478597084,1352,1500,0.9013333333333333,True,False,False,0.3333333333333333
4249,bezier_fillet,current_limited,False,current_limited_safe_stop,,3699.4891723657006,1697.0562748477141,0.0,1364.8598590361971,2542.5700151629576,1460,1500,0.9733333333333334,True,False,False,0.1
4250,straight_east,zero_current,True,goal_reached,175.0,38.86571790510334,2400.0,0.9838059508728736,0.0,0.0,0,875,0.0,False,False,False,1.0
4251,straight_diagonal,zero_current,False,time_limit,,801.1353084573698,2683.281572999748,0.7014344985190099,307.0866561865178,726.6067775201931,427,1500,0.2846666666666667,False,False,False,1.0
4252,one_turn,zero_current,False,time_limit,,1801.1274725073263,2683.281572999748,0.32875942255520585,282.1122379113034,694.7175591785626,329,1500,0.21933333333333332,False,False,False,1.0
4253,s_turn,zero_current,False,time_limit,,1953.0469348346783,2683.281572999748,0.2721423817436763,285.79461111061744,695.3402939267812,571,1500,0.38066666666666665,False,False,False,0.6666666666666666
4254,bezier_fillet,zero_current,False,time_limit,,1119.8324924497324,1697.0562748477141,0.34013237566313415,408.29760013253593,1030.582074588017,596,1500,0.3973333333333333,False,False,False,0.5
4255,straight_east,normal_current,True,goal_reached,194.0,39.6376167327594,2400.0,0.9834843263613503,0.0,0.0,0,970,0.0,False,False,False,1.0
4256,straight_diagonal,normal_current,False,time_limit,,791.7132555234984,2683.281572999748,0.7049458903269661,255.82522234349565,684.3352764789649,335,1500,0.22333333333333333,False,False,False,1.0
4257,one_turn,normal_current,False,time_limit,,2001.4706716543822,2683.281572999748,0.25409592053477337,250.75145775841762,792.5572400955674,335,1500,0.22333333333333333,False,False,False,1.0
4258,s_turn,normal_current,False,time_limit,,2345.5740602578458,2683.281572999748,0.12585615916721155,338.30548745599236,702.1358350016842,584,1500,0.3893333333333333,False,False,False,0.6666666666666666
4259,bezier_fillet,normal_current,False,time_limit,,731.7122060549788,1697.0562748477141,0.5688344476846301,198.8187347698479,779.868132885786,563,1500,0.37533333333333335,False,False,False,1.0
4260,straight_east,normal_current,False,time_limit,,100.42026262671016,2400.0,0.9581582239055374,0.0,0.0,67,1500,0.04466666666666667,False,False,False,1.0
4261,straight_diagonal,normal_current,False,time_limit,,164.79757890125612,2683.281572999748,0.9385835685082343,113.96040667829357,195.0783441737899,138,1500,0.092,False,False,False,1.0
4262,one_turn,normal_current,False,time_limit,,1326.9748985842402,2683.281572999748,0.5054656537216249,107.26699765485323,342.820759704035,325,1500,0.21666666666666667,False,False,False,1.0
4263,s_turn,normal_current,False,time_limit,,2803.527795715053,2683.281572999748,0.0,378.85842868435384,1126.9723731037088,630,1500,0.42,False,False,False,0.6666666666666666
4264,bezier_fillet,normal_current,False,time_limit,,2024.210597006578,1697.0562748477141,0.0,230.54937553573748,656.9747971371299,1023,1500,0.682,False,False,False,0.5
4265,straight_east,normal_current,False,time_limit,,638.091522896957,2400.0,0.7341285321262679,0.0,0.0,0,1500,0.0,False,False,False,1.0
4266,straight_diagonal,normal_current,False,time_limit,,1608.1023592053887,2683.281572999748,0.4006956350064944,851.077765050841,1348.1814235252878,0,1500,0.0,False,False,False,1.0
4267,one_turn,normal_current,False,time_limit,,1549.171984869053,2683.281572999748,0.4226576888324204,33.81493732367289,335.8402524595783,15,1500,0.01,False,False,False,1.0
4268,s_turn,normal_current,False,time_limit,,1866.823111540872,2683.281572999748,0.304276103437823,112.85289432201044,399.87340019734745,357,1500,0.238,False,False,False,0.6666666666666666
4269,bezier_fillet,normal_current,False,time_limit,,1211.5510964351029,1697.0562748477141,0.28608666996395166,310.8413262741774,1140.0096734438891,805,1500,0.5366666666666666,False,False,False,0.2
4270,straight_east,current_limited,False,current_limited_safe_stop,,4730.45974397833,2400.0,0.0,0.0,0.0,1499,1500,0.9993333333333333,True,False,False,1.0
4271,straight_diagonal,current_limited,False,current_limited_safe_stop,,4727.751860020814,2683.281572999748,0.0,1459.4742699168276,2805.338002990058,1499,1500,0.9993333333333333,True,False,False,1.0
4272,one_turn,current_limited,False,current_limited_safe_stop,,4880.291936902907,2683.281572999748,0.0,0.0,0.0,1499,1500,0.9993333333333333,True,False,False,0.5
4273,s_turn,current_limited,False,current_limited_safe_stop,,4880.291936902907,2683.281572999748,0.0,0.0,0.0,1499,1500,0.9993333333333333,True,False,False,0.3333333333333333
4274,bezier_fillet,current_limited,False,current_limited_safe_stop,,3510.581384358818,1697.0562748477141,0.0,453.7650433631973,896.9510388304536,1499,1500,0.9993333333333333,True,False,False,0.1
4275,straight_east,zero_current,True,goal_reached,175.0,38.86571790510334,2400.0,0.9838059508728736,0.0,0.0,0,875,0.0,False,False,False,1.0
4276,straight_diagonal,zero_current,False,time_limit,,801.1353084573698,2683.281572999748,0.7014344985190099,307.0866561865178,726.6067775201931,427,1500,0.2846666666666667,False,False,False,1.0
4277,one_turn,zero_current,False,time_limit,,1801.1274725073263,2683.281572999748,0.32875942255520585,282.1122379113034,694.7175591785626,329,1500,0.21933333333333332,False,False,False,1.0
4278,s_turn,zero_current,False,time_limit,,1953.0469348346783,2683.281572999748,0.2721423817436763,285.79461111061744,695.3402939267812,571,1500,0.38066666666666665,False,False,False,0.6666666666666666
4279,bezier_fillet,zero_current,False,time_limit,,1119.8324924497324,1697.0562748477141,0.34013237566313415,408.29760013253593,1030.582074588017,596,1500,0.3973333333333333,False,False,False,0.5
4280,straight_east,normal_current,False,time_limit,,704.6489408403376,2400.0,0.7063962746498593,264.889218190719,465.40444203368907,438,1500,0.292,False,False,False,1.0
4281,straight_diagonal,normal_current,False,time_limit,,1066.5834517525816,2683.281572999748,0.6025078163674767,269.048953118443,1060.3454877688298,505,1500,0.33666666666666667,False,False,False,1.0
4282,one_turn,normal_current,False,time_limit,,1714.9187478508986,2683.281572999748,0.36088751731942825,271.93438122929433,637.7893088435198,717,1500,0.478,False,False,False,0.5
4283,s_turn,normal_current,False,time_limit,,1723.379112832506,2683.281572999748,0.3577345254505394,310.4468269738355,740.5265024266264,675,1500,0.45,False,False,False,0.3333333333333333
4284,bezier_fillet,normal_current,False,time_limit,,732.6579259185175,1697.0562748477141,0.5682771769107876,436.274846015497,1075.2629222328273,591,1500,0.394,False,False,False,0.6
4285,straight_east,normal_current,False,time_limit,,148.00852826375547,2400.0,0.9383297798901018,457.26045166659617,823.345774952023,119,1500,0.07933333333333334,False,False,False,1.0
4286,straight_diagonal,normal_current,False,time_limit,,205.7554996295415,2683.281572999748,0.923319452680652,330.4492780657757,679.1697490421172,154,1500,0.10266666666666667,False,False,False,1.0
4287,one_turn,normal_current,False,time_limit,,1742.5603110250668,2683.281572999748,0.35058611494246245,429.34561558216615,873.9363298199933,115,1500,0.07666666666666666,False,False,False,1.0
4288,s_turn,normal_current,False,time_limit,,1656.8294530549026,2683.281572999748,0.3825361193075736,455.28853662487444,1585.5836175355157,928,1500,0.6186666666666667,False,False,False,0.3333333333333333
4289,bezier_fillet,normal_current,False,time_limit,,470.822701523762,1697.0562748477141,0.722565062513315,495.2806350447874,1392.9883720886803,1034,1500,0.6893333333333334,False,False,False,0.1
4290,straight_east,normal_current,False,time_limit,,917.920487272619,2400.0,0.6175331303030753,929.8759529646185,1273.4560819745402,0,1500,0.0,False,False,False,1.0
4291,straight_diagonal,normal_current,False,time_limit,,605.432084426037,2683.281572999748,0.774368783910665,627.6806102637283,967.7926772835701,0,1500,0.0,False,False,False,1.0
4292,one_turn,normal_current,False,time_limit,,2053.6267262566707,2683.281572999748,0.23465850661328871,362.45349274041985,720.6219590276294,287,1500,0.19133333333333333,False,False,False,1.0
4293,s_turn,normal_current,False,time_limit,,2403.938615593771,2683.281572999748,0.10410497363259877,245.0429653343598,566.5854737868185,530,1500,0.35333333333333333,False,False,False,0.3333333333333333
4294,bezier_fillet,normal_current,False,time_limit,,1636.9017475214298,1697.0562748477141,0.035446395159572604,159.58278826179273,329.63038012451955,682,1500,0.45466666666666666,False,False,False,0.2
4295,straight_east,current_limited,False,current_limited_safe_stop,,2989.0116710246334,2400.0,0.0,1701.9342187405532,2964.1576698138097,991,1500,0.6606666666666666,True,False,False,1.0
4296,straight_diagonal,current_limited,False,current_limited_safe_stop,,2306.65976999211,2683.281572999748,0.1403586588889355,1185.93946297989,1887.4493664375357,786,1500,0.524,True,False,False,1.0
4297,one_turn,current_limited,False,current_limited_safe_stop,,1633.6653885089306,2683.281572999748,0.39116885646757127,1558.7472400009162,2770.1488731482204,1273,1500,0.8486666666666667,True,False,False,0.5
4298,s_turn,current_limited,False,current_limited_safe_stop,,1613.1743422581585,2683.281572999748,0.3988054185253744,1417.2641919853945,2587.1254785970773,1352,1500,0.9013333333333333,True,False,False,0.3333333333333333
4299,bezier_fillet,current_limited,False,current_limited_safe_stop,,1322.0463603392132,1697.0562748477141,0.22097671130095706,1305.3859073106762,2449.893375458741,1455,1500,0.97,True,False,False,0.1
4300,straight_east,zero_current,False,time_limit,,899.226436525178,2400.0,0.6253223181145091,303.0484741395743,758.1714215450929,546,1500,0.364,False,False,False,1.0
4301,straight_diagonal,zero_current,False,time_limit,,779.0801760226552,2683.281572999748,0.7096539610818069,333.221609911576,712.5491798339498,408,1500,0.272,False,False,False,1.0
4302,one_turn,zero_current,False,time_limit,,1991.2283259384753,2683.281572999748,0.257913017413077,368.9293970736674,925.6900774154224,591,1500,0.394,False,False,False,0.5
4303,s_turn,zero_current,False,time_limit,,2031.1597559447907,2683.281572999748,0.2430314520909276,400.6674237900144,1003.5245879605815,599,1500,0.3993333333333333,False,False,False,0.3333333333333333
4304,bezier_fillet,zero_current,False,time_limit,,1138.114309396861,1697.0562748477141,0.329359711716696,400.5844595488587,1010.1957865727305,728,1500,0.48533333333333334,False,False,False,0.2
4305,straight_east,normal_current,False,time_limit,,726.4397264063346,2400.0,0.6973167806640272,308.10518914979616,774.779920808601,503,1500,0.3353333333333333,False,False,False,1.0
4306,straight_diagonal,normal_current,False,time_limit,,620.3628729668145,2683.281572999748,0.7688044075548561,343.2273639212751,556.673455387747,465,1500,0.31,False,False,False,1.0
4307,one_turn,normal_current,False,time_limit,,1644.1756766152432,2683.281572999748,0.3872519033561008,372.55910108823895,956.146405644137,572,1500,0.38133333333333336,False,False,False,0.5
4308,s_turn,normal_current,False,time_limit,,1942.6764977635423,2683.281572999748,0.2760072154515836,408.29796986062144,1022.4599347037506,698,1500,0.4653333333333333,False,False,False,0.3333333333333333
4309,bezier_fillet,normal_current,False,time_limit,,2087.8743167011075,1697.0562748477141,0.0,450.076895792074,1001.0640315352555,881,1500,0.5873333333333334,False,False,False,0.1
4310,straight_east,normal_current,False,time_limit,,407.3987679400138,2400.0,0.8302505133583276,306.85519011609017,815.3535673904397,463,1500,0.30866666666666664,False,False,False,1.0
4311,straight_diagonal,normal_current,True,goal_reached,291.40000000000003,39.351040250603724,2683.281572999748,0.9853347331690534,321.5023099688071,546.9125431539264,190,1457,0.13040494166094715,False,False,False,1.0
4312,one_turn,normal_current,False,time_limit,,1517.189187721897,2683.281572999748,0.43457697358769154,381.036969235346,1011.8208768484944,545,1500,0.36333333333333334,False,False,False,0.5
4313,s_turn,normal_current,False,time_limit,,1971.6825747892212,2683.281572999748,0.26519728878658144,401.19967661139907,1027.708451505071,543,1500,0.362,False,False,False,0.3333333333333333
4314,bezier_fillet,normal_current,False,time_limit,,1370.6808624910516,1697.0562748477141,0.19231855607495982,328.4868071925385,851.9375192351629,566,1500,0.37733333333333335,False,False,False,0.2
4315,straight_east,normal_current,False,time_limit,,1044.506230061614,2400.0,0.5647890708076608,301.08718665261927,859.5467792812464,546,1500,0.364,False,False,False,1.0
4316,straight_diagonal,normal_current,False,time_limit,,240.87185995520252,2683.281572999748,0.9102323578788929,322.7367461682944,603.9064400815748,201,1500,0.134,False,False,False,1.0
4317,one_turn,normal_current,False,time_limit,,1299.1787531720959,2683.281572999748,0.5158246654972956,369.6880013894515,1010.2052839844102,588,1500,0.392,False,False,False,0.5
4318,s_turn,normal_current,False,time_limit,,1235.887523452002,2683.281572999748,0.5394119141695763,680.846853673037,1177.3968121309654,486,1500,0.324,False,False,False,0.6666666666666666
4319,bezier_fillet,normal_current,False,time_limit,,896.4130621803506,1697.0562748477141,0.4717835374900632,264.5361951438124,758.9955021044665,581,1500,0.3873333333333333,False,False,False,0.2
4320,straight_east,current_limited,False,current_limited_safe_stop,,2272.3495500468075,2400.0,0.05318768748049687,295.36377393847994,836.1095730596902,926,1500,0.6173333333333333,True,False,False,1.0
4321,straight_diagonal,current_limited,False,current_limited_safe_stop,,1760.837387805865,2683.281572999748,0.3437746505904878,437.14438638398383,677.1394428400449,780,1500,0.52,True,False,False,1.0
4322,one_turn,current_limited,False,current_limited_safe_stop,,1538.4364802750147,2683.281572999748,0.42665857517325884,1327.190506242857,2653.7342050955813,1189,1500,0.7926666666666666,True,False,False,1.0
4323,s_turn,current_limited,False,current_limited_safe_stop,,1230.4404842183046,2683.281572999748,0.5414419058366856,1486.0307615180345,2788.1882465655744,1297,1500,0.8646666666666667,True,False,False,0.6666666666666666
4324,bezier_fillet,current_limited,False,current_limited_safe_stop,,2297.164588215772,1697.0562748477141,0.0,188.85124192954063,513.856853132471,1396,1500,0.9306666666666666,True,False,False,0.2
4325,straight_east,zero_current,False,time_limit,,899.226436525178,2400.0,0.6253223181145091,303.0484741395743,758.1714215450929,546,1500,0.364,False,False,False,1.0
4326,straight_diagonal,zero_current,False,time_limit,,779.0801760226552,2683.281572999748,0.7096539610818069,333.221609911576,712.5491798339498,408,1500,0.272,False,False,False,1.0
4327,one_turn,zero_current,False,time_limit,,1991.2283259384753,2683.281572999748,0.257913017413077,368.9293970736674,925.6900774154224,591,1500,0.394,False,False,False,0.5
4328,s_turn,zero_current,False,time_limit,,2031.1597559447907,2683.281572999748,0.2430314520909276,400.6674237900144,1003.5245879605815,599,1500,0.3993333333333333,False,False,False,0.3333333333333333
4329,bezier_fillet,zero_current,False,time_limit,,1138.114309396861,1697.0562748477141,0.329359711716696,400.5844595488587,1010.1957865727305,728,1500,0.48533333333333334,False,False,False,0.2
4330,straight_east,normal_current,False,time_limit,,697.9415074950589,2400.0,0.7091910385437254,295.6479534273135,504.1220704252678,420,1500,0.28,False,False,False,1.0
4331,straight_diagonal,normal_current,False,time_limit,,487.63074582343285,2683.281572999748,0.8182707507366471,383.10779382315076,616.8824374822285,244,1500,0.16266666666666665,False,False,False,1.0
4332,one_turn,normal_current,False,time_limit,,2418.4808764575846,2683.281572999748,0.0986853929929284,290.6533748864318,613.3366315012231,842,1500,0.5613333333333334,False,False,False,0.5
4333,s_turn,normal_current,False,time_limit,,2406.079257410017,2683.281572999748,0.10330720352983133,322.00020187198726,679.8653543097539,615,1500,0.41,False,False,False,0.3333333333333333
4334,bezier_fillet,normal_current,False,time_limit,,1641.2874394033374,1697.0562748477141,0.03286210143466287,359.1606471908234,743.1737439462676,874,1500,0.5826666666666667,False,False,False,0.1
4335,straight_east,normal_current,False,time_limit,,137.3551070888596,2400.0,0.9427687053796417,485.7881146683893,848.921064908955,103,1500,0.06866666666666667,False,False,False,1.0
4336,straight_diagonal,normal_current,False,time_limit,,297.3181533467407,2683.281572999748,0.8891960663619968,740.24378163398,1057.6793266141794,0,1500,0.0,False,False,False,1.0
4337,one_turn,normal_current,False,time_limit,,1261.671230983132,2683.281572999748,0.5298028937109797,276.9417882469648,492.7094458105471,0,1500,0.0,False,False,False,1.0
4338,s_turn,normal_current,False,time_limit,,2148.5160844661805,2683.281572999748,0.19929533073032346,198.03564698375138,448.43177598690863,531,1500,0.354,False,False,False,0.3333333333333333
4339,bezier_fillet,normal_current,False,time_limit,,2704.308131630478,1697.0562748477141,0.0,519.7751468555384,1531.743986019033,1056,1500,0.704,False,False,False,0.1
4340,straight_east,normal_current,False,time_limit,,951.752006576522,2400.0,0.6034366639264491,959.4610904817673,1298.1075540488582,0,1500,0.0,False,False,False,1.0
4341,straight_diagonal,normal_current,False,time_limit,,1685.1069605903479,2683.281572999748,0.37199771446032054,1293.778474666515,1776.9388608835534,0,1500,0.0,False,False,False,1.0
4342,one_turn,normal_current,False,time_limit,,1670.8457992186177,2683.281572999748,0.37731253550453436,379.4898003906421,740.6899734362014,0,1500,0.0,False,False,False,1.0
4343,s_turn,normal_current,False,time_limit,,1847.04089858263,2683.281572999748,0.31164849892449076,270.3541617053858,573.926453509323,457,1500,0.30466666666666664,False,False,False,0.3333333333333333
4344,bezier_fillet,normal_current,False,time_limit,,1835.099677193881,1697.0562748477141,0.0,235.50811393521272,501.59144247671094,777,1500,0.518,False,False,False,0.2
4345,straight_east,current_limited,False,current_limited_safe_stop,,3011.1266557967147,2400.0,0.0,1726.2356389097813,2987.508807610431,993,1500,0.662,True,False,False,1.0
4346,straight_diagonal,current_limited,False,current_limited_safe_stop,,3921.722854815623,2683.281572999748,0.0,2028.515107559801,3639.9886175478023,1199,1500,0.7993333333333333,True,False,False,1.0
4347,one_turn,current_limited,False,current_limited_safe_stop,,3910.298794245385,2683.281572999748,0.0,1510.8010747700937,2685.634361981146,1271,1500,0.8473333333333334,True,False,False,0.5
4348,s_turn,current_limited,False,current_limited_safe_stop,,3894.9233635146493,2683.281572999748,0.0,1440.223550043424,2607.837725702856,1362,1500,0.908,True,False,False,0.3333333333333333
4349,bezier_fillet,current_limited,False,current_limited_safe_stop,,3793.2392905990446,1697.0562748477141,0.0,1452.7183027262029,2639.691306364362,1468,1500,0.9786666666666667,True,False,False,0.1
4350,straight_east,zero_current,False,time_limit,,899.226436525178,2400.0,0.6253223181145091,303.0484741395743,758.1714215450929,546,1500,0.364,False,False,False,1.0
4351,straight_diagonal,zero_current,False,time_limit,,779.0801760226552,2683.281572999748,0.7096539610818069,333.221609911576,712.5491798339498,408,1500,0.272,False,False,False,1.0
4352,one_turn,zero_current,False,time_limit,,1991.2283259384753,2683.281572999748,0.257913017413077,368.9293970736674,925.6900774154224,591,1500,0.394,False,False,False,0.5
4353,s_turn,zero_current,False,time_limit,,2031.1597559447907,2683.281572999748,0.2430314520909276,400.6674237900144,1003.5245879605815,599,1500,0.3993333333333333,False,False,False,0.3333333333333333
4354,bezier_fillet,zero_current,False,time_limit,,1138.114309396861,1697.0562748477141,0.329359711716696,400.5844595488587,1010.1957865727305,728,1500,0.48533333333333334,False,False,False,0.2
4355,straight_east,normal_current,False,time_limit,,940.1165377560916,2400.0,0.6082847759349619,287.4997600032853,902.3833684731219,407,1500,0.2713333333333333,False,False,False,1.0
4356,straight_diagonal,normal_current,False,time_limit,,754.8047904479928,2683.281572999748,0.7187008631359674,286.114879398412,668.6571090612608,318,1500,0.212,False,False,False,1.0
4357,one_turn,normal_current,False,time_limit,,2388.171667327605,2683.281572999748,0.10998096831941032,366.817180523157,894.8354196929477,717,1500,0.478,False,False,False,0.5
4358,s_turn,normal_current,False,time_limit,,2445.8052996986353,2683.281572999748,0.08850218169076766,396.0891184985566,974.5573899311039,717,1500,0.478,False,False,False,0.3333333333333333
4359,bezier_fillet,normal_current,False,time_limit,,1471.4220876245379,1697.0562748477141,0.13295621987751916,410.518212603072,1015.9233433660369,704,1500,0.4693333333333333,False,False,False,0.2
4360,straight_east,normal_current,False,time_limit,,115.07715317277811,2400.0,0.9520511861780091,280.08883899604575,487.01013840554106,129,1500,0.086,False,False,False,1.0
4361,straight_diagonal,normal_current,False,time_limit,,150.1815339566774,2683.281572999748,0.9440306468512794,184.0464615759551,265.3029848397891,114,1500,0.076,False,False,False,1.0
4362,one_turn,normal_current,False,time_limit,,1216.0005428841598,2683.281572999748,0.5468233542390618,152.19109696809124,310.002787823247,301,1500,0.20066666666666666,False,False,False,1.0
4363,s_turn,normal_current,False,time_limit,,2579.8620472408074,2683.281572999748,0.03854218163296354,278.0816096801855,656.2690882202478,608,1500,0.4053333333333333,False,False,False,0.3333333333333333
4364,bezier_fillet,normal_current,False,time_limit,,2129.9042716163844,1697.0562748477141,0.0,270.1757814611557,638.7595921156711,892,1500,0.5946666666666667,False,False,False,0.1
4365,straight_east,normal_current,False,time_limit,,972.447877342102,2400.0,0.5948133844407909,521.7230968465102,708.7535159091854,0,1500,0.0,False,False,False,1.0
4366,straight_diagonal,normal_current,False,time_limit,,1504.3376089518088,2683.281572999748,0.4393664742123766,446.9495137745936,1100.362387823718,0,1500,0.0,False,False,False,1.0
4367,one_turn,normal_current,False,time_limit,,1499.1782986202018,2683.281572999748,0.44128923564879163,185.54120692266724,407.3142154699658,0,1500,0.0,False,False,False,1.0
4368,s_turn,normal_current,False,time_limit,,2003.4078506279163,2683.281572999748,0.2533739765565391,171.65702606221092,417.59231522160735,344,1500,0.22933333333333333,False,False,False,0.6666666666666666
4369,bezier_fillet,normal_current,False,time_limit,,1202.0207249790158,1697.0562748477141,0.29170249520047326,192.83970919487626,441.87836709222944,594,1500,0.396,False,False,False,0.3
4370,straight_east,current_limited,False,current_limited_safe_stop,,4806.506342885581,2400.0,0.0,701.4101046397755,1261.8080560480912,1499,1500,0.9993333333333333,True,False,False,1.0
4371,straight_diagonal,current_limited,False,current_limited_safe_stop,,4719.030623766682,2683.281572999748,0.0,1328.4754427313053,2716.42354408045,1499,1500,0.9993333333333333,True,False,False,1.0
4372,one_turn,current_limited,False,current_limited_safe_stop,,5169.042785084271,2683.281572999748,0.0,591.645365353215,1032.959812783858,1499,1500,0.9993333333333333,True,False,False,0.5
4373,s_turn,current_limited,False,current_limited_safe_stop,,5135.764855559452,2683.281572999748,0.0,532.403618167745,931.7417040758514,1499,1500,0.9993333333333333,True,False,False,0.3333333333333333
4374,bezier_fillet,current_limited,False,current_limited_safe_stop,,4001.8609771786996,1697.0562748477141,0.0,338.05131462505847,635.3719823952524,1499,1500,0.9993333333333333,True,False,False,0.1
4375,straight_east,zero_current,False,time_limit,,899.226436525178,2400.0,0.6253223181145091,303.0484741395743,758.1714215450929,546,1500,0.364,False,False,False,1.0
4376,straight_diagonal,zero_current,False,time_limit,,779.0801760226552,2683.281572999748,0.7096539610818069,333.221609911576,712.5491798339498,408,1500,0.272,False,False,False,1.0
4377,one_turn,zero_current,False,time_limit,,1991.2283259384753,2683.281572999748,0.257913017413077,368.9293970736674,925.6900774154224,591,1500,0.394,False,False,False,0.5
4378,s_turn,zero_current,False,time_limit,,2031.1597559447907,2683.281572999748,0.2430314520909276,400.6674237900144,1003.5245879605815,599,1500,0.3993333333333333,False,False,False,0.3333333333333333
4379,bezier_fillet,zero_current,False,time_limit,,1138.114309396861,1697.0562748477141,0.329359711716696,400.5844595488587,1010.1957865727305,728,1500,0.48533333333333334,False,False,False,0.2
4380,straight_east,normal_current,False,time_limit,,717.1063519083556,2400.0,0.7012056867048518,206.7127809402988,411.5491402528578,472,1500,0.31466666666666665,False,False,False,1.0
4381,straight_diagonal,normal_current,False,time_limit,,1044.9020179830989,2683.281572999748,0.6105880096605139,307.17000582518733,1036.399119642037,492,1500,0.328,False,False,False,1.0
4382,one_turn,normal_current,False,time_limit,,1784.8865240735477,2683.281572999748,0.3348120666747055,271.8287436023314,759.1399116018083,519,1500,0.346,False,False,False,0.5
4383,s_turn,normal_current,False,time_limit,,1714.3196522056082,2683.281572999748,0.3611107870840772,312.38159420710883,787.494518928462,320,1500,0.21333333333333335,False,False,False,0.6666666666666666
4384,bezier_fillet,normal_current,True,goal_reached,138.0,39.455207107054406,1697.0562748477141,0.9767507962512352,22.145960799327394,75.24842926894102,155,690,0.2246376811594203,False,False,False,0.8
4385,straight_east,normal_current,False,time_limit,,157.24533650814422,2400.0,0.9344811097882733,425.03559024102134,794.2047475490937,130,1500,0.08666666666666667,False,False,False,1.0
4386,straight_diagonal,normal_current,False,time_limit,,246.38260384533825,2683.281572999748,0.9081786248880706,256.8382236672772,593.8989337420609,183,1500,0.122,False,False,False,1.0
4387,one_turn,normal_current,False,time_limit,,1651.1405265691872,2683.281572999748,0.38465625703108336,370.4595866141627,765.8213238478774,36,1500,0.024,False,False,False,1.0
4388,s_turn,normal_current,False,time_limit,,1640.3851145814378,2683.281572999748,0.38866456241952063,408.89591629173134,1538.8914664652343,917,1500,0.6113333333333333,False,False,False,0.3333333333333333
4389,bezier_fillet,normal_current,False,time_limit,,462.30893073244744,1697.0562748477141,0.7275818500633204,435.039050716975,1303.9977924503198,982,1500,0.6546666666666666,False,False,False,0.2
4390,straight_east,normal_current,False,time_limit,,890.1815977979523,2400.0,0.6290910009175199,900.5982199320811,1250.5078388002698,0,1500,0.0,False,False,False,1.0
4391,straight_diagonal,normal_current,False,time_limit,,547.0755263326879,2683.281572999748,0.796116989048939,566.3314988141836,916.2017505285052,0,1500,0.0,False,False,False,1.0
4392,one_turn,normal_current,False,time_limit,,1577.5883286932274,2683.281572999748,0.41206754275527696,345.18845417562943,707.6024770074666,289,1500,0.19266666666666668,False,False,False,1.0
4393,s_turn,normal_current,False,time_limit,,2437.5498039850427,2683.281572999748,0.09157882329135954,320.6868548796499,748.8510420738974,398,1500,0.2653333333333333,False,False,False,0.6666666666666666
4394,bezier_fillet,normal_current,False,time_limit,,1451.8411751595056,1697.0562748477141,0.14449438319905625,127.2968572264326,258.7086879065276,730,1500,0.4866666666666667,False,False,False,0.1
4395,straight_east,current_limited,False,current_limited_safe_stop,,2968.2679279503636,2400.0,0.0,1678.5025809678532,2942.7753739850355,986,1500,0.6573333333333333,True,False,False,1.0
4396,straight_diagonal,current_limited,False,current_limited_safe_stop,,2265.609354254004,2683.281572999748,0.1556572455714409,1134.5891331388204,1843.6301166337014,780,1500,0.52,True,False,False,1.0
4397,one_turn,current_limited,False,current_limited_safe_stop,,1622.3744670992442,2683.281572999748,0.39537673443434906,1541.1012159794739,2757.5859463086085,1272,1500,0.848,True,False,False,0.5
4398,s_turn,current_limited,False,current_limited_safe_stop,,1603.9295613698787,2683.281572999748,0.40225074494258845,1400.790108245448,2574.5496535926404,1344,1500,0.896,True,False,False,0.3333333333333333
4399,bezier_fillet,current_limited,False,current_limited_safe_stop,,1268.9849644866572,1697.0562748477141,0.2522434386564288,1253.9470812562868,2393.9659803652426,1448,1500,0.9653333333333334,True,False,False,0.1
4400,straight_east,zero_current,False,time_limit,,899.2264365251821,2400.0,0.6253223181145074,303.04847413957583,758.1714215450925,546,1500,0.364,False,False,False,1.0
4401,straight_diagonal,zero_current,False,time_limit,,816.977742256468,2683.281572999748,0.6955303720350392,269.68357366393025,748.9094035890637,441,1500,0.294,False,False,False,1.0
4402,one_turn,zero_current,False,time_limit,,1959.7933899910404,2683.281572999748,0.269628126354213,368.9293970736647,925.6900774154174,591,1500,0.394,False,False,False,0.5
4403,s_turn,zero_current,False,time_limit,,1957.626460326374,2683.281572999748,0.2704356933596555,400.66742379001596,1003.524587960585,599,1500,0.3993333333333333,False,False,False,0.3333333333333333
4404,bezier_fillet,zero_current,False,time_limit,,1158.454314868498,1697.0562748477141,0.317374248551391,363.20292432339545,937.9543803597306,602,1500,0.4013333333333333,False,False,False,0.4
4405,straight_east,normal_current,False,time_limit,,726.4397264063281,2400.0,0.6973167806640299,308.1051891497949,774.7799208085994,503,1500,0.3353333333333333,False,False,False,1.0
4406,straight_diagonal,normal_current,False,time_limit,,641.808939700061,2683.281572999748,0.7608119303772667,292.00663608203115,596.6211183058538,500,1500,0.3333333333333333,False,False,False,1.0
4407,one_turn,normal_current,False,time_limit,,1613.8610590543174,2683.281572999748,0.3985494942857907,372.5591010882336,956.1464056441291,572,1500,0.38133333333333336,False,False,False,0.5
4408,s_turn,normal_current,False,time_limit,,1576.5607888710674,2683.281572999748,0.4124504842372666,408.29796986061535,1022.4599347037397,698,1500,0.4653333333333333,False,False,False,0.3333333333333333
4409,bezier_fillet,normal_current,False,time_limit,,1167.9005523455821,1697.0562748477141,0.31180799973743706,313.58632094866874,788.2671667171883,716,1500,0.47733333333333333,False,False,False,0.5
4410,straight_east,normal_current,False,time_limit,,407.3987679400341,2400.0,0.8302505133583191,306.85519011609387,815.3535673904466,463,1500,0.30866666666666664,False,False,False,1.0
4411,straight_diagonal,normal_current,True,goal_reached,293.6,39.76058198671361,2683.281572999748,0.9851821059754592,275.5481951521519,484.9448526744244,242,1468,0.164850136239782,False,False,False,1.0
4412,one_turn,normal_current,False,time_limit,,1281.665741130941,2683.281572999748,0.5223513797330946,381.0369692353498,1011.8208768485015,545,1500,0.36333333333333334,False,False,False,0.5
4413,s_turn,normal_current,False,time_limit,,1612.6078507526352,2683.281572999748,0.39901653744454546,401.1996766114016,1027.7084515050774,543,1500,0.362,False,False,False,0.3333333333333333
4414,bezier_fillet,normal_current,False,time_limit,,1234.572263935195,1697.0562748477141,0.2725213169221629,239.08578040678833,589.2802841605554,542,1500,0.36133333333333334,False,False,False,0.4
4415,straight_east,normal_current,False,time_limit,,1044.50623006161,2400.0,0.5647890708076625,301.0871866526207,859.5467792812492,546,1500,0.364,False,False,False,1.0
4416,straight_diagonal,normal_current,False,time_limit,,333.13542259364687,2683.281572999748,0.8758477582279143,279.2678356728432,545.6364672152229,302,1500,0.20133333333333334,False,False,False,1.0
4417,one_turn,normal_current,False,time_limit,,1101.4165321859698,2683.281572999748,0.5895262937483478,369.68800138944886,1010.2052839844064,588,1500,0.392,False,False,False,0.5
4418,s_turn,normal_current,False,time_limit,,250.01799583265787,2683.281572999748,0.9068237942866529,1220.6940023153586,1850.3974952609842,1013,1500,0.6753333333333333,False,False,False,0.6666666666666666
4419,bezier_fillet,normal_current,False,time_limit,,835.899941804695,1697.0562748477141,0.5074412356303831,203.55352343335863,466.1519359757758,545,1500,0.36333333333333334,False,False,False,0.4
4420,straight_east,current_limited,False,current_limited_safe_stop,,2272.349550046808,2400.0,0.05318768748049668,295.36377393847977,836.1095730596917,926,1500,0.6173333333333333,True,False,False,1.0
4421,straight_diagonal,current_limited,False,current_limited_safe_stop,,1766.367589715764,2683.281572999748,0.3417136660238489,384.00346499019776,619.7033802407968,799,1500,0.5326666666666666,True,False,False,1.0
4422,one_turn,current_limited,False,current_limited_safe_stop,,1784.8698111339731,2683.281572999748,0.33481829521953754,1487.0251430331764,2931.0905533078485,1221,1500,0.814,True,False,False,1.0
4423,s_turn,current_limited,False,current_limited_safe_stop,,1526.4006870415815,2683.281572999748,0.43114405047877363,1681.9392933175068,3093.98367068524,1312,1500,0.8746666666666667,True,False,False,0.6666666666666666
4424,bezier_fillet,current_limited,False,current_limited_safe_stop,,2313.825013145671,1697.0562748477141,0.0,193.9974222421097,436.6437040108016,1352,1500,0.9013333333333333,True,False,False,0.3
4425,straight_east,zero_current,False,time_limit,,899.2264365251821,2400.0,0.6253223181145074,303.04847413957583,758.1714215450925,546,1500,0.364,False,False,False,1.0
4426,straight_diagonal,zero_current,False,time_limit,,816.977742256468,2683.281572999748,0.6955303720350392,269.68357366393025,748.9094035890637,441,1500,0.294,False,False,False,1.0
4427,one_turn,zero_current,False,time_limit,,1959.7933899910404,2683.281572999748,0.269628126354213,368.9293970736647,925.6900774154174,591,1500,0.394,False,False,False,0.5
4428,s_turn,zero_current,False,time_limit,,1957.626460326374,2683.281572999748,0.2704356933596555,400.66742379001596,1003.524587960585,599,1500,0.3993333333333333,False,False,False,0.3333333333333333
4429,bezier_fillet,zero_current,False,time_limit,,1158.454314868498,1697.0562748477141,0.317374248551391,363.20292432339545,937.9543803597306,602,1500,0.4013333333333333,False,False,False,0.4
4430,straight_east,normal_current,False,time_limit,,717.1063519083535,2400.0,0.7012056867048526,206.71278094029734,411.5491402528478,472,1500,0.31466666666666665,False,False,False,1.0
4431,straight_diagonal,normal_current,False,time_limit,,550.2115764832231,2683.281572999748,0.7949482521626982,324.1084800961678,552.0644427340335,279,1500,0.186,False,False,False,1.0
4432,one_turn,normal_current,False,time_limit,,2125.340320655235,2683.281572999748,0.20793242794894917,271.828743602331,759.1399116018063,519,1500,0.346,False,False,False,0.5
4433,s_turn,normal_current,False,time_limit,,2830.209747674599,2683.281572999748,0.0,428.1813341765025,1223.309848016469,679,1500,0.45266666666666666,False,False,False,0.6666666666666666
4434,bezier_fillet,normal_current,False,time_limit,,1584.1883076581782,1697.0562748477141,0.06650808748205131,328.9983202141062,789.3456199670082,611,1500,0.4073333333333333,False,False,False,0.3
4435,straight_east,normal_current,False,time_limit,,157.24533650815317,2400.0,0.9344811097882695,425.03559024101696,794.2047475490886,130,1500,0.08666666666666667,False,False,False,1.0
4436,straight_diagonal,normal_current,False,time_limit,,210.24935067275038,2683.281572999748,0.9216446932784231,662.5508862494519,996.3689037198353,0,1500,0.0,False,False,False,1.0
4437,one_turn,normal_current,False,time_limit,,1459.4389060411077,2683.281572999748,0.45609923284735915,308.19955210348263,598.2435019637119,128,1500,0.08533333333333333,False,False,False,1.0
4438,s_turn,normal_current,False,time_limit,,3174.5145082631775,2683.281572999748,0.0,408.8959162917284,1538.891466465222,917,1500,0.6113333333333333,False,False,False,0.3333333333333333
4439,bezier_fillet,normal_current,False,time_limit,,2501.361654030642,1697.0562748477141,0.0,483.278306025811,1355.154068815875,1017,1500,0.678,False,False,False,0.1
4440,straight_east,normal_current,False,time_limit,,890.1815977979683,2400.0,0.6290910009175132,900.5982199320872,1250.507838800277,0,1500,0.0,False,False,False,1.0
4441,straight_diagonal,normal_current,False,time_limit,,1588.0966239470697,2683.281572999748,0.408151332336072,1224.7744658351446,1705.412458087302,0,1500,0.0,False,False,False,1.0
4442,one_turn,normal_current,False,time_limit,,1440.6296848454074,2683.281572999748,0.46310901571359514,324.9970981415117,707.6024770074632,13,1500,0.008666666666666666,False,False,False,1.0
4443,s_turn,normal_current,False,time_limit,,2221.332369038283,2683.281572999748,0.17215830370162502,297.50325630346566,569.0898683024952,505,1500,0.33666666666666667,False,False,False,0.6666666666666666
4444,bezier_fillet,normal_current,False,time_limit,,1464.182983498513,1697.0562748477141,0.13722190289187552,137.1076639020369,301.18692292263773,740,1500,0.49333333333333335,False,False,False,0.1
4445,straight_east,current_limited,False,current_limited_safe_stop,,2968.2679279503745,2400.0,0.0,1678.5025809678557,2942.775373985047,986,1500,0.6573333333333333,True,False,False,1.0
4446,straight_diagonal,current_limited,False,current_limited_safe_stop,,3845.712963502896,2683.281572999748,0.0,1971.0187839026967,3579.7173094810705,1207,1500,0.8046666666666666,True,False,False,1.0
4447,one_turn,current_limited,False,current_limited_safe_stop,,3869.040646296633,2683.281572999748,0.0,1464.891315557885,2643.603515983261,1272,1500,0.848,True,False,False,0.5
4448,s_turn,current_limited,False,current_limited_safe_stop,,3863.991249353552,2683.281572999748,0.0,1400.7901082454493,2574.549653592637,1344,1500,0.896,True,False,False,0.3333333333333333
4449,bezier_fillet,current_limited,False,current_limited_safe_stop,,3642.3230388832303,1697.0562748477141,0.0,1309.9124224034088,2483.290293139137,1453,1500,0.9686666666666667,True,False,False,0.1
4450,straight_east,zero_current,False,time_limit,,899.2264365251821,2400.0,0.6253223181145074,303.04847413957583,758.1714215450925,546,1500,0.364,False,False,False,1.0
4451,straight_diagonal,zero_current,False,time_limit,,816.977742256468,2683.281572999748,0.6955303720350392,269.68357366393025,748.9094035890637,441,1500,0.294,False,False,False,1.0
4452,one_turn,zero_current,False,time_limit,,1959.7933899910404,2683.281572999748,0.269628126354213,368.9293970736647,925.6900774154174,591,1500,0.394,False,False,False,0.5
4453,s_turn,zero_current,False,time_limit,,1957.626460326374,2683.281572999748,0.2704356933596555,400.66742379001596,1003.524587960585,599,1500,0.3993333333333333,False,False,False,0.3333333333333333
4454,bezier_fillet,zero_current,False,time_limit,,1158.454314868498,1697.0562748477141,0.317374248551391,363.20292432339545,937.9543803597306,602,1500,0.4013333333333333,False,False,False,0.4
4455,straight_east,normal_current,False,time_limit,,940.1165377560911,2400.0,0.6082847759349621,287.49976000328655,902.3833684731189,407,1500,0.2713333333333333,False,False,False,1.0
4456,straight_diagonal,normal_current,False,time_limit,,819.4493635513423,2683.281572999748,0.6946092531633767,174.21417305459008,665.9555863630956,352,1500,0.23466666666666666,False,False,False,1.0
4457,one_turn,normal_current,False,time_limit,,2359.65652407021,2683.281572999748,0.12060793477135709,366.81718052315796,894.835419692949,717,1500,0.478,False,False,False,0.5
4458,s_turn,normal_current,False,time_limit,,2359.68239664155,2683.281572999748,0.12059829263331219,396.0891184985538,974.5573899310994,717,1500,0.478,False,False,False,0.3333333333333333
4459,bezier_fillet,normal_current,False,time_limit,,1405.5445892249854,1697.0562748477141,0.17177490808246038,456.40183225501517,1079.1610550613646,711,1500,0.474,False,False,False,0.4
4460,straight_east,normal_current,False,time_limit,,115.07715317278044,2400.0,0.9520511861780081,280.08883899604814,487.01013840554674,129,1500,0.086,False,False,False,1.0
4461,straight_diagonal,normal_current,False,time_limit,,142.6947860731367,2683.281572999748,0.946820793050946,462.89854009116743,760.0659925474102,0,1500,0.0,False,False,False,1.0
4462,one_turn,normal_current,False,time_limit,,1199.5370870542872,2683.281572999748,0.5529589219690885,256.1567508018458,587.4440826114405,258,1500,0.172,False,False,False,1.0
4463,s_turn,normal_current,False,time_limit,,2210.358584868817,2683.281572999748,0.1762479915971812,278.08160968018615,656.2690882202437,608,1500,0.4053333333333333,False,False,False,0.3333333333333333
4464,bezier_fillet,normal_current,False,time_limit,,2157.428287054183,1697.0562748477141,0.0,303.42440878951885,767.7339254210436,877,1500,0.5846666666666667,False,False,False,0.1
4465,straight_east,normal_current,False,time_limit,,972.4478773420999,2400.0,0.5948133844407917,521.723096846508,708.7535159091854,0,1500,0.0,False,False,False,1.0
4466,straight_diagonal,normal_current,False,time_limit,,1639.7867383939815,2683.281572999748,0.3888875640580655,979.95153267017,1414.8368280487493,0,1500,0.0,False,False,False,1.0
4467,one_turn,normal_current,False,time_limit,,1380.477715284407,2683.281572999748,0.48552633120007765,195.25732288136166,407.31421546997444,112,1500,0.07466666666666667,False,False,False,1.0
4468,s_turn,normal_current,False,time_limit,,1983.4646116267108,2683.281572999748,0.26080638290624253,162.42511417621657,375.9520332864099,311,1500,0.20733333333333334,False,False,False,0.6666666666666666
4469,bezier_fillet,normal_current,False,time_limit,,1306.4014038689832,1697.0562748477141,0.23019559031051373,205.61794920754087,521.3219357911466,601,1500,0.40066666666666667,False,False,False,0.3
4470,straight_east,current_limited,False,current_limited_safe_stop,,4806.506342885583,2400.0,0.0,701.4101046397772,1261.8080560480985,1499,1500,0.9993333333333333,True,False,False,1.0
4471,straight_diagonal,current_limited,False,current_limited_safe_stop,,4726.150432601913,2683.281572999748,0.0,1527.7926957649338,2847.069081922637,1499,1500,0.9993333333333333,True,False,False,1.0
4472,one_turn,current_limited,False,current_limited_safe_stop,,4664.8468584369675,2683.281572999748,0.0,591.6453653532184,1032.9598127838594,1499,1500,0.9993333333333333,True,False,False,0.5
4473,s_turn,current_limited,False,current_limited_safe_stop,,4680.141073945904,2683.281572999748,0.0,532.4036181677478,931.741704075857,1499,1500,0.9993333333333333,True,False,False,0.3333333333333333
4474,bezier_fillet,current_limited,False,current_limited_safe_stop,,3513.790624415668,1697.0562748477141,0.0,481.64962655936836,899.4110768465985,1499,1500,0.9993333333333333,True,False,False,0.1
4475,straight_east,zero_current,False,time_limit,,899.2264365251821,2400.0,0.6253223181145074,303.04847413957583,758.1714215450925,546,1500,0.364,False,False,False,1.0
4476,straight_diagonal,zero_current,False,time_limit,,816.977742256468,2683.281572999748,0.6955303720350392,269.68357366393025,748.9094035890637,441,1500,0.294,False,False,False,1.0
4477,one_turn,zero_current,False,time_limit,,1959.7933899910404,2683.281572999748,0.269628126354213,368.9293970736647,925.6900774154174,591,1500,0.394,False,False,False,0.5
4478,s_turn,zero_current,False,time_limit,,1957.626460326374,2683.281572999748,0.2704356933596555,400.66742379001596,1003.524587960585,599,1500,0.3993333333333333,False,False,False,0.3333333333333333
4479,bezier_fillet,zero_current,False,time_limit,,1158.454314868498,1697.0562748477141,0.317374248551391,363.20292432339545,937.9543803597306,602,1500,0.4013333333333333,False,False,False,0.4
4480,straight_east,normal_current,False,time_limit,,697.941507495062,2400.0,0.7091910385437241,295.6479534273122,504.12207042527325,420,1500,0.28,False,False,False,1.0
4481,straight_diagonal,normal_current,False,time_limit,,588.4638138624525,2683.281572999748,0.7806924849841288,227.84099676211278,465.16865169986386,437,1500,0.29133333333333333,False,False,False,1.0
4482,one_turn,normal_current,False,time_limit,,1704.4160051422843,2683.281572999748,0.3648016584272036,290.6533748864306,613.3366315012377,842,1500,0.5613333333333334,False,False,False,0.5
4483,s_turn,normal_current,False,time_limit,,1708.766012872168,2683.281572999748,0.36318050626275866,322.0002018719875,679.865354309748,615,1500,0.41,False,False,False,0.3333333333333333
4484,bezier_fillet,normal_current,False,time_limit,,896.3905026078828,1697.0562748477141,0.47179683084562374,364.28996247101134,779.3376692069606,867,1500,0.578,False,False,False,0.1
4485,straight_east,normal_current,False,time_limit,,137.35510708886437,2400.0,0.9427687053796399,485.78811466838425,848.9210649089484,103,1500,0.06866666666666667,False,False,False,1.0
4486,straight_diagonal,normal_current,False,time_limit,,184.7858408550679,2683.281572999748,0.9311343830947684,372.23240974114896,720.7225076454149,139,1500,0.09266666666666666,False,False,False,1.0
4487,one_turn,normal_current,False,time_limit,,1771.005603700581,2683.281572999748,0.33998518026540797,441.94778329649705,880.8691417153893,118,1500,0.07866666666666666,False,False,False,1.0
4488,s_turn,normal_current,False,time_limit,,2508.467232718185,2683.281572999748,0.06514945805189229,198.03564698374947,448.4317759868936,531,1500,0.354,False,False,False,0.3333333333333333
4489,bezier_fillet,normal_current,False,time_limit,,521.8400077711724,1697.0562748477141,0.6925028265088028,511.5478434481691,1479.2002122848728,1057,1500,0.7046666666666667,False,False,False,0.1
4490,straight_east,normal_current,False,time_limit,,951.7520065765243,2400.0,0.6034366639264482,959.4610904817696,1298.1075540488619,0,1500,0.0,False,False,False,1.0
4491,straight_diagonal,normal_current,False,time_limit,,634.324459014832,2683.281572999748,0.7636012316420094,659.2545004020675,993.2824067245062,0,1500,0.0,False,False,False,1.0
4492,one_turn,normal_current,False,time_limit,,2030.89242705737,2683.281572999748,0.2431310796850313,390.12788137490156,740.6899734362014,239,1500,0.15933333333333333,False,False,False,1.0
4493,s_turn,normal_current,False,time_limit,,2094.9123547390454,2683.281572999748,0.21927226131655683,270.35416170539395,573.9264535093193,457,1500,0.30466666666666664,False,False,False,0.3333333333333333
4494,bezier_fillet,normal_current,False,time_limit,,1931.9966651591585,1697.0562748477141,0.0,206.25351993065254,427.87352565373277,780,1500,0.52,False,False,False,0.2
4495,straight_east,current_limited,False,current_limited_safe_stop,,3011.126655796725,2400.0,0.0,1726.2356389097906,2987.5088076104416,993,1500,0.662,True,False,False,1.0
4496,straight_diagonal,current_limited,False,current_limited_safe_stop,,2327.6043897184427,2683.281572999748,0.1325530599771083,1213.9320045651261,1910.3414713033676,788,1500,0.5253333333333333,True,False,False,1.0
4497,one_turn,current_limited,False,current_limited_safe_stop,,1643.288927122832,2683.281572999748,0.3875823753801083,1575.1310568681413,2780.727950121461,1271,1500,0.8473333333333334,True,False,False,0.5
4498,s_turn,current_limited,False,current_limited_safe_stop,,1628.7439713713566,2683.281572999748,0.3930029603451126,1440.223550043418,2607.837725702847,1362,1500,0.908,True,False,False,0.3333333333333333
4499,bezier_fillet,current_limited,False,current_limited_safe_stop,,1400.343306298467,1697.0562748477141,0.17483979343930284,1378.6420005856446,2531.49459129307,1462,1500,0.9746666666666667,True,False,False,0.1
4500,straight_east,zero_current,True,goal_reached,175.0,38.86571790510334,2400.0,0.9838059508728736,0.0,0.0,0,875,0.0,False,False,False,1.0
4501,straight_diagonal,zero_current,False,time_limit,,801.1353084573698,2683.281572999748,0.7014344985190099,307.0866561865178,726.6067775201931,427,1500,0.2846666666666667,False,False,False,1.0
4502,one_turn,zero_current,False,time_limit,,1801.1274725073263,2683.281572999748,0.32875942255520585,282.1122379113034,694.7175591785626,329,1500,0.21933333333333332,False,False,False,1.0
4503,s_turn,zero_current,False,time_limit,,1953.0469348346783,2683.281572999748,0.2721423817436763,285.79461111061744,695.3402939267812,571,1500,0.38066666666666665,False,False,False,0.6666666666666666
4504,bezier_fillet,zero_current,False,time_limit,,1119.8324924497324,1697.0562748477141,0.34013237566313415,408.29760013253593,1030.582074588017,596,1500,0.3973333333333333,False,False,False,0.5
4505,straight_east,normal_current,True,goal_reached,161.0,39.397951889924116,2400.0,0.9835841867125317,0.0,0.0,0,805,0.0,False,False,False,1.0
4506,straight_diagonal,normal_current,False,time_limit,,631.5289012390328,2683.281572999748,0.7646430745122953,318.6527919523976,575.1714871280197,486,1500,0.324,False,False,False,1.0
4507,one_turn,normal_current,False,time_limit,,1515.3028906725992,2683.281572999748,0.43527995499235606,313.0957574102855,819.3309939373185,289,1500,0.19266666666666668,False,False,False,1.0
4508,s_turn,normal_current,False,time_limit,,1818.0600802018864,2683.281572999748,0.32244901224831046,301.542651552764,818.5615839270149,612,1500,0.408,False,False,False,0.6666666666666666
4509,bezier_fillet,normal_current,False,time_limit,,1064.8106285417462,1697.0562748477141,0.3725543198988512,379.74410586033275,958.9149547051893,717,1500,0.478,False,False,False,0.4
4510,straight_east,normal_current,True,goal_reached,141.20000000000002,39.41475254492161,2400.0,0.983577186439616,0.0,0.0,0,706,0.0,False,False,False,1.0
4511,straight_diagonal,normal_current,True,goal_reached,292.40000000000003,38.224565999895205,2683.281572999748,0.9857545453356344,296.74968575976993,513.8118265309145,219,1462,0.14979480164158687,False,False,False,1.0
4512,one_turn,normal_current,False,time_limit,,1117.0821431257448,2683.281572999748,0.5836880652532809,494.5386447834743,1080.3513920383211,244,1500,0.16266666666666665,False,False,False,1.0
4513,s_turn,normal_current,False,time_limit,,1833.2282104267256,2683.281572999748,0.31679618386925884,473.71705186318286,1081.1721369449983,584,1500,0.3893333333333333,False,False,False,1.0
4514,bezier_fillet,normal_current,False,time_limit,,1227.7598765115595,1697.0562748477141,0.27653555470826513,287.09833246099737,757.5007727945292,553,1500,0.36866666666666664,False,False,False,0.3
4515,straight_east,normal_current,True,goal_reached,127.4,39.209373466751,2400.0,0.9836627610555204,0.0,0.0,0,637,0.0,False,False,False,1.0
4516,straight_diagonal,normal_current,False,time_limit,,279.0865962229473,2683.281572999748,0.895990566539409,299.4815928344357,571.8649829921758,225,1500,0.15,False,False,False,1.0
4517,one_turn,normal_current,False,time_limit,,522.6681702134924,2683.281572999748,0.8052130736212001,827.9218698131125,1379.0004870432895,457,1500,0.30466666666666664,False,False,False,1.0
4518,s_turn,normal_current,False,time_limit,,984.7597301459986,2683.281572999748,0.6330017169815331,822.8729418410768,1372.3037567552242,566,1500,0.37733333333333335,False,False,False,0.6666666666666666
4519,bezier_fillet,normal_current,False,time_limit,,865.7572745149936,1697.0562748477141,0.48984763360738726,235.9573658168168,622.8298316268371,586,1500,0.39066666666666666,False,False,False,0.3
4520,straight_east,current_limited,True,goal_reached,112.80000000000001,36.790319012196505,2400.0,0.9846707004115848,0.0,0.0,0,564,0.0,True,False,False,1.0
4521,straight_diagonal,current_limited,False,current_limited_safe_stop,,1764.9242709939335,2683.281572999748,0.3422515591530508,407.55158203396843,644.8609509397966,792,1500,0.528,True,False,False,1.0
4522,one_turn,current_limited,False,current_limited_safe_stop,,1649.7776523296166,2683.281572999748,0.3851641702718272,1395.3694342554425,2777.689168221067,1212,1500,0.808,True,False,False,1.0
4523,s_turn,current_limited,False,current_limited_safe_stop,,1367.10380136747,2683.281572999748,0.49051049464066127,1575.019813193897,2927.7310130149926,1308,1500,0.872,True,False,False,0.6666666666666666
4524,bezier_fillet,current_limited,False,current_limited_safe_stop,,2222.903195940584,1697.0562748477141,0.0,199.85885159860047,439.006190974241,1351,1500,0.9006666666666666,True,False,False,0.3
4525,straight_east,zero_current,True,goal_reached,175.0,38.86571790510334,2400.0,0.9838059508728736,0.0,0.0,0,875,0.0,False,False,False,1.0
4526,straight_diagonal,zero_current,False,time_limit,,801.1353084573698,2683.281572999748,0.7014344985190099,307.0866561865178,726.6067775201931,427,1500,0.2846666666666667,False,False,False,1.0
4527,one_turn,zero_current,False,time_limit,,1801.1274725073263,2683.281572999748,0.32875942255520585,282.1122379113034,694.7175591785626,329,1500,0.21933333333333332,False,False,False,1.0
4528,s_turn,zero_current,False,time_limit,,1953.0469348346783,2683.281572999748,0.2721423817436763,285.79461111061744,695.3402939267812,571,1500,0.38066666666666665,False,False,False,0.6666666666666666
4529,bezier_fillet,zero_current,False,time_limit,,1119.8324924497324,1697.0562748477141,0.34013237566313415,408.29760013253593,1030.582074588017,596,1500,0.3973333333333333,False,False,False,0.5
4530,straight_east,normal_current,False,time_limit,,704.6489408403353,2400.0,0.7063962746498602,264.8892181907182,465.4044420336895,438,1500,0.292,False,False,False,1.0
4531,straight_diagonal,normal_current,False,time_limit,,528.3051494285953,2683.281572999748,0.8031122955024129,352.7465730675921,582.6924440896535,266,1500,0.17733333333333334,False,False,False,1.0
4532,one_turn,normal_current,False,time_limit,,2328.3849958903984,2683.281572999748,0.13226214523308352,271.93438122929354,637.7893088435069,717,1500,0.478,False,False,False,0.5
4533,s_turn,normal_current,False,time_limit,,2343.2008488166193,2683.281572999748,0.12674060285180533,310.4468269738346,740.5265024266225,675,1500,0.45,False,False,False,0.3333333333333333
4534,bezier_fillet,normal_current,False,time_limit,,1569.445374140599,1697.0562748477141,0.07519544436943695,358.1335662291289,795.6686465077776,696,1500,0.464,False,False,False,0.2
4535,straight_east,normal_current,False,time_limit,,148.00852826375177,2400.0,0.9383297798901034,457.26045166659526,823.3457749520217,119,1500,0.07933333333333334,False,False,False,1.0
4536,straight_diagonal,normal_current,False,time_limit,,239.0688611677102,2683.281572999748,0.9109042958542567,697.1177430145499,1023.1960440956091,0,1500,0.0,False,False,False,1.0
4537,one_turn,normal_current,False,time_limit,,1259.862584823137,2683.281572999748,0.5304769363378118,265.9828863388092,474.2872697030248,0,1500,0.0,False,False,False,1.0
4538,s_turn,normal_current,False,time_limit,,3218.0561214311742,2683.281572999748,0.0,455.28853662487654,1585.5836175355216,928,1500,0.6186666666666667,False,False,False,0.3333333333333333
4539,bezier_fillet,normal_current,False,time_limit,,2580.2111403850326,1697.0562748477141,0.0,501.6749080031198,1430.762959458975,1030,1500,0.6866666666666666,False,False,False,0.1
4540,straight_east,normal_current,False,time_limit,,917.9204872726262,2400.0,0.6175331303030723,929.875952964621,1273.456081974542,0,1500,0.0,False,False,False,1.0
4541,straight_diagonal,normal_current,False,time_limit,,1626.4779323741213,2683.281572999748,0.3938474632180265,1255.2650650412984,1734.7267317814587,0,1500,0.0,False,False,False,1.0
4542,one_turn,normal_current,False,time_limit,,1615.481377356966,2683.281572999748,0.39794563730747246,351.7356883614954,720.6219590276255,0,1500,0.0,False,False,False,1.0
4543,s_turn,normal_current,False,time_limit,,2196.8679097843124,2683.281572999748,0.18127566935573375,245.04296533434783,566.5854737868167,530,1500,0.35333333333333333,False,False,False,0.3333333333333333
4544,bezier_fillet,normal_current,False,time_limit,,1793.2705242345721,1697.0562748477141,0.0,169.49637637939264,378.2879868762979,688,1500,0.45866666666666667,False,False,False,0.2
4545,straight_east,current_limited,False,current_limited_safe_stop,,2989.0116710246393,2400.0,0.0,1701.934218740553,2964.157669813815,991,1500,0.6606666666666666,True,False,False,1.0
4546,straight_diagonal,current_limited,False,current_limited_safe_stop,,3875.90332160291,2683.281572999748,0.0,1995.7826267284609,3604.4873178297726,1201,1500,0.8006666666666666,True,False,False,1.0
4547,one_turn,current_limited,False,current_limited_safe_stop,,3888.5913196088645,2683.281572999748,0.0,1487.0192427173442,2663.594657881492,1273,1500,0.8486666666666667,True,False,False,0.5
4548,s_turn,current_limited,False,current_limited_safe_stop,,3875.633336086642,2683.281572999748,0.0,1417.264191985398,2587.125478597084,1352,1500,0.9013333333333333,True,False,False,0.3333333333333333
4549,bezier_fillet,current_limited,False,current_limited_safe_stop,,3699.4891723657006,1697.0562748477141,0.0,1364.8598590361971,2542.5700151629576,1460,1500,0.9733333333333334,True,False,False,0.1
4550,straight_east,zero_current,True,goal_reached,175.0,38.86571790510334,2400.0,0.9838059508728736,0.0,0.0,0,875,0.0,False,False,False,1.0
4551,straight_diagonal,zero_current,False,time_limit,,801.1353084573698,2683.281572999748,0.7014344985190099,307.0866561865178,726.6067775201931,427,1500,0.2846666666666667,False,False,False,1.0
4552,one_turn,zero_current,False,time_limit,,1801.1274725073263,2683.281572999748,0.32875942255520585,282.1122379113034,694.7175591785626,329,1500,0.21933333333333332,False,False,False,1.0
4553,s_turn,zero_current,False,time_limit,,1953.0469348346783,2683.281572999748,0.2721423817436763,285.79461111061744,695.3402939267812,571,1500,0.38066666666666665,False,False,False,0.6666666666666666
4554,bezier_fillet,zero_current,False,time_limit,,1119.8324924497324,1697.0562748477141,0.34013237566313415,408.29760013253593,1030.582074588017,596,1500,0.3973333333333333,False,False,False,0.5
4555,straight_east,normal_current,True,goal_reached,194.0,39.6376167327594,2400.0,0.9834843263613503,0.0,0.0,0,970,0.0,False,False,False,1.0
4556,straight_diagonal,normal_current,False,time_limit,,791.7132555234984,2683.281572999748,0.7049458903269661,255.82522234349565,684.3352764789649,335,1500,0.22333333333333333,False,False,False,1.0
4557,one_turn,normal_current,False,time_limit,,2001.4706716543822,2683.281572999748,0.25409592053477337,250.75145775841762,792.5572400955674,335,1500,0.22333333333333333,False,False,False,1.0
4558,s_turn,normal_current,False,time_limit,,2345.5740602578458,2683.281572999748,0.12585615916721155,338.30548745599236,702.1358350016842,584,1500,0.3893333333333333,False,False,False,0.6666666666666666
4559,bezier_fillet,normal_current,False,time_limit,,731.7122060549788,1697.0562748477141,0.5688344476846301,198.8187347698479,779.868132885786,563,1500,0.37533333333333335,False,False,False,1.0
4560,straight_east,normal_current,False,time_limit,,100.42026262671016,2400.0,0.9581582239055374,0.0,0.0,67,1500,0.04466666666666667,False,False,False,1.0
4561,straight_diagonal,normal_current,False,time_limit,,164.79757890125612,2683.281572999748,0.9385835685082343,113.96040667829357,195.0783441737899,138,1500,0.092,False,False,False,1.0
4562,one_turn,normal_current,False,time_limit,,1326.9748985842402,2683.281572999748,0.5054656537216249,107.26699765485323,342.820759704035,325,1500,0.21666666666666667,False,False,False,1.0
4563,s_turn,normal_current,False,time_limit,,2803.527795715053,2683.281572999748,0.0,378.85842868435384,1126.9723731037088,630,1500,0.42,False,False,False,0.6666666666666666
4564,bezier_fillet,normal_current,False,time_limit,,2024.210597006578,1697.0562748477141,0.0,230.54937553573748,656.9747971371299,1023,1500,0.682,False,False,False,0.5
4565,straight_east,normal_current,False,time_limit,,638.091522896957,2400.0,0.7341285321262679,0.0,0.0,0,1500,0.0,False,False,False,1.0
4566,straight_diagonal,normal_current,False,time_limit,,1608.1023592053887,2683.281572999748,0.4006956350064944,851.077765050841,1348.1814235252878,0,1500,0.0,False,False,False,1.0
4567,one_turn,normal_current,False,time_limit,,1549.171984869053,2683.281572999748,0.4226576888324204,33.81493732367289,335.8402524595783,15,1500,0.01,False,False,False,1.0
4568,s_turn,normal_current,False,time_limit,,1866.823111540872,2683.281572999748,0.304276103437823,112.85289432201044,399.87340019734745,357,1500,0.238,False,False,False,0.6666666666666666
4569,bezier_fillet,normal_current,False,time_limit,,1211.5510964351029,1697.0562748477141,0.28608666996395166,310.8413262741774,1140.0096734438891,805,1500,0.5366666666666666,False,False,False,0.2
4570,straight_east,current_limited,False,current_limited_safe_stop,,4730.45974397833,2400.0,0.0,0.0,0.0,1499,1500,0.9993333333333333,True,False,False,1.0
4571,straight_diagonal,current_limited,False,current_limited_safe_stop,,4727.751860020814,2683.281572999748,0.0,1459.4742699168276,2805.338002990058,1499,1500,0.9993333333333333,True,False,False,1.0
4572,one_turn,current_limited,False,current_limited_safe_stop,,4880.291936902907,2683.281572999748,0.0,0.0,0.0,1499,1500,0.9993333333333333,True,False,False,0.5
4573,s_turn,current_limited,False,current_limited_safe_stop,,4880.291936902907,2683.281572999748,0.0,0.0,0.0,1499,1500,0.9993333333333333,True,False,False,0.3333333333333333
4574,bezier_fillet,current_limited,False,current_limited_safe_stop,,3510.581384358818,1697.0562748477141,0.0,453.7650433631973,896.9510388304536,1499,1500,0.9993333333333333,True,False,False,0.1
4575,straight_east,zero_current,True,goal_reached,175.0,38.86571790510334,2400.0,0.9838059508728736,0.0,0.0,0,875,0.0,False,False,False,1.0
4576,straight_diagonal,zero_current,False,time_limit,,801.1353084573698,2683.281572999748,0.7014344985190099,307.0866561865178,726.6067775201931,427,1500,0.2846666666666667,False,False,False,1.0
4577,one_turn,zero_current,False,time_limit,,1801.1274725073263,2683.281572999748,0.32875942255520585,282.1122379113034,694.7175591785626,329,1500,0.21933333333333332,False,False,False,1.0
4578,s_turn,zero_current,False,time_limit,,1953.0469348346783,2683.281572999748,0.2721423817436763,285.79461111061744,695.3402939267812,571,1500,0.38066666666666665,False,False,False,0.6666666666666666
4579,bezier_fillet,zero_current,False,time_limit,,1119.8324924497324,1697.0562748477141,0.34013237566313415,408.29760013253593,1030.582074588017,596,1500,0.3973333333333333,False,False,False,0.5
4580,straight_east,normal_current,False,time_limit,,704.6489408403376,2400.0,0.7063962746498593,264.889218190719,465.40444203368907,438,1500,0.292,False,False,False,1.0
4581,straight_diagonal,normal_current,False,time_limit,,1066.5834517525816,2683.281572999748,0.6025078163674767,269.048953118443,1060.3454877688298,505,1500,0.33666666666666667,False,False,False,1.0
4582,one_turn,normal_current,False,time_limit,,1714.9187478508986,2683.281572999748,0.36088751731942825,271.93438122929433,637.7893088435198,717,1500,0.478,False,False,False,0.5
4583,s_turn,normal_current,False,time_limit,,1723.379112832506,2683.281572999748,0.3577345254505394,310.4468269738355,740.5265024266264,675,1500,0.45,False,False,False,0.3333333333333333
4584,bezier_fillet,normal_current,False,time_limit,,732.6579259185175,1697.0562748477141,0.5682771769107876,436.274846015497,1075.2629222328273,591,1500,0.394,False,False,False,0.6
4585,straight_east,normal_current,False,time_limit,,148.00852826375547,2400.0,0.9383297798901018,457.26045166659617,823.345774952023,119,1500,0.07933333333333334,False,False,False,1.0
4586,straight_diagonal,normal_current,False,time_limit,,205.7554996295415,2683.281572999748,0.923319452680652,330.4492780657757,679.1697490421172,154,1500,0.10266666666666667,False,False,False,1.0
4587,one_turn,normal_current,False,time_limit,,1742.5603110250668,2683.281572999748,0.35058611494246245,429.34561558216615,873.9363298199933,115,1500,0.07666666666666666,False,False,False,1.0
4588,s_turn,normal_current,False,time_limit,,1656.8294530549026,2683.281572999748,0.3825361193075736,455.28853662487444,1585.5836175355157,928,1500,0.6186666666666667,False,False,False,0.3333333333333333
4589,bezier_fillet,normal_current,False,time_limit,,470.822701523762,1697.0562748477141,0.722565062513315,495.2806350447874,1392.9883720886803,1034,1500,0.6893333333333334,False,False,False,0.1
4590,straight_east,normal_current,False,time_limit,,917.920487272619,2400.0,0.6175331303030753,929.8759529646185,1273.4560819745402,0,1500,0.0,False,False,False,1.0
4591,straight_diagonal,normal_current,False,time_limit,,605.432084426037,2683.281572999748,0.774368783910665,627.6806102637283,967.7926772835701,0,1500,0.0,False,False,False,1.0
4592,one_turn,normal_current,False,time_limit,,2053.6267262566707,2683.281572999748,0.23465850661328871,362.45349274041985,720.6219590276294,287,1500,0.19133333333333333,False,False,False,1.0
4593,s_turn,normal_current,False,time_limit,,2403.938615593771,2683.281572999748,0.10410497363259877,245.0429653343598,566.5854737868185,530,1500,0.35333333333333333,False,False,False,0.3333333333333333
4594,bezier_fillet,normal_current,False,time_limit,,1636.9017475214298,1697.0562748477141,0.035446395159572604,159.58278826179273,329.63038012451955,682,1500,0.45466666666666666,False,False,False,0.2
4595,straight_east,current_limited,False,current_limited_safe_stop,,2989.0116710246334,2400.0,0.0,1701.9342187405532,2964.1576698138097,991,1500,0.6606666666666666,True,False,False,1.0
4596,straight_diagonal,current_limited,False,current_limited_safe_stop,,2306.65976999211,2683.281572999748,0.1403586588889355,1185.93946297989,1887.4493664375357,786,1500,0.524,True,False,False,1.0
4597,one_turn,current_limited,False,current_limited_safe_stop,,1633.6653885089306,2683.281572999748,0.39116885646757127,1558.7472400009162,2770.1488731482204,1273,1500,0.8486666666666667,True,False,False,0.5
4598,s_turn,current_limited,False,current_limited_safe_stop,,1613.1743422581585,2683.281572999748,0.3988054185253744,1417.2641919853945,2587.1254785970773,1352,1500,0.9013333333333333,True,False,False,0.3333333333333333
4599,bezier_fillet,current_limited,False,current_limited_safe_stop,,1322.0463603392132,1697.0562748477141,0.22097671130095706,1305.3859073106762,2449.893375458741,1455,1500,0.97,True,False,False,0.1
4600,straight_east,zero_current,False,time_limit,,899.226436525178,2400.0,0.6253223181145091,303.0484741395743,758.1714215450929,546,1500,0.364,False,False,False,1.0
4601,straight_diagonal,zero_current,False,time_limit,,779.0801760226552,2683.281572999748,0.7096539610818069,333.221609911576,712.5491798339498,408,1500,0.272,False,False,False,1.0
4602,one_turn,zero_current,False,time_limit,,1991.2283259384753,2683.281572999748,0.257913017413077,368.9293970736674,925.6900774154224,591,1500,0.394,False,False,False,0.5
4603,s_turn,zero_current,False,time_limit,,2031.1597559447907,2683.281572999748,0.2430314520909276,400.6674237900144,1003.5245879605815,599,1500,0.3993333333333333,False,False,False,0.3333333333333333
4604,bezier_fillet,zero_current,False,time_limit,,1138.114309396861,1697.0562748477141,0.329359711716696,400.5844595488587,1010.1957865727305,728,1500,0.48533333333333334,False,False,False,0.2
4605,straight_east,normal_current,False,time_limit,,726.4397264063346,2400.0,0.6973167806640272,308.10518914979616,774.779920808601,503,1500,0.3353333333333333,False,False,False,1.0
4606,straight_diagonal,normal_current,False,time_limit,,620.3628729668145,2683.281572999748,0.7688044075548561,343.2273639212751,556.673455387747,465,1500,0.31,False,False,False,1.0
4607,one_turn,normal_current,False,time_limit,,1644.1756766152432,2683.281572999748,0.3872519033561008,372.55910108823895,956.146405644137,572,1500,0.38133333333333336,False,False,False,0.5
4608,s_turn,normal_current,False,time_limit,,1942.6764977635423,2683.281572999748,0.2760072154515836,408.29796986062144,1022.4599347037506,698,1500,0.4653333333333333,False,False,False,0.3333333333333333
4609,bezier_fillet,normal_current,False,time_limit,,2087.8743167011075,1697.0562748477141,0.0,450.076895792074,1001.0640315352555,881,1500,0.5873333333333334,False,False,False,0.1
4610,straight_east,normal_current,False,time_limit,,407.3987679400138,2400.0,0.8302505133583276,306.85519011609017,815.3535673904397,463,1500,0.30866666666666664,False,False,False,1.0
4611,straight_diagonal,normal_current,True,goal_reached,291.40000000000003,39.351040250603724,2683.281572999748,0.9853347331690534,321.5023099688071,546.9125431539264,190,1457,0.13040494166094715,False,False,False,1.0
4612,one_turn,normal_current,False,time_limit,,1517.189187721897,2683.281572999748,0.43457697358769154,381.036969235346,1011.8208768484944,545,1500,0.36333333333333334,False,False,False,0.5
4613,s_turn,normal_current,False,time_limit,,1971.6825747892212,2683.281572999748,0.26519728878658144,401.19967661139907,1027.708451505071,543,1500,0.362,False,False,False,0.3333333333333333
4614,bezier_fillet,normal_current,False,time_limit,,1370.6808624910516,1697.0562748477141,0.19231855607495982,328.4868071925385,851.9375192351629,566,1500,0.37733333333333335,False,False,False,0.2
4615,straight_east,normal_current,False,time_limit,,1044.506230061614,2400.0,0.5647890708076608,301.08718665261927,859.5467792812464,546,1500,0.364,False,False,False,1.0
4616,straight_diagonal,normal_current,False,time_limit,,240.87185995520252,2683.281572999748,0.9102323578788929,322.7367461682944,603.9064400815748,201,1500,0.134,False,False,False,1.0
4617,one_turn,normal_current,False,time_limit,,1299.1787531720959,2683.281572999748,0.5158246654972956,369.6880013894515,1010.2052839844102,588,1500,0.392,False,False,False,0.5
4618,s_turn,normal_current,False,time_limit,,1235.887523452002,2683.281572999748,0.5394119141695763,680.846853673037,1177.3968121309654,486,1500,0.324,False,False,False,0.6666666666666666
4619,bezier_fillet,normal_current,False,time_limit,,896.4130621803506,1697.0562748477141,0.4717835374900632,264.5361951438124,758.9955021044665,581,1500,0.3873333333333333,False,False,False,0.2
4620,straight_east,current_limited,False,current_limited_safe_stop,,2272.3495500468075,2400.0,0.05318768748049687,295.36377393847994,836.1095730596902,926,1500,0.6173333333333333,True,False,False,1.0
4621,straight_diagonal,current_limited,False,current_limited_safe_stop,,1760.837387805865,2683.281572999748,0.3437746505904878,437.14438638398383,677.1394428400449,780,1500,0.52,True,False,False,1.0
4622,one_turn,current_limited,False,current_limited_safe_stop,,1538.4364802750147,2683.281572999748,0.42665857517325884,1327.190506242857,2653.7342050955813,1189,1500,0.7926666666666666,True,False,False,1.0
4623,s_turn,current_limited,False,current_limited_safe_stop,,1230.4404842183046,2683.281572999748,0.5414419058366856,1486.0307615180345,2788.1882465655744,1297,1500,0.8646666666666667,True,False,False,0.6666666666666666
4624,bezier_fillet,current_limited,False,current_limited_safe_stop,,2297.164588215772,1697.0562748477141,0.0,188.85124192954063,513.856853132471,1396,1500,0.9306666666666666,True,False,False,0.2
4625,straight_east,zero_current,False,time_limit,,899.226436525178,2400.0,0.6253223181145091,303.0484741395743,758.1714215450929,546,1500,0.364,False,False,False,1.0
4626,straight_diagonal,zero_current,False,time_limit,,779.0801760226552,2683.281572999748,0.7096539610818069,333.221609911576,712.5491798339498,408,1500,0.272,False,False,False,1.0
4627,one_turn,zero_current,False,time_limit,,1991.2283259384753,2683.281572999748,0.257913017413077,368.9293970736674,925.6900774154224,591,1500,0.394,False,False,False,0.5
4628,s_turn,zero_current,False,time_limit,,2031.1597559447907,2683.281572999748,0.2430314520909276,400.6674237900144,1003.5245879605815,599,1500,0.3993333333333333,False,False,False,0.3333333333333333
4629,bezier_fillet,zero_current,False,time_limit,,1138.114309396861,1697.0562748477141,0.329359711716696,400.5844595488587,1010.1957865727305,728,1500,0.48533333333333334,False,False,False,0.2
4630,straight_east,normal_current,False,time_limit,,697.9415074950589,2400.0,0.7091910385437254,295.6479534273135,504.1220704252678,420,1500,0.28,False,False,False,1.0
4631,straight_diagonal,normal_current,False,time_limit,,487.63074582343285,2683.281572999748,0.8182707507366471,383.10779382315076,616.8824374822285,244,1500,0.16266666666666665,False,False,False,1.0
4632,one_turn,normal_current,False,time_limit,,2418.4808764575846,2683.281572999748,0.0986853929929284,290.6533748864318,613.3366315012231,842,1500,0.5613333333333334,False,False,False,0.5
4633,s_turn,normal_current,False,time_limit,,2406.079257410017,2683.281572999748,0.10330720352983133,322.00020187198726,679.8653543097539,615,1500,0.41,False,False,False,0.3333333333333333
4634,bezier_fillet,normal_current,False,time_limit,,1641.2874394033374,1697.0562748477141,0.03286210143466287,359.1606471908234,743.1737439462676,874,1500,0.5826666666666667,False,False,False,0.1
4635,straight_east,normal_current,False,time_limit,,137.3551070888596,2400.0,0.9427687053796417,485.7881146683893,848.921064908955,103,1500,0.06866666666666667,False,False,False,1.0
4636,straight_diagonal,normal_current,False,time_limit,,297.3181533467407,2683.281572999748,0.8891960663619968,740.24378163398,1057.6793266141794,0,1500,0.0,False,False,False,1.0
4637,one_turn,normal_current,False,time_limit,,1261.671230983132,2683.281572999748,0.5298028937109797,276.9417882469648,492.7094458105471,0,1500,0.0,False,False,False,1.0
4638,s_turn,normal_current,False,time_limit,,2148.5160844661805,2683.281572999748,0.19929533073032346,198.03564698375138,448.43177598690863,531,1500,0.354,False,False,False,0.3333333333333333
4639,bezier_fillet,normal_current,False,time_limit,,2704.308131630478,1697.0562748477141,0.0,519.7751468555384,1531.743986019033,1056,1500,0.704,False,False,False,0.1
4640,straight_east,normal_current,False,time_limit,,951.752006576522,2400.0,0.6034366639264491,959.4610904817673,1298.1075540488582,0,1500,0.0,False,False,False,1.0
4641,straight_diagonal,normal_current,False,time_limit,,1685.1069605903479,2683.281572999748,0.37199771446032054,1293.778474666515,1776.9388608835534,0,1500,0.0,False,False,False,1.0
4642,one_turn,normal_current,False,time_limit,,1670.8457992186177,2683.281572999748,0.37731253550453436,379.4898003906421,740.6899734362014,0,1500,0.0,False,False,False,1.0
4643,s_turn,normal_current,False,time_limit,,1847.04089858263,2683.281572999748,0.31164849892449076,270.3541617053858,573.926453509323,457,1500,0.30466666666666664,False,False,False,0.3333333333333333
4644,bezier_fillet,normal_current,False,time_limit,,1835.099677193881,1697.0562748477141,0.0,235.50811393521272,501.59144247671094,777,1500,0.518,False,False,False,0.2
4645,straight_east,current_limited,False,current_limited_safe_stop,,3011.1266557967147,2400.0,0.0,1726.2356389097813,2987.508807610431,993,1500,0.662,True,False,False,1.0
4646,straight_diagonal,current_limited,False,current_limited_safe_stop,,3921.722854815623,2683.281572999748,0.0,2028.515107559801,3639.9886175478023,1199,1500,0.7993333333333333,True,False,False,1.0
4647,one_turn,current_limited,False,current_limited_safe_stop,,3910.298794245385,2683.281572999748,0.0,1510.8010747700937,2685.634361981146,1271,1500,0.8473333333333334,True,False,False,0.5
4648,s_turn,current_limited,False,current_limited_safe_stop,,3894.9233635146493,2683.281572999748,0.0,1440.223550043424,2607.837725702856,1362,1500,0.908,True,False,False,0.3333333333333333
4649,bezier_fillet,current_limited,False,current_limited_safe_stop,,3793.2392905990446,1697.0562748477141,0.0,1452.7183027262029,2639.691306364362,1468,1500,0.9786666666666667,True,False,False,0.1
4650,straight_east,zero_current,False,time_limit,,899.226436525178,2400.0,0.6253223181145091,303.0484741395743,758.1714215450929,546,1500,0.364,False,False,False,1.0
4651,straight_diagonal,zero_current,False,time_limit,,779.0801760226552,2683.281572999748,0.7096539610818069,333.221609911576,712.5491798339498,408,1500,0.272,False,False,False,1.0
4652,one_turn,zero_current,False,time_limit,,1991.2283259384753,2683.281572999748,0.257913017413077,368.9293970736674,925.6900774154224,591,1500,0.394,False,False,False,0.5
4653,s_turn,zero_current,False,time_limit,,2031.1597559447907,2683.281572999748,0.2430314520909276,400.6674237900144,1003.5245879605815,599,1500,0.3993333333333333,False,False,False,0.3333333333333333
4654,bezier_fillet,zero_current,False,time_limit,,1138.114309396861,1697.0562748477141,0.329359711716696,400.5844595488587,1010.1957865727305,728,1500,0.48533333333333334,False,False,False,0.2
4655,straight_east,normal_current,False,time_limit,,940.1165377560916,2400.0,0.6082847759349619,287.4997600032853,902.3833684731219,407,1500,0.2713333333333333,False,False,False,1.0
4656,straight_diagonal,normal_current,False,time_limit,,754.8047904479928,2683.281572999748,0.7187008631359674,286.114879398412,668.6571090612608,318,1500,0.212,False,False,False,1.0
4657,one_turn,normal_current,False,time_limit,,2388.171667327605,2683.281572999748,0.10998096831941032,366.817180523157,894.8354196929477,717,1500,0.478,False,False,False,0.5
4658,s_turn,normal_current,False,time_limit,,2445.8052996986353,2683.281572999748,0.08850218169076766,396.0891184985566,974.5573899311039,717,1500,0.478,False,False,False,0.3333333333333333
4659,bezier_fillet,normal_current,False,time_limit,,1471.4220876245379,1697.0562748477141,0.13295621987751916,410.518212603072,1015.9233433660369,704,1500,0.4693333333333333,False,False,False,0.2
4660,straight_east,normal_current,False,time_limit,,115.07715317277811,2400.0,0.9520511861780091,280.08883899604575,487.01013840554106,129,1500,0.086,False,False,False,1.0
4661,straight_diagonal,normal_current,False,time_limit,,150.1815339566774,2683.281572999748,0.9440306468512794,184.0464615759551,265.3029848397891,114,1500,0.076,False,False,False,1.0
4662,one_turn,normal_current,False,time_limit,,1216.0005428841598,2683.281572999748,0.5468233542390618,152.19109696809124,310.002787823247,301,1500,0.20066666666666666,False,False,False,1.0
4663,s_turn,normal_current,False,time_limit,,2579.8620472408074,2683.281572999748,0.03854218163296354,278.0816096801855,656.2690882202478,608,1500,0.4053333333333333,False,False,False,0.3333333333333333
4664,bezier_fillet,normal_current,False,time_limit,,2129.9042716163844,1697.0562748477141,0.0,270.1757814611557,638.7595921156711,892,1500,0.5946666666666667,False,False,False,0.1
4665,straight_east,normal_current,False,time_limit,,972.447877342102,2400.0,0.5948133844407909,521.7230968465102,708.7535159091854,0,1500,0.0,False,False,False,1.0
4666,straight_diagonal,normal_current,False,time_limit,,1504.3376089518088,2683.281572999748,0.4393664742123766,446.9495137745936,1100.362387823718,0,1500,0.0,False,False,False,1.0
4667,one_turn,normal_current,False,time_limit,,1499.1782986202018,2683.281572999748,0.44128923564879163,185.54120692266724,407.3142154699658,0,1500,0.0,False,False,False,1.0
4668,s_turn,normal_current,False,time_limit,,2003.4078506279163,2683.281572999748,0.2533739765565391,171.65702606221092,417.59231522160735,344,1500,0.22933333333333333,False,False,False,0.6666666666666666
4669,bezier_fillet,normal_current,False,time_limit,,1202.0207249790158,1697.0562748477141,0.29170249520047326,192.83970919487626,441.87836709222944,594,1500,0.396,False,False,False,0.3
4670,straight_east,current_limited,False,current_limited_safe_stop,,4806.506342885581,2400.0,0.0,701.4101046397755,1261.8080560480912,1499,1500,0.9993333333333333,True,False,False,1.0
4671,straight_diagonal,current_limited,False,current_limited_safe_stop,,4719.030623766682,2683.281572999748,0.0,1328.4754427313053,2716.42354408045,1499,1500,0.9993333333333333,True,False,False,1.0
4672,one_turn,current_limited,False,current_limited_safe_stop,,5169.042785084271,2683.281572999748,0.0,591.645365353215,1032.959812783858,1499,1500,0.9993333333333333,True,False,False,0.5
4673,s_turn,current_limited,False,current_limited_safe_stop,,5135.764855559452,2683.281572999748,0.0,532.403618167745,931.7417040758514,1499,1500,0.9993333333333333,True,False,False,0.3333333333333333
4674,bezier_fillet,current_limited,False,current_limited_safe_stop,,4001.8609771786996,1697.0562748477141,0.0,338.05131462505847,635.3719823952524,1499,1500,0.9993333333333333,True,False,False,0.1
4675,straight_east,zero_current,False,time_limit,,899.226436525178,2400.0,0.6253223181145091,303.0484741395743,758.1714215450929,546,1500,0.364,False,False,False,1.0
4676,straight_diagonal,zero_current,False,time_limit,,779.0801760226552,2683.281572999748,0.7096539610818069,333.221609911576,712.5491798339498,408,1500,0.272,False,False,False,1.0
4677,one_turn,zero_current,False,time_limit,,1991.2283259384753,2683.281572999748,0.257913017413077,368.9293970736674,925.6900774154224,591,1500,0.394,False,False,False,0.5
4678,s_turn,zero_current,False,time_limit,,2031.1597559447907,2683.281572999748,0.2430314520909276,400.6674237900144,1003.5245879605815,599,1500,0.3993333333333333,False,False,False,0.3333333333333333
4679,bezier_fillet,zero_current,False,time_limit,,1138.114309396861,1697.0562748477141,0.329359711716696,400.5844595488587,1010.1957865727305,728,1500,0.48533333333333334,False,False,False,0.2
4680,straight_east,normal_current,False,time_limit,,717.1063519083556,2400.0,0.7012056867048518,206.7127809402988,411.5491402528578,472,1500,0.31466666666666665,False,False,False,1.0
4681,straight_diagonal,normal_current,False,time_limit,,1044.9020179830989,2683.281572999748,0.6105880096605139,307.17000582518733,1036.399119642037,492,1500,0.328,False,False,False,1.0
4682,one_turn,normal_current,False,time_limit,,1784.8865240735477,2683.281572999748,0.3348120666747055,271.8287436023314,759.1399116018083,519,1500,0.346,False,False,False,0.5
4683,s_turn,normal_current,False,time_limit,,1714.3196522056082,2683.281572999748,0.3611107870840772,312.38159420710883,787.494518928462,320,1500,0.21333333333333335,False,False,False,0.6666666666666666
4684,bezier_fillet,normal_current,True,goal_reached,138.0,39.455207107054406,1697.0562748477141,0.9767507962512352,22.145960799327394,75.24842926894102,155,690,0.2246376811594203,False,False,False,0.8
4685,straight_east,normal_current,False,time_limit,,157.24533650814422,2400.0,0.9344811097882733,425.03559024102134,794.2047475490937,130,1500,0.08666666666666667,False,False,False,1.0
4686,straight_diagonal,normal_current,False,time_limit,,246.38260384533825,2683.281572999748,0.9081786248880706,256.8382236672772,593.8989337420609,183,1500,0.122,False,False,False,1.0
4687,one_turn,normal_current,False,time_limit,,1651.1405265691872,2683.281572999748,0.38465625703108336,370.4595866141627,765.8213238478774,36,1500,0.024,False,False,False,1.0
4688,s_turn,normal_current,False,time_limit,,1640.3851145814378,2683.281572999748,0.38866456241952063,408.89591629173134,1538.8914664652343,917,1500,0.6113333333333333,False,False,False,0.3333333333333333
4689,bezier_fillet,normal_current,False,time_limit,,462.30893073244744,1697.0562748477141,0.7275818500633204,435.039050716975,1303.9977924503198,982,1500,0.6546666666666666,False,False,False,0.2
4690,straight_east,normal_current,False,time_limit,,890.1815977979523,2400.0,0.6290910009175199,900.5982199320811,1250.5078388002698,0,1500,0.0,False,False,False,1.0
4691,straight_diagonal,normal_current,False,time_limit,,547.0755263326879,2683.281572999748,0.796116989048939,566.3314988141836,916.2017505285052,0,1500,0.0,False,False,False,1.0
4692,one_turn,normal_current,False,time_limit,,1577.5883286932274,2683.281572999748,0.41206754275527696,345.18845417562943,707.6024770074666,289,1500,0.19266666666666668,False,False,False,1.0
4693,s_turn,normal_current,False,time_limit,,2437.5498039850427,2683.281572999748,0.09157882329135954,320.6868548796499,748.8510420738974,398,1500,0.2653333333333333,False,False,False,0.6666666666666666
4694,bezier_fillet,normal_current,False,time_limit,,1451.8411751595056,1697.0562748477141,0.14449438319905625,127.2968572264326,258.7086879065276,730,1500,0.4866666666666667,False,False,False,0.1
4695,straight_east,current_limited,False,current_limited_safe_stop,,2968.2679279503636,2400.0,0.0,1678.5025809678532,2942.7753739850355,986,1500,0.6573333333333333,True,False,False,1.0
4696,straight_diagonal,current_limited,False,current_limited_safe_stop,,2265.609354254004,2683.281572999748,0.1556572455714409,1134.5891331388204,1843.6301166337014,780,1500,0.52,True,False,False,1.0
4697,one_turn,current_limited,False,current_limited_safe_stop,,1622.3744670992442,2683.281572999748,0.39537673443434906,1541.1012159794739,2757.5859463086085,1272,1500,0.848,True,False,False,0.5
4698,s_turn,current_limited,False,current_limited_safe_stop,,1603.9295613698787,2683.281572999748,0.40225074494258845,1400.790108245448,2574.5496535926404,1344,1500,0.896,True,False,False,0.3333333333333333
4699,bezier_fillet,current_limited,False,current_limited_safe_stop,,1268.9849644866572,1697.0562748477141,0.2522434386564288,1253.9470812562868,2393.9659803652426,1448,1500,0.9653333333333334,True,False,False,0.1
4700,straight_east,zero_current,False,time_limit,,899.2264365251821,2400.0,0.6253223181145074,303.04847413957583,758.1714215450925,546,1500,0.364,False,False,False,1.0
4701,straight_diagonal,zero_current,False,time_limit,,816.977742256468,2683.281572999748,0.6955303720350392,269.68357366393025,748.9094035890637,441,1500,0.294,False,False,False,1.0
4702,one_turn,zero_current,False,time_limit,,1959.7933899910404,2683.281572999748,0.269628126354213,368.9293970736647,925.6900774154174,591,1500,0.394,False,False,False,0.5
4703,s_turn,zero_current,False,time_limit,,1957.626460326374,2683.281572999748,0.2704356933596555,400.66742379001596,1003.524587960585,599,1500,0.3993333333333333,False,False,False,0.3333333333333333
4704,bezier_fillet,zero_current,False,time_limit,,1158.454314868498,1697.0562748477141,0.317374248551391,363.20292432339545,937.9543803597306,602,1500,0.4013333333333333,False,False,False,0.4
4705,straight_east,normal_current,False,time_limit,,726.4397264063281,2400.0,0.6973167806640299,308.1051891497949,774.7799208085994,503,1500,0.3353333333333333,False,False,False,1.0
4706,straight_diagonal,normal_current,False,time_limit,,641.808939700061,2683.281572999748,0.7608119303772667,292.00663608203115,596.6211183058538,500,1500,0.3333333333333333,False,False,False,1.0
4707,one_turn,normal_current,False,time_limit,,1613.8610590543174,2683.281572999748,0.3985494942857907,372.5591010882336,956.1464056441291,572,1500,0.38133333333333336,False,False,False,0.5
4708,s_turn,normal_current,False,time_limit,,1576.5607888710674,2683.281572999748,0.4124504842372666,408.29796986061535,1022.4599347037397,698,1500,0.4653333333333333,False,False,False,0.3333333333333333
4709,bezier_fillet,normal_current,False,time_limit,,1167.9005523455821,1697.0562748477141,0.31180799973743706,313.58632094866874,788.2671667171883,716,1500,0.47733333333333333,False,False,False,0.5
4710,straight_east,normal_current,False,time_limit,,407.3987679400341,2400.0,0.8302505133583191,306.85519011609387,815.3535673904466,463,1500,0.30866666666666664,False,False,False,1.0
4711,straight_diagonal,normal_current,True,goal_reached,293.6,39.76058198671361,2683.281572999748,0.9851821059754592,275.5481951521519,484.9448526744244,242,1468,0.164850136239782,False,False,False,1.0
4712,one_turn,normal_current,False,time_limit,,1281.665741130941,2683.281572999748,0.5223513797330946,381.0369692353498,1011.8208768485015,545,1500,0.36333333333333334,False,False,False,0.5
4713,s_turn,normal_current,False,time_limit,,1612.6078507526352,2683.281572999748,0.39901653744454546,401.1996766114016,1027.7084515050774,543,1500,0.362,False,False,False,0.3333333333333333
4714,bezier_fillet,normal_current,False,time_limit,,1234.572263935195,1697.0562748477141,0.2725213169221629,239.08578040678833,589.2802841605554,542,1500,0.36133333333333334,False,False,False,0.4
4715,straight_east,normal_current,False,time_limit,,1044.50623006161,2400.0,0.5647890708076625,301.0871866526207,859.5467792812492,546,1500,0.364,False,False,False,1.0
4716,straight_diagonal,normal_current,False,time_limit,,333.13542259364687,2683.281572999748,0.8758477582279143,279.2678356728432,545.6364672152229,302,1500,0.20133333333333334,False,False,False,1.0
4717,one_turn,normal_current,False,time_limit,,1101.4165321859698,2683.281572999748,0.5895262937483478,369.68800138944886,1010.2052839844064,588,1500,0.392,False,False,False,0.5
4718,s_turn,normal_current,False,time_limit,,250.01799583265787,2683.281572999748,0.9068237942866529,1220.6940023153586,1850.3974952609842,1013,1500,0.6753333333333333,False,False,False,0.6666666666666666
4719,bezier_fillet,normal_current,False,time_limit,,835.899941804695,1697.0562748477141,0.5074412356303831,203.55352343335863,466.1519359757758,545,1500,0.36333333333333334,False,False,False,0.4
4720,straight_east,current_limited,False,current_limited_safe_stop,,2272.349550046808,2400.0,0.05318768748049668,295.36377393847977,836.1095730596917,926,1500,0.6173333333333333,True,False,False,1.0
4721,straight_diagonal,current_limited,False,current_limited_safe_stop,,1766.367589715764,2683.281572999748,0.3417136660238489,384.00346499019776,619.7033802407968,799,1500,0.5326666666666666,True,False,False,1.0
4722,one_turn,current_limited,False,current_limited_safe_stop,,1784.8698111339731,2683.281572999748,0.33481829521953754,1487.0251430331764,2931.0905533078485,1221,1500,0.814,True,False,False,1.0
4723,s_turn,current_limited,False,current_limited_safe_stop,,1526.4006870415815,2683.281572999748,0.43114405047877363,1681.9392933175068,3093.98367068524,1312,1500,0.8746666666666667,True,False,False,0.6666666666666666
4724,bezier_fillet,current_limited,False,current_limited_safe_stop,,2313.825013145671,1697.0562748477141,0.0,193.9974222421097,436.6437040108016,1352,1500,0.9013333333333333,True,False,False,0.3
4725,straight_east,zero_current,False,time_limit,,899.2264365251821,2400.0,0.6253223181145074,303.04847413957583,758.1714215450925,546,1500,0.364,False,False,False,1.0
4726,straight_diagonal,zero_current,False,time_limit,,816.977742256468,2683.281572999748,0.6955303720350392,269.68357366393025,748.9094035890637,441,1500,0.294,False,False,False,1.0
4727,one_turn,zero_current,False,time_limit,,1959.7933899910404,2683.281572999748,0.269628126354213,368.9293970736647,925.6900774154174,591,1500,0.394,False,False,False,0.5
4728,s_turn,zero_current,False,time_limit,,1957.626460326374,2683.281572999748,0.2704356933596555,400.66742379001596,1003.524587960585,599,1500,0.3993333333333333,False,False,False,0.3333333333333333
4729,bezier_fillet,zero_current,False,time_limit,,1158.454314868498,1697.0562748477141,0.317374248551391,363.20292432339545,937.9543803597306,602,1500,0.4013333333333333,False,False,False,0.4
4730,straight_east,normal_current,False,time_limit,,717.1063519083535,2400.0,0.7012056867048526,206.71278094029734,411.5491402528478,472,1500,0.31466666666666665,False,False,False,1.0
4731,straight_diagonal,normal_current,False,time_limit,,550.2115764832231,2683.281572999748,0.7949482521626982,324.1084800961678,552.0644427340335,279,1500,0.186,False,False,False,1.0
4732,one_turn,normal_current,False,time_limit,,2125.340320655235,2683.281572999748,0.20793242794894917,271.828743602331,759.1399116018063,519,1500,0.346,False,False,False,0.5
4733,s_turn,normal_current,False,time_limit,,2830.209747674599,2683.281572999748,0.0,428.1813341765025,1223.309848016469,679,1500,0.45266666666666666,False,False,False,0.6666666666666666
4734,bezier_fillet,normal_current,False,time_limit,,1584.1883076581782,1697.0562748477141,0.06650808748205131,328.9983202141062,789.3456199670082,611,1500,0.4073333333333333,False,False,False,0.3
4735,straight_east,normal_current,False,time_limit,,157.24533650815317,2400.0,0.9344811097882695,425.03559024101696,794.2047475490886,130,1500,0.08666666666666667,False,False,False,1.0
4736,straight_diagonal,normal_current,False,time_limit,,210.24935067275038,2683.281572999748,0.9216446932784231,662.5508862494519,996.3689037198353,0,1500,0.0,False,False,False,1.0
4737,one_turn,normal_current,False,time_limit,,1459.4389060411077,2683.281572999748,0.45609923284735915,308.19955210348263,598.2435019637119,128,1500,0.08533333333333333,False,False,False,1.0
4738,s_turn,normal_current,False,time_limit,,3174.5145082631775,2683.281572999748,0.0,408.8959162917284,1538.891466465222,917,1500,0.6113333333333333,False,False,False,0.3333333333333333
4739,bezier_fillet,normal_current,False,time_limit,,2501.361654030642,1697.0562748477141,0.0,483.278306025811,1355.154068815875,1017,1500,0.678,False,False,False,0.1
4740,straight_east,normal_current,False,time_limit,,890.1815977979683,2400.0,0.6290910009175132,900.5982199320872,1250.507838800277,0,1500,0.0,False,False,False,1.0
4741,straight_diagonal,normal_current,False,time_limit,,1588.0966239470697,2683.281572999748,0.408151332336072,1224.7744658351446,1705.412458087302,0,1500,0.0,False,False,False,1.0
4742,one_turn,normal_current,False,time_limit,,1440.6296848454074,2683.281572999748,0.46310901571359514,324.9970981415117,707.6024770074632,13,1500,0.008666666666666666,False,False,False,1.0
4743,s_turn,normal_current,False,time_limit,,2221.332369038283,2683.281572999748,0.17215830370162502,297.50325630346566,569.0898683024952,505,1500,0.33666666666666667,False,False,False,0.6666666666666666
4744,bezier_fillet,normal_current,False,time_limit,,1464.182983498513,1697.0562748477141,0.13722190289187552,137.1076639020369,301.18692292263773,740,1500,0.49333333333333335,False,False,False,0.1
4745,straight_east,current_limited,False,current_limited_safe_stop,,2968.2679279503745,2400.0,0.0,1678.5025809678557,2942.775373985047,986,1500,0.6573333333333333,True,False,False,1.0
4746,straight_diagonal,current_limited,False,current_limited_safe_stop,,3845.712963502896,2683.281572999748,0.0,1971.0187839026967,3579.7173094810705,1207,1500,0.8046666666666666,True,False,False,1.0
4747,one_turn,current_limited,False,current_limited_safe_stop,,3869.040646296633,2683.281572999748,0.0,1464.891315557885,2643.603515983261,1272,1500,0.848,True,False,False,0.5
4748,s_turn,current_limited,False,current_limited_safe_stop,,3863.991249353552,2683.281572999748,0.0,1400.7901082454493,2574.549653592637,1344,1500,0.896,True,False,False,0.3333333333333333
4749,bezier_fillet,current_limited,False,current_limited_safe_stop,,3642.3230388832303,1697.0562748477141,0.0,1309.9124224034088,2483.290293139137,1453,1500,0.9686666666666667,True,False,False,0.1
4750,straight_east,zero_current,False,time_limit,,899.2264365251821,2400.0,0.6253223181145074,303.04847413957583,758.1714215450925,546,1500,0.364,False,False,False,1.0
4751,straight_diagonal,zero_current,False,time_limit,,816.977742256468,2683.281572999748,0.6955303720350392,269.68357366393025,748.9094035890637,441,1500,0.294,False,False,False,1.0
4752,one_turn,zero_current,False,time_limit,,1959.7933899910404,2683.281572999748,0.269628126354213,368.9293970736647,925.6900774154174,591,1500,0.394,False,False,False,0.5
4753,s_turn,zero_current,False,time_limit,,1957.626460326374,2683.281572999748,0.2704356933596555,400.66742379001596,1003.524587960585,599,1500,0.3993333333333333,False,False,False,0.3333333333333333
4754,bezier_fillet,zero_current,False,time_limit,,1158.454314868498,1697.0562748477141,0.317374248551391,363.20292432339545,937.9543803597306,602,1500,0.4013333333333333,False,False,False,0.4
4755,straight_east,normal_current,False,time_limit,,940.1165377560911,2400.0,0.6082847759349621,287.49976000328655,902.3833684731189,407,1500,0.2713333333333333,False,False,False,1.0
4756,straight_diagonal,normal_current,False,time_limit,,819.4493635513423,2683.281572999748,0.6946092531633767,174.21417305459008,665.9555863630956,352,1500,0.23466666666666666,False,False,False,1.0
4757,one_turn,normal_current,False,time_limit,,2359.65652407021,2683.281572999748,0.12060793477135709,366.81718052315796,894.835419692949,717,1500,0.478,False,False,False,0.5
4758,s_turn,normal_current,False,time_limit,,2359.68239664155,2683.281572999748,0.12059829263331219,396.0891184985538,974.5573899310994,717,1500,0.478,False,False,False,0.3333333333333333
4759,bezier_fillet,normal_current,False,time_limit,,1405.5445892249854,1697.0562748477141,0.17177490808246038,456.40183225501517,1079.1610550613646,711,1500,0.474,False,False,False,0.4
4760,straight_east,normal_current,False,time_limit,,115.07715317278044,2400.0,0.9520511861780081,280.08883899604814,487.01013840554674,129,1500,0.086,False,False,False,1.0
4761,straight_diagonal,normal_current,False,time_limit,,142.6947860731367,2683.281572999748,0.946820793050946,462.89854009116743,760.0659925474102,0,1500,0.0,False,False,False,1.0
4762,one_turn,normal_current,False,time_limit,,1199.5370870542872,2683.281572999748,0.5529589219690885,256.1567508018458,587.4440826114405,258,1500,0.172,False,False,False,1.0
4763,s_turn,normal_current,False,time_limit,,2210.358584868817,2683.281572999748,0.1762479915971812,278.08160968018615,656.2690882202437,608,1500,0.4053333333333333,False,False,False,0.3333333333333333
4764,bezier_fillet,normal_current,False,time_limit,,2157.428287054183,1697.0562748477141,0.0,303.42440878951885,767.7339254210436,877,1500,0.5846666666666667,False,False,False,0.1
4765,straight_east,normal_current,False,time_limit,,972.4478773420999,2400.0,0.5948133844407917,521.723096846508,708.7535159091854,0,1500,0.0,False,False,False,1.0
4766,straight_diagonal,normal_current,False,time_limit,,1639.7867383939815,2683.281572999748,0.3888875640580655,979.95153267017,1414.8368280487493,0,1500,0.0,False,False,False,1.0
4767,one_turn,normal_current,False,time_limit,,1380.477715284407,2683.281572999748,0.48552633120007765,195.25732288136166,407.31421546997444,112,1500,0.07466666666666667,False,False,False,1.0
4768,s_turn,normal_current,False,time_limit,,1983.4646116267108,2683.281572999748,0.26080638290624253,162.42511417621657,375.9520332864099,311,1500,0.20733333333333334,False,False,False,0.6666666666666666
4769,bezier_fillet,normal_current,False,time_limit,,1306.4014038689832,1697.0562748477141,0.23019559031051373,205.61794920754087,521.3219357911466,601,1500,0.40066666666666667,False,False,False,0.3
4770,straight_east,current_limited,False,current_limited_safe_stop,,4806.506342885583,2400.0,0.0,701.4101046397772,1261.8080560480985,1499,1500,0.9993333333333333,True,False,False,1.0
4771,straight_diagonal,current_limited,False,current_limited_safe_stop,,4726.150432601913,2683.281572999748,0.0,1527.7926957649338,2847.069081922637,1499,1500,0.9993333333333333,True,False,False,1.0
4772,one_turn,current_limited,False,current_limited_safe_stop,,4664.8468584369675,2683.281572999748,0.0,591.6453653532184,1032.9598127838594,1499,1500,0.9993333333333333,True,False,False,0.5
4773,s_turn,current_limited,False,current_limited_safe_stop,,4680.141073945904,2683.281572999748,0.0,532.4036181677478,931.741704075857,1499,1500,0.9993333333333333,True,False,False,0.3333333333333333
4774,bezier_fillet,current_limited,False,current_limited_safe_stop,,3513.790624415668,1697.0562748477141,0.0,481.64962655936836,899.4110768465985,1499,1500,0.9993333333333333,True,False,False,0.1
4775,straight_east,zero_current,False,time_limit,,899.2264365251821,2400.0,0.6253223181145074,303.04847413957583,758.1714215450925,546,1500,0.364,False,False,False,1.0
4776,straight_diagonal,zero_current,False,time_limit,,816.977742256468,2683.281572999748,0.6955303720350392,269.68357366393025,748.9094035890637,441,1500,0.294,False,False,False,1.0
4777,one_turn,zero_current,False,time_limit,,1959.7933899910404,2683.281572999748,0.269628126354213,368.9293970736647,925.6900774154174,591,1500,0.394,False,False,False,0.5
4778,s_turn,zero_current,False,time_limit,,1957.626460326374,2683.281572999748,0.2704356933596555,400.66742379001596,1003.524587960585,599,1500,0.3993333333333333,False,False,False,0.3333333333333333
4779,bezier_fillet,zero_current,False,time_limit,,1158.454314868498,1697.0562748477141,0.317374248551391,363.20292432339545,937.9543803597306,602,1500,0.4013333333333333,False,False,False,0.4
4780,straight_east,normal_current,False,time_limit,,697.941507495062,2400.0,0.7091910385437241,295.6479534273122,504.12207042527325,420,1500,0.28,False,False,False,1.0
4781,straight_diagonal,normal_current,False,time_limit,,588.4638138624525,2683.281572999748,0.7806924849841288,227.84099676211278,465.16865169986386,437,1500,0.29133333333333333,False,False,False,1.0
4782,one_turn,normal_current,False,time_limit,,1704.4160051422843,2683.281572999748,0.3648016584272036,290.6533748864306,613.3366315012377,842,1500,0.5613333333333334,False,False,False,0.5
4783,s_turn,normal_current,False,time_limit,,1708.766012872168,2683.281572999748,0.36318050626275866,322.0002018719875,679.865354309748,615,1500,0.41,False,False,False,0.3333333333333333
4784,bezier_fillet,normal_current,False,time_limit,,896.3905026078828,1697.0562748477141,0.47179683084562374,364.28996247101134,779.3376692069606,867,1500,0.578,False,False,False,0.1
4785,straight_east,normal_current,False,time_limit,,137.35510708886437,2400.0,0.9427687053796399,485.78811466838425,848.9210649089484,103,1500,0.06866666666666667,False,False,False,1.0
4786,straight_diagonal,normal_current,False,time_limit,,184.7858408550679,2683.281572999748,0.9311343830947684,372.23240974114896,720.7225076454149,139,1500,0.09266666666666666,False,False,False,1.0
4787,one_turn,normal_current,False,time_limit,,1771.005603700581,2683.281572999748,0.33998518026540797,441.94778329649705,880.8691417153893,118,1500,0.07866666666666666,False,False,False,1.0
4788,s_turn,normal_current,False,time_limit,,2508.467232718185,2683.281572999748,0.06514945805189229,198.03564698374947,448.4317759868936,531,1500,0.354,False,False,False,0.3333333333333333
4789,bezier_fillet,normal_current,False,time_limit,,521.8400077711724,1697.0562748477141,0.6925028265088028,511.5478434481691,1479.2002122848728,1057,1500,0.7046666666666667,False,False,False,0.1
4790,straight_east,normal_current,False,time_limit,,951.7520065765243,2400.0,0.6034366639264482,959.4610904817696,1298.1075540488619,0,1500,0.0,False,False,False,1.0
4791,straight_diagonal,normal_current,False,time_limit,,634.324459014832,2683.281572999748,0.7636012316420094,659.2545004020675,993.2824067245062,0,1500,0.0,False,False,False,1.0
4792,one_turn,normal_current,False,time_limit,,2030.89242705737,2683.281572999748,0.2431310796850313,390.12788137490156,740.6899734362014,239,1500,0.15933333333333333,False,False,False,1.0
4793,s_turn,normal_current,False,time_limit,,2094.9123547390454,2683.281572999748,0.21927226131655683,270.35416170539395,573.9264535093193,457,1500,0.30466666666666664,False,False,False,0.3333333333333333
4794,bezier_fillet,normal_current,False,time_limit,,1931.9966651591585,1697.0562748477141,0.0,206.25351993065254,427.87352565373277,780,1500,0.52,False,False,False,0.2
4795,straight_east,current_limited,False,current_limited_safe_stop,,3011.126655796725,2400.0,0.0,1726.2356389097906,2987.5088076104416,993,1500,0.662,True,False,False,1.0
4796,straight_diagonal,current_limited,False,current_limited_safe_stop,,2327.6043897184427,2683.281572999748,0.1325530599771083,1213.9320045651261,1910.3414713033676,788,1500,0.5253333333333333,True,False,False,1.0
4797,one_turn,current_limited,False,current_limited_safe_stop,,1643.288927122832,2683.281572999748,0.3875823753801083,1575.1310568681413,2780.727950121461,1271,1500,0.8473333333333334,True,False,False,0.5
4798,s_turn,current_limited,False,current_limited_safe_stop,,1628.7439713713566,2683.281572999748,0.3930029603451126,1440.223550043418,2607.837725702847,1362,1500,0.908,True,False,False,0.3333333333333333
4799,bezier_fillet,current_limited,False,current_limited_safe_stop,,1400.343306298467,1697.0562748477141,0.17483979343930284,1378.6420005856446,2531.49459129307,1462,1500,0.9746666666666667,True,False,False,0.1
4800,straight_east,zero_current,True,goal_reached,175.0,38.86571790510334,2400.0,0.9838059508728736,0.0,0.0,0,875,0.0,False,False,False,1.0
4801,straight_diagonal,zero_current,False,time_limit,,801.1353084573698,2683.281572999748,0.7014344985190099,307.0866561865178,726.6067775201931,427,1500,0.2846666666666667,False,False,False,1.0
4802,one_turn,zero_current,False,time_limit,,1801.1274725073263,2683.281572999748,0.32875942255520585,282.1122379113034,694.7175591785626,329,1500,0.21933333333333332,False,False,False,1.0
4803,s_turn,zero_current,False,time_limit,,1953.0469348346783,2683.281572999748,0.2721423817436763,285.79461111061744,695.3402939267812,571,1500,0.38066666666666665,False,False,False,0.6666666666666666
4804,bezier_fillet,zero_current,False,time_limit,,1119.8324924497324,1697.0562748477141,0.34013237566313415,408.29760013253593,1030.582074588017,596,1500,0.3973333333333333,False,False,False,0.5
4805,straight_east,normal_current,True,goal_reached,161.0,39.397951889924116,2400.0,0.9835841867125317,0.0,0.0,0,805,0.0,False,False,False,1.0
4806,straight_diagonal,normal_current,False,time_limit,,631.5289012390328,2683.281572999748,0.7646430745122953,318.6527919523976,575.1714871280197,486,1500,0.324,False,False,False,1.0
4807,one_turn,normal_current,False,time_limit,,1515.3028906725992,2683.281572999748,0.43527995499235606,313.0957574102855,819.3309939373185,289,1500,0.19266666666666668,False,False,False,1.0
4808,s_turn,normal_current,False,time_limit,,1818.0600802018864,2683.281572999748,0.32244901224831046,301.542651552764,818.5615839270149,612,1500,0.408,False,False,False,0.6666666666666666
4809,bezier_fillet,normal_current,False,time_limit,,1064.8106285417462,1697.0562748477141,0.3725543198988512,379.74410586033275,958.9149547051893,717,1500,0.478,False,False,False,0.4
4810,straight_east,normal_current,True,goal_reached,141.20000000000002,39.41475254492161,2400.0,0.983577186439616,0.0,0.0,0,706,0.0,False,False,False,1.0
4811,straight_diagonal,normal_current,True,goal_reached,292.40000000000003,38.224565999895205,2683.281572999748,0.9857545453356344,296.74968575976993,513.8118265309145,219,1462,0.14979480164158687,False,False,False,1.0
4812,one_turn,normal_current,False,time_limit,,1117.0821431257448,2683.281572999748,0.5836880652532809,494.5386447834743,1080.3513920383211,244,1500,0.16266666666666665,False,False,False,1.0
4813,s_turn,normal_current,False,time_limit,,1833.2282104267256,2683.281572999748,0.31679618386925884,473.71705186318286,1081.1721369449983,584,1500,0.3893333333333333,False,False,False,1.0
4814,bezier_fillet,normal_current,False,time_limit,,1227.7598765115595,1697.0562748477141,0.27653555470826513,287.09833246099737,757.5007727945292,553,1500,0.36866666666666664,False,False,False,0.3
4815,straight_east,normal_current,True,goal_reached,127.4,39.209373466751,2400.0,0.9836627610555204,0.0,0.0,0,637,0.0,False,False,False,1.0
4816,straight_diagonal,normal_current,False,time_limit,,279.0865962229473,2683.281572999748,0.895990566539409,299.4815928344357,571.8649829921758,225,1500,0.15,False,False,False,1.0
4817,one_turn,normal_current,False,time_limit,,522.6681702134924,2683.281572999748,0.8052130736212001,827.9218698131125,1379.0004870432895,457,1500,0.30466666666666664,False,False,False,1.0
4818,s_turn,normal_current,False,time_limit,,984.7597301459986,2683.281572999748,0.6330017169815331,822.8729418410768,1372.3037567552242,566,1500,0.37733333333333335,False,False,False,0.6666666666666666
4819,bezier_fillet,normal_current,False,time_limit,,865.7572745149936,1697.0562748477141,0.48984763360738726,235.9573658168168,622.8298316268371,586,1500,0.39066666666666666,False,False,False,0.3
4820,straight_east,current_limited,True,goal_reached,112.80000000000001,36.790319012196505,2400.0,0.9846707004115848,0.0,0.0,0,564,0.0,True,False,False,1.0
4821,straight_diagonal,current_limited,False,current_limited_safe_stop,,1764.9242709939335,2683.281572999748,0.3422515591530508,407.55158203396843,644.8609509397966,792,1500,0.528,True,False,False,1.0
4822,one_turn,current_limited,False,current_limited_safe_stop,,1649.7776523296166,2683.281572999748,0.3851641702718272,1395.3694342554425,2777.689168221067,1212,1500,0.808,True,False,False,1.0
4823,s_turn,current_limited,False,current_limited_safe_stop,,1367.10380136747,2683.281572999748,0.49051049464066127,1575.019813193897,2927.7310130149926,1308,1500,0.872,True,False,False,0.6666666666666666
4824,bezier_fillet,current_limited,False,current_limited_safe_stop,,2222.903195940584,1697.0562748477141,0.0,199.85885159860047,439.006190974241,1351,1500,0.9006666666666666,True,False,False,0.3
4825,straight_east,zero_current,True,goal_reached,175.0,38.86571790510334,2400.0,0.9838059508728736,0.0,0.0,0,875,0.0,False,False,False,1.0
4826,straight_diagonal,zero_current,False,time_limit,,801.1353084573698,2683.281572999748,0.7014344985190099,307.0866561865178,726.6067775201931,427,1500,0.2846666666666667,False,False,False,1.0
4827,one_turn,zero_current,False,time_limit,,1801.1274725073263,2683.281572999748,0.32875942255520585,282.1122379113034,694.7175591785626,329,1500,0.21933333333333332,False,False,False,1.0
4828,s_turn,zero_current,False,time_limit,,1953.0469348346783,2683.281572999748,0.2721423817436763,285.79461111061744,695.3402939267812,571,1500,0.38066666666666665,False,False,False,0.6666666666666666
4829,bezier_fillet,zero_current,False,time_limit,,1119.8324924497324,1697.0562748477141,0.34013237566313415,408.29760013253593,1030.582074588017,596,1500,0.3973333333333333,False,False,False,0.5
4830,straight_east,normal_current,False,time_limit,,704.6489408403353,2400.0,0.7063962746498602,264.8892181907182,465.4044420336895,438,1500,0.292,False,False,False,1.0
4831,straight_diagonal,normal_current,False,time_limit,,528.3051494285953,2683.281572999748,0.8031122955024129,352.7465730675921,582.6924440896535,266,1500,0.17733333333333334,False,False,False,1.0
4832,one_turn,normal_current,False,time_limit,,2328.3849958903984,2683.281572999748,0.13226214523308352,271.93438122929354,637.7893088435069,717,1500,0.478,False,False,False,0.5
4833,s_turn,normal_current,False,time_limit,,2343.2008488166193,2683.281572999748,0.12674060285180533,310.4468269738346,740.5265024266225,675,1500,0.45,False,False,False,0.3333333333333333
4834,bezier_fillet,normal_current,False,time_limit,,1569.445374140599,1697.0562748477141,0.07519544436943695,358.1335662291289,795.6686465077776,696,1500,0.464,False,False,False,0.2
4835,straight_east,normal_current,False,time_limit,,148.00852826375177,2400.0,0.9383297798901034,457.26045166659526,823.3457749520217,119,1500,0.07933333333333334,False,False,False,1.0
4836,straight_diagonal,normal_current,False,time_limit,,239.0688611677102,2683.281572999748,0.9109042958542567,697.1177430145499,1023.1960440956091,0,1500,0.0,False,False,False,1.0
4837,one_turn,normal_current,False,time_limit,,1259.862584823137,2683.281572999748,0.5304769363378118,265.9828863388092,474.2872697030248,0,1500,0.0,False,False,False,1.0
4838,s_turn,normal_current,False,time_limit,,3218.0561214311742,2683.281572999748,0.0,455.28853662487654,1585.5836175355216,928,1500,0.6186666666666667,False,False,False,0.3333333333333333
4839,bezier_fillet,normal_current,False,time_limit,,2580.2111403850326,1697.0562748477141,0.0,501.6749080031198,1430.762959458975,1030,1500,0.6866666666666666,False,False,False,0.1
4840,straight_east,normal_current,False,time_limit,,917.9204872726262,2400.0,0.6175331303030723,929.875952964621,1273.456081974542,0,1500,0.0,False,False,False,1.0
4841,straight_diagonal,normal_current,False,time_limit,,1626.4779323741213,2683.281572999748,0.3938474632180265,1255.2650650412984,1734.7267317814587,0,1500,0.0,False,False,False,1.0
4842,one_turn,normal_current,False,time_limit,,1615.481377356966,2683.281572999748,0.39794563730747246,351.7356883614954,720.6219590276255,0,1500,0.0,False,False,False,1.0
4843,s_turn,normal_current,False,time_limit,,2196.8679097843124,2683.281572999748,0.18127566935573375,245.04296533434783,566.5854737868167,530,1500,0.35333333333333333,False,False,False,0.3333333333333333
4844,bezier_fillet,normal_current,False,time_limit,,1793.2705242345721,1697.0562748477141,0.0,169.49637637939264,378.2879868762979,688,1500,0.45866666666666667,False,False,False,0.2
4845,straight_east,current_limited,False,current_limited_safe_stop,,2989.0116710246393,2400.0,0.0,1701.934218740553,2964.157669813815,991,1500,0.6606666666666666,True,False,False,1.0
4846,straight_diagonal,current_limited,False,current_limited_safe_stop,,3875.90332160291,2683.281572999748,0.0,1995.7826267284609,3604.4873178297726,1201,1500,0.8006666666666666,True,False,False,1.0
4847,one_turn,current_limited,False,current_limited_safe_stop,,3888.5913196088645,2683.281572999748,0.0,1487.0192427173442,2663.594657881492,1273,1500,0.8486666666666667,True,False,False,0.5
4848,s_turn,current_limited,False,current_limited_safe_stop,,3875.633336086642,2683.281572999748,0.0,1417.264191985398,2587.125478597084,1352,1500,0.9013333333333333,True,False,False,0.3333333333333333
4849,bezier_fillet,current_limited,False,current_limited_safe_stop,,3699.4891723657006,1697.0562748477141,0.0,1364.8598590361971,2542.5700151629576,1460,1500,0.9733333333333334,True,False,False,0.1
4850,straight_east,zero_current,True,goal_reached,175.0,38.86571790510334,2400.0,0.9838059508728736,0.0,0.0,0,875,0.0,False,False,False,1.0
4851,straight_diagonal,zero_current,False,time_limit,,801.1353084573698,2683.281572999748,0.7014344985190099,307.0866561865178,726.6067775201931,427,1500,0.2846666666666667,False,False,False,1.0
4852,one_turn,zero_current,False,time_limit,,1801.1274725073263,2683.281572999748,0.32875942255520585,282.1122379113034,694.7175591785626,329,1500,0.21933333333333332,False,False,False,1.0
4853,s_turn,zero_current,False,time_limit,,1953.0469348346783,2683.281572999748,0.2721423817436763,285.79461111061744,695.3402939267812,571,1500,0.38066666666666665,False,False,False,0.6666666666666666
4854,bezier_fillet,zero_current,False,time_limit,,1119.8324924497324,1697.0562748477141,0.34013237566313415,408.29760013253593,1030.582074588017,596,1500,0.3973333333333333,False,False,False,0.5
4855,straight_east,normal_current,True,goal_reached,194.0,39.6376167327594,2400.0,0.9834843263613503,0.0,0.0,0,970,0.0,False,False,False,1.0
4856,straight_diagonal,normal_current,False,time_limit,,791.7132555234984,2683.281572999748,0.7049458903269661,255.82522234349565,684.3352764789649,335,1500,0.22333333333333333,False,False,False,1.0
4857,one_turn,normal_current,False,time_limit,,2001.4706716543822,2683.281572999748,0.25409592053477337,250.75145775841762,792.5572400955674,335,1500,0.22333333333333333,False,False,False,1.0
4858,s_turn,normal_current,False,time_limit,,2345.5740602578458,2683.281572999748,0.12585615916721155,338.30548745599236,702.1358350016842,584,1500,0.3893333333333333,False,False,False,0.6666666666666666
4859,bezier_fillet,normal_current,False,time_limit,,731.7122060549788,1697.0562748477141,0.5688344476846301,198.8187347698479,779.868132885786,563,1500,0.37533333333333335,False,False,False,1.0
4860,straight_east,normal_current,False,time_limit,,100.42026262671016,2400.0,0.9581582239055374,0.0,0.0,67,1500,0.04466666666666667,False,False,False,1.0
4861,straight_diagonal,normal_current,False,time_limit,,164.79757890125612,2683.281572999748,0.9385835685082343,113.96040667829357,195.0783441737899,138,1500,0.092,False,False,False,1.0
4862,one_turn,normal_current,False,time_limit,,1326.9748985842402,2683.281572999748,0.5054656537216249,107.26699765485323,342.820759704035,325,1500,0.21666666666666667,False,False,False,1.0
4863,s_turn,normal_current,False,time_limit,,2803.527795715053,2683.281572999748,0.0,378.85842868435384,1126.9723731037088,630,1500,0.42,False,False,False,0.6666666666666666
4864,bezier_fillet,normal_current,False,time_limit,,2024.210597006578,1697.0562748477141,0.0,230.54937553573748,656.9747971371299,1023,1500,0.682,False,False,False,0.5
4865,straight_east,normal_current,False,time_limit,,638.091522896957,2400.0,0.7341285321262679,0.0,0.0,0,1500,0.0,False,False,False,1.0
4866,straight_diagonal,normal_current,False,time_limit,,1608.1023592053887,2683.281572999748,0.4006956350064944,851.077765050841,1348.1814235252878,0,1500,0.0,False,False,False,1.0
4867,one_turn,normal_current,False,time_limit,,1549.171984869053,2683.281572999748,0.4226576888324204,33.81493732367289,335.8402524595783,15,1500,0.01,False,False,False,1.0
4868,s_turn,normal_current,False,time_limit,,1866.823111540872,2683.281572999748,0.304276103437823,112.85289432201044,399.87340019734745,357,1500,0.238,False,False,False,0.6666666666666666
4869,bezier_fillet,normal_current,False,time_limit,,1211.5510964351029,1697.0562748477141,0.28608666996395166,310.8413262741774,1140.0096734438891,805,1500,0.5366666666666666,False,False,False,0.2
4870,straight_east,current_limited,False,current_limited_safe_stop,,4730.45974397833,2400.0,0.0,0.0,0.0,1499,1500,0.9993333333333333,True,False,False,1.0
4871,straight_diagonal,current_limited,False,current_limited_safe_stop,,4727.751860020814,2683.281572999748,0.0,1459.4742699168276,2805.338002990058,1499,1500,0.9993333333333333,True,False,False,1.0
4872,one_turn,current_limited,False,current_limited_safe_stop,,4880.291936902907,2683.281572999748,0.0,0.0,0.0,1499,1500,0.9993333333333333,True,False,False,0.5
4873,s_turn,current_limited,False,current_limited_safe_stop,,4880.291936902907,2683.281572999748,0.0,0.0,0.0,1499,1500,0.9993333333333333,True,False,False,0.3333333333333333
4874,bezier_fillet,current_limited,False,current_limited_safe_stop,,3510.581384358818,1697.0562748477141,0.0,453.7650433631973,896.9510388304536,1499,1500,0.9993333333333333,True,False,False,0.1
4875,straight_east,zero_current,True,goal_reached,175.0,38.86571790510334,2400.0,0.9838059508728736,0.0,0.0,0,875,0.0,False,False,False,1.0
4876,straight_diagonal,zero_current,False,time_limit,,801.1353084573698,2683.281572999748,0.7014344985190099,307.0866561865178,726.6067775201931,427,1500,0.2846666666666667,False,False,False,1.0
4877,one_turn,zero_current,False,time_limit,,1801.1274725073263,2683.281572999748,0.32875942255520585,282.1122379113034,694.7175591785626,329,1500,0.21933333333333332,False,False,False,1.0
4878,s_turn,zero_current,False,time_limit,,1953.0469348346783,2683.281572999748,0.2721423817436763,285.79461111061744,695.3402939267812,571,1500,0.38066666666666665,False,False,False,0.6666666666666666
4879,bezier_fillet,zero_current,False,time_limit,,1119.8324924497324,1697.0562748477141,0.34013237566313415,408.29760013253593,1030.582074588017,596,1500,0.3973333333333333,False,False,False,0.5
4880,straight_east,normal_current,False,time_limit,,704.6489408403376,2400.0,0.7063962746498593,264.889218190719,465.40444203368907,438,1500,0.292,False,False,False,1.0
4881,straight_diagonal,normal_current,False,time_limit,,1066.5834517525816,2683.281572999748,0.6025078163674767,269.048953118443,1060.3454877688298,505,1500,0.33666666666666667,False,False,False,1.0
4882,one_turn,normal_current,False,time_limit,,1714.9187478508986,2683.281572999748,0.36088751731942825,271.93438122929433,637.7893088435198,717,1500,0.478,False,False,False,0.5
4883,s_turn,normal_current,False,time_limit,,1723.379112832506,2683.281572999748,0.3577345254505394,310.4468269738355,740.5265024266264,675,1500,0.45,False,False,False,0.3333333333333333
4884,bezier_fillet,normal_current,False,time_limit,,732.6579259185175,1697.0562748477141,0.5682771769107876,436.274846015497,1075.2629222328273,591,1500,0.394,False,False,False,0.6
4885,straight_east,normal_current,False,time_limit,,148.00852826375547,2400.0,0.9383297798901018,457.26045166659617,823.345774952023,119,1500,0.07933333333333334,False,False,False,1.0
4886,straight_diagonal,normal_current,False,time_limit,,205.7554996295415,2683.281572999748,0.923319452680652,330.4492780657757,679.1697490421172,154,1500,0.10266666666666667,False,False,False,1.0
4887,one_turn,normal_current,False,time_limit,,1742.5603110250668,2683.281572999748,0.35058611494246245,429.34561558216615,873.9363298199933,115,1500,0.07666666666666666,False,False,False,1.0
4888,s_turn,normal_current,False,time_limit,,1656.8294530549026,2683.281572999748,0.3825361193075736,455.28853662487444,1585.5836175355157,928,1500,0.6186666666666667,False,False,False,0.3333333333333333
4889,bezier_fillet,normal_current,False,time_limit,,470.822701523762,1697.0562748477141,0.722565062513315,495.2806350447874,1392.9883720886803,1034,1500,0.6893333333333334,False,False,False,0.1
4890,straight_east,normal_current,False,time_limit,,917.920487272619,2400.0,0.6175331303030753,929.8759529646185,1273.4560819745402,0,1500,0.0,False,False,False,1.0
4891,straight_diagonal,normal_current,False,time_limit,,605.432084426037,2683.281572999748,0.774368783910665,627.6806102637283,967.7926772835701,0,1500,0.0,False,False,False,1.0
4892,one_turn,normal_current,False,time_limit,,2053.6267262566707,2683.281572999748,0.23465850661328871,362.45349274041985,720.6219590276294,287,1500,0.19133333333333333,False,False,False,1.0
4893,s_turn,normal_current,False,time_limit,,2403.938615593771,2683.281572999748,0.10410497363259877,245.0429653343598,566.5854737868185,530,1500,0.35333333333333333,False,False,False,0.3333333333333333
4894,bezier_fillet,normal_current,False,time_limit,,1636.9017475214298,1697.0562748477141,0.035446395159572604,159.58278826179273,329.63038012451955,682,1500,0.45466666666666666,False,False,False,0.2
4895,straight_east,current_limited,False,current_limited_safe_stop,,2989.0116710246334,2400.0,0.0,1701.9342187405532,2964.1576698138097,991,1500,0.6606666666666666,True,False,False,1.0
4896,straight_diagonal,current_limited,False,current_limited_safe_stop,,2306.65976999211,2683.281572999748,0.1403586588889355,1185.93946297989,1887.4493664375357,786,1500,0.524,True,False,False,1.0
4897,one_turn,current_limited,False,current_limited_safe_stop,,1633.6653885089306,2683.281572999748,0.39116885646757127,1558.7472400009162,2770.1488731482204,1273,1500,0.8486666666666667,True,False,False,0.5
4898,s_turn,current_limited,False,current_limited_safe_stop,,1613.1743422581585,2683.281572999748,0.3988054185253744,1417.2641919853945,2587.1254785970773,1352,1500,0.9013333333333333,True,False,False,0.3333333333333333
4899,bezier_fillet,current_limited,False,current_limited_safe_stop,,1322.0463603392132,1697.0562748477141,0.22097671130095706,1305.3859073106762,2449.893375458741,1455,1500,0.97,True,False,False,0.1
4900,straight_east,zero_current,False,time_limit,,899.226436525178,2400.0,0.6253223181145091,303.0484741395743,758.1714215450929,546,1500,0.364,False,False,False,1.0
4901,straight_diagonal,zero_current,False,time_limit,,779.0801760226552,2683.281572999748,0.7096539610818069,333.221609911576,712.5491798339498,408,1500,0.272,False,False,False,1.0
4902,one_turn,zero_current,False,time_limit,,1991.2283259384753,2683.281572999748,0.257913017413077,368.9293970736674,925.6900774154224,591,1500,0.394,False,False,False,0.5
4903,s_turn,zero_current,False,time_limit,,2031.1597559447907,2683.281572999748,0.2430314520909276,400.6674237900144,1003.5245879605815,599,1500,0.3993333333333333,False,False,False,0.3333333333333333
4904,bezier_fillet,zero_current,False,time_limit,,1138.114309396861,1697.0562748477141,0.329359711716696,400.5844595488587,1010.1957865727305,728,1500,0.48533333333333334,False,False,False,0.2
4905,straight_east,normal_current,False,time_limit,,726.4397264063346,2400.0,0.6973167806640272,308.10518914979616,774.779920808601,503,1500,0.3353333333333333,False,False,False,1.0
4906,straight_diagonal,normal_current,False,time_limit,,620.3628729668145,2683.281572999748,0.7688044075548561,343.2273639212751,556.673455387747,465,1500,0.31,False,False,False,1.0
4907,one_turn,normal_current,False,time_limit,,1644.1756766152432,2683.281572999748,0.3872519033561008,372.55910108823895,956.146405644137,572,1500,0.38133333333333336,False,False,False,0.5
4908,s_turn,normal_current,False,time_limit,,1942.6764977635423,2683.281572999748,0.2760072154515836,408.29796986062144,1022.4599347037506,698,1500,0.4653333333333333,False,False,False,0.3333333333333333
4909,bezier_fillet,normal_current,False,time_limit,,2087.8743167011075,1697.0562748477141,0.0,450.076895792074,1001.0640315352555,881,1500,0.5873333333333334,False,False,False,0.1
4910,straight_east,normal_current,False,time_limit,,407.3987679400138,2400.0,0.8302505133583276,306.85519011609017,815.3535673904397,463,1500,0.30866666666666664,False,False,False,1.0
4911,straight_diagonal,normal_current,True,goal_reached,291.40000000000003,39.351040250603724,2683.281572999748,0.9853347331690534,321.5023099688071,546.9125431539264,190,1457,0.13040494166094715,False,False,False,1.0
4912,one_turn,normal_current,False,time_limit,,1517.189187721897,2683.281572999748,0.43457697358769154,381.036969235346,1011.8208768484944,545,1500,0.36333333333333334,False,False,False,0.5
4913,s_turn,normal_current,False,time_limit,,1971.6825747892212,2683.281572999748,0.26519728878658144,401.19967661139907,1027.708451505071,543,1500,0.362,False,False,False,0.3333333333333333
4914,bezier_fillet,normal_current,False,time_limit,,1370.6808624910516,1697.0562748477141,0.19231855607495982,328.4868071925385,851.9375192351629,566,1500,0.37733333333333335,False,False,False,0.2
4915,straight_east,normal_current,False,time_limit,,1044.506230061614,2400.0,0.5647890708076608,301.08718665261927,859.5467792812464,546,1500,0.364,False,False,False,1.0
4916,straight_diagonal,normal_current,False,time_limit,,240.87185995520252,2683.281572999748,0.9102323578788929,322.7367461682944,603.9064400815748,201,1500,0.134,False,False,False,1.0
4917,one_turn,normal_current,False,time_limit,,1299.1787531720959,2683.281572999748,0.5158246654972956,369.6880013894515,1010.2052839844102,588,1500,0.392,False,False,False,0.5
4918,s_turn,normal_current,False,time_limit,,1235.887523452002,2683.281572999748,0.5394119141695763,680.846853673037,1177.3968121309654,486,1500,0.324,False,False,False,0.6666666666666666
4919,bezier_fillet,normal_current,False,time_limit,,896.4130621803506,1697.0562748477141,0.4717835374900632,264.5361951438124,758.9955021044665,581,1500,0.3873333333333333,False,False,False,0.2
4920,straight_east,current_limited,False,current_limited_safe_stop,,2272.3495500468075,2400.0,0.05318768748049687,295.36377393847994,836.1095730596902,926,1500,0.6173333333333333,True,False,False,1.0
4921,straight_diagonal,current_limited,False,current_limited_safe_stop,,1760.837387805865,2683.281572999748,0.3437746505904878,437.14438638398383,677.1394428400449,780,1500,0.52,True,False,False,1.0
4922,one_turn,current_limited,False,current_limited_safe_stop,,1538.4364802750147,2683.281572999748,0.42665857517325884,1327.190506242857,2653.7342050955813,1189,1500,0.7926666666666666,True,False,False,1.0
4923,s_turn,current_limited,False,current_limited_safe_stop,,1230.4404842183046,2683.281572999748,0.5414419058366856,1486.0307615180345,2788.1882465655744,1297,1500,0.8646666666666667,True,False,False,0.6666666666666666
4924,bezier_fillet,current_limited,False,current_limited_safe_stop,,2297.164588215772,1697.0562748477141,0.0,188.85124192954063,513.856853132471,1396,1500,0.9306666666666666,True,False,False,0.2
4925,straight_east,zero_current,False,time_limit,,899.226436525178,2400.0,0.6253223181145091,303.0484741395743,758.1714215450929,546,1500,0.364,False,False,False,1.0
4926,straight_diagonal,zero_current,False,time_limit,,779.0801760226552,2683.281572999748,0.7096539610818069,333.221609911576,712.5491798339498,408,1500,0.272,False,False,False,1.0
4927,one_turn,zero_current,False,time_limit,,1991.2283259384753,2683.281572999748,0.257913017413077,368.9293970736674,925.6900774154224,591,1500,0.394,False,False,False,0.5
4928,s_turn,zero_current,False,time_limit,,2031.1597559447907,2683.281572999748,0.2430314520909276,400.6674237900144,1003.5245879605815,599,1500,0.3993333333333333,False,False,False,0.3333333333333333
4929,bezier_fillet,zero_current,False,time_limit,,1138.114309396861,1697.0562748477141,0.329359711716696,400.5844595488587,1010.1957865727305,728,1500,0.48533333333333334,False,False,False,0.2
4930,straight_east,normal_current,False,time_limit,,697.9415074950589,2400.0,0.7091910385437254,295.6479534273135,504.1220704252678,420,1500,0.28,False,False,False,1.0
4931,straight_diagonal,normal_current,False,time_limit,,487.63074582343285,2683.281572999748,0.8182707507366471,383.10779382315076,616.8824374822285,244,1500,0.16266666666666665,False,False,False,1.0
4932,one_turn,normal_current,False,time_limit,,2418.4808764575846,2683.281572999748,0.0986853929929284,290.6533748864318,613.3366315012231,842,1500,0.5613333333333334,False,False,False,0.5
4933,s_turn,normal_current,False,time_limit,,2406.079257410017,2683.281572999748,0.10330720352983133,322.00020187198726,679.8653543097539,615,1500,0.41,False,False,False,0.3333333333333333
4934,bezier_fillet,normal_current,False,time_limit,,1641.2874394033374,1697.0562748477141,0.03286210143466287,359.1606471908234,743.1737439462676,874,1500,0.5826666666666667,False,False,False,0.1
4935,straight_east,normal_current,False,time_limit,,137.3551070888596,2400.0,0.9427687053796417,485.7881146683893,848.921064908955,103,1500,0.06866666666666667,False,False,False,1.0
4936,straight_diagonal,normal_current,False,time_limit,,297.3181533467407,2683.281572999748,0.8891960663619968,740.24378163398,1057.6793266141794,0,1500,0.0,False,False,False,1.0
4937,one_turn,normal_current,False,time_limit,,1261.671230983132,2683.281572999748,0.5298028937109797,276.9417882469648,492.7094458105471,0,1500,0.0,False,False,False,1.0
4938,s_turn,normal_current,False,time_limit,,2148.5160844661805,2683.281572999748,0.19929533073032346,198.03564698375138,448.43177598690863,531,1500,0.354,False,False,False,0.3333333333333333
4939,bezier_fillet,normal_current,False,time_limit,,2704.308131630478,1697.0562748477141,0.0,519.7751468555384,1531.743986019033,1056,1500,0.704,False,False,False,0.1
4940,straight_east,normal_current,False,time_limit,,951.752006576522,2400.0,0.6034366639264491,959.4610904817673,1298.1075540488582,0,1500,0.0,False,False,False,1.0
4941,straight_diagonal,normal_current,False,time_limit,,1685.1069605903479,2683.281572999748,0.37199771446032054,1293.778474666515,1776.9388608835534,0,1500,0.0,False,False,False,1.0
4942,one_turn,normal_current,False,time_limit,,1670.8457992186177,2683.281572999748,0.37731253550453436,379.4898003906421,740.6899734362014,0,1500,0.0,False,False,False,1.0
4943,s_turn,normal_current,False,time_limit,,1847.04089858263,2683.281572999748,0.31164849892449076,270.3541617053858,573.926453509323,457,1500,0.30466666666666664,False,False,False,0.3333333333333333
4944,bezier_fillet,normal_current,False,time_limit,,1835.099677193881,1697.0562748477141,0.0,235.50811393521272,501.59144247671094,777,1500,0.518,False,False,False,0.2
4945,straight_east,current_limited,False,current_limited_safe_stop,,3011.1266557967147,2400.0,0.0,1726.2356389097813,2987.508807610431,993,1500,0.662,True,False,False,1.0
4946,straight_diagonal,current_limited,False,current_limited_safe_stop,,3921.722854815623,2683.281572999748,0.0,2028.515107559801,3639.9886175478023,1199,1500,0.7993333333333333,True,False,False,1.0
4947,one_turn,current_limited,False,current_limited_safe_stop,,3910.298794245385,2683.281572999748,0.0,1510.8010747700937,2685.634361981146,1271,1500,0.8473333333333334,True,False,False,0.5
4948,s_turn,current_limited,False,current_limited_safe_stop,,3894.9233635146493,2683.281572999748,0.0,1440.223550043424,2607.837725702856,1362,1500,0.908,True,False,False,0.3333333333333333
4949,bezier_fillet,current_limited,False,current_limited_safe_stop,,3793.2392905990446,1697.0562748477141,0.0,1452.7183027262029,2639.691306364362,1468,1500,0.9786666666666667,True,False,False,0.1
4950,straight_east,zero_current,False,time_limit,,899.226436525178,2400.0,0.6253223181145091,303.0484741395743,758.1714215450929,546,1500,0.364,False,False,False,1.0
4951,straight_diagonal,zero_current,False,time_limit,,779.0801760226552,2683.281572999748,0.7096539610818069,333.221609911576,712.5491798339498,408,1500,0.272,False,False,False,1.0
4952,one_turn,zero_current,False,time_limit,,1991.2283259384753,2683.281572999748,0.257913017413077,368.9293970736674,925.6900774154224,591,1500,0.394,False,False,False,0.5
4953,s_turn,zero_current,False,time_limit,,2031.1597559447907,2683.281572999748,0.2430314520909276,400.6674237900144,1003.5245879605815,599,1500,0.3993333333333333,False,False,False,0.3333333333333333
4954,bezier_fillet,zero_current,False,time_limit,,1138.114309396861,1697.0562748477141,0.329359711716696,400.5844595488587,1010.1957865727305,728,1500,0.48533333333333334,False,False,False,0.2
4955,straight_east,normal_current,False,time_limit,,940.1165377560916,2400.0,0.6082847759349619,287.4997600032853,902.3833684731219,407,1500,0.2713333333333333,False,False,False,1.0
4956,straight_diagonal,normal_current,False,time_limit,,754.8047904479928,2683.281572999748,0.7187008631359674,286.114879398412,668.6571090612608,318,1500,0.212,False,False,False,1.0
4957,one_turn,normal_current,False,time_limit,,2388.171667327605,2683.281572999748,0.10998096831941032,366.817180523157,894.8354196929477,717,1500,0.478,False,False,False,0.5
4958,s_turn,normal_current,False,time_limit,,2445.8052996986353,2683.281572999748,0.08850218169076766,396.0891184985566,974.5573899311039,717,1500,0.478,False,False,False,0.3333333333333333
4959,bezier_fillet,normal_current,False,time_limit,,1471.4220876245379,1697.0562748477141,0.13295621987751916,410.518212603072,1015.9233433660369,704,1500,0.4693333333333333,False,False,False,0.2
4960,straight_east,normal_current,False,time_limit,,115.07715317277811,2400.0,0.9520511861780091,280.08883899604575,487.01013840554106,129,1500,0.086,False,False,False,1.0
4961,straight_diagonal,normal_current,False,time_limit,,150.1815339566774,2683.281572999748,0.9440306468512794,184.0464615759551,265.3029848397891,114,1500,0.076,False,False,False,1.0
4962,one_turn,normal_current,False,time_limit,,1216.0005428841598,2683.281572999748,0.5468233542390618,152.19109696809124,310.002787823247,301,1500,0.20066666666666666,False,False,False,1.0
4963,s_turn,normal_current,False,time_limit,,2579.8620472408074,2683.281572999748,0.03854218163296354,278.0816096801855,656.2690882202478,608,1500,0.4053333333333333,False,False,False,0.3333333333333333
4964,bezier_fillet,normal_current,False,time_limit,,2129.9042716163844,1697.0562748477141,0.0,270.1757814611557,638.7595921156711,892,1500,0.5946666666666667,False,False,False,0.1
4965,straight_east,normal_current,False,time_limit,,972.447877342102,2400.0,0.5948133844407909,521.7230968465102,708.7535159091854,0,1500,0.0,False,False,False,1.0
4966,straight_diagonal,normal_current,False,time_limit,,1504.3376089518088,2683.281572999748,0.4393664742123766,446.9495137745936,1100.362387823718,0,1500,0.0,False,False,False,1.0
4967,one_turn,normal_current,False,time_limit,,1499.1782986202018,2683.281572999748,0.44128923564879163,185.54120692266724,407.3142154699658,0,1500,0.0,False,False,False,1.0
4968,s_turn,normal_current,False,time_limit,,2003.4078506279163,2683.281572999748,0.2533739765565391,171.65702606221092,417.59231522160735,344,1500,0.22933333333333333,False,False,False,0.6666666666666666
4969,bezier_fillet,normal_current,False,time_limit,,1202.0207249790158,1697.0562748477141,0.29170249520047326,192.83970919487626,441.87836709222944,594,1500,0.396,False,False,False,0.3
4970,straight_east,current_limited,False,current_limited_safe_stop,,4806.506342885581,2400.0,0.0,701.4101046397755,1261.8080560480912,1499,1500,0.9993333333333333,True,False,False,1.0
4971,straight_diagonal,current_limited,False,current_limited_safe_stop,,4719.030623766682,2683.281572999748,0.0,1328.4754427313053,2716.42354408045,1499,1500,0.9993333333333333,True,False,False,1.0
4972,one_turn,current_limited,False,current_limited_safe_stop,,5169.042785084271,2683.281572999748,0.0,591.645365353215,1032.959812783858,1499,1500,0.9993333333333333,True,False,False,0.5
4973,s_turn,current_limited,False,current_limited_safe_stop,,5135.764855559452,2683.281572999748,0.0,532.403618167745,931.7417040758514,1499,1500,0.9993333333333333,True,False,False,0.3333333333333333
4974,bezier_fillet,current_limited,False,current_limited_safe_stop,,4001.8609771786996,1697.0562748477141,0.0,338.05131462505847,635.3719823952524,1499,1500,0.9993333333333333,True,False,False,0.1
4975,straight_east,zero_current,False,time_limit,,899.226436525178,2400.0,0.6253223181145091,303.0484741395743,758.1714215450929,546,1500,0.364,False,False,False,1.0
4976,straight_diagonal,zero_current,False,time_limit,,779.0801760226552,2683.281572999748,0.7096539610818069,333.221609911576,712.5491798339498,408,1500,0.272,False,False,False,1.0
4977,one_turn,zero_current,False,time_limit,,1991.2283259384753,2683.281572999748,0.257913017413077,368.9293970736674,925.6900774154224,591,1500,0.394,False,False,False,0.5
4978,s_turn,zero_current,False,time_limit,,2031.1597559447907,2683.281572999748,0.2430314520909276,400.6674237900144,1003.5245879605815,599,1500,0.3993333333333333,False,False,False,0.3333333333333333
4979,bezier_fillet,zero_current,False,time_limit,,1138.114309396861,1697.0562748477141,0.329359711716696,400.5844595488587,1010.1957865727305,728,1500,0.48533333333333334,False,False,False,0.2
4980,straight_east,normal_current,False,time_limit,,717.1063519083556,2400.0,0.7012056867048518,206.7127809402988,411.5491402528578,472,1500,0.31466666666666665,False,False,False,1.0
4981,straight_diagonal,normal_current,False,time_limit,,1044.9020179830989,2683.281572999748,0.6105880096605139,307.17000582518733,1036.399119642037,492,1500,0.328,False,False,False,1.0
4982,one_turn,normal_current,False,time_limit,,1784.8865240735477,2683.281572999748,0.3348120666747055,271.8287436023314,759.1399116018083,519,1500,0.346,False,False,False,0.5
4983,s_turn,normal_current,False,time_limit,,1714.3196522056082,2683.281572999748,0.3611107870840772,312.38159420710883,787.494518928462,320,1500,0.21333333333333335,False,False,False,0.6666666666666666
4984,bezier_fillet,normal_current,True,goal_reached,138.0,39.455207107054406,1697.0562748477141,0.9767507962512352,22.145960799327394,75.24842926894102,155,690,0.2246376811594203,False,False,False,0.8
4985,straight_east,normal_current,False,time_limit,,157.24533650814422,2400.0,0.9344811097882733,425.03559024102134,794.2047475490937,130,1500,0.08666666666666667,False,False,False,1.0
4986,straight_diagonal,normal_current,False,time_limit,,246.38260384533825,2683.281572999748,0.9081786248880706,256.8382236672772,593.8989337420609,183,1500,0.122,False,False,False,1.0
4987,one_turn,normal_current,False,time_limit,,1651.1405265691872,2683.281572999748,0.38465625703108336,370.4595866141627,765.8213238478774,36,1500,0.024,False,False,False,1.0
4988,s_turn,normal_current,False,time_limit,,1640.3851145814378,2683.281572999748,0.38866456241952063,408.89591629173134,1538.8914664652343,917,1500,0.6113333333333333,False,False,False,0.3333333333333333
4989,bezier_fillet,normal_current,False,time_limit,,462.30893073244744,1697.0562748477141,0.7275818500633204,435.039050716975,1303.9977924503198,982,1500,0.6546666666666666,False,False,False,0.2
4990,straight_east,normal_current,False,time_limit,,890.1815977979523,2400.0,0.6290910009175199,900.5982199320811,1250.5078388002698,0,1500,0.0,False,False,False,1.0
4991,straight_diagonal,normal_current,False,time_limit,,547.0755263326879,2683.281572999748,0.796116989048939,566.3314988141836,916.2017505285052,0,1500,0.0,False,False,False,1.0
4992,one_turn,normal_current,False,time_limit,,1577.5883286932274,2683.281572999748,0.41206754275527696,345.18845417562943,707.6024770074666,289,1500,0.19266666666666668,False,False,False,1.0
4993,s_turn,normal_current,False,time_limit,,2437.5498039850427,2683.281572999748,0.09157882329135954,320.6868548796499,748.8510420738974,398,1500,0.2653333333333333,False,False,False,0.6666666666666666
4994,bezier_fillet,normal_current,False,time_limit,,1451.8411751595056,1697.0562748477141,0.14449438319905625,127.2968572264326,258.7086879065276,730,1500,0.4866666666666667,False,False,False,0.1
4995,straight_east,current_limited,False,current_limited_safe_stop,,2968.2679279503636,2400.0,0.0,1678.5025809678532,2942.7753739850355,986,1500,0.6573333333333333,True,False,False,1.0
4996,straight_diagonal,current_limited,False,current_limited_safe_stop,,2265.609354254004,2683.281572999748,0.1556572455714409,1134.5891331388204,1843.6301166337014,780,1500,0.52,True,False,False,1.0
4997,one_turn,current_limited,False,current_limited_safe_stop,,1622.3744670992442,2683.281572999748,0.39537673443434906,1541.1012159794739,2757.5859463086085,1272,1500,0.848,True,False,False,0.5
4998,s_turn,current_limited,False,current_limited_safe_stop,,1603.9295613698787,2683.281572999748,0.40225074494258845,1400.790108245448,2574.5496535926404,1344,1500,0.896,True,False,False,0.3333333333333333
4999,bezier_fillet,current_limited,False,current_limited_safe_stop,,1268.9849644866572,1697.0562748477141,0.2522434386564288,1253.9470812562868,2393.9659803652426,1448,1500,0.9653333333333334,True,False,False,0.1
