x,y,current_ice,temperature,wind_speed,wind_dir,ice_6h,ice_12h,ice_24h
1348.3444278505049,628.0936409661743,0.5719958782835928,-5.552291377665341,72.02679239473956,134.51069464801145,0.5687309980027229,0.48302518488917934,0.5491483643528012
3422.5715030756983,592.7491177727995,0.8054323292999863,-19.828409136845014,68.72830044131277,119.84835464330519,0.8981579108781833,0.8852883958178336,1.0
2635.1781905210582,2175.010993250488,0.760160929790159,1.171836900644447,9.575419866335766,63.41540850102962,0.7956139649432616,0.94858770462982,0.64448344786107
2155.170543109332,598.9108796388147,0.15389990469377368,-6.6065128279227565,92.25724049058,218.61600123653565,0.15128507436068758,0.27066099069830557,0.3080464398693527
561.6671055927715,652.6793427087144,0.1492494697414739,-20.283883493291373,56.84722021568196,171.5846977831064,0.2700666608532105,0.46613107747275595,0.3731573322632865
561.5802732103296,1822.5558298031128,0.2681743677449133,3.8701417244362055,36.372552113568425,311.6523572366413,0.2599172299260128,0.3127506904358223,0.22796977872709515
209.10100380551805,1079.375621881296,0.3610747263410372,-9.44903609994038,75.65385834953067,11.55944897354097,0.45634700957487934,0.38772581587981814,0.6231281946121665
3118.2341247897666,1864.105336692435,0.4084555814084826,-22.81304644385035,25.736545840163405,231.79245391984549,0.48650716515308906,0.5541590431714695,0.7545796573712904
2164.0140422755517,156.87877815452458,0.6796972168333453,-6.195012867547984,69.35098370463204,274.66159626416203,0.7289258462152184,0.7871049045001062,0.7534562112677313
2549.0612800657636,1170.1708648161223,0.056680432165835404,-17.40403278961569,3.971120757224722,273.41516490779054,0.12031235561869022,0.22300539851724094,0.34372251883985616
74.1041794648888,80.67264043987832,0.034672704226066386,-0.8891964436809268,83.9408037609272,318.98662815438905,0.04159065816393363,0.01194247704919207,0.1652488868807935
3491.6754677831796,150.36768829285086,0.391910562943909,-0.4653377930142817,44.81708470213185,262.45214741861787,0.41108380954921026,0.28356455968560595,0.28395547133416477
2996.793506881518,2175.4498880265864,0.6971636921379805,4.368420675639857,63.66929143579417,334.0116221931707,0.7139894172091557,0.9401552903489394,0.6883838371423245
764.4207984417942,334.18889068222836,0.19343534295648257,-9.943914069264888,22.123781980668365,119.75637593552092,0.1704591533180925,0.26114748108467845,0.5095484650698112
654.5698819455622,1277.8096374605211,0.6415044812562517,-11.351293608167886,67.7073712658448,181.1553900305555,0.7625242498543596,0.7141215461160703,0.9076956694783137
660.2562354723617,986.6294462416957,0.25982813794029946,-2.395731836605581,77.22402758932766,5.068678781840643,0.18355138305901325,0.302307689345131,0.3335842241251816
1095.2720746543357,833.6239830212224,0.8860861088135163,-21.025880309742202,47.321318688439874,2.5047314291848366,0.9354246863569489,1.0,1.0
1889.1231538760562,2159.600029649454,0.8956899442666165,-8.592534586206273,61.77269240617943,86.44558336254715,0.9293757646672629,0.9823068047608382,1.0
1555.0020671116167,52.3761522611748,0.2972872042813265,-8.612571996074472,45.63259238223986,36.290590970070696,0.3547654069591271,0.47396379561764657,0.5351609542745172
1048.4249047129508,1593.0952468214139,0.2299937539632405,-22.315806315688384,89.40913692578455,93.6760924568713,0.40142756772671934,0.4052802503411464,0.35762271015092684
2202.670421000566,2312.146642112521,0.41130397206623126,-12.460477434792592,49.78691805143192,63.73558603022306,0.3700948798405913,0.42169810129124113,0.43171116476910115
502.1778983473506,1344.4036403084206,0.24053158518014872,0.5985439570160587,84.18087090288189,10.267208941913367,0.22132042601214114,0.23994717612481578,0.385805272124049
1051.7207347267854,2248.3739088794205,0.6723838432917036,0.6846086598398067,80.13520582702486,327.3494927061778,0.5714884070100436,0.6461241769955172,0.5135352945855436
1318.90263585729,125.41891028645705,0.8260646845482855,-22.02287005240957,41.050482134835654,2.960327300000949,0.9143365941538173,1.0,1.0
1641.8519431813293,1005.1039657779874,0.673092130911217,-22.278373517565075,23.008449185747505,264.98957196135075,0.7725210557456623,0.9384711473091102,0.974225154625117
2826.6334610148488,624.3786983089228,0.8243504472493495,-17.119135689941942,40.6082132559771,54.77323929102595,0.972147814520792,0.9694676076095733,0.9778380584293498
718.825615770095,1753.9703159537514,0.39699216220747413,1.2429818766198046,82.62173757752201,328.402663919856,0.4066248919725748,0.3018952772627895,0.4533540999468827
1851.2439782890017,2355.113017193392,0.15631697070886086,-21.132922447795032,22.763253581939235,321.40653825235887,0.29004301171840513,0.2212951587085158,0.5065401293045505
2132.692447903353,615.6721498661948,0.7379509473975921,-3.400095921176611,52.44363458577494,235.40441269293265,0.7851375246375348,0.775150254650336,1.0
167.2214857919918,1570.0190435377788,0.3604745051415539,-21.965031411606905,80.60967479607474,242.00429392821786,0.4291419305644289,0.5682400132335231,0.6472165016897806
2187.161466845178,475.4343186233763,0.6712708252291325,-6.30586438756524,35.34774751283788,1.9220911090878756,0.6280045540941841,0.6956645320923549,0.952811104456047
613.8868452742495,1356.7926109718637,0.27064394198176567,-14.317981026425656,64.22096370026973,354.5537638008967,0.3445085821154794,0.35245942568343325,0.5533927925843761
234.18573474700625,1113.437968052007,0.08122963480667267,-1.3325811110239911,24.56315740488145,316.0197372872932,0.014078028856232579,0.048712685966037145,0.03172098864885963
3415.9879341119995,2332.812791115689,0.9925817954877634,-17.989286535239092,10.927944536815993,322.2382412628331,1.0,1.0,1.0
3476.275319068414,1460.4654544715197,0.15620150793059928,-5.823945118301204,79.43842250928563,237.3280333383139,0.17788203927331617,0.02514779265387024,0.3432246742433057
2910.23045321926,838.8152930083651,0.988420993963481,-17.92952396272345,9.896862340870683,124.12329431563315,1.0,1.0,1.0
1096.6095690241345,273.82988373104007,0.9772799325664473,-3.590191506635385,27.13813950795846,321.7135136725731,0.9694462429605059,0.9594699291320162,1.0
351.6196104229819,362.9923889638429,0.7938181039080396,1.210341036822463,85.51094219974401,104.94609413442925,0.8112729585599794,0.8984429901679737,0.7382289215101365
2463.2388954437647,540.7606318829642,0.6594229620819976,-21.1959460261972,34.64692870786672,202.57615560319303,0.7528398954177581,0.7602168516657356,0.8921264689275615
1584.5489774625646,602.3199872167152,0.5778070502510847,0.9978706578651071,97.30453495141612,35.903150043797666,0.581543282878686,0.6042213786538762,0.6928938652223846
439.3376454412038,2041.4785388187308,0.8661015453778347,-7.192742367571061,97.97343347738597,331.9040268477901,0.8812386969341353,0.9577652199045744,0.9863093233647621
1782.6368764005726,1346.9346918780598,0.28943952161948794,-21.18668527398928,26.82760204535567,50.6773647976368,0.39119515252500936,0.5575385020363396,0.6083608817575783
123.79867601478622,1256.1381872984794,0.46768121248487704,-12.173744339208639,4.097822224989045,80.96285006294661,0.4674343728052479,0.6608100520310717,0.6855050979763154
3273.5534474836154,275.44529248612196,0.6193899693665019,-20.174191195447065,70.50632842053791,200.9282969261574,0.6416220527435292,0.7801974315128692,0.98203997004048
931.6079337600609,2064.335264038644,0.4111904758694911,-3.9895633340029164,45.098650264834376,275.0734800766734,0.4928025480648268,0.4120931516323244,0.3175542094685809
2385.0802236743352,1734.754327700361,0.427486454090268,-2.2339559674615117,10.07528439595763,222.96647013706763,0.4732297168524494,0.39314953249936563,0.6193761577351568
1122.1598739218794,162.4040685600038,0.3302846675020844,-21.82610439181603,70.75228189780428,83.56820860805622,0.4225023675912869,0.488845849023003,0.700519004366528
1872.2448762401189,1698.8042333514447,0.564231816684536,-9.81580441916067,3.1174909111921223,0.3394953098965203,0.6846099514746967,0.6037511796645915,0.6883974877977651
1968.1570056358066,1304.4917216223505,0.850574528015116,-0.5612483192224857,87.01966904922422,272.5742089106781,0.8479929001808805,0.9164780169677881,0.9455026410435126
665.4760398918974,196.14082979226782,0.20152837800631285,3.084891246529896,13.865252911330373,354.67463732799376,0.2574817221224078,0.21478952963842102,0.18918617370668012
3490.5046599524107,1099.9215396687755,0.9344330387534414,-9.5944639977469,12.7311878746725,291.5687233101925,0.9804641017787507,1.0,1.0
2790.4781641000122,1163.2710891121128,0.6890876537482297,3.5083767083422117,17.567229796858452,165.67438253638153,0.6264504265678127,0.7670309713099281,0.7080469356999529
3382.196189631081,397.8588963918618,0.8232732126800302,-8.929330886319107,96.02663584920666,325.3562141036784,0.95876287667719,1.0,1.0
3221.3784615395357,2269.6755528006775,0.5561906926300116,-13.17428516200276,69.3169360253846,147.54516232260602,0.6620614979212647,0.6788342900227138,0.9436510131575088
2152.4399237199063,2039.9408915535887,0.7795167014240635,0.44609385658686307,80.13715354636368,188.9762703276483,0.7798065132660209,0.880155529920587,0.9109151008703227
3318.7472460832205,1605.65360958986,0.01620039733946721,-10.210518686257329,39.7634985732753,171.76671626244598,0.09482475524695719,0.07259917249431502,0.16600523062320977
318.5730073869102,1109.5093464014574,0.8183804247795352,-10.84292468306431,33.631272750495555,161.144594159589,0.8422193479161806,1.0,0.8597286653964782
705.5383047089227,988.2372998028204,0.04013885908536652,-10.290625317705151,23.448400678316993,279.0686769458061,0.12253099584756963,0.20692896167788608,0.40401335108281233
162.81824007793705,1562.33632116229,0.8899133763628625,0.40355005609236017,48.0648028312409,189.63680661701713,0.7736526156714423,0.9771729891038573,0.8745592418523199
1171.1891907477516,1309.0364865765732,0.9919627472386433,-0.04175374935843479,55.18287335341685,114.01816392907779,0.9466475444493494,1.0,0.9578893132171239
1399.2382428821352,149.4554541165255,0.2940674621767778,-12.894400226793664,63.17748436527554,92.9369403570522,0.3977021986781298,0.3499423076315143,0.3043472411930602
976.8565143860253,1230.006357048796,0.21031855628579366,-15.00100420388425,25.71185039986945,13.589034108276019,0.25666073017940055,0.21640618286566127,0.4862351321414586
2983.4550329469457,1935.3686813588147,0.7653633638580407,-10.242159278826122,94.86540809029907,209.95025827789655,0.8236351167071057,0.8579496634656085,0.9748083087510047
1284.3119760969214,1102.1757062326994,0.2530263409202532,-7.816824707886731,16.975849820713584,82.78610954437231,0.2166977354511281,0.43768869957348105,0.19525525911690195
1011.3642348745708,124.69578613024419,0.8655623831722035,-17.84988368116009,96.56531747664123,53.32821192589791,1.0,0.9939619821671065,1.0
1953.7058993696944,1887.0676785216795,0.10284259215747671,-1.181347458532283,1.4856122507503788,235.37878697796395,0.16694768853793163,0.17480994738342326,0.06137401845158842
507.32720990914555,483.27307712633853,0.12595519637935826,-10.405517028027313,48.11256918168456,245.23533281575757,0.15975288123386264,0.2811351999674145,0.6241207803470851
2887.9091307145427,620.690003731293,0.9791515551006156,-14.978633547401213,33.336783811656275,270.77576121275973,1.0,1.0,1.0
268.38231724717497,395.2952482375101,0.6738388982700046,-21.795370211080282,44.91234139302508,181.28768268189293,0.8115429887718429,0.9515942301332734,0.9665111881296837
3552.792971761862,792.5161556915941,0.8468872244289528,-17.83464518789179,57.0664578980789,321.85965787339916,1.0,0.7593674953593167,1.0
2780.081169467967,1816.203613652724,0.324329377351518,3.478435152679509,43.558915801270906,337.083391223362,0.36332914989966464,0.20913287456762186,0.4429215989068704
715.3764535230207,1246.5260628094495,0.6764837495206044,-15.847009395414203,41.4846850301595,290.6535383252962,0.8486486366262538,0.730382673283566,0.8860496691281108
19.879621644968637,491.71505796171016,0.5942418273085972,-19.93422131898894,73.27234154133066,228.8136535229474,0.6302048249558428,0.6928257536798892,0.8355743852581039
2935.6611424374028,2106.792187564898,0.603150120122947,-11.179816250350203,68.58762750864646,109.33954329282793,0.6109638522876852,0.7276173035971745,0.8831170160721237
2544.6864378514215,2110.99645188367,0.6825324595377216,-15.78736769919254,83.32712820358479,353.8601717832796,0.6906207453273847,0.8408061671666948,0.7870314740574613
2624.4258049475543,2089.3882201104166,0.5753591731290986,-23.945222491864175,24.995898123949555,98.6890201890978,0.6897413797684581,0.7914667672168705,1.0
2776.5732480694046,573.1109073156942,0.42906236930266595,-15.305643481617482,60.952850975406356,72.95649191655518,0.5013339949464907,0.6037317851404773,0.8967961279091937
266.5607462427253,1082.9744260343714,0.27592269438054684,-8.676741281815943,58.51947853928539,159.1754809631698,0.30671486586768587,0.2766937841703715,0.49747454496371074
1290.4766227593814,2363.9751747381,0.768581330913202,-8.448628839400993,36.973781087268875,20.462605456459848,0.8444239985758476,0.7418867180815777,0.9866480738903154
417.128614290467,1852.8299431439768,0.2262724300031862,-14.30323236469334,48.605754190268094,352.2580072818447,0.3463865570505462,0.3749733981370689,0.5646704431785916
3107.1723331521366,65.20181094134357,0.6923543061544142,-11.580917312421981,31.378214330572874,211.83608030991294,0.6626374470447118,0.7350682629719785,1.0
2243.8732565792084,156.49101902518092,0.23333282264932664,3.9655375470429917,14.18443976169852,200.50275299910308,0.1900318994290295,0.08079017536940626,0.32471081055065376
1191.232889469537,1113.4353043495987,0.6253301699544539,-13.679545683090652,21.380121066273283,236.08666076389915,0.7197736580788241,0.8099103295542069,0.8918357703000859
228.81006102968507,2182.128494067744,0.7470782671290289,-17.25319560220051,10.55136464012011,178.9285131997944,0.7894459529083637,0.9901956595937406,1.0
1119.5363581763838,1292.884315086514,0.2187138889065392,-17.695988677997196,68.30695751901241,11.54286615403497,0.2519942383830222,0.4896680666712134,0.4051643110282888
1170.6599592962893,1194.7500192822965,0.05994330086130828,-11.267061618875974,66.07273931091515,220.43206398254284,0.15972892724570442,0.17262142858303875,0.3485335517584926
2626.5822420170307,253.1368798959134,0.13097374299417408,-2.2143955384916794,95.06063715798729,257.822595704315,0.0843087864931176,0.21666840464229137,0.0815472143926945
2295.206896878767,1576.2722513383058,0.6059969672710255,-18.820354474345805,72.96784136472412,150.02966182465914,0.6687910902967393,0.8713326519705167,0.873446730696307
3193.9658732747757,1973.047585440541,0.8494464062257355,-3.721116185776957,5.204583875613144,272.6264059456295,0.880353251600201,0.8270824311923106,0.5374375215454468
1699.9737305830174,913.0080180181496,0.04499682123542437,-24.365505299517512,88.42451739289542,81.72046776183142,0.11651892215239863,0.33427722918471214,0.4940207668094406
430.53928537788613,1861.4684422207858,0.7341512590416462,-12.43201066048162,86.26751629457257,79.65957278382625,0.8285558334485683,0.8666765409856296,0.8778737841336972
2567.681234002782,2314.743969361948,0.3413186459500521,-1.7240480439163939,44.332032077269865,58.11011556752662,0.3237731805625972,0.43621234488228633,0.5182496052642416
2738.8261750208308,489.03950190645384,0.4785283699195225,-14.838011326767058,58.586305052792156,133.91811352409826,0.6104605175724742,0.6164181575509088,0.7713561751147935
2020.5979112501864,1255.991114867379,0.9288595498455656,-8.087886956638016,97.60783324725189,304.9243327400701,0.9626625943828947,1.0,1.0
2775.4818478364195,689.1310994029812,0.33197150473584547,-18.850623015222677,53.23043638481663,298.04834237366316,0.44154789151667984,0.5018791656303018,0.5059914391574077
1777.6641469118067,1902.8506056812143,0.46533693393948605,-2.7401382662148315,90.53218283760897,137.81671486686136,0.5219668683706934,0.3852760827462257,0.6672582055269082
1881.8381857751785,1386.224078114778,0.013682414760681105,-23.43162690193721,8.303875781018643,212.08274495288515,0.07100440308384386,0.30723452226659165,0.6211811299257458
1539.1476660907786,1522.997802120729,0.08159872000483837,0.5762793462650109,19.105186870868284,259.49387393096964,0.0,0.005295203004255476,0.17229560055103782
91.50885627874268,1914.9939830781457,0.258591591134784,-19.054108407349958,44.07549434413178,86.83443886608828,0.3524898348299513,0.5105571598782482,0.6568752960257608
388.40913717589603,950.3291343898917,0.027852240821074403,1.2319409512499213,58.47568083373047,60.53079092210895,0.03269444769350372,0.023088389338220328,0.05311512005320998
113.14506847224331,2196.216164176904,0.631375326048251,-14.42412276098448,81.62278518628003,349.95455755643195,0.7214193662993272,0.8499616826087071,0.8174260278696864
2291.0774805496094,1279.2692813907358,0.4263983568016225,-3.3194927657654034,98.82621151431869,222.32063275546267,0.43740270220553273,0.561841284037068,0.6070643176180122
1131.681531874776,379.0915748048352,0.548145202728022,-15.423241066414345,38.885149647411644,353.309659860119,0.5883494867517812,0.7060079786008417,0.6143179293349535
1830.85448819293,1670.1578836051258,0.17464718589632955,2.1773501370394257,4.741563614008493,121.59215536760247,0.2673799297929175,0.199948198001506,0.09375294429584359
3267.239306133935,1903.8272410518107,0.2959320294366161,-21.20088623444877,80.11715032953248,253.09141199068733,0.3098293647732133,0.5047723956362936,0.4334653668046987
897.4520249359498,760.228024962064,0.6638244748527251,-19.64440632182204,60.43807190828081,80.13730915484558,0.7802323296685978,0.6621391561455603,0.8982270331655581
1477.378522928267,2057.230216797007,0.9653027236303998,-10.209096245235932,19.854285886820165,94.03206165860865,0.976842170229547,1.0,1.0
2719.984098754975,2174.743811437839,0.0504167736022092,-22.541846828855615,49.48284566214202,184.28476365706464,0.12310805288961084,0.14009205986530307,0.4689848194463558
823.6733957698409,664.5707697067414,0.8903843208552661,-19.120594458947142,74.23102455337244,115.06252518290565,0.9536545109029568,1.0,1.0
277.1276753836548,2360.451534516533,0.5768812013112085,3.3129914663604296,77.04117870686437,60.34376298261041,0.5319898874744805,0.4760065973442209,0.5784509200859891
1043.105230489565,337.7076673170202,0.5639195667556237,4.294689834436614,49.9618411998762,94.63705271615736,0.581371874508286,0.44690560593923834,0.2931802015753199
580.3966341144159,484.8376041659759,0.5002785352077603,-13.712220120087341,30.521453012885914,12.869422007711272,0.6242836857568743,0.7376192368513048,0.673462944545715
3346.911548433263,442.1396141712627,0.06939408590418339,2.6985806304180677,97.37425820384935,253.5925037318952,0.09251251742283365,0.15418537386675293,0.0
2909.2333664319012,2145.575304018889,0.08987685173616067,-8.655259729797049,66.33626109564929,177.16199655091017,0.13413680164306926,0.16772714513323603,0.16715308925963124
2280.2535234375246,1570.3021255799085,0.6009120056590861,-16.90772602378699,40.82375193462987,33.92750390562922,0.619076328486788,0.7506661932443365,0.9428068321273932
3137.2581246757836,365.0502797334549,0.3409585714355583,-3.9280383675820403,28.04632242046524,61.809837526256835,0.38433461084726,0.35619484161707593,0.3078367967368377
2893.219476836812,1056.7762040840375,0.9172680665776807,-5.2329458027542834,73.11029830035622,36.912433720551846,1.0,1.0,0.9524446709238481
671.652211989729,1476.7152601675248,0.40659053735947226,4.673759573262,24.21834455937677,220.53341097931553,0.37245104222592285,0.32229666014797825,0.095723172099151
3213.21239456392,200.31380397451989,0.14328145870264108,-17.0485813777215,17.17099889736882,33.91573090049776,0.1901315597912403,0.3540792398444627,0.3705837972822708
1941.6320708963426,2117.799284177613,0.714718833502036,-4.838214920147937,52.98338889620703,271.5416398926778,0.7101060217931617,0.7413551759012581,0.6779449071371035
2906.7845585906252,1928.6484850596844,0.29335342144100984,-23.439287349116594,28.998739264414187,7.383930955340823,0.35967991120191745,0.44136006474576883,0.6660465788262816
3225.9286797245754,1212.4962565839317,0.5254703073558932,-21.59061883909842,62.890514492361504,89.77528367852116,0.4754592017681291,0.701715093026391,0.7603528301302183
1144.81250989871,2321.103876622009,0.69783278550517,-24.8824487514672,11.793867487423348,320.64000332108657,0.8125731243647,0.8395181782446098,1.0
396.18692829963635,1002.6263502602393,0.9002641112020704,4.983820431790193,65.49411045673216,258.6712745240086,0.8458465868107997,0.9022788680147089,0.8343421576188292
820.56658515099,2361.8647656875946,0.7921911948016761,-0.9317890855756659,28.329652799770223,26.26859985324758,0.7180052132129717,0.7618565363583756,1.0
1537.5880390545228,1603.007997128705,0.6763610678727241,-1.3983095579937768,0.024293443451273156,295.6053976146647,0.7192666555461733,0.7243351364718746,0.7570115862743945
2944.8531573209752,1523.2110558094596,0.6796331823951436,-9.70821774135461,12.693605767417637,177.49264375447373,0.6632074702498684,0.8522640597217048,0.6095773461149534
3098.6300997228363,398.291748709884,0.9459246440320865,-15.997987512836803,93.3615377835094,304.8418897807785,0.9983197982893875,1.0,1.0
25.027669912286534,2116.6266199311453,0.29582409749653604,-20.462071466119724,86.73546391153579,216.26631880214163,0.45455253144506763,0.45619068969112747,0.6440743161320263
1838.6902892792366,1025.9752510094763,0.0011120941961874076,-16.45975783460609,23.360903203623685,245.45989153182913,0.0,0.1661389156392916,0.14577106918961016
1502.6796113356045,389.36017387795044,0.2719545593981987,-13.720863342125826,77.83719045454912,357.66056174245495,0.25456160424673735,0.35555988415653966,0.15269817408360348
799.5881176946289,30.258047941821697,0.217891379626744,-2.3106970905911766,60.857159317397425,83.64079653264655,0.24610751912631754,0.2845386845357905,0.43884025737261984
431.5153224012581,1343.4136407321182,0.6618345851139982,-8.810146332905429,97.09047114498695,224.62040691409982,0.7620560491774107,0.7917606856919255,0.9192498505942233
1215.4146170530607,1265.7590930944232,0.633711599765529,-22.67549120333552,37.36056595340591,165.7157004206634,0.6437636624867797,0.897910839084771,1.0
3394.474934085069,1726.4486936859805,0.5934613827047238,-24.459129731232633,68.14606125171713,14.202703052168918,0.7123822121638768,0.7420548642525191,0.9147279877173903
1163.5305552747188,2136.619327242725,0.0162434432094537,-21.930034613978105,6.353572242391858,5.209430941031412,0.12816640723419537,0.10656739804432988,0.39905660383727354
1867.6462382761179,190.57580314327086,0.7287780544506475,-12.68503858907862,39.6247346816406,42.92228801442912,0.6773513984432402,0.8072345996399657,0.8503802882529772
2530.8682520226403,1755.5915768168697,0.3235304124854915,2.9957875114705494,96.38176611881805,233.67302659387732,0.3618594528247198,0.242918172209458,0.34172918228708343
1309.0665685654583,449.78866583419733,0.6650559890066311,-5.877925563723352,53.89808744501205,204.1787116488212,0.7363183126072039,0.7650799045473583,0.664314120340109
3498.4154977954586,2059.6249275771934,0.5565784285021533,-0.9452230037345473,28.787950333484456,199.23464201894188,0.5474125311367051,0.47648508708274645,0.764226567758287
3464.8102617916006,1965.7524332679745,0.3427309254279072,-11.008762164863544,12.027096312860685,11.46843451017363,0.4478338112923319,0.6143433743871709,0.32424479793618327
906.416264971311,1297.9050119653066,0.13457626710410775,-14.150017504148716,70.35283401815305,168.94907868960254,0.251496894862723,0.35844619411475376,0.5228417228148994
1790.0946212125875,1704.5827166959477,0.09441889766048095,-21.74798881850132,64.48560434297268,332.8642144233103,0.1875783124500184,0.2714319962358605,0.4511028710372694
1083.1619153403708,754.4402716409961,0.8315183331122236,1.2779906655861488,37.39387136037746,143.1330729518328,0.8078929857360665,0.898803736832241,0.7685699822315434
1025.4257797588834,1130.8029574387551,0.918397542081558,-1.5051991291629143,95.09413518658343,224.97208912384428,0.8849100577054294,0.8177612134427332,0.9990535336971237
132.79301047631807,1971.928554505132,0.6497880467642996,-19.956457072068247,2.2202812987850318,280.7347232243317,0.7229686134461244,1.0,1.0
2194.4316023276288,1102.2364732157134,0.10343411486048337,-9.632183083712185,30.37238516318258,282.21310049107956,0.1710799859259313,0.13453279604492213,0.42407542358476685
1809.6444836239014,858.7158367810603,0.4020272168882407,-10.378755762362653,92.10694862995814,186.9408296622977,0.43394940280806443,0.4886494817200035,0.6321284955516876
185.32350449996167,1186.1098734007198,0.7289392001051572,-6.247253419404142,32.09354383194404,308.8627003448411,0.6457007045480156,0.6337376465420022,0.7286018886975237
1003.1272712518012,1987.7982058493242,0.7798208840100681,3.3856068197378377,25.225283385517038,140.8961136109489,0.8330830815034314,0.7983768739184093,0.745802509920102
3269.7571894799535,804.4993136900946,0.1182186222910886,-7.606856747125612,53.42204099312473,319.9295573225274,0.16159770028436676,0.09744692352698692,0.4717054782947074
862.4228064011007,417.0278235257851,3.071884538241587e-05,-8.793481996641443,82.3801749920538,86.48177990239631,0.02226306899815151,0.09059032974388632,0.3266063890533405
521.6215395284031,1708.8336487938739,0.712137045880605,-23.490312011960082,10.314676087836105,100.87790651660558,0.8441151029554034,0.8468353665539097,1.0
1762.029936999227,1982.3477104993963,0.35659617598620563,-23.112775719459282,94.30207096457362,19.123424711640396,0.5289312218547731,0.4625828932806375,0.8364910825786107
3548.3416347981624,241.52994845647999,0.25448133161826025,-19.379596260196333,79.5072881181164,286.40946115522183,0.19500996793141356,0.3513808410523467,0.6609122016412368
871.3989774414015,575.6978706142673,0.01289746978952544,-24.025876849247553,18.125025555155194,150.139885043774,0.12652019302582285,0.2147795939967548,0.5195862128914852
2419.6879706611626,340.7327754263854,0.5402994067614997,-2.699413132899629,71.20079611981626,82.48198100810366,0.48620982508133753,0.4722658866527042,0.5544754679162921
2741.830615183383,835.0593877971999,0.8511507354259817,-3.3000908801811057,38.495872263755714,83.44449994196867,0.8923311887929835,0.823695657798205,0.7534401196412
855.4951583726388,1080.8423493729904,0.9576316462725879,-20.91831296705071,40.22946780763187,324.50397884252396,1.0,1.0,1.0
2621.5788550026946,1797.1832087119355,0.5657449506132892,0.08236702385842776,78.32900924388665,300.2099761659733,0.6050553015202363,0.7889913897730735,0.49773125853964456
1324.0192777893117,1562.7542037160179,0.5144613277398942,-20.35641895461664,96.27848079807322,199.271118728586,0.5754633661747811,0.724597271623374,0.731716513733111
2276.300990136886,1490.2285619482348,0.0850563854892411,-15.964732390079236,12.665587284719393,221.79988814965958,0.052528685089552565,0.13394406449759624,0.24316017706376558
2280.706958739221,845.6998718631705,0.5488728015425998,-17.53069302515905,42.06302368788194,170.75720539810476,0.596300793192901,0.6593964703630842,1.0
1928.7888626691306,2019.4741274034238,0.3799790789653946,-13.830787042808566,48.09416080843035,140.99995543637118,0.4569963282137589,0.4958559344403512,0.6230135050199965
325.0431721958699,1131.089201755595,0.6071352808835769,-17.360087023301144,37.63118169549976,329.5716772385993,0.7267683418242674,0.7169081738465789,0.9260179992746126
3007.0889841212565,2349.8518512363707,0.3887263478765467,-10.331472206846438,36.3189123716225,45.220573267308744,0.3725096948657568,0.545720825241174,0.4115424590873818
1154.808233898249,1521.9411319097685,0.24029912345036675,-12.777763559359437,5.226866756159653,150.64084429784205,0.34009144481723147,0.35457560213793243,0.21280596848810662
671.4666374394752,303.03537975480657,0.0949652752283765,4.597084723379798,68.55386205626233,124.04228687563513,0.05218797923900243,0.1468261030070701,0.0
146.7905095971501,1622.8261489810416,0.31491844458889573,-23.32220949615323,43.62144171200454,179.3342592904134,0.4248613684503971,0.47340380092863554,0.8547836339410457
2127.2145954776706,780.2496370360775,0.09664483428775228,-20.734558708379453,19.479380264392677,164.74747483626302,0.15085266982733286,0.36208991823117725,0.4555680229483836
2439.2317026322166,1647.1852720466338,0.17689695082398393,-23.415223182741926,81.60335023020684,186.8002313943893,0.2819729041678919,0.3555129479980661,0.6325980496305226
59.716184140282145,167.13875558977378,0.9873361585795459,-6.224764150528728,80.25607481516279,50.37083180171787,1.0,0.9723779151405045,1.0
1843.5350098774115,419.71544922230254,0.4441035569066186,-23.364721677588413,48.63916280888938,184.73094054477974,0.4752344756140373,0.8032524325336873,0.7430681216182072
815.3847907125767,2053.7694213738873,0.5318717665050166,0.09319212128369969,29.845066114776053,87.27077299939592,0.5005115078243386,0.39114361906145473,0.7089677812084757
2322.6220454740196,545.2309368564357,0.8736185287372153,-9.641841079542166,63.80927257964524,66.35928563574885,0.9254044894105673,0.8995950933253165,0.9678329420555442
627.7191444179692,2008.898700583056,0.9955689004906878,-9.189771262553988,28.815213577740305,23.34031876302884,1.0,1.0,1.0
2487.3758571688772,670.262612290585,0.5827144493446815,-8.152164768634172,23.600793032371204,274.55492115221074,0.5724856609219554,0.8492403455604371,0.7675134968233834
1392.2472466819347,1542.9165841408983,0.8124738210441717,-19.875588810813678,73.05146540263266,153.8790915083616,0.9963191199248322,1.0,0.9251428208578713
3372.2279594522442,1665.9613764235944,0.32694102433667527,-19.069290906565374,4.0325239720950705,225.591725992233,0.4990752828172635,0.5902814624217104,0.5248322591319297
495.0753989255757,1230.371407548127,0.3057439574472911,-15.43548031380986,9.476847103459395,261.9336035897076,0.3597091357993445,0.3969527362314504,0.32687427705117017
1227.8388637809305,732.7456240721551,0.4027037209945602,-7.195107525344458,0.6788174023589777,244.55399951287927,0.4148456296448428,0.6508970312224575,0.6504957167709757
408.50467646612066,510.3465032906307,0.6725072626736491,-18.696466721793563,15.294318647542616,169.38025887228562,0.7095451848118948,0.845257787123887,0.9561037404632815
3328.897025802826,79.65445094982293,0.6821916892550988,-21.510048186002162,6.899000871045946,139.64347042262273,0.7601341435230781,0.923077920448574,0.7402009195995759
3158.4216721715316,729.4713629777372,0.3152394346494508,4.103506592552964,99.58023677799186,135.34556747063894,0.23947333697719847,0.3187548130493985,0.3386085562787121
928.5898597745602,1567.5906972750793,0.1332099241366287,-24.340545555711312,28.880996995408957,230.41756689482028,0.22356311880405716,0.31758288949768526,0.4454107947838636
2375.9425657230445,2251.9315642763586,0.6323962564655086,-0.9190778399193498,14.926801266924727,178.12596777907441,0.7121794921844413,0.6221324066041782,0.47409644196706996
2941.999920724377,2090.890757431325,0.12832586218876452,-1.3589455127493366,24.099625799591795,305.6876092758638,0.10527761731769783,0.12656667922076992,0.35970579563608496
1998.7229217580643,1838.5554636847262,0.5784925082293301,-16.08357658464712,93.61255715401346,314.89271435761634,0.6361309609377056,0.7665211759392325,0.8700654837922316
1906.7420820816233,1892.273623807917,0.693422128056309,-20.931201519780597,52.016022302439566,61.401736082346645,0.692058712272368,0.8901853278171824,0.9929847914963962
870.6682472416261,1595.9637683423887,0.7006114963944516,-20.6311405988373,36.48180963078569,49.04411455646123,0.8003295590097224,0.8601237031955938,0.9767403555110035
335.16996410123716,624.6884581584072,0.7534721106595967,-4.077051482884226,87.33914579092193,226.94433337295982,0.7907190525470735,0.9222797453553212,0.6679700049202962
3229.976728631976,2177.2680736939915,0.8728594215656645,-5.715802267414791,39.499027054903245,108.4412693024206,0.9014287007622489,0.6862874984829976,0.8178501984487547
3241.50500578799,1609.7575485740017,0.49995899196478844,-1.517629772458399,33.50085699576958,6.685458755435589,0.4981588367999772,0.5588323664910759,0.6903137955349822
2279.165246183765,1345.057514353056,0.7302491895295712,3.12443517197314,20.728252254973555,319.91136097066385,0.7059674869215465,0.7683806727234856,0.6348080184776772
1220.5072477753224,266.37472611235455,0.6191727353658367,-4.24217910200224,37.77968239094115,81.68427620777098,0.6639538869224728,0.7503020445694553,0.7005654189646705
1257.1544686055793,1072.933305135421,0.18663993979768256,-20.324453903456696,31.6684356016926,334.5410346068913,0.26458265541638326,0.3402173159096774,0.2588544654460811
2613.440443932862,1104.859850884623,0.025689644869408168,-17.69672149703768,67.73039592981411,258.2764023161713,0.11457398365404749,0.1885947406738702,0.16006158140143834
3229.5969358292778,2074.952662854408,0.28454138567693377,0.26581192619343597,28.958270467072712,274.55525636813434,0.297189558873143,0.3672153209890752,0.3653150173558316
3193.511127354422,1311.9557284506923,0.4430337063376194,-18.72081772497374,57.71997464225615,72.52613848553776,0.5751801346252846,0.7142771465457881,0.792259373282788
2807.5519650874458,912.9613175289832,0.6171059444286563,-22.824330491365558,6.589216503197271,84.30999322205265,0.7372058102903496,0.765563387600236,1.0
2311.313926155436,2344.3207884255826,0.8499593305032054,-3.901598378732487,19.128915669651438,187.65639137666366,0.8761463081479269,0.9044051641278341,1.0
302.9038739821758,265.72942398315763,0.19624571670616564,-12.924209335295739,40.74052716113488,61.95594695395038,0.3247066559622471,0.4356113093010112,0.3787197509018769
581.8633707406095,1014.1162279486671,0.1255497898984771,2.6012015763771075,93.69492539086954,109.95540936589163,0.14617820297897796,0.0,0.18076416417476082
3234.795078697485,100.85922041137269,0.9634799474743275,-5.492347867190155,37.72519857156954,115.72649206120961,1.0,0.9570165882074008,1.0
2183.1446147745237,1775.769889840633,0.10804455937640711,-22.287430666250177,66.4074121199834,57.46677597099507,0.22861029600617552,0.4057486500855172,0.715496162454791
33.10938581986673,2203.3837252779617,0.47849107010718916,3.4356970176098223,25.508722242139815,73.86582002225786,0.3760621245687891,0.5452281136122077,0.5750408672661858
365.2975543177156,672.0895909211746,0.5855637287933019,-17.243282090792622,12.703357597323173,283.87866312297234,0.716738110559473,0.7592246328678468,0.8696565140970506
2388.606368789001,2060.02002431789,0.5413744209074383,-14.883625287811427,5.853660008005013,60.190507637016616,0.604532193804665,0.6182845927188954,0.7910176384129738
18.221701846387273,701.3237531085547,0.0860321570329432,-12.932187589493738,30.541349854275136,10.244661063812096,0.13498425693393332,0.11858635400616771,0.4656135452882363
578.9089851029952,2185.8483879453966,0.05702691400361937,-23.463271107870604,15.766102679690796,226.56777934641784,0.16065820830058206,0.18885741830919714,0.4848317633472164
1975.44164171971,1809.5085686322814,0.10548342746103567,-10.104537333081854,17.40104480161242,351.353922981282,0.12786638884240048,0.30858832408496745,0.45104726742631873
2490.8227116936955,1931.7762644194527,0.5855876838726125,-21.30044526774123,76.075930838695,119.2369732643237,0.6844233897299589,0.710280794415983,0.672286984073144
2347.060534209362,43.2157334410908,0.5443448876343211,-12.970890199349448,1.5838070944874216,42.71605315065082,0.5635503032741755,0.650057162687512,0.7948891548422136
807.3695140580152,2310.7448569776625,0.23374079203674425,-14.47870636023747,55.78101257354344,205.33943713231108,0.3573276550817076,0.29319068066429427,0.4113816087079575
2563.845196851129,1744.0103809687757,0.6377741418455916,-1.8147974972049,37.94613805934648,326.2875159944326,0.642694840584992,0.7263962730944197,0.8909399180427627
854.0967149884802,731.40262892672,0.8200675020556494,-0.9048846510180653,50.65499999085472,282.2622407382524,0.809397127359931,0.7938870345087405,1.0
1171.438913373364,1990.5471956612328,0.041578959846593766,-20.39761352832736,56.28302372146029,224.10571262857775,0.0774520221640037,0.19801015484098786,0.37399666935224507
2687.369058424887,675.6508761958319,0.4981299435480424,-14.003464378623214,31.336769445727818,113.42033877873578,0.5672154013698842,0.4747527096334361,0.9049923344630055
2338.6784365699727,2094.609214958707,0.6893104121026903,-13.799405169045048,29.51088601842853,195.07686237943918,0.7533646250947067,0.6696386691778187,1.0
3057.2042777790407,270.19293698864885,0.2523119270696871,-20.457686681917448,73.34018493349058,32.848142869531934,0.35578350130410186,0.42102646963648654,0.5974421019029826
2367.406412281236,1688.8463459059099,0.3077709052931491,-1.0463948484642849,87.12769881211571,244.42035274104117,0.2690450614808452,0.22703183400323343,0.6549499602367825
2045.9109720076979,1297.6763439477847,0.6136379029893838,-3.7831501499373026,19.25816324585279,261.0345668031543,0.5496914724356553,0.8142700929098443,0.6743274822164177
337.2291641811329,231.68272846905796,0.8979352934437369,-19.28854641108896,9.761876053514895,347.41138424757077,1.0,0.8796299177686271,1.0
1323.7768910139607,580.5451878212135,0.8099244203028994,-13.99834274218603,89.77958063920259,93.7430491482258,0.9456282567438425,0.8688538831040068,1.0
954.7285236542116,29.769687065555495,0.5831302190995835,-21.825849254304572,34.989546364739866,6.644310855488151,0.6171584273202048,0.7551580671612198,0.8820588887229703
878.3627161647008,1125.043117114814,0.7302217177572492,-6.153802087208682,55.13173906628141,196.41904719377422,0.8382837136689948,0.7581909462009079,0.8548222177872793
3502.8379971088043,723.0366258240009,0.3648224702077987,-21.358842263541412,35.95431445200035,254.4445815828532,0.46270911307809803,0.4438730135416457,0.8687189608278292
1415.1518088003374,1436.0579623146211,0.6409655280987577,4.578025058747535,12.58023363460513,284.5466913178757,0.6247028122643735,0.5325121597254509,0.5796335079374592
3211.367598637608,713.3707385006812,0.46618159112755697,-1.579537759364129,58.933164494772804,69.74601588893182,0.4581207393473608,0.41056243102180345,0.3100457881588911
2272.0990535901465,719.8058676167633,0.1899361364575609,-13.292843512480149,52.514085176962965,94.23103285332851,0.1758098071758079,0.27719754425094956,0.4544127497574519
2861.320692749934,1783.6636769558481,0.7017382738772572,-7.643082031619368,20.299355919119723,184.53273309622668,0.7818161928839718,0.9192755874596202,0.7409490172329082
1809.4935351786917,115.54280634804827,0.556464637348822,2.340254486492263,45.186904465227784,119.01629158920066,0.5134270553991186,0.5541850933178324,0.6432681207128746
2076.853984654893,2166.9479884607695,0.3586215819535914,-8.377021588125217,79.69475040156459,309.7841351714802,0.3590145541623374,0.5320202330958453,0.599697571835245
1773.06369774791,2045.4332985388355,0.9113391900786307,-19.765045408061344,59.04261031078914,170.5536553459393,1.0,1.0,1.0
702.8747560729602,1602.7312397433757,0.020934117826733267,-13.63889933256522,9.691732706699485,287.8483118767211,0.0,0.21427320120088994,0.338298176993015
2600.827614941419,1423.7317682577223,0.315773151249496,0.29434595089236026,54.802149722913505,209.02311377364734,0.24396967837253264,0.10052884235489916,0.46410813591424377
1010.7805047870809,2141.5259955351653,0.05688139777764656,-5.673609520311462,70.27382992895869,278.3124509821603,0.08427810429630633,0.0891315934739159,0.08980346133737638
87.53747915323382,444.79243086891466,0.7665273162216272,-5.478268469985991,79.27034057807514,119.76227515091658,0.8096620784921247,0.9280392317141943,0.9768878590095074
2323.7002652658043,189.52598925798867,0.7021074541137926,1.0046445706546763,62.91175786342668,299.309983894912,0.7288679451586264,0.6614161055866212,0.9484166434225779
637.5984458653762,574.8244077828915,0.33135221873631704,1.8191917238751394,15.265816454078374,98.84603359836777,0.3109669067473805,0.46175929728763815,0.22753268042340924
3385.6509036704915,1906.9878688804567,0.675662902207073,2.5937771533830905,71.01732665901606,196.5955708811847,0.7995564539798726,0.7891242511899239,0.8811317705771848
3434.1428772093145,83.20864014355998,0.39593722619594984,-22.154524202405316,67.73418460815164,77.04256074259472,0.4743954824774932,0.538112537345423,0.6894267521311307
3293.511804793615,1398.736404200375,0.7562537914224343,-8.676219941106972,2.442688294063322,171.1895477854296,0.7774945774258557,0.7815608971158406,0.7851376164506674
1332.5713209195999,2389.050038859144,0.4541836627367061,-2.7847143634504405,41.174766759024315,114.54307542313313,0.4288944848348538,0.4022155064260317,0.547968338094653
55.64381950392274,2053.6706252100944,0.41227972783166555,-2.2921946461895857,33.29502469623733,96.01323502939712,0.43040030105055377,0.3857626540682311,0.5458899073384614
3341.9468253158116,1251.4696537046148,0.934729915488301,-6.798513940899884,66.94120642536434,348.1146064900935,0.9976665250115507,0.9004998861966098,1.0
1541.4629339423316,152.73818228794164,0.25087909989070023,-19.996379944489775,21.61358123109207,57.626677975223025,0.38820578553231905,0.43947956015523243,0.44405874105769944
3479.9573485572105,1995.2964345257035,0.12044733999656543,-1.0773833817500709,59.08719229742585,283.43730148466227,0.05593203368585988,0.023861434351461458,0.21238777931230166
3469.0319175213103,1437.5484196253053,0.5845431132594582,-3.39665999455163,91.32059618141723,354.2993854139574,0.5941128809393834,0.6765808237500966,0.589754703072279
3070.834039682496,275.8391929429604,0.9693218122841789,-22.415926853528912,79.78023722086077,7.164534146428019,1.0,1.0,1.0
1060.0160114505086,225.25748357605488,0.37783921372718665,-11.085705259768712,92.14577362165303,251.6498690551542,0.45797806254321144,0.3465148054850688,0.46953474420844443
1386.351822966931,2183.1043666478217,0.06203676362878152,-19.78067801434589,97.850596693269,91.04825000026337,0.1463267987421325,0.35394745658129667,0.3077791286065793
3064.092017460685,1606.0806310513883,0.33930526730956745,-14.875688628610844,1.0670127006162766,14.5756167581896,0.42231699941352485,0.4921750781174898,0.6254588210612774
1140.9192185625996,1990.2883183602132,0.5059316543195584,-24.457567233829437,62.27412763774775,145.0402484243871,0.5634267495639036,0.7617940758164182,1.0
610.1738880699329,2109.5493606774417,0.1619230066322137,-12.990103947677254,41.283939775890644,336.678411661515,0.2926595620295103,0.20691235807154942,0.19650334617269677
2004.4845448500605,1372.2536449159734,0.658102218056492,-8.503692365313686,85.98544903351217,4.235433972119167,0.748221014478741,0.7888673300808966,0.8622871120545689
3370.1571869788113,1241.871244212099,0.9977493890102006,-6.412522215187394,25.181470200913168,211.6388490947214,0.9570681049839861,1.0,0.962806028025868
2505.707268029903,1033.0257847703765,0.4517394759814438,-5.095289646138699,98.10294891150761,180.50273229431676,0.4269019546397769,0.5016860661894114,0.6429002493198074
2052.220212321714,760.6718106986863,0.35472855673021264,0.08873939307379786,61.370796954374725,314.4182991735771,0.30818677619627804,0.526490967412903,0.30321811489540584
349.8353775747667,1043.0303060609083,0.40070416683446664,-18.5361127817281,79.35374022288309,30.240617227425236,0.5120484623330617,0.5591209315350391,0.5843278724867478
2214.026016117011,1857.3111737523752,0.11514617839520114,-21.38554532684596,8.559955282276832,245.34937075919413,0.13196158057822782,0.3685126234391992,0.5353130822525103
3564.193860375348,1444.6162344363158,0.8832736014262238,0.5461151569377698,18.345788475886504,244.83949143597982,0.8665090317248918,0.9062876000250601,0.8119894768091004
504.3024548514865,2142.055895891631,0.414825655521352,-20.301615553220504,75.84036730342032,240.86880607042195,0.5212759703971096,0.6290975682597393,0.7117703615787038
1865.9867485094524,1064.1120345100505,0.3872744114248413,4.24280244008586,2.198652203932361,339.24041817661333,0.3682754707675908,0.22218654215420205,0.05811314519836116
3158.5430589406396,1457.0149889250097,0.6596902729304743,0.27614688195911086,81.68779858937827,296.31151044247696,0.6797678777677009,0.7036410300908856,0.8018093525076558
2666.767023915136,1515.138127420773,0.4420334209311235,-9.973701823312025,1.3949018691911452,15.110181447662164,0.4262841573880248,0.45831715687922064,0.6907059315687731
2509.256667582965,1420.0731895351812,0.648233468807846,4.442642747660756,65.71188390612733,169.58982625362475,0.6678874655645932,0.5603441605194008,0.6085335224691433
2528.942702353593,1686.3210554052391,0.061446290130787506,-22.078698126759875,36.50939202318059,143.26310023248004,0.11723175268465526,0.373866659243401,0.22392080587876675
1294.1681443911186,569.8403240995351,0.8137233437222274,-15.90802716474695,61.149485271919914,111.65299959268874,0.8632624103973234,0.9281618246672255,1.0
1056.930639352176,1229.6730661098975,0.9405039528794026,-5.8532675487816554,69.60314069891137,162.48122105547503,0.9813006066525243,0.9180599411570075,0.976192616027397
2913.700159722649,250.1395267400344,0.648765386159386,-14.499793945804637,34.24752191863042,138.3099065733519,0.7117182767245588,0.7356328148879369,0.825558890101837
2916.408220845051,922.8271863475501,0.9545659288588108,2.851176559423756,10.796244811083556,155.6402039563195,0.9461526421928597,0.8313053353115962,1.0
3121.4603468883734,1170.4009646910347,0.1514323143699633,-23.031217354665472,6.964586774826564,352.5342716191113,0.2009644970286037,0.44027011934062127,0.4152500361067684
3287.6659892032967,1565.338222909134,0.4774161894803537,-8.517645038171064,58.89360225625479,31.907870909849073,0.5002692480391611,0.49742278818456637,0.7178035014466017
1840.832635899376,2281.2745262068884,0.6018067339454473,-7.274011978146564,52.06553537341115,332.0031131419427,0.6344000119426897,0.7091189255717223,0.7991941992169244
1805.4586608739187,1441.562559716054,0.5817366474211867,-5.418156286683278,74.22010091211325,172.88521684956962,0.540722481929106,0.74570537689056,0.7395176952318914
2873.8626442803907,1784.6253988237436,0.40146177908904324,-17.330013300045568,50.97355100039371,224.5472083798348,0.4484200357485845,0.5016193745422853,0.7156414640964256
2339.8701507999544,1215.0385427884867,0.3380844093662614,-14.063007174404067,42.244579003087914,298.86586798236976,0.41442913812222776,0.49456767355673237,0.6110939760102615
2527.080758127732,1521.8496753031952,0.1268240225504188,0.3104158899493292,39.808717823623084,129.766690493732,0.065769004553204,0.05005076254816905,0.17072414224349294
2864.8536099699636,170.23731872105623,0.3917424505622782,-19.151716930895205,2.6446902597667465,154.95188691166808,0.5216549406588239,0.7315708311250403,0.6738458775764857
3204.019230543239,610.5397940204327,0.16266081510548513,-0.19396458479914003,33.55572016966571,147.42665290033702,0.23022441744544062,0.2457371042947416,0.36034654683862755
1216.782564665529,868.4474236923329,0.7343656764922184,-8.120337312917727,97.60201575244942,134.90316811287354,0.7123196141929006,0.7993800943887267,0.7376922751910506
1352.0986295037985,1133.9840520156326,0.20883093549458998,-2.1343746641775354,87.35555762270889,333.19055579288215,0.29345137790003356,0.18048315852934615,0.3983637509881818
338.3349834271284,109.55698920572097,0.05856530528453385,-3.591779012095852,32.93780670342177,298.41476082948435,0.06814917781462876,0.082971484988767,0.22429818898984655
2081.8085075862264,336.05783412796245,0.5523661378172343,-18.77465513845363,58.77954050663722,39.2399963506714,0.6495747765949519,0.6777332616688424,0.9413056756562217
129.3921856682715,664.3543386991339,0.5952297327194016,-7.935617906983815,84.7296745535494,38.92440689175457,0.6086287147195335,0.8279283662524506,0.882193402462394
1676.1528652768566,2331.6784581625216,0.8719130612805055,1.0316945841527705,44.12743367500687,154.03302534707683,0.9186091913187714,0.7749580608571689,0.8629766885560096
1953.5206849472759,795.2328170473219,0.5769816124176819,-12.03651289594212,1.795786375015096,35.51665562381126,0.6426028153573996,0.678398730275467,0.5339707313075945
1031.5485076618238,1156.898539468998,0.3454808537234457,3.997723106699503,7.451046181864007,222.87351429760307,0.29052683386162875,0.31552109432887543,0.2798203064299605
2126.9997380484388,470.63451057214303,0.8030118815263205,-11.433546996948458,51.039272134870664,51.72897861422421,0.7927315099800999,0.8895785144028185,0.8759874892195492
109.80089978057794,1465.8721705818439,0.5402788931874211,-20.71643089996346,96.94393756758784,188.05437502804838,0.5546447810585816,0.7063515800555972,0.8019798265309405
134.4534794971719,673.6397172383383,0.07928028463119174,-13.316959597669802,69.32095422188678,2.599180921338391,0.14554806736627998,0.1837360076484539,0.15767269942510406
2961.36201837477,496.7821882522243,0.5658505603132467,3.5510721917161163,7.091619143856953,113.97468542855282,0.5818667720976838,0.6104811280107152,0.45813974208178754
1296.6863090805464,1239.7743082703498,0.9080185454216624,-15.408374519804372,18.936087579186278,243.78866052215596,1.0,1.0,1.0
457.4178455467852,13.21391798500997,0.39631262549822055,1.0429447960118843,77.132314321685,174.25401848202543,0.3942157592149756,0.43742993130229135,0.12621299969546404
1880.0757361972958,18.393678358140786,0.29632580189980007,1.4375204504566952,84.14397599562447,352.1770149596357,0.24149967502693168,0.059654044748878234,0.39244721489507417
2771.976791154999,525.7651418444586,0.14346945701802005,-14.494404270041167,61.76945861885908,314.67736658383586,0.1698966789913712,0.28851497070015375,0.6520319274767671
776.9556989886354,88.13127000197073,0.15144552193535732,-22.502270258481037,64.44231696298166,129.26548045553443,0.29989069904905563,0.20064986345295485,0.5875049658173201
2242.405712948401,259.2618099136593,0.4327714843418189,-3.263262725235453,2.8337450383384644,16.375154930018855,0.4210606658352816,0.5095183168396186,0.4585030484515788
307.25087397756477,813.2655584130039,0.5956798241615295,-15.654631029580418,82.85302595815085,304.42546804140676,0.669840874652345,0.8476199514806539,0.8570709325073502
186.0541962069877,1926.2056309915508,0.08061540516960175,-1.5122915722728294,78.82752081708297,328.0443517132817,0.04038672646858878,0.033623967117980505,0.08431248291894627
1912.8766736453329,1372.916744086322,0.9395685890251657,-11.720354552187008,25.903514410334715,295.42586163085326,1.0,1.0,1.0
1946.2864377963836,1230.4025422953994,0.7551336174451959,-10.441997729721352,70.8676719965507,46.061978731115346,0.7784936480473522,0.7996736784131765,0.9356696809008485
2294.7476453935437,704.373175699492,0.5866239182836627,-1.6627177975438947,21.48546064249981,359.24944838842356,0.6473432917774904,0.702225935954286,0.5192330578560256
2613.9288014015815,2236.2089266387593,0.8284386709389908,-13.529100068151163,4.033016105151299,93.09031975899858,0.9182539831154135,0.9383157554929206,1.0
3513.0674860651247,952.83609896926,0.08018675681211329,-11.706179640312564,20.113654259037727,260.7137686110132,0.10131099856044419,0.3102721854115717,0.08536640483524432
1858.681253884303,209.02264030985157,0.4768388777331244,-13.714285936911336,17.86288767542995,326.89255548085976,0.5237205373967017,0.6163689360308364,0.775898107040276
1162.6433025884855,1480.9596386827232,0.6300931268616634,-13.979784541681601,33.77479967348472,84.8473611590554,0.6583389868582865,0.761092485309838,0.8411560995781774
2862.670301167333,273.21214434384336,0.8286529061182892,-9.221602692956218,41.84494971754581,326.9730796837438,0.7964467513613791,0.911640458867197,1.0
974.9961045434671,828.535542724061,0.7834695600492677,-0.7360166649654794,50.853889149770794,111.41336851015211,0.7484428899805046,0.8645998308070498,0.8557551175934448
1580.29711454029,1217.7886529227412,0.27706924971339963,-14.146950642323024,47.675387550832816,351.50876005826024,0.3447987197632353,0.2536915611813614,0.4651549999065884
282.44297283215747,2098.134059244422,0.9408801695592043,-9.2723583838679,27.067460596528935,101.25360733697086,0.994621234469841,1.0,1.0
91.26267629564704,1184.5117928162847,0.12434584143087035,-4.878180236721974,2.9170668574074465,343.23689691282067,0.15035811918395045,0.15591189107952946,0.20347417506703427
3465.5342928405303,1685.4210384759942,0.8751336186211521,-16.91681661089035,60.51016222371507,19.276074321362966,0.9295360444364307,1.0,1.0
3009.528433843941,2382.760413597769,0.9709402496046186,-16.674315852928224,39.57448298473544,255.3379242011327,1.0,1.0,1.0
2505.5071419373126,315.5738877551559,0.17715352322262556,3.0023938107036443,29.86721573875497,191.56000818132134,0.1720583632344093,0.07751025805708563,0.0
1472.2305998913716,659.3556612468468,0.7220660642037853,-3.293962800067341,86.69410428305123,172.03574776418304,0.7782505265371403,0.7646976600544765,0.6953959201131247
623.8595522550448,946.9825814343513,0.040285518777998464,-7.684399713300735,74.67433077981597,80.45795313210239,0.0,0.026226140474249694,0.19669002458868984
563.1733536159097,1012.3876284931953,0.40542282513915495,-5.56839836738164,85.77655483724422,254.0144843195371,0.23876196191964336,0.3103201468549672,0.5592804284989197
900.8744333925432,986.4505806373098,0.516283299197674,-24.12101670689745,49.4982794712461,68.69141692067056,0.6258763411875681,0.7652603789124935,0.660378298190066
1977.2159929420336,2178.266406135732,0.5806452259096341,-6.456911033149094,13.093125212677748,199.02304655451655,0.5349296721191364,0.6780156095163615,0.6662707371266375
2572.5453217202244,1713.6783467204555,0.9359372482485595,-9.714733803273942,69.62214361212725,91.1683306944903,0.9687071292363967,1.0,1.0
2376.7105561838325,1458.972513817689,0.6722506872941947,-8.627509606616929,20.607377993717524,344.0236967212882,0.6915597340671497,0.8453127586982301,0.7903568193857873
1007.7620290053942,742.494522870677,0.481277951219237,-14.217285195075487,44.12296690917168,10.307229780835016,0.618375097512464,0.5435296323398235,0.6361317784157019
3437.515010387499,1977.0969221311072,0.8096750362658893,-22.555783068611742,6.5000788948888495,71.90218084004516,0.9149090583098526,0.8656542936377548,1.0
2656.428900104767,2292.1452275639735,0.9505328209544089,-19.199822991638435,82.53084024229824,87.23181829948118,1.0,1.0,1.0
1995.6745890410425,1970.8758781205436,0.022066148682290843,3.5223413963801526,12.594064104750057,149.0644172764139,0.05196633258802397,0.0,0.0
2202.194686443668,3.75625245953497,0.9825212722560387,-12.739013131871982,90.30975070493096,83.78288707321927,1.0,1.0,1.0
1510.5602247400436,1527.3632884401768,0.08613213906368034,-10.999505325074075,86.42306022615571,176.88567249676268,0.11313874040590205,0.17952510876794336,0.5626165303585079
891.8315622041669,122.72491546104175,0.8143867792687614,-23.41870630439683,46.4582764439246,314.087588373074,0.9604265520673699,0.9503903201441558,1.0
1281.5016431445417,618.2573288009324,0.2803347525514125,-23.87301311368058,74.43682043039907,256.34283170730146,0.32181472737634087,0.3273892923215502,0.6300275615094096
2728.2459976717287,142.85928083465205,0.13217965775387175,-3.4845565885972682,61.94450738181533,208.78631299263998,0.16760355507597116,0.1354085983812135,0.20302205681052912
51.816559067121126,1449.1090870785306,0.4398556397138349,-8.857160076366661,80.30756423377449,32.04114407376467,0.4037222567167718,0.43143583979703115,0.5223535344298494
417.8615058248985,1647.8157923822562,0.6439565794476135,-9.738820473512,43.180510078591205,249.8371590201392,0.6949924001069424,0.7441656807435456,0.9390993870045412
165.6095112783099,274.77033135817226,0.380951845023475,-17.70626408731994,78.580848424435,59.90914235193835,0.46485790228201473,0.47698221470400914,0.39347190090627554
146.6236883482925,921.2133193079508,0.05456540828269896,-2.657478051102334,46.245681706514794,283.09225894621125,0.15297826724071734,0.17267614793855354,0.0491987512863988
3079.658102439626,1094.9676214933008,0.5994611396587166,-19.952902626745242,94.09657878427939,90.02043306365515,0.6054454877153502,0.8962365104975911,1.0
2533.1682937680853,885.7272522261998,0.9024032761106747,-19.3019576901694,48.637210082514756,150.13754219552433,0.9496049796643709,1.0,1.0
1707.0257847143707,290.46000116446334,0.3832153659472517,-11.178634859551735,46.261927193372955,126.16927283445405,0.47089556071861516,0.3522254182738987,0.47089898465584196
352.2029783436053,1005.474696449941,0.21633277763082703,-16.411604136641774,78.50718615635127,309.17300928294844,0.3024928745787342,0.4755369257972338,0.5468005246756459
1769.8171504205966,1802.8273147402035,0.4425773459328154,-17.57611056300561,82.15776917608379,45.556005136826926,0.5257187900285699,0.7168873650204755,0.8478433002959913
1704.4983748100365,170.41839487981312,0.04836271104878087,-5.64287066340005,55.44891143211708,203.6321576585239,0.0272615820318158,0.10327726421533992,0.18046158899843545
623.5267316760546,192.43203379656828,0.8204875844802748,-5.4708476434436655,17.97978134950754,51.1421793995024,0.8132603238735678,0.9709489909028464,0.8135957684941868
1561.8659372567029,851.4511004063621,0.8263408109501867,-0.2644879060021239,46.77582309575795,253.7265010075872,0.8942622733184334,0.79354562382062,0.903762857076731
1434.6170438305444,2260.14170788542,0.5880004634296284,-12.468742990810725,96.80725029096784,325.82812600601324,0.641863514986569,0.5515778111309353,0.7655085923752016
2217.060352987979,1604.5743521349937,0.3531028889383895,-22.807447269215494,75.29861930391851,156.45875539221123,0.4649286629355631,0.47839571222856186,0.8147564715254486
2286.3371431235178,1628.8078960141556,0.7997833644457834,-16.79000845235627,81.11626038791321,175.71321369539132,0.8650981057420868,1.0,1.0
163.09443517936026,868.607978010876,0.5546870247883672,4.400163895904509,3.282549881924013,333.8722211337944,0.4793603894044294,0.40305591165655025,0.17732837561994524
1348.6054126552963,1424.7858989004922,0.8259323085500162,-7.112242743018939,46.78594626341599,187.55689991376858,0.9039723347664287,0.888593020929861,0.9646584249841426
2253.0956965712508,24.31484166658411,0.6314587925830206,-3.7078874559693915,64.66211336575553,175.53543769784193,0.6769912011061062,0.6749318826431591,0.5046538773351484
1811.2905308883157,1526.6305113829012,0.7844054732127973,-24.779265111237564,83.00326836280748,208.1984769735495,1.0,0.9458126757022155,1.0
3083.3634282779603,2191.8886741829683,0.59856299321776,-9.453828034524374,4.927365358277147,248.1227050906627,0.5837285159005268,0.634970448561379,0.6861664158233935
2371.297073828202,1470.1763240275661,0.4141410682156662,-23.874140274045907,85.24388856418732,38.478015031331296,0.5533221291597811,0.6160258287227441,0.8959155167710744
586.5639374931469,2096.876624319228,0.9579458599261376,-7.92309363725656,54.84009367419117,295.5997899869458,0.9275642721314187,0.9833640935856218,1.0
254.04749064154743,1737.5353331186252,0.5411138248788447,2.6231254890822626,19.731397057605992,156.78180988317334,0.5411175723842008,0.41162198334881445,0.41328935167936603
2312.709401542736,289.3401993688566,0.6050895185405384,4.0525739150122355,31.72552164497,26.045463563094792,0.6418902479768976,0.5982428739424172,0.4463447528120516
95.44071794983853,2165.8879374860203,0.22048763941474925,-8.783419738332274,28.192955175156076,283.0257609113567,0.1526380031461865,0.37787120508287025,0.5537976183318868
2108.792092584468,159.4652264538597,0.6256507894272765,-11.253855842433522,53.08590342884758,135.70198980705794,0.6629147154672066,0.7902376904235711,0.9304055556567156
3384.828869129847,1281.521934114633,0.5716076494829438,3.3505128274548213,5.168567991113182,36.13229823421942,0.5313995964769685,0.48273367948407037,0.7566474747528743
2071.7070403531643,341.1290971042984,0.18483839794702495,-4.791705040099146,15.853615849992353,228.1604542355702,0.16929478851763985,0.12384867568755294,0.26970982010743294
1397.4117343434789,28.095865754169758,0.059587097353143714,-23.053021613847715,81.26930433757823,316.847287236111,0.17342349145179814,0.22600358975213491,0.47244049784541076
2315.8375863924716,1012.8822243063336,0.6043593197147711,-11.028232669975074,13.260399074681107,319.5912633890351,0.7030755174557755,0.8151464653381735,0.743023981515635
1649.7104057694598,708.097698369975,0.7636922693503205,-17.792649446070882,23.339626945812697,344.75885093123037,0.8260847317062099,0.9534529119017783,1.0
1964.2204415373658,1166.4011851142473,0.5234013709220082,-10.905870356539554,45.33706056041573,312.3739655160077,0.579106412193074,0.6705799848516767,0.5800978185969836
3389.2733115954907,1385.2797281629219,0.2267726253196457,-11.336032839809148,51.71208881133305,0.7707309643710802,0.28016939500302573,0.39332384552332056,0.4275791763522383
1389.9694960827874,104.97377354147366,0.6665219766930349,-7.53565591555774,76.36104796141586,136.88681990882048,0.7025069664903388,0.771972930653488,0.7153916432246237
3460.2860297660914,295.20790829698956,0.08010572660960225,-14.296885289522463,44.73324266661878,294.6753287659811,0.08372523882636802,0.20592769862343074,0.36548137367879097
3259.2623110418294,1340.7417514810209,0.4418337048019546,-20.07188651632216,78.98646210355388,131.85108215945073,0.5804241555346628,0.661154697826919,0.7949078136658337
704.8480852414672,823.6016476143798,0.1633667583984202,-9.888416962301312,61.834630704545745,216.5574622966942,0.22139155348544648,0.20620352341914758,0.37094871035584476
249.70068315059564,1750.0163701186752,0.18445905105988336,-0.09391346962713953,11.309973942382246,218.27410105483153,0.20568629846535225,0.07426835596125768,0.39140733544407047
362.80080495873597,1565.4999566206552,0.20229394915820365,-5.07963315797193,15.633143839283859,131.4091094539763,0.18258040643324766,0.30135758138079577,0.2802155500916252
65.59857234557902,2029.4504711757763,0.3867070570439779,-14.848964022243525,43.70337254497708,325.61061382126354,0.4237999894824268,0.6058340101797377,0.717730106738033
339.9946587213422,1661.9827840061407,0.051150205620397626,3.065690682765716,39.68893930890396,181.16220433900233,0.034816049605377666,0.0,0.26722155679274323
2458.8243842988845,1031.8345857363556,0.3977934409290982,2.366227137475466,74.35442696372945,167.32231413750029,0.3196492971874956,0.4606713413840501,0.5488358529678637
256.27913445682435,1615.1198937466377,0.5117074471147008,-18.719548018477035,58.07371397973519,359.1049484382825,0.5033114073220794,0.7981800571202807,0.9541105167983318
1148.3122690575408,660.9148182130044,0.4832942849663252,-23.81747244638911,38.81330810022493,177.660131066142,0.5464537409183785,0.6695082937937189,0.8192791090397917
3041.5511194900364,735.1523970677105,0.38278410040304056,-2.7607387494771345,17.076028345038562,64.22337069428917,0.4209705118702032,0.3414646719137871,0.45858275965134865
83.77896864897312,1893.564383809904,0.8391466080707525,-0.17169215952540284,22.683710232549515,184.7049922308377,0.8094019551957307,0.8548125351958433,0.6926023195130603
2932.0865373201686,1071.4068393637972,0.1453266924205041,4.035936978540658,57.550101846905896,293.0460247871748,0.08500667905613156,0.08252446799477425,0.16767740659688635
1014.6771891842398,1916.112817244046,0.505696743781374,1.6950918226493208,42.34388048997925,279.6697176833813,0.46284025483355345,0.45211392241298776,0.5301431399512868
425.3933794379625,1973.8136968038682,0.062041416956554296,-6.9839569538075565,51.492750886067206,283.8894354390496,0.07061340946467373,0.15937436966904783,0.19020408663683627
2508.253795310942,2058.149610387081,0.07115567887790974,-9.098429823628575,17.067743530223368,254.88856223924824,0.08928861692853406,0.014509093258777101,0.3377225982335709
2264.1942484075826,2199.9245660188976,0.5738658496770963,-24.16476846212241,66.29062523445658,91.51841846400775,0.7793888665438288,0.6528454243905275,0.8179206480117875
3158.8992486973907,1034.364529231911,0.566018424887821,-17.600306594656665,85.2538740855967,310.3502709024833,0.693275993450709,0.7166147695947807,1.0
2646.255757693989,765.2803639707332,0.878033512844457,-11.211557448012208,25.79395067869006,321.6396475354554,0.9738949539564581,0.965494300727292,1.0
2892.531349385455,1397.2769918258732,0.5578736756600732,-6.144882997492964,49.15142258318266,69.89497078267766,0.6442611473726592,0.6412749488211018,0.6612314120975038
1015.3244612567033,890.8138162503062,0.9597910204048502,-8.28244500044768,97.55273290209018,46.96402915850181,0.9506644189800355,1.0,1.0
638.7823576070022,1442.578000320559,0.04869484839992977,-2.7209203095492853,33.32417405507277,351.2177886920803,0.0011124862168849082,0.08412770841862965,0.16051166849502949
2702.21310590709,1693.4060703451792,0.09800768478074107,-16.606992073388774,59.50463449237612,312.59662691413246,0.11089085392848375,0.28231482425641563,0.5534165675261766
2904.6050613621505,1652.1720443811284,0.04406586157038139,-8.051421770425804,9.019570020024437,321.5650129955808,0.1418859568783725,0.028212804003409257,0.18063794237757952
3565.818511202424,898.9269288482913,0.18527685033354002,-22.355732698276235,60.601500247944315,319.0954984647823,0.24781140853274577,0.42650015870152364,0.5621371491443684
1485.4236368811353,400.4644840770068,0.5412701109416781,-12.590034292503791,8.963177330461791,195.00725665214222,0.5268112481596492,0.5953767343926947,0.7358801135765243
1339.2651088540194,1033.270412309298,0.645572181427428,-2.495175011361969,95.92354353238221,232.70462519968788,0.642971632062283,0.6891843693256067,0.9352121175349871
2795.0866586711886,342.22594579658096,0.0455851579486688,-4.197974397128679,71.56626520723114,196.330626768111,0.05655391187289309,0.08267532896304719,0.09291530763604856
1226.8927449108642,2136.23288444114,0.9459708898455993,4.71928211516537,78.81597881357064,18.434285708518466,0.9495758434798143,1.0,0.9031671378092585
3350.726372172833,830.1059057708578,0.842165376650381,-16.66326622036732,70.41043607716368,268.38111072699814,0.924241219620077,0.8764238361685687,1.0
3090.2859066348424,370.70339333597707,0.2966124821570931,-10.054321024780625,58.97290360764658,181.9195320009169,0.29880444816710966,0.20115537979527395,0.48865775900540476
1544.378498550066,61.0746237738021,0.07718753022646796,-15.114087586780098,44.99127810855054,233.1752669244827,0.1726473061134339,0.18246682698199485,0.4583424184770523
2703.1358440493905,1549.973727087562,0.16988707321905727,-11.781906578224758,85.83733797610624,180.9503297911927,0.19069327999750282,0.3129013407033741,0.2715970002545161
2716.3543467048567,1528.5655618913838,0.12694441375497267,0.7085038960816448,95.6835667543063,177.05207603608415,0.126042063984845,0.15294889794982158,0.12995517942004883
371.2459278093574,817.4499997951,0.12328377929894685,-4.473727744345403,49.90361729040813,61.844079411996056,0.1793893235944507,0.2653937998327319,0.3884832269931186
3249.19046404644,172.10853323436243,0.5185616886657339,1.4732357404274516,93.1535049155262,100.33693745081362,0.4902613349334665,0.5611329355300068,0.45256378863390717
1818.9085408122858,983.1093477485568,0.2458474424934003,-18.894666750043406,58.33329099885175,57.18696909982408,0.2940682007268914,0.35411623476970744,0.5344448753712273
2975.24687798787,746.9219881521445,0.35813971652914445,1.2008335352431416,53.83841868964332,70.43986642512327,0.3886038351256036,0.17386753642157513,0.3924648086833321
1152.1785637102023,1625.0895353640224,0.9895053333843224,-23.207131774648467,45.44827329553567,350.27185695130976,1.0,1.0,1.0
3223.8836225863215,1453.870198686457,0.6843142489253448,1.6579784131145736,20.928776153011984,55.120840477991436,0.6609501063112628,0.7583018862382117,0.6181588689552032
1401.126043442987,875.024947674096,0.9489806670470013,-15.127786616178163,0.37196608180591895,96.93735274987475,1.0,1.0,1.0
39.0155453290741,522.9421302119763,0.1425565550331156,-15.562370997578006,24.150622685606127,212.61227678589057,0.30603513061439247,0.266370083146293,0.39125417717046346
3259.3751151093493,2371.2863187734206,0.38213947483256927,-9.637342699040083,50.97231716035652,219.66428744519106,0.45364696690814255,0.4983228288519779,0.7007307846827693
328.6320364300808,1089.6038908706757,0.5547318032823543,3.2207056316969513,37.99599522597526,55.43068670777846,0.5700857448355889,0.4569523201498369,0.7065944802771605
1149.5290953254935,1651.8581658725689,0.07675806188873802,-23.56655905955784,44.84852280026338,285.73827328267646,0.19615758982574275,0.31233583112657987,0.34546567226210156
3420.223081382898,337.32712218806586,0.004187443627957865,-14.433070747877641,98.06482195640496,282.673032448617,0.014458427424787042,0.2630181818284576,0.27326165592878315
3422.185728975202,1165.4152791825547,0.6704343337969175,0.6971596605000734,35.027237066932756,85.43437351340079,0.6771025457107309,0.658386015605081,0.7548976307271614
2064.37639724383,66.08812768671717,0.6418195168014353,-13.118365676935998,45.21829393601079,103.91986896316577,0.6940468930667263,0.6589257644190734,1.0
2274.6139638112772,1213.09228298508,0.41078880999961176,-19.02529307208799,13.351555135281956,337.6756315654189,0.4995480415521077,0.5508207369055701,0.7877276638130999
1614.4038791219511,2313.6417770824855,0.48964407603203264,-12.256174560057646,4.795773243698765,297.2417205526121,0.5419097105804122,0.40457381119249514,0.7103146119214566
1055.5587781130323,922.0961111659205,0.4154430005920896,-13.43342495524992,77.54095145924947,251.2069319025086,0.4925574231910574,0.5586541391664432,0.7279458593424539
1183.1923633316974,93.5904301797878,0.024005044844888856,2.4624860440011034,57.06831750719786,29.60395974381619,0.004904194185644428,0.05313201322820646,0.09074734130810264
2421.066441877338,74.29389820642447,0.3353716062174624,-2.141968727707088,76.0704806043895,150.57506912492727,0.35394148287539257,0.5007013713037884,0.28660361430070036
2708.548305975648,931.1682238724868,0.17708225539728983,-9.84653332767981,14.986279888655163,201.34867394765772,0.15411395506210504,0.23840892792728946,0.35391062236870136
2849.684557413055,384.0598475116657,0.09842418910136874,4.651117001647133,57.18287711826909,67.4680636741597,0.07070542415687321,0.10765621406438669,0.22662990422661233
2842.625314060394,56.04503118764619,0.9567204338893498,-11.0416740617223,25.364247434137553,161.36156955896084,1.0,0.9757027906482225,1.0
328.34197097528534,1814.9126734804245,0.5993597250421656,-23.252865075391743,22.806181690001992,216.3693158959284,0.7047790042252976,0.7498032798035978,0.9728087709547358
1779.9130969292933,1100.4552213165377,0.7286562842366027,-17.131770345550454,1.1526014052985256,117.85560484154372,0.7919696313037928,0.735360247176315,0.9569919060388562
207.2115360599194,694.1874527343708,0.3153637432661175,-11.917885593420621,13.034072356907188,281.14013482217536,0.4561653852898529,0.39177152998549475,0.22168251663736463
1978.3039763654479,2160.1996392395536,0.3931471294940152,-20.292921275616397,30.926811149969534,302.56184938996995,0.40429651647751963,0.5271046690096468,0.7123824943564103
1589.5098049441572,278.73350448126143,0.23692399389672347,3.4269537897212885,11.687876059093904,116.49940899626547,0.16976892701886703,0.23749539697274427,0.22640986915288644
3195.735057929879,2294.2051894927663,0.09696567096542474,-1.9945330654668076,98.58584404109375,301.9165756172846,0.1999393249288483,0.08175408733803341,0.10481879765815613
1263.2940451874833,753.5201217056467,0.1790316374415838,-16.95138398716682,30.863264852395066,37.28756379708541,0.24798370068114556,0.3190072983938213,0.3070912693238767
421.4412591393811,2132.168813540835,0.7975140452964858,-7.275863994462526,13.032394670232817,301.58247550415626,0.8139726229282539,0.8280190997403881,0.806192187907719
514.7700553902091,1447.0629035507077,0.6775458051837758,-3.356525286712838,19.908231282795775,54.990155400341976,0.6321633818824464,0.6801814400267202,0.8275594909338544
2741.4382741829,1984.09766337957,0.5469288759854769,3.238367867203941,58.77032283414765,29.853774903501375,0.5630468420866275,0.5408241676253193,0.7585644598767055
2225.58502793854,2361.6315917051143,0.47508987286676807,1.4490604752623177,6.404352386478851,231.03914559876404,0.4975193247995554,0.4687446251649572,0.6218077076010767
364.0416340420449,692.1730507649897,0.9224342836561245,-9.54423321585359,86.24341301411569,169.89745167190597,0.9121247814752421,1.0,0.9387736265199083
302.7845020139908,2306.7251649782233,0.0727349477786684,-1.760421406209474,96.14996792371473,326.8406161486198,0.08193774556680399,0.09551665917959562,0.24015653330738074
2523.488873252832,934.7565477658088,0.28060081323791597,-8.13565738517245,24.674742066738087,130.74811059270573,0.29680121103733315,0.3185623641102167,0.33292608574508314
261.9468229110967,925.2285713686135,0.34993785357071405,-8.418883298633798,45.00952685908594,103.37481483754632,0.39880847594743796,0.4076167880753066,0.42435286629280217
2958.6962134452824,816.9290502108137,0.7824258122127878,-21.557741249854242,2.213445102949707,180.26456621191141,0.807526174299004,0.8873784312600053,1.0
2542.4720177633862,1299.3782576342044,0.9925146201619713,-21.215870259515437,64.07102247272215,164.14062687671807,1.0,1.0,1.0
292.85561031083915,369.94810362836904,0.24067051475715306,-9.113991549326277,41.39260580525889,123.99409663818777,0.3247784327275327,0.4797966695840104,0.5090478354930353
305.4157707066909,1328.9075648592268,0.8743073341370806,-16.934153650629803,27.005846610155572,249.7468675313983,0.9223522170513171,0.9337003549831658,1.0
3551.9024826042314,1300.0915497840097,0.8306227604317913,-24.368892926185943,20.683711061660848,273.442260209007,0.9132535444292361,0.9952336928801733,1.0
1347.3748647220332,1828.564350251688,0.22465739764176662,-3.3148238829936325,65.40230776587605,307.0742288508492,0.23680711046569955,0.23159994525581887,0.35625232818131675
1334.3117294408073,2000.7599086502053,0.3993325801992226,-24.02540209929505,41.62170310323145,350.22837769572345,0.45467458073157696,0.5680737075850297,0.8445216376728498
2926.078442127009,1057.0592407498177,0.4096728692925191,-7.141694766878363,17.9659289029912,95.99622916770161,0.4160793466468603,0.44032962111443347,0.6651317471679145
3410.0948785818914,725.599798443585,0.9782206685265583,-8.824186176180568,68.91090814868241,257.7936536963862,1.0,1.0,0.984023187367636
3549.6038297623354,622.4037535610267,0.18089190137889832,4.064440717334133,56.507228303669365,141.9329647784683,0.25194439005461866,0.02489603354828265,0.14493146271683768
2712.16146693219,467.09720809169266,0.799157971104782,-10.47360581957075,85.86720549294962,243.7495099023989,0.8943516288939891,0.9778571736527129,0.8624460154885818
1354.5345079112967,138.35419727765972,0.3341927141731099,-23.09195690866608,11.74758988764929,171.35340852571932,0.4686950469362039,0.5603385329370112,0.6791580302705524
300.60258011520756,821.875149203312,0.7308703457761604,-8.44936096580615,78.56666019444562,357.7583169964554,0.7889083960675974,0.7105241581735449,0.8618963898193397
2797.7288973387726,648.5944611138798,0.42001100429566285,0.23288511848304339,67.3516786817259,262.40476888467,0.37000650252296224,0.25020851980719305,0.4378484645227833
2010.2552990488982,2319.4017260793776,0.57835976311654,4.905478528443197,11.501093682809781,342.89686815635685,0.55903977277429,0.4657031211984659,0.4134088760897522
1527.1992332891145,1338.5011830001054,0.8326117733261311,-12.089704789327826,69.48207298717207,300.58903781322687,0.9334207965654968,0.9177676569293544,0.8632753991760258
3262.8757863410497,833.4648936732182,0.8041655649838841,-15.391037725097725,44.15472888798304,325.0443640188136,0.8033841978734345,1.0,0.8013605192097549
400.31093630214485,1393.1222423848703,0.8664231835397002,2.1995989085599668,94.49847855558431,293.19091099728297,0.899452195831822,0.9122864446345591,0.8554869728217535
1773.450375447093,334.0720832296692,0.05961732534465902,-19.26273612771636,14.161135061789931,165.2972869353281,0.24939916059291267,0.06231290138037309,0.3025026885851677
40.87312116270865,1065.704998085287,0.6920505530397448,-6.5371325490122025,64.2833390815738,90.64384320487838,0.7760839663061846,0.6987632745815756,0.7347083571310982
1687.1783111788545,1502.9623714105533,0.13998737672176287,-12.828567274571569,38.1980045462946,133.315263162188,0.2626157612341351,0.2395842372884699,0.5064009031986535
202.69179245461447,1173.3547963018834,0.415818568018411,-23.76752905133334,95.68146705908778,7.285043750382161,0.5254318861889278,0.6335060136590763,0.7074715081966089
427.7444985650589,964.2691215703782,0.5485884150546885,-14.581345770829067,32.997489529027646,188.6375402872802,0.6549648080864497,0.5593680974168781,0.9505276872853919
423.09448839757755,2385.2361333592758,0.40273948474683074,-17.043144324919762,96.21859094918001,181.82080809734714,0.4403804743424961,0.5390075671354001,0.8917353353126101
2337.157087617829,2112.7554291574247,0.5196116758030075,-4.417265381695394,90.1485851100749,189.09016733897576,0.584984470112434,0.5133597521788946,0.3878220345577426
2685.761565355524,1496.1742995826562,0.9965263087986191,3.4637149307575434,27.038323531065632,350.651240989943,1.0,0.8876554265159654,0.9664716893295586
2100.1275543497745,1366.5056668374787,0.13521731371285473,-16.958584378640868,80.35417768264277,328.12344124374215,0.22134298160290541,0.2992451838251061,0.373774171565206
3463.821174508351,1489.5851515790018,0.6754560453364256,-0.656021825449546,99.56042018035059,58.216600198838876,0.7536725401858213,0.762198466938793,0.3757040674242372
1349.5340862853345,483.1490587738398,0.3960009663856152,-23.339205491847714,25.266300217128233,132.79770776012012,0.45911037510938757,0.6433815697748283,0.5828386184819725
1028.5635106146985,948.3305838343647,0.13300979890732878,-8.856369698805604,43.67771693233197,152.62422460677428,0.16123608114739985,0.2541190231255473,0.3763187640153625
3126.956861482057,94.70287893815836,0.15873676337430953,-22.883498088703163,52.018073656675966,129.7918504265932,0.2545247906405288,0.3009770511196974,0.765100374492879
804.9450186700295,1141.310489968384,0.9492731062456169,3.02098973391918,29.49311358038643,287.4585468974087,0.8894131575469886,0.9896782868743808,1.0
3467.6011419862007,1303.2590014983916,0.879601496711762,-2.009461583278295,1.526483964602976,188.6535611523313,0.8986362232355284,0.9197021104276129,0.9491899107483349
43.756108883338825,546.599366647703,0.9070419604150218,-5.261502663862231,22.012924419752665,205.955934109785,0.8430273671987881,0.9616211659141001,0.9922097843451259
3491.5637761475004,2313.669233197233,0.9915327758273865,-0.28310855126007084,28.193688434175847,307.0848812356532,1.0,0.9503593779125284,1.0
155.375683022074,2182.6910662493806,0.20831539000851795,-5.574406132895106,44.35997013181871,290.1341352295291,0.23598727834835476,0.21924533984427272,0.5674641742895888
3208.115209313056,1733.1437650941741,0.35543933736406175,4.068331915228736,17.110247841340186,47.596148215307885,0.3158494722708999,0.3342598524580786,0.23083733622926444
1899.7239927106796,1280.1279090368703,0.6692190299248667,-3.581261564056856,87.32543566916726,257.00925027010834,0.6496626237422407,0.9087335361479667,0.5178697404161515
3574.673266029481,2087.925983154444,0.48380253986064725,2.739758287467403,70.4911132731336,156.7570064047328,0.4688486061289985,0.5014519737665797,0.2191201152653455
265.6676330474359,313.565625176311,0.4183895333783335,-9.486043239680859,8.520047755966198,106.07360510250017,0.489227185841354,0.44234378704711036,0.7227139201351092
1993.8754238447548,1897.223506259724,0.35781124933559305,-21.48806761054412,65.00924511399315,18.006775524787084,0.4722793763234109,0.46538244983991717,0.7004889366464256
3489.4891282287563,299.5699535204359,0.5937806319434522,-9.154668357309486,65.36564764056205,175.40984172436234,0.5993703056834959,0.6361724451388896,0.7792359456143655
1883.1522390125358,1906.105590118573,0.575593428640082,-21.1938151581072,95.62211736436277,127.9572050608313,0.6223304635880386,0.9278549416026838,0.7168713838026296
2265.8350972869453,661.8421638032567,0.16145783406424008,-7.2251956247078475,0.30208713561612477,90.5446942835043,0.22142746168643848,0.18376668700099522,0.17957393375448827
2504.695280344622,2105.0173944436533,0.47173983751843906,-10.525208184170111,24.79324498058072,250.08182265490473,0.4775713224763837,0.6281871906646539,0.6040775606051291
1636.3478331639835,2265.7010251809547,0.5534717762098499,-6.322738065016548,92.77914793753155,277.01473943361134,0.5894554474513902,0.5893738816472719,0.7103651123637992
2259.2090883026285,357.11032657227753,0.5702869387313905,-24.69859056835505,93.21339153982831,88.12422685059293,0.6784157246429185,0.7950638096043893,0.9302201092029966
2103.531522923161,1110.4214521569445,0.2101071929123518,-19.154785250339078,72.05864193706374,17.80107720456501,0.30474660838116663,0.43151943259800535,0.40177328464610235
3244.1688377675605,2354.3697075904442,0.7422713922522868,-10.260087042636073,76.576332104754,305.5509722034846,0.831317873381741,0.7887850835082142,0.8326551916214268
163.60696922924834,1160.177846335552,0.025199094821069634,3.515106847674044,9.148295792964712,3.5855068335491946,0.0,0.0,0.1211306047368128
1011.4674825320292,2072.5140540349084,0.35483185554316266,-13.491728789345247,51.38758347782336,337.36049781172994,0.3150066305879653,0.5990069137152431,0.6071369751268906
3421.4813426756114,1412.9556531151677,0.7802126485356335,-12.26883921839096,23.15829912889994,225.94315463377413,0.800164261456072,0.9556280340910095,1.0
3204.949622007299,900.7917790070445,0.5638929210554023,-3.559117329801335,18.121804361361725,115.8647886724753,0.6691282118699029,0.6574644473964429,0.5166635454416875
1640.3643100285665,685.8805332620885,0.26116243251086024,-6.88621728141646,81.03032991233326,88.73204744762504,0.39619748531177423,0.39199723155378347,0.042409005448965524
2232.4773520855324,487.73541860660947,0.6949531193430477,-16.032215497050004,13.503813668054743,3.2420391352110878,0.847983165602085,0.854661537369419,0.8780653604398801
998.5722587320777,1828.3156593064734,0.5673909441560734,-12.675508132977168,46.86516369963852,84.76971012391577,0.6099615476366671,0.833252352947335,0.6722811650995267
677.2361750055408,927.6972163752669,0.7962436094563872,-18.469006034283026,93.8578239586033,49.5821885461708,0.7857824103815674,0.9570453836554031,1.0
1669.3142577839358,1227.0611092818028,0.7350251861898234,3.9806437739062552,18.583205556534253,220.37983946033242,0.6048041375107363,0.7550679883729069,1.0
1272.0680208937902,1181.5811520028367,0.6101079220362347,-21.080968553279206,97.79934237382346,59.95641189376847,0.6682395802709434,0.6717020203730723,1.0
2101.1620026631394,1385.4696701595149,0.488177675310814,-13.844896463007416,99.4287985761059,190.30674151318294,0.5401352353972344,0.5459033035712916,1.0
279.8446930739454,2077.3851494989253,0.1331821256675234,-24.224830833399665,55.561715468240294,212.44191204400948,0.2946126828923941,0.22991518002486572,0.5870316377965483
3507.8213075981994,2353.7744246002308,0.26133301788538377,-18.346615241993607,17.014274017715792,107.29501140488922,0.37522452542175366,0.504260573685171,0.46775160761364837
3550.3586801265706,978.2021005771606,0.41909947291708527,-1.585865848595354,31.610488794089562,12.623381646738734,0.4395777726783078,0.23311235237870837,0.49728158553815743
2513.3821704710826,1986.0454130551273,0.5992992870063887,-18.964743031333615,42.44928326765351,13.411397021110595,0.6301697631535981,0.7178399145747038,1.0
1929.9469188388334,1834.8667071713223,0.5137078552153048,-22.598097924131032,30.932422435822293,9.485039589810338,0.5535049867621339,0.44988354592060215,1.0
1114.2994186307799,1376.4694834933757,0.2881845259595295,-10.766404604664302,28.063557987651578,266.08488016915663,0.3440712833793575,0.3080422404534908,0.3918655340593851
2929.6620709450153,2294.5131446686396,0.006464357789710551,-24.700922957964444,97.22297092163575,114.48349373314733,0.14366766491622712,0.1718899581802217,0.4462494340117474
2465.0322211939656,481.1388372681667,0.49623922190081393,-22.457015367210005,15.336482741574564,286.6680669483589,0.6015807409142881,0.7785238212067274,0.6677170199450565
585.4209816416087,262.2341047430914,0.2856259885622431,-0.7712239131107452,73.33279087168623,155.4238165834257,0.2441214593432443,0.3378069612226275,0.4254876985705503
3279.3378641778327,2049.508720693013,0.7346083007105351,-1.8557996542118076,0.041028943917487126,163.07931629878698,0.7741050337478254,0.6818836820395898,0.9488642709879865
2961.1340745234083,1053.9595599209958,0.02394626527048349,2.4541646121468794,59.61826694023769,184.63773690344655,0.04200052302402703,0.1027407816459755,0.015757037358297317
3419.2796878509266,2032.725250096945,0.5848278113057909,0.6354630773224841,91.59430039540524,256.6913242950374,0.5380709344958632,0.5998072786673339,0.5318474987809004
2612.590230198096,2143.416492468996,0.9414742375060654,-4.5047331028054565,28.793409409321903,98.46103169869454,0.9220302790675052,0.9840237663555509,1.0
2208.2947053688436,149.89822468577145,0.1744092671114995,-23.430014280980114,18.55259752577192,43.77144583206969,0.2985518791458305,0.25763117310224537,0.5833756041000899
1505.674930646228,2120.3154311665457,0.47164949075059537,-1.5145414604002738,65.1679794878427,200.18064066892615,0.47212044241858614,0.4168410504889148,0.5301720642736909
3357.8225400744477,1075.9657328866133,0.09142199181713817,0.36532432521681457,71.26014072983932,117.71194436738614,0.17663540475238193,0.036926303528337964,0.13589199815113603
3117.83000220147,1225.0379736101572,0.6256819122613526,-1.0275356268413667,68.80305189519814,159.29687292049346,0.6614719398547563,0.6508659416940377,0.6477583853657279
162.78721238228187,1503.8220266237045,0.5505316805962256,-9.745628940759218,31.931688002137403,232.90081500142995,0.5659393985148229,0.6362410934108013,0.8290033812956376
94.92110819010722,2223.318256152208,0.40736552421283234,-18.01294484051555,25.22024021593309,177.88526681085742,0.47692581136681234,0.6710340716418092,0.7759950863267541
1355.2681207609785,45.878626631433676,0.5213770214737412,0.35989927066179916,95.59187999620443,223.30037415630343,0.5327557568402659,0.5686005663780453,0.43624290675499805
2917.9919908145985,1144.424323962761,0.8965746584690102,-3.1851157077958447,92.32995082699294,195.912000760906,0.8813323217938585,0.722323760949109,0.8600125020377136
3554.1940655338,1650.5329018333457,0.19629430231106704,4.422835231665548,45.731660989282034,266.3266938969957,0.1386524263823681,0.19328072930116708,0.11771950818860918
541.5008079727014,1734.4966984757482,0.022564511705347234,-20.329222067322014,84.61938661543734,254.1371823761832,0.1423305278098235,0.07595624603994718,0.4497710522539739
2138.8705752676865,1662.0778356890592,0.861664884699101,-18.230062508438348,45.2323477634296,192.3083610511029,0.9768145187341924,0.9301591490961516,1.0
1371.2070838716775,322.64431057949247,0.5771170823879065,-18.64605550355492,42.43890180725104,244.40508750949448,0.6814727541846104,0.6604767212879122,0.796605426449412
3491.6918321325716,718.5494120920349,0.8906584554618424,-1.223806971359899,15.676294759929466,314.4814568181406,0.9725812657966251,0.8499052008180433,0.9466683095433124
3031.6281232885513,860.9172610008324,0.5969452234131726,-19.392781106496457,42.64060564919728,155.61766360374068,0.6468435513268739,0.6409072514785111,0.8651959199276257
3017.983336960096,1930.649298430812,0.8101610899597025,-23.000205105300818,53.7416938599807,148.59470618956573,0.9854995667941352,1.0,1.0
1687.295375261893,669.0236937949272,0.42967336335514794,4.95682419756886,2.2504327428686466,275.12842350685685,0.3662642599608439,0.2800830856146785,0.3961881856968082
1493.3502084155946,505.6919132812876,0.7498599312882688,-24.255483656645527,44.41130051754064,209.71938133511784,0.794624846884019,0.9691917273966061,1.0
984.2654589505424,2297.875245691431,0.913041466889856,0.057321804765969375,78.13562183952003,25.562440880131877,0.832642128198473,1.0,0.9712181411997498
202.95178794333762,21.27188427232536,0.5721229637222063,-14.038994753480416,68.00460563742699,321.1603256487893,0.6092798889201597,0.5846676207860697,0.9677154944222874
3113.0005545181916,2394.770053636748,0.18078515056237954,0.24846379273445862,63.5156988863935,11.08191680555045,0.161018864386792,0.168863987547012,0.13410886404035477
2926.443632868279,1624.3711172577496,0.26879761503019817,-8.36138526366565,90.95554284372025,269.4226882355075,0.3355452280660489,0.147822524075437,0.47891944892033034
3598.98362383007,1988.3263186778809,0.19864457689740578,2.048936884590802,1.803200982523001,273.16589137355265,0.20333593075946513,0.1595633670218687,0.16017656316563345
3587.892613466059,707.0865512308636,0.24685702759573291,2.7857895924387996,55.70475861922341,343.11999070149494,0.18233212393505288,0.2885219295868053,0.27859012922029225
1999.5541401694588,34.35666640094395,0.3064154493510364,-24.727054561576722,78.73488484097071,19.488387024835472,0.3873790805197553,0.5652664740396374,0.6302674287195879
2768.3546946498377,1770.8868445476721,0.5551337867531885,-22.737634720216352,54.13353827012672,214.86846988241675,0.6272401697266282,0.7426818532315642,0.9310919748436095
3401.156627576741,2001.9470328016218,0.5879916294638328,-17.489238112874336,32.389555258037916,154.02260542573907,0.5680161155648206,0.7967799003427158,0.9962248171501791
3058.730606438681,1777.142716688446,0.4264997472418611,-4.920537509094949,13.625056509197787,119.02786374943513,0.39726693220121845,0.6698131527373361,0.3933169947324316
890.4531662755115,342.8406895220126,0.6154207798208354,1.6481658953451799,88.75630718161914,32.51468170766629,0.5795751069007484,0.7577951720370784,0.4666722018642956
1621.9588871163367,1808.2270134167259,0.08157492561136592,-11.201741461181117,47.076239238760294,202.5554830816713,0.19997033100571843,0.13320156006520537,0.11345687548615106
464.97389454538194,1845.4146770583384,0.08778823705815997,-6.790806511772036,87.81151969857014,172.4546612428609,0.13160744924502973,0.040193270918825186,0.08429543899014591
3434.5836981314005,1580.4972376081319,0.17182946035765845,-19.345004416133165,58.58521224331683,37.639604934368734,0.2833401858398645,0.29614192260141625,0.5568774060441024
2182.228684023168,1838.678238709407,0.5180774980403448,-0.850994983549441,67.41921166150007,220.49622255495,0.4530788755373446,0.46218518149987764,0.3891069451543306
823.1140998124658,2030.211455226557,0.21399467869831357,4.0198433406040905,80.426115437845,265.66312329105784,0.2666736018655323,0.2360388805605225,0.15012003339516652
2418.1224638610843,1472.6498741699002,0.28328440349257733,-16.942032012562077,65.91555446001344,276.22018837931336,0.4184636821368911,0.3290372713244358,0.6379758218622987
2225.261665648425,212.65131352722975,0.40031283617299407,-10.15522145198361,39.80548406789377,325.93434777447385,0.34245821666749066,0.47861229926922255,0.618562438845737
1289.385784918226,1170.306743201306,0.8118661240103798,-22.416516684808787,51.363338392865096,147.4094670799598,0.8657985592219068,1.0,1.0
408.8073319186645,186.35840321185216,0.013862135912860118,-8.225900306110947,80.30455246758798,343.1061967039693,0.07752799595831049,0.08356162887683567,0.19228330930217225
2417.6635041340787,978.103274477834,0.6493788202366224,-9.916496744599584,37.36502963729842,311.554585829767,0.7225216086695099,0.6555204459287552,0.8259297228290438
1873.1077232536559,977.0555739015064,0.6688765310406853,-20.666905475347672,38.81214567684971,106.74056556861805,0.716333904616563,0.9256258758480181,0.9674960567758579
2780.3462102483018,158.42362593657978,0.7986557803566365,-11.738013606457748,9.569011605800116,57.341893445805056,0.8283552593887504,0.7382862091459235,0.9532534228572732
1872.5886040031762,837.1692815267504,0.9327529390603132,-14.976860437403102,91.45844352217478,156.74018260608483,0.9681929570005351,1.0,1.0
3067.8534011467445,266.39543709915563,0.020137848949289827,-9.34507374084432,9.103631494544173,144.683534864148,0.06161314097421642,0.08871382643402428,0.2610727161315284
1986.864619588148,1939.7645040221332,0.15378370551321618,-7.430369937136025,64.82091774485559,207.25894991923354,0.24798861112505746,0.22374835626267797,0.5888457317696558
2019.3766975273907,2274.45126231473,0.886171294055993,-24.745132641783716,41.31944788027977,210.01904363798928,0.9445453783936498,1.0,1.0
3155.952969570042,173.55954061905265,0.45851856218701537,-2.1698205115133398,40.561939025544234,269.9953143767911,0.5207526078961655,0.5317397894132336,0.49709465384335544
1452.5383183646293,2292.276497500083,0.5645906389334635,-3.6095712441477765,67.95518365726839,183.56038135401965,0.5458384458474002,0.6024208648723974,0.48606118922538977
482.4548224223066,1254.1838384081884,0.6630272037231474,-14.011408413804334,6.709373262987873,37.7361507386756,0.6738595619763682,0.740009978907783,0.7787340629846589
103.6176347280203,718.9576270892974,0.6790666044956374,-23.411921932935453,59.37057829514346,308.9848807991182,0.8137281004908203,0.8339229870789064,1.0
2718.4941204250285,184.46898066279243,0.9317404033165082,-2.3520238064484893,77.20317859723548,111.51524994666734,0.9943776293507945,0.9158999534212505,0.935257917071119
2233.114384872473,1201.4982433690027,0.9969494174116696,3.655254814343973,82.82127578865942,349.66708571037316,1.0,1.0,1.0
2534.687165157205,1906.8373067777968,0.7201574609309402,-17.795452119339572,17.05303893937753,42.429639124717255,0.7228058398614944,0.8053116812557414,0.844706987015198
766.6709814320786,1697.0075454400755,0.2872212092051508,-15.294261587888863,89.74190500781737,344.9704220037012,0.3302513317569133,0.4876182408365403,0.42611561093781747
490.93731211237116,120.54242751353704,0.8797524022943436,-19.48561331554555,65.61460918474422,32.76425047770611,1.0,1.0,1.0
52.360796404374945,174.96440488296844,0.04922091454076161,-7.69191629965481,88.18548008206828,83.1730096609414,0.08896124070086871,0.08284699825609597,0.19222386046690973
1262.115211703749,966.8958783183291,0.2310808528744962,-20.354758160576353,48.52807171101983,16.768779151154973,0.2585793608378863,0.44291973068055357,0.6665839290615649
2123.703672676679,708.6971857150638,0.8973857174637149,-14.314181696158617,54.2033345097202,253.84073279003817,0.9794001292315537,0.9573864331089992,1.0
1412.0785623590364,557.7223753345148,0.25619151443935495,-4.0896095819721126,91.90382770286712,306.10754516584507,0.24497757019246355,0.35629907510297626,0.30433935836880016
1574.9097192854247,674.4107973809126,0.22065105962174847,-8.196520509719548,89.99095433546718,156.26558945375294,0.3501133493863541,0.3171412440070813,0.3635973522195558
3254.9713001774944,1928.358583912523,0.13812529314024724,-13.406123070161943,44.8160873369002,334.2679470152747,0.27012193650795746,0.1999284585064882,0.3188560237532725
1253.7196812838813,2230.1473287164495,0.8591117576469165,-12.392511945773743,27.441263163568173,212.50766583201585,0.9385326750777032,0.999834635099698,0.9462174938598624
1850.3621609753188,972.2464668661594,0.5000582591910867,-8.136673521303116,39.31704345642642,226.80256876074836,0.6025528244801047,0.6126738973472364,0.5312796270010094
2821.150845868115,2174.666405117993,0.6748932030541548,-24.82405816338516,38.77643285297497,304.35091261227717,0.7751006319583157,0.9614304943149351,1.0
1427.5540163565727,771.5896829949168,0.23906638407502967,-22.644703946391704,28.686687498279394,106.848073818662,0.36512456734257726,0.491930762165367,0.3708318269189603
2239.5121208203445,1143.4487672250998,0.7580404210112165,1.4377420328903483,26.857960433296657,127.53565967794529,0.829220699196311,0.7919308695093009,0.9413005183845865
3104.509351488283,542.4695947583994,0.7600055449620985,-22.663630327261277,86.10629364797194,326.14269091007196,0.865879722143841,0.8569967550494513,1.0
3418.2742451675117,1537.1425012220254,0.31259802490830013,-3.7958921136848467,6.986192068466169,324.346858573955,0.3147718809657507,0.5383514132285542,0.2796298506739001
529.4645313445366,2349.5546764195415,0.41068263301028285,2.601144923271576,67.76111820995942,351.5337994323135,0.3224733534601546,0.29243697284199305,0.48754102132886523
3335.7154505813796,1448.3834305041087,0.20969027743020086,-16.879491870948065,17.28200514564523,324.6617939190016,0.2705598961747459,0.41568392143402505,0.6480214476503339
1771.6186550863374,858.7538018725173,0.9765610233229043,-13.885256888214572,34.45058933940632,45.85393297200992,1.0,1.0,1.0
929.6797978762501,1554.761870377268,0.6456025770584116,-7.93235782465851,6.154303413483686,296.54074300931546,0.7232460206206108,0.6123947316275581,0.8272719117168696
1652.8887224577406,295.00962831693016,0.9345438807155155,1.4512690891575417,26.997363685546205,147.54185211945386,0.9570196112856498,0.9191147601736633,1.0
3528.1172710277174,2132.7817926369567,0.30338554362913317,3.2571676178126054,76.84210711172422,356.68848814053763,0.27179042102539636,0.28802497701831226,0.07928516294936985
1773.4251383743306,1207.4014818716073,0.7818909129968897,-2.81310255666196,88.50153245472586,170.0211471583684,0.702449122382465,0.9251361059276415,0.7968683993501318
1183.5057970350297,1078.4393808951409,0.765858643884742,-22.40140717435918,22.152715190236705,199.38098970079943,0.8273184374073759,0.8812348687080662,1.0
2280.243075540213,1406.075492288446,0.6916556518665415,-4.925375333954477,46.354783925892185,190.71896949244748,0.6995440442087625,0.7169113231424302,0.9310348431920366
864.524227601495,1499.4812706945659,0.9656389752668004,-12.690888343820138,47.03240479372064,115.82533074898001,1.0,0.8833415504024945,1.0
273.1079811911901,172.26193494363127,0.39355533610631555,-10.878970015268152,87.35753057597341,27.00795200145054,0.47401504457006466,0.6314001407859076,0.6931316853795738
463.9669988783372,1638.2813309361657,0.1307173235897573,-23.52554828964469,76.27990528758055,322.43444294469066,0.32584994075542495,0.23677745737800288,0.5784153431480965
460.96502024798076,580.636032757271,0.6717088592440608,-19.268135819609256,51.30772183680499,288.96329250946326,0.7552716008433307,0.8526342913976251,0.8777771529332797
546.8496966442597,1713.4863180158154,0.7293098004772062,-1.2845917739905666,67.07472004717734,50.229641001480935,0.7299979021765655,0.7442465564138218,0.7049735799087816
499.7778215378765,1974.0835065220722,0.5750605734588147,-11.381235008564207,84.73550539093668,279.6365776860262,0.6132526646298195,0.6695268597585663,0.9349314236414195
2307.1490812915727,1929.5004181260488,0.20681789313339627,-15.950132751065535,0.9538954025544943,225.3047997782196,0.2729455188355332,0.39142362663656866,0.35339352471827146
654.7683038369214,1326.002321778934,0.5044559416693554,-13.479427781051255,40.28900310500486,147.29176365034402,0.5176180081413781,0.7473104474725315,0.7377470728505836
1244.4022199659075,1248.4077415458028,0.3121897365691294,0.6319853997704072,90.72431672770787,91.44761367440258,0.3249021509300639,0.34571420301175226,0.24509472790448306
3228.4382756616424,342.9023072145881,0.42746652816668906,-2.5300294778512935,74.03130308439513,309.5023620608037,0.46689788583366093,0.5136542512778949,0.4573552291383132
1706.2619049463406,1860.8307609675255,0.6452185758446639,-16.830538084567515,54.284137433407466,252.06777334585908,0.7242458105838573,0.808615761903765,0.913850868810143
2403.207858675698,651.3825130721145,0.7452147426908345,-21.4749447936288,52.964452703513345,197.18636740888928,0.853919327637533,0.9982722330982032,0.994580714440973
620.3515363258674,1192.0690147630717,0.23222469090134312,-17.44005335067785,34.777009760443775,219.44467220344708,0.3227899724098562,0.3329471826246096,0.3924826605876226
692.2404677112148,682.2578230260401,0.40532536064695335,2.6226935316420104,52.052053364151455,32.78382554958515,0.3121006311273888,0.48209681418578165,0.4211585794312769
147.12701855932391,321.18807119926356,0.2691615709916292,-7.5523348645073405,65.53831994634533,170.61111392802908,0.3358801666479364,0.427751735716494,0.30729343288283634
608.1662270597924,1510.9384725401678,0.19863161386186912,-8.995593737656513,41.83630384287931,69.73210540285272,0.20299797847924628,0.3610687883575016,0.2530211347800278
1002.925220515051,130.3968835749692,0.7833872199958384,-7.108192009226155,71.4153146392174,75.01812444317713,0.7623925133441602,0.7981698936059599,0.8058898487456811
637.2377433962886,1796.74856190288,0.9092526944369924,-14.019152027604543,86.12322272603859,238.069426423272,0.9152142454203636,1.0,1.0
319.3291215254002,762.20830862668,0.3702321856845767,-0.7867893904146186,15.468484818486116,328.05221466034374,0.39640657490410663,0.39838416217881834,0.5014656165961714
434.2891359621629,0.32326321076476816,0.7512789243737669,-9.301412520992505,45.154702281742445,145.35237977220476,0.7795459451944203,0.7204030951512387,1.0
1658.8035649178128,1226.7099341693515,0.8969952893644111,-21.497562916936133,40.80200912850811,74.78973828438853,0.8975929120165018,1.0,1.0
742.8013862608531,112.4445804662475,0.8461242105302316,-21.128046255128112,68.74648040497281,233.54889740519553,0.9561309227870735,1.0,1.0
1311.3714997730717,662.8069387701587,0.1828133885392259,-8.894225604921449,24.986746525792935,313.6273366861144,0.14668500267031928,0.2772316608896731,0.20565688793854933
1812.3021750774847,1696.7435698937188,0.9562918815133613,3.097106542125175,64.02509149522763,269.3947684040967,0.9580713090558253,0.8997082455682919,1.0
2485.421383065715,150.45509189247807,0.37667644042946247,-15.749436349714038,87.74892417314881,312.75260299317137,0.4564366654418577,0.40619679313758567,0.5614139808625794
141.52370342795618,2014.4123816544056,0.33924066117383633,1.086235065776549,41.81315997936227,193.15968156388777,0.3836274497598628,0.291134139338403,0.23516160679453174
2877.8774360725533,9.16781438059946,0.062431327277780335,-2.0771324026336195,91.101569997922,270.6754479729087,0.16841497011079118,0.11376646930780396,0.04065820250232679
2260.441402167268,592.3772860845654,0.486173654104883,-17.565626712792795,99.31637389334784,50.42324136921713,0.4937425753721636,0.691653434249794,0.7830908803962198
294.33251501593884,1778.1697347649715,0.10901361564092871,-23.909777550512725,10.609204994795206,125.37886153074894,0.19711250915167847,0.3034021115169508,0.5415006214205709
3144.883046784398,759.0483593503362,0.248539820927426,-21.944582045728517,23.305318798485864,140.23769921334807,0.31934577072654563,0.445523171329443,0.6674148436813268
3315.1406419145274,244.54173135843246,0.3169426217672814,-3.1451819845767943,95.03797514820931,184.06646864857245,0.35992833602231344,0.33257697170673906,0.28885733975347044
219.8806554775095,864.561405121027,0.808826323491684,-19.0099078587806,95.83276864813868,334.4674896924565,0.9004801933736061,1.0,1.0
996.7595333299334,648.9438873228613,0.8754886503958965,-13.861872384838186,9.77072753867585,314.74676167998274,0.9108204324560764,1.0,0.9773283839803139
2902.324607255021,2022.5085651853317,0.3024663174614697,-9.949025019807255,1.499850037713668,48.42917722410643,0.3178800368589755,0.4337671305126858,0.43893910448740264
2693.73488538117,752.0350022043435,0.8586981212445739,-3.2359549464951165,16.110002325642224,62.204274677686755,0.8166214097672924,0.950953134868651,0.8884627738693526
664.2756696829583,1893.4379322624172,0.8572309373697911,-21.60306330222624,99.60127833822483,128.75059785200807,0.9975956317072874,1.0,1.0
753.6575640121571,2140.4931475457633,0.7646509503848735,-12.809007841676156,17.999961661068685,104.66779172064261,0.8374449350372424,0.7440660959616903,0.9963384959620327
1333.6995700489751,1041.1618069836709,0.14669511401518154,-10.447812725719137,50.254760672202316,221.31754313625441,0.2367882976936054,0.15153133914201605,0.5950224661700877
1744.2827466876768,2183.863545250541,0.690322846900729,-8.775188080853809,84.8417726430511,324.99937719523615,0.7161941726444602,0.8094951760888501,0.7953215217505384
2225.7171775090656,905.5633295116628,0.9450240645805688,-0.44918075814349834,2.040161068820634,346.42495500213124,0.9140707350957674,0.9479258283236023,0.9005564218358255
1328.0891024511807,2313.7881995762596,0.6825404787671571,-19.849654148703493,60.44889822584595,235.29706291268153,0.7091058183159183,0.8786900954454288,1.0
1665.1249780793323,214.29485886137502,0.33161684910783396,-0.7650564452013313,27.702544886962432,301.7373125043912,0.3552019444530682,0.4770091548517623,0.28711575873222356
2690.8953772815235,1648.8462396077825,0.5005793174308313,-4.213647169100433,86.23349164397315,189.07279208308697,0.4730141822529435,0.6075112494662259,0.6785531594311089
132.05953040615245,1185.1536970966288,0.6457250433510536,-8.32387557403122,28.346114926407918,74.9977008696143,0.7722073416946389,0.8145342296009952,0.6956964981186002
908.7729996384747,930.357133093553,0.5105704087285036,-4.014163887922841,68.67557202819089,188.88782835365186,0.46710895145636133,0.5619862634512214,0.8181074487678986
2568.0585091843886,1518.5085089966421,0.11995294173096982,-12.639467831450308,67.42196324473969,199.82973651755438,0.18777614838400755,0.16365608891703987,0.37788674121169563
3222.7446156739175,1689.2570199223949,0.31206404465202064,-20.848072420956264,22.149354885964,267.28472311688034,0.47080198707989235,0.4682251660492381,0.5592421190315447
1842.0387916163982,10.47184716074181,0.8023960305536325,-5.02704279203898,3.4799199868350117,79.15787629464567,0.8515499209856526,0.7764146903937609,0.8085506364926384
1915.6085469551363,400.68741299327695,0.8614180460955174,-9.259830799431333,40.92495737853973,132.59173755122342,0.9090185929558279,1.0,0.9550295207134392
385.8192408231938,1711.310521522365,0.13730003271557023,-5.818755983716734,28.91931519658697,131.04988891724386,0.1135881168260719,0.2499558517556007,0.4008790584998208
1610.6845205644368,1599.3249925876955,0.9523867523987246,-14.860036569145299,80.89777496137086,345.39825446681937,0.9471132076007713,1.0,1.0
1917.4221592380834,2318.5140123088254,0.32882261784860933,2.2059973201950775,80.03641884553453,159.8201857176188,0.3670562752283105,0.42716037789450145,0.2475942251287564
872.8938130850267,1826.490696601879,0.66231373873072,-7.378903942732691,45.70239521926255,271.83382822733273,0.7698622300766411,0.5651914841832095,0.7238789891283642
969.2756314177715,2281.854498555211,0.7518251459566812,-22.437925471273786,60.65122253232189,270.29209729479805,0.8200899892032815,0.9792908676051117,1.0
1358.2229871766415,1686.0972036835367,0.8119462346378834,-11.50588027886714,60.42595159869252,95.5959065291669,0.804182805462687,0.8054738643047756,0.9761716563427522
72.25631199981493,715.3253007346635,0.9457497022259301,-2.3093183576909695,82.71581484276234,205.87308817382356,0.8397727560240966,0.979032296999912,0.8345284637615441
1159.4849960994418,252.87581340205554,0.3129195480288226,-1.1759631480318298,42.50024141231975,321.9490415947133,0.27254119179204706,0.3053027125241482,0.29958036978277186
761.2128251875607,1876.3772720278455,0.8585064545515545,-10.162088417087237,27.544667979050907,171.0711790045018,0.8936859107885848,0.9931699802432749,1.0
1178.9904678404928,1545.958131542198,0.13168690343620704,1.8424271249390323,26.503491814054748,340.2423026433166,0.20738431294092785,0.14142438147885167,0.03928015307816945
431.14367454930436,115.64642974391094,0.7050409063535927,-16.969946884171073,53.61922792822041,77.20496255669818,0.8076968145737047,0.9506487274594629,1.0
3205.8982106636217,864.121118162348,0.7419777295139859,-12.682039082852002,44.91482027322126,26.697278078651063,0.8092811283373407,0.7979242138154111,1.0
2136.932832794575,2296.319557162287,0.6777232412013204,1.9579073170691004,44.01207709849362,320.92339433210975,0.6547763134071041,0.7285705029136635,0.6565530583171543
2444.7683489201627,1200.962749704483,0.252314736135153,1.8877014941473682,9.113733908970723,305.165231266398,0.21698894306019964,0.25295757906274846,0.2553096977086183
2841.016458986418,1038.5499264472912,0.8730431470152034,-4.428616935259573,71.86037406901956,357.3323553361841,0.9671188778047269,0.7898066272377298,0.7088898309897923
1794.3919161446063,1098.4790523823056,0.168858463370395,0.7694164136666046,21.37366879819107,244.58165572047338,0.17814744573688382,0.09387325734569107,0.11533435202525255
312.9130371147253,501.31853761239296,0.05363479152083084,-22.33680199131302,19.695363020872136,337.20765360017384,0.03423730069429076,0.21310963637807945,0.5171435696098244
1933.583550546772,884.8972100755085,0.7174649906119122,0.9498492862332881,41.27583202773935,297.7016490302799,0.6843536565964491,0.8075796833620486,0.6689151941479953
2112.628024875165,887.5518143692238,0.4754757152327337,-15.381402803493197,22.77783416178014,303.9934799232313,0.49252295757342984,0.6324896476958579,0.6268364897828084
2683.582107063588,125.65204844993376,0.8490980199586761,-19.65005462715351,58.38582673080154,204.89096536353657,0.9013111070247086,0.9147505290980306,1.0
1553.9743664268458,1842.162308443004,0.38339714105825895,-17.81890490973861,37.14633393344715,137.6512552500159,0.4820782008773777,0.5132428964242152,0.8838285111012135
459.28909006402955,999.6106365693096,0.16827858850771282,-12.460944759583388,44.89117225927901,336.44090611558147,0.21412400449236596,0.43213842455988644,0.42925821830303407
1021.5932608754081,1973.231728359416,0.8364421924698697,-17.464239861865984,53.716932160402884,155.562183221722,0.9034615148177243,0.9870652446532139,1.0
1307.0962670350864,2040.835202687749,0.5489096316400717,-15.382972419505029,20.353552248180485,193.97497220988086,0.6743047915042953,0.6421665892302039,0.52068338867695
2325.302068793764,508.78573127677936,0.1891957923903549,-20.950645417850737,15.57516228655298,160.6011505650676,0.23449517444661605,0.38877983674204364,0.41517936569729236
2054.801896808083,1577.6483572083087,0.7203839985864458,-16.114697033230044,88.04219028736048,203.33459302567096,0.8828283077841619,0.9199241107597008,0.9409263854190624
1281.9482132322464,1133.476329991156,0.5111136384895005,-7.831485563739964,43.372370283142104,169.3818284372378,0.5112535668132853,0.5420307864757741,0.6176172581948233
3551.454895654727,2112.376171011564,0.6043129822403198,-11.744388757268082,41.209360963253914,17.268321088611316,0.6569352860070291,0.7408437520621962,0.738169275467767
2180.7893496847937,517.7776300234899,0.4608983382065819,-14.598437162922664,3.561215027284148,317.5373469627715,0.501938419300132,0.544787700200294,0.3752962266793739
854.0164502495801,1626.7516807441061,0.8287089838180064,-2.6064361342865823,49.797630258739325,159.98177480967712,0.849633839022503,0.9157629890232587,0.934047532180828
366.41690143345346,1458.6050934065343,0.8295627156830498,1.8052991417995372,55.416972161100006,212.01971346264554,0.850564140871068,0.8406818191894759,0.8898885128141696
550.2929010635953,708.7235461723986,0.7093888218243862,-2.296323312928088,55.88408709546665,50.107608992875335,0.745280204961857,0.7763454902546717,0.958415161347292
885.4478221842293,327.84216876281425,0.10540137739646227,-15.039978936469625,70.70311693228844,1.219625273750089,0.13121574357042318,0.17160715911304178,0.26468519644342636
578.4529437344004,1563.9354251454638,0.8388538619040689,-2.6667349648733882,17.748183499101177,88.30443371171147,0.7944832024998756,0.7967011001146107,0.7815345808432219
671.6412865847008,1772.6338995175936,0.6710129805329098,-20.440594525778465,25.22231342306188,253.6509715680061,0.8753460308921709,0.9050016865336121,0.6661126854730753
1026.3426072978496,757.50562503204,0.6970241660042995,-21.09046035726127,81.07304652304127,35.71003084063629,0.7600214800163058,0.8650655174775278,1.0
624.1449430611174,1547.598249653553,0.36298284040387163,-14.631188888915233,94.7170616843394,327.19947853912845,0.46228212683933706,0.5144629487755528,0.7284709121387963
3228.3555286551305,948.3141782676079,0.8792795561570067,-0.7689289286782888,13.593274736732063,77.40812496822645,0.8031403015870637,0.8632535439025187,0.8228386565187475
288.8414843819119,1711.6965198782825,0.7253716002348575,-17.609552582730945,49.76495545052182,73.65370114503929,0.7824032819699169,0.9392943776165354,1.0
1888.2410024529167,478.1166597457275,0.11259046652919447,-23.102397733039613,21.417625273958684,65.34286618373838,0.19500625135636673,0.2415171761794107,0.4369021023396293
1477.4285771627815,2136.5160063268186,0.40777803440616267,-21.048713943809346,6.007316835498244,5.0334166696913085,0.5109521968753892,0.5559967531597618,0.7435507444121288
3536.563020870983,689.7830315173914,0.8863803619601417,0.7623490558874053,32.550333812613545,277.8499686521645,0.7506538793322283,0.9500522358197594,0.7243928899770847
403.34004780498844,882.6863706147669,0.047196701697378995,-5.986501457581372,14.368762518421274,315.01243124829307,0.0793899890690678,0.18880663106606482,0.17720816998950162
1432.2801565646698,139.42068499283948,0.9614166196420495,-17.4039650989007,70.99330734342463,221.0985729418316,0.976293746728875,1.0,1.0
3490.093559791328,267.62930957106335,0.6791625683195628,-8.341125240154561,53.37254136714444,67.75199340475042,0.731996327666603,0.9091702344506215,0.9088722180703164
3115.825653218329,1238.0685665095875,0.6313759776433766,-9.172611327239489,14.383447099031088,102.70007889871671,0.6153951549885196,0.7281065875129683,0.861649907539831
2941.4594554174078,642.2224241471316,0.2705592564879914,-5.336920646780161,0.9241588405514367,171.33361105138678,0.2478909900011931,0.22733673216225386,0.5140977006462956
928.4501773617834,2005.1525417812666,0.24879178873917707,-18.004373367351512,80.81570490242127,343.5645425843883,0.31070837883732394,0.42951189386199506,0.4287874249582956
615.195314604237,35.26413277188922,0.9420582194885955,0.9320896158319307,17.619440616424754,89.0464938543874,0.8877083540107085,0.9079514983344643,0.9543921056933767
2407.1155917279516,909.8257168126469,0.29827245423412274,-15.718943137599615,60.621664222076596,263.3925254111597,0.33950393508556115,0.46301433958518934,0.6259632541133281
3345.753560859309,809.6293122458225,0.7755052967189994,-4.176050380712894,33.692191307674555,158.20136038545132,0.7348659163502745,0.8101356130230539,0.9046967255523998
2004.3464148501473,46.38631420224249,0.39312179820707915,-24.516260608833555,58.54859383150356,107.22504540960784,0.39925411228841895,0.5946453667548431,0.6804492318560018
2057.8056820916395,298.4841576012245,0.13925407078470398,-13.820286103175583,31.565362698232402,164.12973732796095,0.24513453256290363,0.17629181897127566,0.07214668066489385
1007.9247371770231,992.7424198047246,0.01071529769535895,-14.44870546123575,8.693956069225417,25.634418314843714,0.0009649041407191261,0.20002427832578096,0.27255869766772306
2770.174559490973,1182.875002673872,0.5442573370152508,-8.695467142509564,22.29500085577536,287.5274535349305,0.57016079450484,0.5214421513831451,0.6653073830980141
673.3574948070841,970.2953934116858,0.9757788185489327,-22.817912146684105,18.80585664790756,87.58869407386817,1.0,1.0,1.0
1165.2452510552773,1274.2504281890251,0.3691361938092045,-1.296058788216751,42.80193524396439,261.1483643494694,0.3475294026636116,0.41680584970142187,0.49737129337589747
1531.5711790191003,1428.3160197736356,0.35719233399304484,-18.466575946972945,65.82837834261574,24.6054137213501,0.39176653664117805,0.6370848690381027,0.6551319799561534
1827.3973632640382,23.817170706805513,0.3440916178494421,-4.688865553539692,26.380607494635754,343.83548021964697,0.37562482885805065,0.35632678323476435,0.26667343781825587
872.6750366942889,1113.8283826884094,0.5205438373048584,-0.903636302677203,1.206993530061795,69.4853947460515,0.5799498639292617,0.5836402940972671,0.30280690456549464
413.41256906113273,2312.398178130212,0.44066488342429355,-8.143691312754605,51.89373642647569,317.78714743454896,0.4179273362354474,0.5979885297043318,0.448102155870223
2198.2321527898775,1245.677472310917,0.8799146267270145,-2.7735037983404354,60.57594893589721,291.4103554615564,0.8888654692635088,0.9780058499852727,1.0
1039.0699916649207,1626.1014419014875,0.5055207917234903,-5.144190633549833,96.28704940018096,348.4295726693097,0.44781548179095393,0.5384629682212557,0.707931683858743
2092.457597121404,748.4732590005196,0.5077578381885688,-14.334106085439771,58.94708030932468,172.04063794046985,0.5477453938557909,0.539769312515706,0.7689817426308966
555.7057749871283,1857.5793075666302,0.1383715947205566,-0.7342438289930406,47.117255937814186,261.8630257845426,0.14754696889996569,0.0,0.14643284326828132
1732.104366677343,1855.0115565026763,0.982739540910386,-16.15895890343416,57.34016258977038,133.45583653360225,1.0,1.0,1.0
1917.3219571857092,1251.1105143699335,0.24997289086882968,-7.863612467454484,92.7900629862027,66.37256568708978,0.2658908522291427,0.42175498645695286,0.5451066210782194
186.56473256073687,2342.433175870113,0.07336406745960267,-2.638067825753815,82.83781456016463,159.50733585604158,0.021129264846823426,0.01978386028383448,0.08719872164156395
1211.775401498114,301.3205154303681,0.6631462489752088,-13.631322705624772,32.2978733363808,59.669645539843756,0.7213474270240144,0.827857531736172,0.9497656881762477
483.89283698030727,40.674395734994384,0.5953663701568727,-15.916971771477249,23.725436365713726,353.5360642030982,0.7102122703806412,0.643476543311945,0.8017997672403256
228.1498937019639,1848.3797082170304,0.4151456539927457,-11.219619694815318,26.263361236607363,34.648736810657894,0.4049883704834407,0.5130312800621292,0.8267640897298258
3563.856836603803,1937.173289675718,0.42219223388067806,-0.4610951695253931,50.4421039715213,212.11622044294336,0.39783196283593125,0.4923621975788242,0.538360123921564
1160.4738419090027,288.497349889383,0.7850639210464312,2.897652894369944,74.40494512285778,225.52698789146012,0.8067655295275388,0.7254528784161539,0.9208279234420602
2915.5480050766855,637.3987991006546,0.19571264009964906,-8.647497614203296,50.32192071829621,193.70863543465953,0.29377748419087785,0.2842720308055861,0.2754246996374283
916.7063571495498,42.12567207990938,0.8202533189448897,-5.156013840290445,6.779639582811258,238.38691885626008,0.7656068441938135,0.8270720437256041,1.0
2453.4098000061454,703.9406658733552,0.6487471138950182,2.0982086671674267,72.3580700439981,41.82507900428074,0.6396754015267426,0.7038940556151162,0.6087079208577431
2736.8202956028717,1855.5404974048115,0.4189697737795244,-22.04359445761173,80.59701286709539,199.8066687139048,0.5238494953982541,0.6192415082638024,0.7950666746624804
2144.2994661882394,1243.1052665101895,0.4580286165838686,-18.03764266401505,28.949786511971965,103.39652560585016,0.5234619356936798,0.6036215078207173,0.9363788916232181
1697.6742787805701,835.4294236038915,0.2566472071860958,-3.732999812452526,66.41257392833504,338.4633827883804,0.15344761053177192,0.42259521737651495,0.21407422713344743
1482.6272909301667,892.1743077751927,0.7521143326969748,-0.28766614263101076,42.659190105439336,274.34579523830126,0.7825135002078236,0.8157881581772595,0.7978827286352638
1255.925759554783,3.24870171712357,0.5128747423052678,0.7108708499173382,88.91193557274428,350.10521357750736,0.5950669877298844,0.4700974487553335,0.5903370848078526
3346.304919292173,719.5212661565662,0.3208545427498436,-12.546784694352022,84.52255581607399,13.520185106468237,0.38219032849374623,0.4249908270568776,0.6052658611876507
2990.229868035825,1551.5009799310333,0.5960501157609502,-22.319802931243995,52.54319983096423,102.64794306505513,0.6334483940714984,0.7678853749051002,0.89777030049078
3474.0968783994454,2338.066665159257,0.995734452051323,-11.866555681011402,69.15055458135944,70.35213118980563,1.0,1.0,1.0
447.470004547961,2032.945984761359,0.43526227965655384,-18.07796229378839,88.33497010221039,4.01565143225898,0.6003837886512611,0.7904747330090084,0.5863738758634326
2631.122910733119,56.6279151492699,0.9206914007786196,-16.264106350101276,49.57170100782755,87.23726288867572,1.0,1.0,1.0
3378.025644555736,2156.5454512196143,0.3450168399245661,-1.8319732948748246,31.325074048882197,244.3593540673544,0.3870205781044514,0.20214944883752167,0.530834341638238
652.4390381963765,1879.6761919167022,0.054732706924985886,-22.734187419223396,75.36661379095813,83.19201196844467,0.16534320030288824,0.19688851758999576,0.6539988184821622
239.38656252039897,1872.9026965703529,0.20424210636842888,-0.17256347557893648,22.00662547846918,183.24124037374256,0.1740330263401482,0.05534789053130003,0.025045956848562194
2668.0343374442127,1099.1898216085715,0.4186951433276842,-12.169927425274928,38.8531148006042,319.6145213873995,0.4581891236197372,0.49135636141369976,0.5125255220802846
2068.103207447683,955.2127030908068,0.219634928594569,-7.118082066982147,86.57272371067937,249.75285132566708,0.2510888719328942,0.13135027046095668,0.5400684161829699
3030.5835963297795,726.9977491996623,0.0002270382182555375,-22.31043306292963,72.4422340269315,142.0664651661715,0.11861410141015699,0.1123164953101398,0.1386157292173355
503.1805558546422,157.66766149047785,0.9150015377475272,-14.879227649281612,40.381100524749925,134.088818008359,1.0,0.9130142428513597,0.9615673245718016
2862.9623226956046,547.7648723848779,0.843879411230929,-22.308972429554625,21.47445024083574,164.0648930430545,0.985602409705499,1.0,1.0
725.8583521718803,591.8487239472591,0.7422922314869471,3.8463116864332854,35.59683908322365,63.73491878156629,0.6604590287813427,0.7206074106656525,0.7218755464584095
589.1613943165362,1161.7849673044839,0.16781459564602863,-0.7821505202124861,28.4104149227433,228.24027626975573,0.18478845003415223,0.20359979213206944,0.3819780282561662
591.3568725515746,1793.8665758320656,0.12036357620998606,-11.211017369306193,17.608928794385392,131.09501487765797,0.20100395148271766,0.19960388115317748,0.27334049847569014
2932.468992832976,1137.143588155072,0.06760474947238315,-18.291923550289866,74.33329135656567,306.8515257343357,0.17457580842885848,0.10811701435451683,0.2987282215016127
2394.7099945063205,138.82667867318546,0.7240291887729212,3.0036531574955667,25.20698868501715,272.35895762081384,0.6838245001314436,0.7476248973690867,0.7264239794080658
1883.0355291688295,2298.695522371689,0.9288079606878853,-14.662102128190847,45.416747016776384,219.78473907317763,1.0,1.0,1.0
1291.789742844609,2262.5383658258693,0.430535820913037,-20.170467049378757,38.585944683610904,131.1128001538258,0.4461794387000125,0.6222685190086236,0.8014759831875953
3157.9219469271898,1884.4549035561802,0.11914067199604816,-8.105068346381355,98.20773786356308,75.57545940245438,0.10519602974803204,0.16549626422121563,0.2586414473830323
1412.8023867214874,2379.1869637541295,0.5123928207321066,3.313223610344483,39.10922441482205,279.41467107802424,0.5155589086978758,0.38112011444905175,0.24372782267269016
2939.7579820976775,1306.757598720631,0.34883190745863013,-24.885091284990324,7.9982482796754795,175.10727563679114,0.5487909773535041,0.46442438409119546,0.6151936573525953
1580.8856708527862,2310.6440406076945,0.3748249243499977,-17.85625470238004,8.982575257208403,80.91001374384871,0.4008743944744351,0.5467865221950543,0.8166943052206771
1356.9999459296673,181.45209748020187,0.6213306241557073,3.153429212312229,59.07537213530648,70.26286141440224,0.6021213835407175,0.6953444216343768,0.6201076073823384
1665.6472284105832,877.6337958272911,0.7187181132622024,-19.86742099428514,59.93635517382656,59.544325620489246,0.853079261158939,0.9005803357318642,1.0
1084.9603469909114,540.915043216238,0.11060359887316085,-21.602696450805404,41.875899048265495,279.7780306340142,0.19490819272412097,0.3449899852403331,0.585574631059425
2691.393768634504,469.99940192224807,0.035590230806476386,-7.894383526005868,43.184369231202965,82.43538670811222,0.0527824132256039,0.1600492406199404,0.035665735504771784
1809.7934043329249,337.9270773424226,0.9943303026857149,0.8553146988448965,5.393258284087121,189.5912148690711,1.0,1.0,0.9566161094711153
835.9657025285424,1493.792739758392,0.23272834891555183,-10.686705469182217,51.654651038926225,162.55668995030032,0.29159485904035737,0.2705316825213032,0.43022179998974003
3238.4684637884466,1875.1724537935322,0.053830524908459076,4.8369277005357425,50.47394753803517,208.6599237221822,0.09226138006709313,0.04156223762006024,0.0
1382.0083969435611,1387.9161586088655,0.18987532909591998,-4.624849013860214,14.954931855694454,315.77576413362993,0.2732874505367334,0.15968245876043943,0.27732157579429284
1956.790300010359,352.7105030117032,0.03895784634846422,-22.777752783686566,10.383938611092757,312.389060429423,0.1407629661486662,0.21326209618498018,0.36225444177758803
3263.299599472369,1946.6970478403302,0.39181089461717167,4.784963950459261,12.35724905994905,162.38738585694946,0.38968964097785974,0.38486419728606996,0.15705816924995739
2247.2567852903717,1526.2912971929484,0.8024017844513243,-12.763172896594288,10.102824649125852,5.531850264500391,0.8619795143927721,1.0,1.0
420.83294655011065,931.5976947047892,0.3412444497577206,-16.377923984635522,60.97081955367598,153.51977005714915,0.43321527448793584,0.37149448560381165,0.45189942236717967
3383.3956450085107,1617.912709286551,0.44418340687836655,-8.263624492663432,19.648265240291863,218.22967347269054,0.47989535714345677,0.5486108541007051,0.5958708953760414
2259.7489910571044,623.7719501827988,0.6755867735674388,-15.87077224537407,25.143015218746346,200.79531327530225,0.7375860468933517,0.9181450957813811,1.0
1205.66021276551,828.4613003861052,0.5088940700698802,-22.40627478639543,17.35721441514397,234.480998088074,0.6544846780017395,0.7411203951179784,0.8182082939587426
501.37946158819415,2201.9660235167767,0.8614456860213242,-24.957149707624698,95.7835304448503,55.467263690310055,1.0,1.0,1.0
2858.4906813730654,697.210813611409,0.8660356750457565,-11.512499412392131,85.46174631518355,232.75263556106373,0.8423760752420744,1.0,1.0
2232.2619213426487,1127.9718435790478,0.009910695491153643,0.10590266679776761,23.049483735152087,65.75458274775801,0.012319566451205676,0.11759308141923415,0.0
1920.4599311147574,2136.338729750435,0.7780463064831992,-7.830544431097703,32.7566293922126,270.18863305082965,0.7762517893667751,0.756328462145885,0.9799482050223262
3218.0132989834474,1698.531240642066,0.46073360024167387,4.976218968303225,20.989284230499717,122.0715407745648,0.42862313420928316,0.3167356815478799,0.37672737970658293
2838.9499604083107,149.2877427952866,0.9888405413036631,-16.394600630584,49.187595946082375,255.56235601732328,1.0,1.0,1.0
546.0295670379043,353.5273062695288,0.48323207587543515,-16.58634805719834,1.9610532474253595,17.231615606198552,0.5790989049917948,0.435128928668171,0.872370469513661
1122.1994440639737,18.819817852600362,0.9868959453882975,-20.20751619298167,67.13680088967958,146.82960921272883,1.0,1.0,1.0
894.5609033320767,1514.212296549992,0.7545693612057366,-20.078092352039945,52.31581498176416,253.8124280147998,0.7394267722879225,1.0,1.0
2678.2066532616373,1074.416220985004,0.24860488461330632,-16.444402119698566,89.86389283011033,81.67338587933789,0.27100550281637803,0.3552426346703056,0.48402810444128747
120.71676504880577,322.2596421654613,0.5383949792869577,-1.2147986417941858,16.439268432841413,286.30333612700014,0.5894193845469784,0.5211321750541416,0.5672674925068272
2051.6028655367395,2299.041890536249,0.9921356394785827,2.1727037190934375,80.41092460611317,227.0807039177755,0.8550077718908471,0.9861347484945509,0.948337349972589
2744.851268666486,1271.1833374694877,0.8575306077519237,4.252615091230439,79.19610144667158,211.5222379739274,0.9088742688885766,0.8456368668921993,0.9173945371441007
3156.356292342298,580.543905870934,0.0973668937912211,-18.031310377106422,12.718118921688692,127.27758751356137,0.1923176191297661,0.24531925893939982,0.5448823902216423
1231.4942953772668,1201.4485707712981,0.7063719968099961,1.4389263684227487,39.85592241441276,173.68252933720234,0.7707704192463531,0.7482098020799723,0.7965682551123571
2956.5262968192465,1631.0887985642587,0.34557958587081306,-15.152347321679889,17.01526411445169,215.04574835202712,0.3941739553945098,0.4488151353656243,0.6903032934960347
398.274253038746,182.97412313655474,0.006982261880348117,-21.614783664493466,25.47205004575489,170.08636100936056,0.0,0.24964301365142358,0.4521568493343396
3047.2282502442654,659.2891561149407,0.4034809690269996,1.100747765604968,26.324617483054435,251.39279661860164,0.42350375872961127,0.4361661064515975,0.4636503102163121
458.9591843951367,1936.7171781215848,0.2347544217249713,-5.916830960691442,55.623639402577275,156.13089591850544,0.326237557969739,0.24169830614086174,0.2090420027911417
1430.2342460173222,1103.195688966387,0.8188692705204715,-20.05807311756815,41.14109317604655,72.81834542713092,0.9444372443046278,1.0,1.0
2870.263316806393,1311.7851408775077,0.3373306088457655,-12.105062274609924,94.77328040063054,77.016161808377,0.35906734624121395,0.338412673095667,0.7733451543289774
539.7027384555856,1038.7584053027263,0.8275236939538171,-16.38226915368797,12.637014194700512,2.0893567834587934,0.8945589584727494,0.945544850579699,1.0
825.3050228375093,105.35986234321228,0.0005979388347953085,-2.89616293869409,97.36921348501988,108.34477760112209,0.0,0.11914639565804239,0.038504318483272786
2600.1092462150386,397.7994715683742,0.30781915002611915,-11.397513081271958,23.063864021426394,269.61035057226707,0.311902887273563,0.34006742254697253,0.5614967902036141
2592.1315315658676,1069.2999329805382,0.24116521430776194,4.678398353191547,77.2873936381853,285.89857518153946,0.2791193884061047,0.2462991571278345,0.26800173668718347
2308.1314783870703,502.0451169790268,0.23356736106861098,-23.357650532212148,33.89699261728214,72.88831515447,0.26467163426287665,0.45899630634358235,0.5732573878483438
2498.21440008156,119.94966878322897,0.0681866197654627,-14.3495420159126,14.308139541731391,345.2558388737068,0.07873739475022745,0.10982790335465437,0.13914992715033178
1953.8079960513462,2024.759193724377,0.18712427041050173,-10.542994986700677,85.788918524624,180.8650056528456,0.18003811178947238,0.2775562989481588,0.4162689055108347
906.4766120650299,2354.862069993878,0.5555495698856199,-9.905993357550408,30.88608992364632,330.11234964666096,0.5212732778038462,0.6235014316352403,0.7826662907994
1244.50557661411,1903.5428975921745,0.2913610728377445,-15.521925328430896,65.88554042268422,254.4355014701872,0.363477561453759,0.37681359273892956,0.6376427066979373
653.7517804851324,2049.083812091201,0.41739478232914795,-3.12279252707296,56.64436850866266,260.0760322880687,0.4928448435806366,0.6362785881479897,0.5288095503212122
3270.422020801062,580.7451127609089,0.3768668803471885,1.2424122046692432,47.17563093908743,30.615703670185606,0.36768155986132434,0.3159354067243486,0.3445671318493557
2100.2104611580335,2305.5047412316794,0.8759049249998946,3.1615790593358923,49.58194726485391,79.19680568289505,0.793719808225662,0.9425038950332769,0.9675942627565511
1443.0651003491037,472.6216906882281,0.9052989990105155,-0.8471986960142139,73.22379140922875,3.1733399860101486,0.9577956002485931,0.8948736661619765,0.9551983157223304
1663.2208931188777,2283.4315448683974,0.49295697165586005,0.5174059191979836,8.777291412344058,257.8059505716255,0.5761795163018506,0.40390099043352146,0.43291603770906145
3410.220022602535,2387.5663055182827,0.3301559503156044,-8.483640981400136,66.81806619579052,123.9977838342636,0.3363392944081043,0.415372010367669,0.4624593856694361
552.0650512178887,1708.134733790517,0.10680070400236363,-0.2233532071955615,89.58121013985787,283.19490578748486,0.09266868620744685,0.17831956583530198,0.0
2110.42739526047,2354.7449563003725,0.953402879382095,-15.894882725561434,5.778819701986415,122.01703917732945,1.0,1.0,1.0
1821.1992439840776,1366.8954709610489,0.06022694490029745,-13.045637136723569,14.065333923366675,294.96015082759,0.19164830494460008,0.2858634990628031,0.34415001790545785
2201.235247564732,622.9002796226168,0.29765027756828044,-15.49260958544367,71.66319367020314,47.05137134939268,0.3369221755944532,0.6637971913879566,0.5994786614747244
65.19666175502583,1048.79012559749,0.29806620117000415,-10.978379936562238,43.72816482446176,62.41433643270295,0.27698545336464847,0.4091908199595611,0.6627128669059648
3139.646072198945,1424.5462449090862,0.3204012861402149,-16.432611512840907,40.354862081368836,122.71555425021714,0.4176299958351255,0.3986694709967644,0.5514754139834915
3355.625816941005,175.39574886483598,0.16428684327240928,3.8483432676334033,13.696663454423586,147.05545999761839,0.19117862602134134,0.17439354759963477,0.1705179392060756
2034.4794609211522,1493.6238350813906,0.7831614309236972,-15.614661159829955,50.67700407177881,125.53301190347221,0.8470906832019988,0.8891097544042582,1.0
2507.9429659568123,2354.8268082295067,0.12249786196598922,-22.058663856671807,12.654531119637724,274.91293170835917,0.17857664155759972,0.3645460375031337,0.7395824732584103
3320.9977722382646,456.2583594809463,0.6349066591531628,-9.195485018487599,47.66204563105404,34.902501345617296,0.723874869085199,0.6096320622087729,0.8092756116170152
2546.059083528235,1902.22827909212,0.12384602670581746,-23.28702764664471,76.36152989616566,126.4381270698557,0.24521033359774988,0.5032378034269209,0.37839359190027155
549.1405544913408,2178.9571050710865,0.07053563759295656,-21.683705010742585,25.826435788716353,301.40639982556536,0.11601039911693825,0.30681255991331025,0.5078732374722157
2074.638096600527,2264.88382276853,0.9094295036858765,-18.41831832411261,48.07861681797273,24.046947814381916,0.9857607956483796,0.9224622930566224,1.0
2184.1741669782814,2304.3254505730733,0.19012876631870568,-11.069492503535749,99.20159693968357,339.24366276168865,0.17397414629970076,0.23626796729796273,0.3571459474204208
1526.8704166885896,1251.5031329315327,0.8212501545597043,-12.002472030729162,68.66504233540373,355.0740632179246,0.9074204517303751,0.9902881867863689,1.0
2651.1992482490023,2345.5389791796088,0.5446308711071358,-1.009244139916266,84.13567713051987,31.88454257702883,0.543717425875731,0.6631348620763281,0.7408711706855582
3363.7212531684536,1817.5444971226532,0.0778565196087696,-2.815760383476597,41.484760656054576,104.8581080120653,0.07077855549317544,0.005492664437497937,0.2587346948997588
3332.0466464643946,388.0114469687085,0.9554481914380675,-12.21045118027896,76.78609231258552,134.06423977272823,1.0,1.0,1.0
1623.0217370548755,1144.560255523128,0.24696116699189252,-14.988873772731102,4.050917294132184,279.5008927149814,0.30558992033555976,0.20440071393324838,0.3895977895149344
407.6569650267189,1723.9948208928095,0.8596453453526065,-15.505936478155043,12.291118254224498,214.53365236202418,0.9637682220493883,0.9712512233519305,1.0
3545.4283162644047,593.6167579658,0.16881000578456418,-1.7801473811797308,20.307059292006212,231.97165217732424,0.20707079095944986,0.27518627037006993,0.2586670946843783
3020.0331112053627,1537.4764405173296,0.8539428821418529,-23.437827813361906,40.195192461521955,272.70353621466217,0.9380337917484721,0.9936443708261331,1.0
448.7856523317606,1599.8411497118861,0.013228812905293985,-24.615350514681825,84.57448783257632,42.47243979732926,0.15217723360455823,0.09420505540088185,0.4563622715184366
3315.0307774225403,390.4793851405581,0.5117804565694807,-1.1336682422005566,34.62660507879305,299.95540448769447,0.5395312356701927,0.5389054731119483,0.49704716624913703
3131.6269034236616,1356.204749886615,0.7694425794215568,-10.68560872032852,65.46211935154629,254.02312950485185,0.7947298422436414,0.8142995593634917,1.0
1867.8170056538597,1851.9045863486585,0.9347955174927833,-21.07356584339272,70.93142948034834,207.8430210706933,1.0,1.0,1.0
2128.5915686817452,1197.3495948862605,0.909202136206487,-17.93302196216496,58.61823540883414,320.3047205219004,0.974901647663333,0.9845973334270464,1.0
1436.409733932469,29.04748026265782,0.8196248695476449,2.9751185929214756,35.72419681701362,252.11028739817056,0.8373036616646009,0.7426453682918885,0.6889453156360292
197.1418997593128,21.692325790301226,0.8881913496613041,0.7850892687469404,57.70533417135443,72.61198654716915,0.8726666675845564,0.7321640613098735,0.8777284201325789
1206.7100699252433,856.8704255280293,0.1992196858370765,-3.706448493280824,34.22655927897462,154.70833718724003,0.1970210642936954,0.24745893827659624,0.3822455301173747
2890.2724149528412,2222.865764236277,0.28418429571172876,-10.533243089880203,8.387373855201208,177.85543209686398,0.4229605601559976,0.35198869859474263,0.27957575455267547
16.67528281657029,548.8242710486611,0.2889685249210585,-9.39029121425843,99.28039781860144,19.878345630146033,0.3810969308437429,0.28418101493251136,0.21835368957543644
1200.597018088119,1522.4728532920492,0.3770539310016988,4.2573360585187565,12.718245363251091,343.6695048096201,0.3243307120973216,0.3631714567368257,0.4992511302865004
1433.407296927396,532.9820896639694,0.3933206703851887,3.9731133165286145,7.2348383836057355,46.28781388687625,0.4076920289836769,0.4471349122394763,0.39798773659332737
1934.6241705765224,772.0079751829167,0.5445553246546755,-18.541928626424973,87.85307492071558,251.08605620162166,0.6287903677785995,0.68394496886349,0.9306330843217491
3311.4802190859377,2035.3010150435616,0.15987976336644139,-0.666863010840455,30.183466089289514,182.24317299271686,0.1849764050290267,0.1923712851513606,0.05273805812951731
1246.8455797174604,1749.2674614478724,0.6912466637859893,-19.082720014989498,65.02969740735077,9.227609958392131,0.7761768998111902,0.8692379033466938,1.0
1249.0315268264196,228.9582655517055,0.1675665393045065,-18.59387566348146,32.90057296622329,332.9090913111702,0.3000657626134461,0.21725433519954523,0.4926647459514214
2655.0044931950943,1028.8848503674408,0.31030848210454753,-4.717208975062697,39.14542707944712,306.66125117481596,0.3491935757015497,0.5180435004900149,0.20660547822045916
1627.9845872033059,70.00743274863473,0.503345130606154,-12.849967042373548,26.21129720167965,188.73285404538078,0.5510492018245085,0.5672941564545089,0.8774931648352919
808.577362583935,1154.1363518472215,0.7964405615234773,2.946332213195607,34.30440057930102,82.4192410102003,0.8409317846310748,0.8336932461891922,0.7850093373915111
1628.7822580776963,1589.8416280825634,0.7394692332387273,-22.329707953119737,41.070040058654314,43.78424064483393,0.8389768941231852,0.9766932730771801,1.0
507.0852733672795,284.40629663556376,0.6455343564105223,-9.65423077571521,72.04160690923429,130.82129259556558,0.6950158114768306,0.7211817984409731,0.773805691291718
634.9931514224039,693.3238533819977,0.15577326058017016,2.555645913293638,51.15361942347918,91.95418117659258,0.16700608047197263,0.19538024211993446,0.0
1794.123981862127,954.8079012051767,0.5470453456155777,2.1234098143851554,94.3565217156977,182.40883236226753,0.5438377598148848,0.5696566140961397,0.6241371990418432
1508.1316182163725,2206.8744591745194,0.08744650179988545,-20.304123597527763,4.188039383877551,347.90734660443445,0.16446711887877577,0.12715385607992669,0.4251064363858399
3293.4452438451603,2383.8120370151137,0.37736317679665077,-14.000868997106306,50.306832263202814,206.9832575626709,0.40556238932402605,0.46584924462758154,0.584209328778555
1304.6180368198793,107.78711758947806,0.41351653028995916,-6.426357998599112,58.42247888317181,320.37518012043523,0.4058992596918291,0.4243946388677619,0.6866991167164153
2090.1180610009565,1826.419016388941,0.03981143944575383,-20.218153456857934,92.01969860742739,234.3163814984798,0.07490296544559183,0.17291192678598366,0.21382853846209232
2276.1514365103094,892.1377593656238,0.2739880994699718,4.040665161372161,4.915852362142759,171.08874957139216,0.1897280260111867,0.14034602700517815,0.1437317658301327
47.14004371800109,941.8996469507521,0.9556494672664894,2.44247986182981,57.349958493521605,307.6587225840137,0.9082392955647519,1.0,0.8399512621652045
2388.7345392601583,1810.2359360328544,0.9536326078296895,-19.991494628965924,85.3629928527957,169.6925196622791,1.0,1.0,1.0
640.9294807311052,2204.223437148981,0.3523270542525393,-21.365336162170436,24.192772811923657,312.70614138372997,0.4400222212641526,0.5956458681110749,0.6905806088407321
3459.8531428900387,2282.228626806116,0.043100108948324056,-22.43774551575204,87.62923485239375,104.9676370472755,0.12243974996025156,0.3305513852187145,0.46631960848292475
535.1858199112066,1385.0942064919698,0.17909493932818155,2.283309921098933,1.9043409274291823,46.37270655467572,0.05293778671043558,0.13478019614477288,0.10397021251005513
1492.6468454172855,857.0907823212067,0.39221779343354013,-19.191285706136178,73.24546291337298,307.9132071706578,0.5502389790110052,0.49990098201335315,0.6041025759723448
307.25880508311786,1890.1178060610703,0.9477796979692298,-12.511452143669358,93.3113221168653,211.46945896536005,1.0,0.9979908897251861,1.0
3588.7473066454104,602.4033198295206,0.14119906353718492,-11.53445903043991,65.71976616400622,320.07326336962564,0.21331325407859164,0.29237665333486335,0.6299006784740144
1807.9020371924732,1353.7776692004427,0.7635158436682122,-7.0296686735929725,43.902924398044796,337.61779451725795,0.8896419272616538,0.8431839878513004,0.9037164441571678
2143.3860623521578,860.5883076596956,0.10868253937469208,-22.847939687577252,4.488101647271803,19.306220533721703,0.1459429174936484,0.27476197043310174,0.3623832313047555
241.47531859833893,1575.9145768989026,0.9812575773912768,-18.19724147798452,92.01138133226287,180.3489486691926,1.0,1.0,1.0
2699.85769343704,576.9573909444166,0.381616499109135,2.9447116075677826,47.02962226915748,134.98723766683054,0.3270160889701441,0.40133239481143557,0.18264682114386543
755.6601351441087,459.8230697635818,0.775234538899056,2.2523032180570866,2.899674433594801,225.30902294524216,0.7790152655392694,0.6918295886487,0.7024370614370584
3232.9954419865694,2203.773808021049,0.3425910828111318,-1.5612805778292334,68.9821071328762,285.6928309928365,0.29165222943456887,0.3136244022405707,0.3100690881701646
738.5027057352258,244.32883907888856,0.6276688771588087,-24.417962631453538,48.18372535762582,101.01247775077282,0.7247893143397404,0.874999805906567,0.8740675407196035
686.4757943891997,1214.298978563836,0.19201608474003673,-15.189796945116937,12.434531744241074,200.4474183743418,0.2695296013585688,0.39176509638962975,0.3912339436638749
131.57880425314156,530.0466791112215,0.14602101929696254,-6.161237939712766,21.42718093102596,255.14228876576385,0.16353386310726026,0.24065015861149103,0.14330981126418862
1699.4410023959972,93.43191198160187,0.9380641395681313,-16.74429364679573,6.449068045584627,48.395189820864246,1.0,1.0,1.0
2033.4280797454192,86.44516389942333,0.9176472779044335,2.2876008516133197,57.429353970857356,293.06408614245606,0.9197624325823321,1.0,0.9095662668392723
236.55110194206853,420.53225305398564,0.8874689402128824,-5.983316145026745,62.202947925200924,218.1994559470703,0.8900059341303772,0.9800672676736841,0.9275400547357264
2791.899420102038,2080.2488508144006,0.6254334501665935,-22.84279848050663,50.574229835544436,341.8334773609146,0.6878107015619308,0.7397828319789819,0.9438435165171464
1631.8398050928995,677.948985544864,0.8082682112162782,2.2701676650710922,81.71021330026149,122.23041088704957,0.8484717924330726,0.7027849954497559,0.7791979054118712
1887.8049695792881,2281.1020093807097,0.06903693691137491,3.7329997452866763,86.10088213080135,38.93253924139152,0.03096117458928164,0.027269075646707924,0.14466382091872657
1586.7458889776212,1395.8935031740646,0.33478904189067915,-22.668627448248234,61.56243966831266,182.3404323732931,0.4717227873126882,0.577373311399496,0.6816319013540254
1442.7470191511736,1047.8740554450387,0.3137031247571562,-9.029192954160553,1.2756479707430546,30.891877815397986,0.4088257527739292,0.527808967852464,0.5486154871521933
2014.7051927095845,1392.213203206691,0.6356453219526133,-15.899071533574887,69.52296557477356,349.02954839664244,0.6187834436436899,0.8021887143222436,0.9722381392127047
558.864885350565,1240.0761245430426,0.3559577734706405,-13.214827705557928,41.799921692035156,13.926584972588953,0.46633968890073796,0.5569267891392309,0.6394838413589126
654.9412697829761,1821.0630090175803,0.1485067816436808,-19.610463461339744,56.5557483226387,271.2614043986309,0.3307227293782037,0.2872718083732324,0.6318275493343493
3102.4282356486624,677.9905583348454,0.5964670754135437,-7.657836939627625,64.90806020188845,189.03686333120785,0.6442749580174325,0.7167039945193326,0.6029709480192044
3406.015663681078,847.3209398407257,0.8143839206690815,3.7393805974667167,35.02366143270768,132.70343489938392,0.8338178188365932,0.8592118448327964,0.7155207035233102
1343.9135386071107,2145.8263260798017,0.3821234944599732,-9.907821991851728,91.70985051717942,23.703179223115676,0.48029907819959305,0.3164065874340948,0.7790206205805692
974.6808233167935,2271.495631560973,0.1322687150984817,-22.512562558165566,13.39748667497812,223.98009270249878,0.20425645760014927,0.2707173274295982,0.44443816807024433
2318.3983556604567,2142.1397459675386,0.19668819731282305,-6.399959995677747,67.15118072810374,210.67931858074388,0.23651717654631846,0.3340941641682565,0.0
1471.443015953147,1006.6751854975525,0.23748330516938398,-14.79331016646229,0.43595799565804283,101.1179783043359,0.22729183761202792,0.37047778986790797,0.4352011396868353
91.3908803772415,1872.8772072165161,0.2998975929945362,0.6777556877389337,92.46511054051808,327.67981250771237,0.3135342716460896,0.21758624359252318,0.3429100455142494
562.1493505182852,1143.205759922637,0.6427950705063091,-11.959655550505893,11.25041332380915,109.47960264342127,0.7136744199353142,0.5403327797416766,0.512636495001676
2577.500023850631,1194.0956451506452,0.600945484537719,-19.21481173173263,9.488423014757464,161.90114781315822,0.6997580219795156,0.7176917975045047,1.0
2372.126190876545,491.2322617374815,0.6960798615670392,-19.266831319265652,33.30076330522442,195.75448413071604,0.8249317915246868,0.8415143936910662,0.9127571410142414
97.54557301254056,1418.7127278204396,0.36250198453151317,-1.9370745783651877,37.35662860390806,36.083476143462995,0.334761568153997,0.3137875336037661,0.445928328471056
799.099782958618,446.726154608035,0.8239976518799783,-17.032372050779202,21.430007232287863,335.57821891690764,0.8633817099599542,0.9674732386695194,1.0
831.869267717057,795.755277761265,0.20408766115576027,-1.9829981752233117,58.51216609271247,134.8330148823748,0.3121504882216867,0.2711735204671092,0.10263532991670997
2418.813876955422,2052.0724838878446,0.46904074751815394,-18.823380677002017,44.291409804196356,29.080516994763702,0.5365411473491457,0.6727293582146069,0.6406470454386123
70.95793591571096,496.98194210605254,0.8009387215414303,-15.349408938960718,3.4175589041087417,139.4248225231188,0.8688424503185602,0.7282692863698716,0.9203369388161791
374.7908951444658,170.77988441623876,0.18015864773261925,-11.035390826809019,31.965206225530064,216.07291695332904,0.221387381869445,0.16417431235414323,0.4887562217270031
2879.697907343482,165.61822227075913,0.10986311374078295,3.295875490803521,81.04329135731705,184.91496185567865,0.06452386847075034,0.07698289396284111,0.07513771534963873
642.760783395601,2257.882849207459,0.8836839676879897,2.95194274261474,68.97015348618686,250.03511065341866,0.9606876582963934,0.9211122782986136,0.8043690259570337
2349.885988266749,1216.609051108403,0.3429296627591959,-18.793843737331365,72.48708535798805,19.974219144447826,0.394270214713957,0.5375196289447816,0.5416790834515339
857.4580117682154,982.588972360844,0.683870124909032,-14.253428762707816,69.81169240835236,102.4346196979402,0.6879373758246751,0.8424827749411451,1.0
357.9890139336426,1946.1085944190042,0.02534860426393848,-20.51801834638683,31.097302138303327,294.9230076624368,0.08286388941158185,0.15477976693198583,0.5212619530178927
875.4198875980347,2005.9822269852384,0.6900468884094496,-9.700447620595087,9.966392207677588,28.76172760488991,0.6273349061211723,0.7385828490206514,0.9817094274462486
2600.160954680373,797.258479477451,0.3161013115469705,-11.182523479160002,27.2467184033096,307.9749436905447,0.32819607318499244,0.34715323984759316,0.5538303317941944
3080.5072851826285,1664.6833379371085,0.05574085358744174,2.0228048735219737,83.17853001851593,33.08259314775825,0.008066758420969598,0.11866105328819797,0.0934497975165039
2988.7915124411697,1850.6947580445278,0.609812761548117,2.9001613337321785,98.04707977830711,300.40351736101064,0.6396132960708183,0.5340318644816209,0.45961663529634905
1429.8607066264374,1571.1616484782908,0.24080381607317325,-13.492978269781236,49.38470147415613,129.8838243883416,0.2626702427542749,0.4198810050065293,0.4334540755042273
2405.1064916543264,363.8281795202385,0.38680724205188,-10.247861709430317,0.970035492304222,220.39526277259768,0.46972392379041655,0.48048847102207987,0.458849957488684
737.9434634969555,2102.1194004409367,0.08058081228651359,1.8870874743839927,14.004481213422903,55.03936163327934,0.14482888203238198,0.06562499419490593,0.0
1055.3318289396477,1293.826926566421,0.14716325109494532,-0.7987657676481561,32.20805753162658,23.820739821065104,0.19243819529116854,0.10705877387651448,0.2988731709221622
3226.808946676031,677.9338232880089,0.29797723549584376,-24.89031065966052,57.85853485929498,77.73775344724864,0.38633233951249635,0.38778292352202653,0.6109757157673965
46.806924638649726,1020.5476450504653,0.08975950056015713,-15.398213074492524,7.509364580531397,46.0273744471304,0.15530946088283687,0.1549357510247137,0.4672494714019944
307.8307110760851,90.17061695737772,0.9108262646863152,-12.346772741916222,94.33572987098816,112.46612316466744,0.890310988448397,0.9958936567348936,1.0
748.3905185256983,306.8803229338021,0.006047043183978418,-18.108511489503048,36.50836732844007,185.17796874396726,0.07091582937639687,0.0,0.3590842196539104
95.51593394575097,1837.312201238066,0.4838602188643114,-19.01285152312184,91.25842179248231,211.95340688340343,0.521262330851925,0.6289198772194485,0.879102449039714
653.1675663232703,0.027923412878738674,0.12324745813255145,-23.86646480212961,78.05218027570217,284.35251865670745,0.25526823822557265,0.3918049696457444,0.43862763642593156
2098.949619490892,999.7579883575012,0.30767908947794853,-5.698908247907184,75.54372725155811,236.24636156940912,0.46524198759498003,0.4109070792222738,0.6463222222520593
1517.1283821329926,1254.0244346054124,0.9260595598182655,-17.12469128550503,60.671957978223205,219.15299704663906,1.0,1.0,1.0
3213.6181598771095,131.1226080023335,0.16169455327398685,-23.429584647060608,62.678381705184464,148.24152989487888,0.15626632642324928,0.35370701834119656,0.5744414778762144
2942.7968222583872,2335.387591133599,0.9658323197183326,-18.07062068415809,63.80032352162481,170.57103658564992,1.0,1.0,1.0
1230.5424661123534,542.7007949992127,0.2057943769894217,-0.9425814149162051,62.87213870255821,149.22749858046518,0.22174081743433605,0.2373390240086606,0.1333421224009529
933.9243603526529,730.0769271270741,0.7415661084668296,0.5446754493964008,55.37282313983612,303.1797708220979,0.7494287291085899,0.8717642331238463,0.8128206270389488
1366.892669402161,729.4620294120656,0.5466772648973117,-10.508012644200921,98.6414018482889,82.80016291742395,0.5594057962174563,0.7226955443084665,0.7698556348122954
2125.061793053308,552.9999890816398,0.8844787275967592,-12.517879887739415,73.22905674256961,2.059535355107265,0.9510082699818857,1.0,1.0
965.0291069623545,3.5371730071473984,0.5539932555031309,4.335610805053452,77.69463883925212,234.47516300144613,0.4833791370221363,0.49758430924238306,0.3474257427099815
2246.9360682568827,1750.4275058111912,0.5345592191563087,-18.983060212357902,87.24628150836742,72.8863861099793,0.5672248869692341,0.7543764984862535,0.7018128644657184
1473.8819478884654,2320.429199518285,0.1954580003683999,-18.539221514361746,21.563976272584917,320.44144907153134,0.2994263607547005,0.20386480087078568,0.6257079596437929
1987.3698510671288,538.3043598841082,0.16622936205165872,-16.243984688908007,8.380415909506079,309.25667869439616,0.17719918468202306,0.26954705184109873,0.3396508409910726
1570.0555048871402,1591.3132603282138,0.9164891511155142,-19.81728045156738,48.28944365985986,27.62185389415412,1.0,1.0,1.0
1060.0767343509035,1780.5511847009163,0.32783819885003407,-13.619032053874403,51.40806956192732,38.299825949067845,0.3155771872754529,0.49949625029029765,0.7267277385340085
3414.431905063764,2036.2209098172593,0.37208225496289593,2.3250268096926128,82.91817799499177,178.26177320879987,0.4598965164156346,0.424818948706459,0.2357160566371337
2748.9808589751387,1014.310072832662,0.7598236584283884,-6.539564781142772,44.37835792823357,219.32015859696767,0.7500713660302945,0.8413325210093815,0.7884290942307766
504.40743275922915,727.0341735370301,0.33882348242280735,-12.64160354163209,57.08530255443127,98.96700149360667,0.38075469736919865,0.4293945711692237,0.4590296371417781
3126.4847132324862,780.7083216552746,0.9520624466390027,3.0323238371364454,52.70709385134583,258.04717801177344,0.962492604689396,0.9828995142168677,1.0
1754.752313698249,1710.2911994364308,0.7379277689988003,-23.54607302572533,3.8202783757391057,214.16976753079376,0.7983400730577894,0.839058489119984,1.0
3220.3880168187293,1960.2707196135266,0.59742924257342,-18.691714662944158,61.5214896596914,116.93667950947969,0.6808456195789949,0.6823472194139795,0.9926011454297193
2879.478921410335,435.87352261584635,0.8808951605447525,-8.023341846947229,82.80432857742522,9.133735695233614,0.9480309615545534,0.9625698642291656,1.0
1530.7686160892404,890.2584195786364,0.04960590834948275,-6.5334213042046265,15.750054807580383,270.05410126746636,0.1237119053461824,0.11561239050923333,0.08426464949325657
80.88950995242263,2164.6564721979603,0.25706269218920874,-23.813274803121605,59.433173392659576,77.31131969702977,0.3918806618388286,0.30149967360598096,0.8717145020216105
967.2384937858059,1936.0644472673741,0.46503633422090995,-12.908837262786035,59.36105444464144,300.4105476465462,0.5107900562106881,0.610136535056695,0.7145368654635965
1949.883172779121,2363.660166629942,0.22697853947152102,-5.525381055073819,16.418496405635874,151.30449361953185,0.2420089793664313,0.33352086689925325,0.41879988559385145
2280.5215913741304,1810.1958232369939,0.7439051873021519,-4.057883607897953,12.346357373073602,207.74787934743554,0.8778123144703281,0.7706257668386977,0.7970489917173362
928.3956675595282,943.6684824670134,0.9192080310537252,-5.85580292451192,98.00519429764847,314.2615429472407,0.9984622648628744,1.0,1.0
501.6818666621669,1417.5308015871306,0.4237701199309234,-15.383103269172263,39.371916965303754,310.9042803311832,0.43930276607083907,0.4923829693375612,0.8698305069061629
3005.7488524774767,1586.4342101935688,0.34213260011189495,-22.194396292062713,22.742172872352928,133.74704708768638,0.432635211682643,0.4842520338058863,0.7489122552103735
3543.8478505327876,188.2939591610975,0.9615507321375663,-12.186626607419978,17.132454445437496,75.20000137734353,0.9922066704210253,1.0,1.0
1892.484656289669,1306.7927018492762,0.44485243282754083,-21.137366878958336,66.7601713583235,279.0525879822941,0.5240268640633114,0.6106397097881116,0.8192563851646506
618.0454290538926,1702.3699883342629,0.4890484004492832,3.4287097556200123,60.94452973272788,155.9088732967672,0.42081043395357653,0.44922399819137543,0.36019158163730336
980.3063754697282,401.5711296025449,0.35164987234190537,-10.744874019321152,64.35521229874175,69.13511768124147,0.3777825094249362,0.33256262637817263,0.4685639156058008
66.20643557088025,1873.5161218213373,0.9095484730121384,-15.482224769293973,8.800602751145226,325.5931232341741,1.0,0.9837014156331543,1.0
3291.4757036177966,1401.054673233868,0.5689554832818507,-2.010877866432999,89.35345834984369,71.31750992679146,0.614385436159734,0.5940981032881408,0.559680008693084
423.9038984045081,2285.332285674227,0.7621745871816447,-10.061542222532085,38.92663968090483,9.290580548843188,0.6792399640766574,0.943707248351776,0.795773007356665
2075.459311851313,101.81351569654007,0.8118067183508864,-15.698979279626498,31.336940643035792,7.300790556271188,0.9346477593386866,1.0,1.0
986.5987944739416,636.7827301331207,0.3418490419172582,-0.6409677282759496,46.23614472477392,224.03352832353514,0.40335776151622843,0.4627414406523349,0.30457360723248555
1995.0408090568562,1443.7293103195777,0.43369433132038004,1.0145645300336597,39.00660657476283,238.20302185831093,0.41582610977490925,0.3718560962862717,0.4506616357347387
2345.1133980667114,711.7437892942337,0.8484717744062646,-4.809755011339689,86.35770031391459,111.9750138205142,0.9110073029193407,0.846151708204002,0.9906972104881984
2987.070493345926,1714.6179937709812,0.36325535167581025,-23.59106732776998,92.92609751978921,115.20395612894282,0.4180445033660666,0.5460272899372949,0.6837134255618075
743.1165783381715,1821.6126780526345,0.7939351334518513,-8.010313595004035,30.34532164496062,122.21780942157939,0.8034955557842947,1.0,1.0
39.58498317052972,246.03831375953868,0.9409923225744371,-2.1011526400815512,86.39358074599548,244.85707683319632,1.0,0.9607957593496963,0.873010033129505
492.7882682477062,1233.2507140962425,0.623210373068007,-20.904909637492537,78.15231295330672,20.92816476965829,0.6958325135104493,0.6894270586968679,0.9994399744414102
3240.067110653178,1221.3373334185342,0.7416272874518889,-18.1398774584619,93.08076723447618,334.48188696887723,0.725473321546819,0.8561983508810056,1.0
3146.0042792250547,886.2738485172986,0.8050973120411349,1.4748531520440942,24.575031218588784,80.10757590388071,0.7988589547037616,0.8595153997900753,0.7862939749042112
2150.6871678131097,2239.019670167213,0.8450396488966425,-24.39634834440778,57.695915012097906,359.8823538871532,0.9383661270436637,1.0,1.0
2161.860697561152,1986.015167695731,0.39505333785679597,-2.418185865220721,27.454458474044465,61.74816976338732,0.46678540916745115,0.40266329022142777,0.5468060154483402
2394.1320283665195,1673.3025165831282,0.05126345917599817,-10.786801224567313,82.40944904843742,277.75672463245587,0.10067172978175734,0.20331953205474296,0.3352505376040344
631.3366030444186,1714.383925763994,0.4018762712367395,-11.596835234811794,0.5324190571064258,80.428516174665,0.4243385297009798,0.3071052431055027,0.49497354395081306
3291.883005329855,1108.1187451514859,0.6737562297840898,-24.787104025153386,56.48191628863961,29.104848591571432,0.8246088687688393,0.879262232033084,1.0
1507.5738896114633,2210.386850631782,0.4503503857807928,-0.41805307100521816,33.9203431271918,314.9759967662336,0.46134963073483704,0.5291246861482607,0.5151782414528409
1379.2987016981908,1667.029025407885,0.7489631508603986,-14.205252980903007,32.268370707782026,309.15045330872107,0.7679585525312772,0.7953271603463646,0.8212758364137234
1868.103739018215,1749.5545479739594,0.3569824294686639,-8.777031060983713,64.4906323864917,145.2853412818565,0.45409523721308287,0.368801205983637,0.4119626785894534
169.07748039019816,2068.058169089629,0.6347441411040295,-4.680979409930217,85.1484449313994,252.86261131455365,0.6704957466102477,0.537565323443708,0.8756119836122921
598.6201275218858,657.7718144212585,0.18641980485397458,-3.9211127068625267,60.91953913933262,200.54373576621018,0.20736222975261423,0.3552037055681656,0.30673425332969156
2656.9210191349334,1936.9701692800872,0.7493694366449569,3.6794017647821704,85.31729786467224,307.06420092254956,0.7529988293840737,0.6812250648202998,0.6605889758218181
298.07520453045527,468.5774470955809,0.5456959688130258,-9.059801402901726,26.459711188102997,113.4201489547156,0.5287827766218878,0.6382198838013784,0.5891597673910758
2171.3475940789976,828.8206853877308,0.20406438854660058,-13.008413470767174,51.95018547649811,188.52206399963467,0.23165826880071044,0.360330889991324,0.35812340902485695
883.2567948527554,805.4650902476225,0.29191117349780726,3.611108794751239,45.0536539067076,174.73405363363815,0.28305401099980004,0.39480402424983074,0.20242845955389716
1401.4642105511155,2348.4611241339376,0.7486087085818324,-5.736692949234367,1.1644899503096218,127.40609745246914,0.7605045713852582,0.7795549817723012,0.7336093348849615
1039.2974523745195,2055.6893369950244,0.4826012356615207,-16.055489311703333,55.68121431407401,320.923823240294,0.6119988611526453,0.570999264859837,0.536694367576704
1280.4217792738168,1682.8076678166233,0.2160314403930722,-21.206072637892866,66.1524324146175,59.71605287851277,0.3130397486629824,0.4021528835458365,0.6973850972954064
2588.5652586632837,1744.9362278769363,0.9672711903702976,0.27663504395543725,59.191440441907005,53.82311022745061,1.0,1.0,1.0
1069.63817624343,1348.9747065661707,0.7151250198168879,-14.134551916175454,73.62798987834215,207.6874327161905,0.7759621562191725,0.8222459546518095,0.8038038402940334
2039.0567050688298,2273.017601060446,0.9571348325397961,-5.185908359067064,57.13395284530771,236.6979227945791,1.0,0.9310664092751346,1.0
1713.7814479167587,1191.0210069176676,0.4271050453603432,-10.875507419023055,6.675025485075691,70.06293155684347,0.4884320885588449,0.3867457314348022,0.48463908251394733
2389.2161953055333,913.2425036877469,0.47510034069172047,-19.03210660614885,11.644552408471142,140.65827921166468,0.5483062199750487,0.5224662599511131,0.7338516939601575
3372.5870615691288,391.2848086358184,0.8979552161850192,-6.949401741386048,59.64745775439524,340.76298347234774,0.9293160640427054,1.0,0.9846832358227292
2637.259549956901,1886.8935654265392,0.5250493402453846,-23.17950793147953,27.49791919736402,88.78227216864263,0.5670003555936212,0.678745275466409,0.8324010210103785
773.7853629267244,1762.6654369814194,0.7072789119056672,-12.599726203864233,7.964512903476583,240.60985276226185,0.7806701224673213,0.7547680882216875,1.0
112.25928622062482,922.4520924579238,0.25217287749552997,-8.60155181008987,42.960274344854675,266.45378173113266,0.2867144874910335,0.2679991930854595,0.345541182223677
944.1505594793703,60.464193502150465,0.44672646870264054,-11.918590776442628,55.43225980836554,161.32633180745742,0.4718648120860767,0.554006020303648,0.5506865752645952
2142.2805505209176,2013.5935865232257,0.12344986581035511,-2.5398347424702763,32.87459883496066,337.50935523344987,0.1915847945187183,0.1299171386446276,0.08318745494174777
185.13292854330126,27.403160289776718,0.20598003587696168,-0.1622513636406282,72.04337022257779,265.1964246787646,0.15128201421813178,0.19975502365124176,0.36248438918881287
1786.9184899244508,1688.8794711097223,0.000943415267631087,-1.8627077790046584,64.37706081012446,164.85284874992323,0.0,0.13573504999705005,0.0
2148.634256100801,2328.6170633425368,0.03926505164866023,-23.835611565645937,33.281836109167195,204.96067263939383,0.1833627160697259,0.34772980816176885,0.3185972096047537
1203.278006941059,1050.3871875556883,0.9772838231769293,-19.17613688662083,75.48725289085606,249.34083963303624,1.0,1.0,1.0
2775.283933484959,563.9361719902867,0.2423536951367623,-8.90177472208677,64.86950425330355,213.18846495451857,0.2798293543872802,0.34829832489451035,0.4311064602291029
383.7537112815785,1691.6904241041161,0.663310709504002,3.0446612133140363,63.74453787179021,316.3311301773873,0.6708178608987606,0.5910756900887935,0.666169247057341
270.49601424891154,1961.1075408374043,0.8390996987996115,0.048703251563505745,55.342770078706806,128.47991842094441,0.8534220471665611,0.8299428893197391,1.0
2621.479522332972,1311.4327585868336,0.5506604592365643,0.27603525055404887,1.1389668088552796,107.95886642008978,0.47390609641357595,0.5735602590293155,0.5765372715556154
1783.7687383423145,2320.884660614751,0.1531445000839562,-15.903754187209753,69.65071834768891,76.98200021829516,0.20228555585336358,0.26933520680309353,0.3345787608680281
2478.2486271398498,124.00493197910664,0.7281164373361664,-12.116563087638923,37.604179110915645,13.601868503254249,0.8581400495515914,0.844948286765852,0.8910573084699546
1565.3784189734865,1211.5094359308675,0.600251410099583,-10.878821580521878,94.26097101586556,15.485027176819921,0.6175068813892682,0.7545323826392236,0.6648862451300892
887.0473196607845,1724.2894735741202,0.7312505893473751,-20.278852499502687,81.79847710772053,313.2198695193418,0.7995610832260656,0.9232678225584149,1.0
2948.768343627119,2070.3371307580296,0.7697466228570872,-24.06795609266631,58.76944695313122,244.22153270612662,0.8387973647344396,0.9102632786093009,1.0
2877.8971642883253,430.2134685786961,0.9754103676847451,3.407086983815507,25.218198181926944,237.791669557135,0.9608048501477228,0.9045648863848883,1.0
2500.9072950759364,1920.0083562328355,0.57356328002671,-17.7786224300948,20.371739327766658,221.27141481655897,0.6131141465061273,0.5958008723885315,0.9939493836351632
979.7224940278658,1326.4969817245087,0.3416411126906018,-17.80153288829106,34.03848376775491,305.7188920898777,0.4361377845063718,0.4136466823046783,0.5725742058107658
2124.8304007287134,951.7288367759118,0.6484645569002371,-22.498628386937213,47.656794358001854,172.89609323962588,0.7474657634015652,0.9837010976257488,0.8916363582064293
1299.5060289840965,316.1160685898245,0.06844070924262613,2.8552325583133573,29.606551003894708,313.3478982809881,0.09937162300469142,0.0,0.031249267912518155
329.69546397588294,2076.7098213813897,0.8973973183215863,-7.607886551806839,51.49294953924828,129.4002094256061,0.8785291295353387,0.8692847523724817,0.9273814679197636
3302.328871664074,377.45569963131686,0.11938101133819679,-4.988894286239383,16.537042551318592,333.6147015620726,0.12272604502258116,0.18569935594283776,0.22062406770139795
492.547071308261,743.4908621018382,0.32784283788581825,2.347306617891576,97.77128128254999,251.51651282924644,0.31753143461637306,0.3209631137647927,0.46759337683062735
3420.8544737548887,696.1092767098485,0.8157453806261209,-14.631394932976315,10.792455496499386,92.58376896879382,0.8944747026788616,0.911991874774805,1.0
1605.6207826486407,2091.39368205805,0.5973123783307118,-6.354780665857476,93.1944139654372,203.07057180790505,0.5908011873638693,0.7763357934306975,0.7479112646936776
666.4785438190307,1614.4871861013553,0.3936355202774421,-23.836016358133378,91.35780114026949,191.891002135772,0.5379390519473864,0.6346073372361655,0.7764574121587464
1950.8434105620893,1912.0353532592935,0.4734356593750214,-19.39682415306612,52.5360481819498,49.643575822920226,0.6107481342930948,0.5870196156231292,0.8817297496363169
3142.6050091550696,601.1229571019976,0.8545473932021803,-0.06262584730172449,72.49102718360844,212.84744607022108,0.8125877254661436,0.8355572190863225,0.8043493044705547
2636.0095910744203,1499.6978390567974,0.34000438605989214,-1.9969493098499278,43.60482979725878,113.32282453810487,0.32730978420687695,0.3234955507307635,0.12382700622937269
2903.620132301219,1372.190359544997,0.8696496848121713,-14.480719256285594,63.00345775424382,18.845556051456875,0.903656152384062,1.0,1.0
2371.6201201585823,1998.7929042918506,0.08813443097669149,-13.695681166773625,34.05759374211187,341.51621677436333,0.2745183049601787,0.17301174811966505,0.4257328165320998
2492.195632264269,2174.608945155025,0.7767984372086307,-8.993366993392616,30.115901978544535,230.9365328631436,0.7920401483713131,0.7068195898584522,0.9773102122719621
3057.1043456351495,29.176251545728338,0.8475476330547363,-24.992769859445964,57.82297861695137,315.6908154735049,1.0,1.0,1.0
898.8048318930694,1617.6478057411023,0.18181765283733875,-17.762669918859164,49.81296741839804,243.38016180477112,0.19007736201956996,0.20203819062222778,0.33198143680525716
1761.9298691153058,124.40591788734964,0.43034653237220044,-18.753045741753567,57.95363691499811,128.51412917044067,0.4569832692870579,0.7573235509587439,0.7941633770781418
796.353990550568,1317.2607961856543,0.16549977466365562,-17.485511597507095,28.6660581287023,184.5677060383721,0.1996068223747674,0.22512089016292078,0.45622634622990377
3555.6048287879294,690.3185497048277,0.7066041289942178,-0.8228247239967601,36.695783181699525,243.26883372498375,0.6710748344550495,0.707165289831915,0.7185296978078494
3398.613622871808,736.2638388531389,0.5353477680616567,-16.609784303606705,8.38979606289093,345.6908370725175,0.5850785020985461,0.6822553283273761,1.0
141.93652092662123,847.1004082856558,0.635323346708321,-19.254360338495555,5.227637227220572,91.32100528381073,0.6726110515643265,0.7576839238381434,0.8126137953748828
2540.0706210564786,1491.1018777190643,0.19648696695621115,-9.872096176209054,25.345712967301626,314.9917411046824,0.19507481927699657,0.252394398753944,0.5677111373215634
3330.893942696397,801.7199176050461,0.21174586205241952,0.9693510911819594,7.424685933054576,332.66800990593697,0.266776863877459,0.23970684894803593,0.20398953864238875
650.0712424584007,1758.477721416673,0.04149732550990637,-17.759508884875004,10.37747086347407,241.34958527722435,0.17032291204019329,0.298866413022866,0.0917724899039161
2044.602829989466,970.8657253772873,0.3220675351957297,-22.64391271621604,81.29284053939371,335.2559858644816,0.46257631685424505,0.5695561752206125,0.6727390436364308
3295.7578713169505,164.04768074390068,0.559744661333675,-14.30785792451006,3.88736970166893,143.23629149185265,0.639987813299971,0.7861121799937175,0.8910570072739263
122.20552290887584,1881.0236219618573,0.8579349139973288,-2.570445263050665,65.89427939347428,343.08582337455937,0.8788006649620939,0.8066625807014234,0.8790427007638819
2510.7129620886235,685.8199790224944,0.6669274474586807,-8.479283659156163,27.255774881540052,253.00183577975096,0.6765988041353749,0.7613622405390889,0.6280455873500318
1070.4564265411827,1038.6405110382302,0.43539632339975143,-0.4961989127695752,87.15456807081264,15.122076270772284,0.398314650891964,0.4689684130243481,0.4579593905040797
3327.8263033555095,1645.0653197325637,0.9531201143941378,3.7877644282770184,48.49922845774996,326.474219454859,0.9619157058055083,0.962499030207749,0.8128426544860777
3495.809682595324,797.8947771569088,0.7192452005758319,-1.2201256974514898,30.557645932782574,174.41021125194933,0.6681949169072133,0.8446062301441204,0.8087878725412727
3399.359360808362,135.8055747521175,0.93016520286255,-6.885907634687399,51.76389356894345,165.71771452001983,0.9114676993907525,0.9744991568531298,1.0
1707.1711799668697,897.4105128307526,0.5275879732721657,-10.199752358428585,38.19580190452688,203.92797815266835,0.627302287616966,0.5792850070169585,0.5691101304806324
3103.3535435615286,2266.6765984663284,0.2589042747931396,-23.797927409552,56.43010646698302,53.778436837642055,0.44882196531176227,0.4913932154516693,0.5537487419093349
3040.3778347262532,1540.1625535165397,0.052826686364721986,4.529659364421239,11.453286832634824,168.8997774842635,0.056650549339729864,0.0,0.08026020644428986
1148.7617036757204,1611.5499568012967,0.7260848514838505,-13.495566322748724,99.69905028125511,299.20579801838846,0.841985987837016,0.8282932450309426,0.8653366530417083
2984.0957069424385,1517.4771687303357,0.12130299800553412,-20.433153582493997,42.55558776967175,5.573685289505521,0.1898904668446546,0.2723269522853372,0.3149635605514534
133.22748497577345,477.5811335026483,0.3027751282719672,-4.998734338106299,34.82306397073687,98.25017771677366,0.25811897913255527,0.2736015592973578,0.25024243311630584
2146.571562535391,1004.0012738454723,0.5324709078838974,-16.47135132713622,71.02098483162649,0.8836511197839192,0.6319491547747501,0.7547749607122705,0.8501942052785657
828.031814235731,1802.2555160719637,0.5644165877797477,-7.426651872068572,36.389940649533244,149.6560712939454,0.6243699925284613,0.5424152395627059,0.7274712684626853
434.0407887982037,243.29495412758195,0.600583196987136,-7.396962764662263,83.32743050287577,262.1935837777445,0.6402379780989192,0.6618560599535744,0.6627830870127354
277.03152586515296,666.8466626153095,0.16625533034970064,-11.628105372913925,45.42707243604253,287.5578584812663,0.20228465983647653,0.286004113159601,0.3594579874532146
2506.6395931613033,663.1658603180487,0.37973740482164875,0.08355846635127762,71.95584132654349,340.26831400572235,0.43473017363454075,0.5017780095074124,0.5905222504556126
1223.549869565038,1036.8454262268144,0.6171942271169667,-17.05098815333671,10.745321644188655,219.06166066948313,0.6329233131850246,0.7463811878053614,0.7603699592445062
2609.1603775035414,2352.884978261244,0.9698188646337847,-11.541022251467975,84.61191855551118,91.66567199504237,0.9828698609878079,1.0,0.9425698527467549
235.28282687619253,162.00611204117266,0.7276311376996887,-8.869236142270857,73.57179867781099,332.6932616892116,0.717842627762964,0.8649124002844526,0.9447074683913204
1135.0452161901972,1244.8823865134282,0.9226037570939578,-5.09125837698101,21.17167784619657,279.1136713969354,0.9480617919240476,0.9748991349840862,0.994193164218961
1942.1686525512139,430.47523682930506,0.762212058314177,-1.4808444848323141,14.528600974578666,206.79425388113202,0.7148234346242931,0.6890630394834587,0.7050331555586811
2846.6033934202687,2329.6237089833858,0.5917169688924004,-13.155781513652318,31.62923487256244,250.43047765881695,0.6100019640300907,0.5819447083469574,0.8799550140287992
1147.5090105554516,271.92841134591407,0.19202336913634455,-5.6185916771021205,97.60705860319044,332.7538878026745,0.18756601567443662,0.26220465054878345,0.41605208509440733
2253.208955173233,968.6424056678189,0.666685651892513,-20.481671407944425,25.683157456705864,256.4618502502518,0.7330298188012774,0.7820190690312283,0.7191906236087507
3189.519893650274,1770.9239636030547,0.6233795659599071,2.9794430162743595,45.612720894663326,132.61482273050424,0.5423992044181457,0.6836971748512854,0.5186212599538784
2217.1074774562962,1690.9306272658687,0.6024691704572664,-13.508235807369894,3.0020225717336313,256.6901528240748,0.6577855065939402,0.7640498649747737,1.0
838.6541091130815,1014.5487285454374,0.48978586798824075,-3.114357340706846,39.72275295662325,14.500138584739632,0.5678021658447876,0.5063192190799028,0.6223989191772757
87.84281360353687,831.6580030865238,0.5286566039892756,-24.38976754353467,57.132001543310274,139.10960225900925,0.6326060010476998,0.6303892269591461,0.9984883543552777
3132.3559460433476,954.2697085268894,0.33444252711810407,-18.84438571285579,95.3124612507965,146.27629146440853,0.49170627690645896,0.5356967561832637,0.795980610747037
76.56987906139369,634.2630315807343,0.5193126926423032,-10.38752367029266,51.67360449400644,60.06176439150048,0.6301331761491477,0.5261178853774873,0.6978432485182627
3148.926021663118,492.79905289631955,0.19755590567847825,1.347574031970396,81.91073261776877,8.310772998637264,0.23958032868275886,0.14315413312778485,0.3057086874570242
1904.1736824979632,1159.295274141336,0.8051743973603768,-9.182345501479686,54.712764256890054,48.01724518958741,0.8488137615484589,0.8066312824156401,1.0
3380.6437146464264,644.4810145622575,0.1857769546987078,2.8961144688163714,4.07850134355181,235.66373848693982,0.17644939498727358,0.1537917146960991,0.208651617814214
2875.6196487851953,689.9079957534003,0.08496628988946642,-10.48609310251611,31.500827518977403,288.8239738909275,0.16562921039396256,0.26352754038777765,0.21621658096071045
3592.562797920015,1576.214552338937,0.43624602635715737,-10.286527097921502,57.55495078311033,355.7532573817107,0.4609924675774724,0.5245027001303084,0.634212983823175
1262.5625356261567,2324.489596079741,0.6583074395060619,-21.407596344984043,95.05939659311244,124.69086111905794,0.65396582788569,0.802418796017849,0.9468417556012539
2761.8778401520567,1448.7292813425001,0.43771682493354136,-0.9203126754334043,85.91303597512334,215.77652001399662,0.47435950376907693,0.33975258279069703,0.48742444600307117
1446.9512889932719,184.75072095591906,0.2767541319513086,-17.591037625988125,22.835561417884765,337.3721880534439,0.288450647693804,0.45742399320818394,0.40953501385637237
1727.5522330940719,181.40067324976076,0.5581711838904407,1.9883746811694536,22.01098300191635,60.13504128173494,0.5048088157267276,0.48522820190776295,0.44227507792091125
2259.0196675861325,2283.415730029358,0.34700233541219994,2.3247266099118846,20.117296711390075,258.3524110833874,0.34030753769595873,0.34299175471278653,0.2863009099170862
3145.2376110708196,713.4978967376007,0.9328676901266331,3.299303356224492,92.24988963025031,271.79234393369876,0.9249640476261428,0.8982354036076682,0.8070334438637567
3542.7004891174624,220.96076659794105,0.9226451396035721,-9.3930853269073,85.26661531017207,32.031192912961814,0.8957920907947101,1.0,1.0
2765.7842899122656,1437.7070091609157,0.5023718199720955,-4.687186456490668,77.48834322529487,310.04977866590343,0.535972181713122,0.5404444756785503,0.5840038368989114
1503.9604158024015,1496.7570678966385,0.3278839940182585,-1.6445235981500943,39.27351142242276,292.7178169599038,0.3862852916966161,0.3433585149270247,0.4165327339192043
1516.8852081974526,1556.4115682848515,0.7371324139566391,-21.069561440486034,50.43807042987668,12.0250823678764,0.7647699978881602,0.9441015106426964,1.0
2655.2962857200096,641.7648668580991,0.03671294348306664,-6.971284150075082,46.43317447951528,32.79038935681853,0.1311227430362377,0.26683942408558764,0.10420135096062602
859.5977247658884,36.26564211474008,0.47476900604365124,-23.97106296090065,25.339810755937265,17.685681801066835,0.48918593196612514,0.730695694830278,1.0
397.7068072730208,2316.0368866907324,0.33632339427033353,-10.073017498338224,50.502804614876695,120.5076714477704,0.4850136975691372,0.4148830979229568,0.6202531080264168
1276.6397675067956,602.143309658646,0.9205358851025547,-20.354719551393178,3.0496547852754463,183.3440366447734,0.9766080273746325,1.0,1.0
1034.0603699546941,1622.463091326114,0.012003027272682543,-19.51231222113746,13.181037349745917,191.64518206366637,0.09377315167826716,0.1189928195752079,0.3283980210452371
1066.7092336415644,1695.911687708903,0.5528148757183491,-14.048572999221955,88.65895961689463,96.36003351699935,0.5197612418028374,0.599911308854317,0.8373015555776612
840.9879037796758,1464.0178009907656,0.740663581066626,-12.02688499850491,75.16797670314233,328.1748791616987,0.7901743941578682,0.8016787509307355,1.0
151.53548269090277,750.9777461127558,0.48501798752404124,-6.304827264034383,42.286840905908704,132.57460435388876,0.5243138827406706,0.4789896430885255,0.7433346920180334
64.34616504028972,650.6310090337579,0.08540303016272166,-22.76714744684453,51.715036228387724,16.3980561475269,0.17164323150625266,0.31876911396340396,0.6077898637627818
3555.8006030497136,1434.4038784864874,0.9724613900279022,-9.88924716287666,36.999888595997746,108.08176015489909,0.9850920018956708,0.9683351328391577,1.0
1539.9832814491044,2078.6295206680597,0.5180104313760979,-19.521246092406965,74.07798671606724,191.199392115896,0.55129467696784,0.7858922193227671,0.9070563772484629
1383.575929774854,2272.1609494161494,0.6141862443190114,-7.7807447490477415,78.41871792320796,146.95985613176353,0.7077322398971267,0.7483892842110175,0.9234904835186567
2446.7302176950516,254.17393056901832,0.23660978270750732,-5.877861632164496,76.32851902031591,98.5833068757333,0.26782497248005327,0.2975995871022177,0.28046319060813407
785.713996314231,371.5886702345276,0.4834980851068038,-8.298722303414383,72.26117248344495,47.27636991515427,0.5988820298187909,0.5602162257963061,0.5986733662052011
3419.8602622208114,2267.367021079391,0.42914949195832186,-2.85113468565077,20.450433869279582,294.8992200346427,0.4155621726766941,0.4100405841053943,0.4820210853524126
2830.8420518959874,1767.6845480035022,0.07489584200198374,-14.93172267277296,33.79699792404788,358.6122871647091,0.11252976714867627,0.21524991454041165,0.42034232982072606
321.87960832413427,2119.1851795914554,0.10616035354746722,-2.046802251006074,46.98454349836749,118.63516806859754,0.15931402856838492,0.2179556761863734,0.2654768627981401
1503.290792825742,486.3183219248236,0.8374725196187746,-12.01698754875419,33.079299142765564,137.38357590357742,0.804695404740701,0.877963269082519,1.0
3164.825907223793,1410.2060906625645,0.23981995220659025,-10.474465050322095,75.4940200158329,222.49350888370455,0.22597543013923524,0.2108058769736741,0.24610140144218964
3401.035280249077,1682.7350266019369,0.19495827149863054,-5.556936182167856,32.935352424995465,258.63893090479485,0.27396456599191776,0.2994798237384281,0.32102852851666264
1682.645440499531,1632.2685250727343,0.5049114512501393,-24.449248480023282,13.823208678533716,141.13063252929285,0.5393817574569202,0.7169947345255248,0.7669815254424938
2208.281001158548,979.5640580800755,0.7687471313625129,-5.38017335739255,39.90404520483041,325.7746261134535,0.7019606352080906,0.7274633364686287,0.6866190052485067
601.3222059314708,36.947740059140344,0.06194651857898792,-6.44244552783654,97.99144327823804,201.6014361224106,0.1893311930398533,0.07119183902028015,0.04611519151978527
3568.2070540931154,1399.0225363302316,0.5768079196382558,-15.704586497401603,22.588141293357587,162.14042750613515,0.5682680507391373,0.6303816047034282,0.8605776945580903
834.0181249803962,607.443694031061,0.11921044284057336,-22.426171453015314,61.21586589432291,232.80219113756584,0.21863614229522155,0.24168732039431284,0.6434138443054691
3393.834386886452,1080.6101907429368,0.03646105082561846,-22.271936502608767,43.29730498397063,343.00938536970233,0.12776480284501196,0.18626541526868332,0.39252636230668747
2338.7279363725265,2298.1944362011614,0.05274395216221739,2.6967124095568558,7.102456764932663,286.03882599181395,0.0,0.012615316101067715,0.04049992728235338
2187.852461563893,957.6847623418433,0.8341641082084413,-4.321620363224888,48.787660599805946,14.404726992644763,0.8418830994721249,0.8242703006471124,1.0
1845.678639659431,2015.5238559946242,0.11797248362806156,-21.186921586877787,70.21643286483125,119.63156786638547,0.22686574533929188,0.23026457654261698,0.27852829148713437
830.4113221839312,452.49745379820274,0.04515136441229195,-14.298304920732809,51.321997582781876,169.39608658244018,0.1216176766992612,0.14435030332079388,0.3425759078484294
635.5009152198297,1613.9051952600691,0.4378998871429123,-7.225510182952107,87.21060637465811,113.22632599527789,0.5188926451566236,0.5229486575787496,0.5797760083187986
793.7503526526312,2344.8166906534643,0.8439934719420248,0.06715115271946104,28.893701665758265,252.06752189896434,0.827256459540631,0.8239648557205929,0.9224705803773843
671.1777437193163,244.5434420950483,0.26240837648930193,-23.690172138609743,8.624917130396492,297.45689395052915,0.38773423582673616,0.5345030128222584,0.5631928564121487
2806.504104840312,19.96786134526083,0.4217126175259164,-17.901006055899735,93.65656116580061,263.28423426669775,0.46374059294811687,0.6153484923319874,0.6295378579795547
1260.4509330002284,1040.5987023182745,0.03992253256375122,1.692469708861399,37.8196349528219,356.15998325817907,0.0,0.0,0.04652440942623165
208.23363562822692,222.30115932328127,0.4490785141348759,-24.725033494485505,57.64055514536334,98.11715324149047,0.48267502646967125,0.6879425976056981,1.0
3488.769468506921,1796.1224392229553,0.5776130806371337,-18.95802691618338,79.20031261301959,314.99621820879173,0.5835201900743525,0.7840818636379595,0.9969728219700676
3181.6291858683326,2194.9167932365413,0.5709070537521448,3.77072527918898,32.43136638755806,275.984159462815,0.6104892689885015,0.5143340899858038,0.46639558869772235
3339.9082195027668,1041.6503345010212,0.33242669217436516,-6.597944604334867,71.61645381776111,130.3843527209326,0.28860195436946917,0.2766187604861764,0.299125798448739
3581.668161527167,620.9079411730582,0.3155331806631355,-17.149859000874805,13.541884981782804,264.2848357165087,0.39490128244705947,0.44751084091894405,0.3763497456252364
626.0228971901543,1042.5679656158634,0.10662361893659789,-22.99026716812457,29.129374720550526,37.467344310568905,0.18245384858549846,0.2842598055230628,0.6210613105687445
1426.4712680495716,1736.2747628400025,0.3667983206462684,-24.154259786583335,14.47106361365199,284.1600536425988,0.45369147253478953,0.4611177828457182,0.6202907683141798
2729.6585125347287,21.72998779289035,0.09949466887296465,-17.657647610892184,81.12305584013578,191.63901693135693,0.2420035177578089,0.13205409982188834,0.35774699581300934
2505.674224993652,1414.6895747632732,0.7665959447120516,1.444574587667315,22.264923522678536,105.22446217533114,0.7414839139998034,0.7532103362928073,0.9123786304354224
554.0252628234782,1471.9000437297098,0.9662742977481859,-12.522590371074715,71.74035554052102,236.07982864230485,1.0,1.0,0.989141120873036
2936.999249966224,1530.4517925502453,0.9700744566667069,-3.3899989250202083,94.32983972456526,230.98319953718723,0.9940981041770447,0.98098418732348,1.0
807.9860586119784,580.8529919541053,0.8650710993753938,2.548551061398733,52.7772209068877,75.4150401790559,0.8531908097042025,0.849839551816556,0.8175168673500678
805.7434133614431,1713.7265361075042,0.6007921493396191,-12.758786151915501,54.00291922606877,10.94306933214941,0.7690363455512328,0.6190615194185736,0.6759451114801305
1933.1079224162888,219.33956719626337,0.7008656972438799,-19.26167886887809,46.103356809781204,156.1041312846026,0.7056402413973824,0.8197633110931327,0.9785501117430941
2134.5837654301313,478.248807520322,0.28520580268041407,-9.486462074292415,32.589014339364276,205.02427296399165,0.3884955286648193,0.40553807355462784,0.3538267257623687
2088.31034821612,2105.9281119707566,0.6307704201726206,2.242510611795634,47.56550309249171,315.57790021341543,0.6599378839621348,0.5954670847745486,0.6690573381013687
329.35261463191756,1772.9355617437593,0.45564954943987745,-0.8687675758689828,60.28075322667594,334.15804643313396,0.44095925344046455,0.3404636591608259,0.4150174723020492
3158.8591054693693,32.9893296272286,0.4820173397769325,-23.025104699105388,98.59915721706594,190.3698785364359,0.659687323992365,0.6366100742457503,0.6374365078400546
956.1601533193418,596.1030248875205,0.757776560375158,-4.222815997672544,93.77645593182243,271.36925415667616,0.6905842603401854,0.7225902944635176,0.8321618785838963
466.25371661809504,514.5755591835949,0.28191835559725165,-7.843074326231388,86.21529582931218,158.1491780380789,0.293863081038597,0.379355375926788,0.27126518254806264
3199.493087528318,649.9351872887341,0.3180396116945199,2.2238952903927647,88.91305357048583,268.5895763662415,0.2581671994991418,0.3446500000011053,0.34476478984542114
3440.345393627112,594.1434486717274,0.9246417911286366,-21.325557494491083,46.784918329204295,73.7285489781001,1.0,0.9612384859962781,1.0
3103.6594221556225,150.06310978282977,0.056224294850972245,-8.978916603860302,65.74443271774648,133.58330452927132,0.040816470327864146,0.19743609357004893,0.15864428061532507
2914.257869009561,1101.4572398323687,0.4856342984133404,1.383880805356771,89.50667229362142,228.32207957290132,0.5110486099596806,0.4041816227296042,0.5225892917561578
2358.8711303004784,1758.5603394867962,0.9128008004078617,-12.69928639774771,39.295076499135305,6.536867618548379,0.9550308112582514,1.0,1.0
1983.0865341929016,1456.1561393218474,0.610363007818157,-10.540152468013988,96.17624783454688,260.08607172202346,0.63553850722386,0.704747299735122,0.8369874279323108
313.1523356810765,1614.8920046353915,0.5464070742121321,-22.88617966999125,41.5786062069183,300.79278045654,0.6558204708969566,0.6266576630953171,0.9879656716308989
1470.4315670545154,194.75802848697396,0.2497441792293552,-16.655690786532674,60.10826653932156,143.69099799382252,0.30478276513588165,0.29532462778080004,0.3846708036753172
1341.6786612443302,2283.577704424289,0.34327548906444827,-15.26480052493158,70.9804713272372,161.25927018377917,0.35318479601271346,0.4998052106098701,0.5929119805943518
935.1136215371744,2012.3804012232597,0.8520484158046929,3.3536734623466096,95.05920130759384,306.46159639795115,0.9890467099334014,0.8146037139067419,0.4402265386915559
2604.3124092789058,1932.2167643895905,0.5592181317684581,-16.51997918376523,24.461627405226604,279.23566871737205,0.5992558572966432,0.6802779883582915,0.8464824666889301
1785.152646283575,1975.161132100242,0.5147421937567799,-11.17393794191044,74.61309782386422,103.733816052015,0.45322531681372974,0.7424917665016441,0.6760988063700011
291.76637726753256,2238.505219518627,0.09957971354002892,-4.860867293071607,52.081558614408216,116.63139836215403,0.08091118726441884,0.09051300482262159,0.07531137476450975
792.6595270193208,1306.2095186728745,0.01602815645512312,-20.13449882776368,26.855714062064106,244.39616366061477,0.03085426404680681,0.17720506909142006,0.3666742551719868
2459.7315491745453,480.67684288230214,0.9636851886870491,-10.406728385743765,77.66068397963906,202.75131328133804,1.0,1.0,1.0
274.07109416508064,1480.2806588460987,0.37698616728684164,-2.843828815722773,55.22222801738466,58.4026455947389,0.4092553811271198,0.4310004070455514,0.3846103610177639
3064.344890575567,1782.9155848030537,0.6032130620995043,1.005656390811982,66.09738206496758,111.57476732249991,0.6259872289299734,0.4803618967527675,0.5011894302343052
1782.5274972503075,1771.001744049661,0.07971507318728499,-6.2122217601272,32.2901068577901,323.99397967631546,0.08773879218167878,0.17319587869836792,0.2056174738249544
1730.1116783759328,1251.4776580005123,0.6831142857230466,-4.9283945404915634,48.1273951827605,247.74279722001484,0.6924409924153199,0.6366624951906098,0.6160183619059609
2132.6680247742634,164.30092640058734,0.9325667087059609,-21.211495822462933,61.73542509880671,354.950754366787,0.9997368053696941,1.0,1.0
2968.851477330537,890.6710522323068,0.5756652529974197,3.373294917390414,40.4910814269844,276.124510793077,0.5630048459931305,0.4926343490025502,0.6879505212054174
1252.113148447895,2209.8398603120577,0.12611532237541057,-21.02277767546553,19.837253984770133,339.1107955716925,0.2487011358251251,0.5253143663580092,0.456853396678776
2440.8581492126286,1402.6773834178225,0.5817215274734767,-1.7598118845460498,96.1640492315304,77.82788659337115,0.6147409975889447,0.7315430055200923,0.4210482897607397
2036.6350703848477,1291.9966638137123,0.7663472131046524,-17.055510346650436,51.14675400426174,277.73455493409324,0.860425693786061,0.8407638859351446,0.8269995722325854
961.3017726099167,645.2484345172644,0.40641653657401866,3.0077943110375465,73.39203702877005,7.278307253207075,0.427454457022965,0.4001375910471199,0.4101067198375765
3163.067950878569,884.2774077997893,0.8798377479414679,-3.4012138189156147,41.10471935560581,241.47360781615222,0.9409248935670489,0.9738593379851331,1.0
2870.7336777849414,2148.830613967606,0.6486829533573645,-2.385588610648931,35.51317640257163,168.9416201232869,0.6755877303645679,0.7363703411558824,0.5045574780429891
2370.426604770332,1599.5113140644057,0.8992489182892025,-18.428224808203503,40.7164298467125,124.83362589122471,0.9903688079385828,1.0,1.0
3062.094224739271,1889.728864205599,0.6235053112473372,-11.708800700945176,40.91966437856498,310.4655668255121,0.730945592373396,0.8196779723374277,0.9751464084117071
3122.2591234552883,1090.4290153623724,0.13128797200482423,-6.465604162321409,54.418011594195356,307.536369356711,0.12772349287279344,0.18082608981032433,0.47658231763236014
2550.1067161741253,1512.593326694779,0.3096917111051891,-1.900791453801972,54.346986998136316,8.02861376351169,0.27946724875918477,0.30547963092224856,0.39968910889465836
3013.2479821092193,596.120660983698,0.20179494825245692,-21.88121872262831,49.715381588287165,219.42184408179517,0.22952497666179902,0.34809804595585786,0.6107156930734934
2510.897262009421,1693.105992680367,0.9088264977168623,3.8709594936358513,13.478578491743809,132.4196007555443,0.904803985645915,0.9511598757707124,0.6001714053936448
2448.5067783370814,1026.2432008880096,0.7604000672874827,1.7066201166366817,49.607547850053116,149.63796054016169,0.6662743845741442,0.7867364092069299,1.0
2227.0009615746635,1062.1092355553894,0.676398368910006,-16.88954228513247,16.91039004206515,299.53466611875933,0.7645328962864432,0.8297547073121332,0.8674468336322846
2709.7799024075084,1558.373578984516,0.3009663196316217,-0.31719270903004215,12.613578629576516,111.54231774996418,0.2979574954284144,0.3694867206158368,0.19875310270789798
570.9783790550654,2247.073491525424,0.18404477205021352,-9.450282308805297,93.26457173411677,339.49757182954323,0.28554177287269794,0.10949061108476822,0.3324800992431848
3171.1347331161423,153.61523186069022,0.7564510879889118,-11.145805553139441,60.49500131477043,64.66817749397067,0.7707014934214123,0.8769491358104238,1.0
3138.6366998828353,1979.3837696328183,0.47415794587907967,-15.566976825657838,65.94900581245842,238.58007241254398,0.528963095285667,0.6215855843439024,0.9990077262941564
105.29021892441293,701.7194649892634,0.22578955215062912,-7.570942401052225,40.179367033336376,241.9578241249553,0.314308689522577,0.4241121400692445,0.3704744765168484
2972.9403020331456,1065.4066908153068,0.6166219781652751,-3.1033264688920674,90.89808919148642,90.79025811405056,0.7065060436816767,0.5357895059391695,0.8193012115876893
463.9315229044027,52.59198906002149,0.040333852138451975,-12.672012851117252,63.79304895796655,116.91021922819272,0.06022558693834733,0.27270748890356533,0.2611157503306578
1206.4278753329108,722.5105868023513,0.3261702541282535,-6.123424209751239,76.91698695235874,300.52745732877855,0.36591385523941455,0.3935120634058328,0.3242529552932835
2676.629722649788,1206.314982312313,0.46855699459113465,-4.020612365340888,36.85624690277138,274.24989178378286,0.5020408645356425,0.5452019991645491,0.7208179193269514
578.7356257739095,134.82258563385363,0.14795833410940584,-3.666345489541424,96.00118808191255,118.47451691331344,0.18998991878443486,0.32872966590609914,0.16669869404252557
2944.681286828624,1178.6297505195964,0.9846544775908396,-23.44101705606459,82.0461290158315,192.2243568965762,1.0,1.0,1.0
2995.6830406478707,2225.0655092602256,0.20909736458961425,0.7924341705520064,85.39484630145436,22.204906651114364,0.2787343909863714,0.25226254072777,0.3871937501242059
1826.8838415390103,252.94372345873253,0.13035313004326554,-11.252400557048562,17.21942674257543,75.14851766350652,0.07978640062537792,0.2375733144338303,0.3797112607708891
22.98913818060089,1834.6577473812104,0.2035348738868964,-17.127517549113566,27.096320787121954,174.89540118974367,0.24941618503473023,0.2987322688631223,0.690763136188971
1033.337279429686,983.2105281023823,0.7690611331597242,-17.74706477560955,28.562659968357707,30.950544700516176,0.8608654287037432,0.905597521009636,1.0
2220.936906152672,1572.4169148584112,0.4255056592718428,-10.509576614681485,27.090922324687117,303.5996477610975,0.4904869044068343,0.45250464705707144,0.5729564738662226
3532.2702408987243,624.5678351645505,0.565415939752538,1.6049461840687762,85.5408162104288,258.48223563875325,0.6355894247140611,0.5669216546600694,0.47850277926570617
2274.528697260006,382.78143009925986,0.021009156986360744,-13.649572549520592,3.188479520859211,339.70812143345813,0.13242517165921325,0.0,0.003315756566736605
935.2928918309752,385.11027425094346,0.034431308573314556,-2.5082275964937004,7.60999889807743,249.64808614704978,0.03032108068461249,0.0890881807320367,0.3444605927315818
2282.420531158601,169.18066954354717,0.44582554982701617,-22.09543807038344,27.39148706299037,338.5444940143868,0.5964161534737833,0.6072806524648,0.73545187463775
1943.9473669770798,445.55209176298325,0.8166552432016235,-10.718298935468146,19.987297464944366,199.6245200487474,0.8231455067672507,0.8741436457772824,1.0
2807.443422544117,1594.126523973524,0.8852388787075652,4.750584211782069,23.185961388284838,216.078699982309,0.9162871531918029,0.8718273361120682,0.7343038559850101
385.13029977705025,2116.0574684244193,0.08670656759564022,-1.8868659162298904,79.79431892533,351.70957966545393,0.19228787059508498,0.0021318119151951392,0.3315191608186648
2739.700449007301,1953.9016454187883,0.5383631021010228,-18.68414534678161,56.31265938920469,231.16649287113373,0.6748071184331228,0.8440983238094284,0.7571362350405791
1948.559683233997,1644.3223436987619,0.9132296862792705,-9.95675578906268,0.5770661292967993,11.083164789868775,0.9559137462773915,0.979799371004092,0.9198055535328481
3466.7712138923807,265.0364721866464,0.38797275439788637,-17.991257090543,42.932276570419525,260.56899958698835,0.44314425755585846,0.5198260832532676,0.6499937496697492
1230.73979773927,694.0498711102796,0.8295658314283686,-12.713172182124723,40.78849268503589,325.9687291694696,0.8048895115668755,0.8558406245206774,0.9727657271188572
2277.4388152822135,743.5365007739256,0.1336956543994362,-1.5974792879510566,11.394526944454352,286.40888992595757,0.1563526363194083,0.1498713650439009,0.2337716287518293
3355.301179836063,599.8966713542909,0.9353944896677987,-1.8632555412878915,67.61417886014571,210.17997814515215,0.8933822544350969,1.0,0.9842216030680725
369.0350207664453,1236.0135833033355,0.7514233175313026,-18.15698866292845,70.20971883794911,241.66926471366588,0.7868762637203824,0.9845159730254185,1.0
3374.0225540512242,1285.329155711214,0.9413343927869017,2.6666995446458053,72.08932190520977,356.46904413060184,0.8790059116481673,1.0,0.8952470516090633
2476.388600282928,856.5263404106645,0.6766172335525065,-7.2229545170551965,72.8470945558592,32.6383518633618,0.6879684058142166,0.789070727474974,0.7342875046084215
244.21341277861885,849.0939809674464,0.363403931999427,-13.602271271139564,0.005282693229680113,240.20813830796624,0.4130145068111742,0.4367386208666109,0.49741284839628347
1083.4688410085384,1988.5334349745951,0.9381811725247224,-9.94193257657418,95.39208038467221,102.02317004541378,0.9986833567836281,0.9158110295630268,1.0
2549.4195191230137,1894.3028359672455,0.2755667763091785,-6.84786239686769,81.4208767054663,230.43254277102122,0.27936301619728077,0.32712681787744863,0.43787357481161265
242.4621652875781,738.7099960337896,0.33217252206173253,-8.203284044626436,90.39816965892852,218.74448731821795,0.42543883951473366,0.39290706916552226,0.2533295854603351
2095.813656634584,2193.0922652958225,0.7008084180017403,-10.407848933914654,1.5643295307434135,55.244459558938345,0.7295840215574962,0.8630837060859482,0.7951268022082678
1245.1790050306442,2286.7560408060144,0.7653162995253863,-9.852015877317996,93.38587957857393,74.4287924664861,0.7722138253599101,0.8826348299177716,0.9620748134136908
2235.295863962918,784.182100872098,0.9294034838491538,-19.707642687163414,80.97885286881046,223.78664809555687,1.0,1.0,1.0
164.67132172504625,850.6198771033316,0.2048024090562095,-0.6180128708596193,83.72191429586987,46.16278102935868,0.3136697904287109,0.32198097164988454,0.37100521374423967
3137.5325021485546,1213.5219682127013,0.797998035219224,-8.74719040176954,9.328738472196852,95.46511504691622,0.8484909013998354,0.8289480621666072,0.822331246256816
3504.560289038629,2258.6899500808163,0.7385460533969634,-21.06760414885891,73.87780289185977,300.68839718568086,0.80679456787569,0.7677183093621878,1.0
3487.9602790284894,2103.1666395415477,0.06379455625359787,-2.015286952516661,95.9916689642091,117.7529421605899,0.004577981416021041,0.20895356090563313,0.1286812843508541
2698.746594274529,246.1631102006155,0.38722314121020696,2.9733193513205265,67.85473414181607,175.70165625707864,0.3718880510083331,0.4872450107621258,0.5193248219261188
468.31046447027506,942.553783851399,0.2827654570600986,3.419206977108864,57.05614046246065,338.8105206525025,0.2873954511965922,0.15923570555209615,0.11569878890046159
2729.7475053444814,1328.0908553994525,0.3044904243540304,-13.929468027664818,94.5629677748997,81.77367198130067,0.346803181672485,0.5486132297026965,0.2634780604488548
88.51289925168544,1207.517934123696,0.9829468795547008,-20.934493793177378,44.2937121734436,140.26536624888374,0.9826113705844103,1.0,1.0
79.64478550439011,465.2713630485424,0.6427774134799279,-9.448011201008045,59.92935663104787,218.32479919567643,0.6416721216716411,0.7384782086637499,0.418429307003983
1164.9967889383486,2061.160250803571,0.7176761577934996,-21.62172311952338,47.63382934943662,271.92201462143,0.8762479254710439,1.0,1.0
1759.1154854567967,1624.6578791924096,0.9766176373150092,3.0196225553785183,93.28462213602991,324.59521921657387,1.0,1.0,0.9943810981051132
2773.4667041080556,2010.9800996443287,0.3772017824576387,-19.49261117934562,7.608472676550726,329.5702755264654,0.40672796318760995,0.5770245369976572,0.5616770570046795
2459.8633557834187,2061.034270438733,0.8018401684528059,-17.41702420146508,50.11197008253482,279.59042677414425,0.9058030455765246,0.9803476092452595,1.0
1605.249742956294,1796.0540487977755,0.43453096330449537,-12.800904193450886,68.69524413854383,82.19910117359176,0.43047523920528186,0.5935883368255144,0.6767427082032961
985.0559986139972,1054.1054429993217,0.8695336718149798,-13.505065943226226,79.1906538422237,8.931358815323689,0.9983125485860481,0.9546552024470192,1.0
3589.6482005677603,1465.312212037019,0.18065754131130318,-1.1601132280633308,58.301864744413635,138.15861492802458,0.20309994478569385,0.1966106474920752,0.3665237537663708
1534.2526880495027,384.87697468738355,0.9476861770642796,-11.31049538347113,90.8917744121454,50.9575863556164,1.0,0.9785078749551788,1.0
1624.9932875868317,1616.7490019397785,0.21877170841087967,-19.876952199899893,94.19914468838716,255.73955307778732,0.21697552627021605,0.36004549678869285,0.44902493255261444
589.0457562900091,430.2078137742738,0.3262205069809315,-16.983703135417777,6.4319223193583515,238.00701125725806,0.4244344410669284,0.42555395466692186,0.6828818486645717
2861.314375499746,1665.4790172243763,0.7561922341067805,-9.72659844437434,40.23705395413744,15.829790983723742,0.7963069804843728,0.7863647036606823,1.0
2497.256012813359,551.0355858095248,0.3937551415654067,-20.57638247721595,2.345902172115444,301.17376048714243,0.5137476196117201,0.5594869107908265,0.7154275365670535
794.7706060395374,282.12312036052793,0.6082113767664467,-6.650329730619578,32.94166573744429,89.54757586482562,0.682187669734907,0.6387587148375362,0.9824494916624107
296.5717642170337,396.6827763430978,0.4445735010694285,-8.027580803465622,53.68682179706021,155.6017471767752,0.4833348457358681,0.5556964990829907,0.5339232870968387
2449.797487468967,4.781124525768643,0.7423699370897818,-3.5589305085322707,91.07949305099488,240.45614476406726,0.7347823938470817,0.6574921654504716,0.7242027353419317
2356.240371412087,1724.9750828484725,0.22833125236861085,3.131138461381031,84.65543224654029,154.5907632668112,0.2640398354720607,0.2127104168289772,0.2653973196473037
983.7342971935535,1757.7625177401098,0.05845798723687701,2.3676368330346698,12.749972667198573,158.86360900797962,0.047846621409460464,0.05377483673675636,0.0
3423.1088241014772,1235.8400397918226,0.29992939747306624,3.3822685420649385,9.303037474089571,23.626078320866533,0.24453694651134955,0.2515726517154467,0.3123785672291155
543.8084104112409,387.2707225329209,0.47430866486843026,-17.658532089288972,58.926733875666706,144.51967773360138,0.5004132220179462,0.6047415863284923,0.6627963490572986
1556.4052837533668,200.53041002565539,0.16802005219267857,-21.05304080081936,53.211797245878266,275.34524155919405,0.1784319141047199,0.20974053678961085,0.457071309151494
3397.017312603356,45.909519449488826,0.3547972896563887,-15.931698985106545,26.637764143002386,329.4634813871752,0.39169037928668526,0.5081307532468475,0.8313287304948876
1511.0183409340402,397.7956247165297,0.3999830182935685,1.8525551829894376,89.94530845538353,148.85896934281385,0.4571650695066154,0.4558863947175901,0.35950233112115887
2298.693411590708,2138.053283959552,0.05739184368827355,4.161604238704648,92.73664094615535,152.4908976764684,0.059950981873018366,0.08421012362352112,0.0
1431.3398326660595,579.6884200840362,0.5833072481842045,0.7797485321142794,40.261143834016266,252.94575827651477,0.5579209202760256,0.6686095277155254,0.7281969323808768
987.1747284552121,850.2511853213176,0.8843434279712875,-21.69946836617369,89.03025571135203,339.39792039789955,1.0,1.0,1.0
3542.3195326553814,252.82916275519963,0.15174291295305242,3.4228399417937965,38.39488942629726,96.14193848616968,0.10112292102778597,0.17204508572693336,0.03260508197901622
1473.602422734155,533.6671313956086,0.597808013401514,-12.29925917947642,73.68168318297002,158.45191435365726,0.6560659173594866,0.7172760529607294,0.8809569088279278
3218.757133244884,1246.1389698724922,0.6647392049108463,-24.72069127712939,47.59422175477241,286.5503676788284,0.7532197007392829,0.9146672914076708,1.0
827.8365812079103,1458.606439429566,0.41933468041928834,-11.728187777554192,12.258315650718298,219.48968497465387,0.503497747429606,0.3835693809905187,0.7466179902726175
767.1769344902999,588.8455539989066,0.70109758736427,-23.617924909735972,92.79342012370215,39.8110838270237,0.7200827292421751,0.8253042307737893,1.0
112.0826983842409,138.5571821402813,0.41073154349101204,-8.683662365166473,45.40965933775366,225.98378480241567,0.40532635600342887,0.6118929156599585,0.6306713834619451
2346.0005713531864,938.4788859057568,0.5046372879774349,-14.84337917688846,73.44870403224036,67.22866245503768,0.48573254733926396,0.43381750684285003,0.7007344732983564
1326.69483740554,562.0880902232019,0.00735304455442698,-10.796951992178537,36.71738144312921,183.6777362682255,0.038533516578945916,0.08445942639836433,0.11131560099308083
3111.6896994226936,526.9294157515246,0.6917201141346888,-6.6048891777064895,1.888087857623466,190.47717635775786,0.777248632518472,0.8354163973076576,0.9359342208184098
1703.5556640896057,2303.6707265122927,0.6613426789447244,1.0640328745346075,10.05303586918359,315.43321040099454,0.6330854987694616,0.6479121863162104,0.5834568726712285
3485.496340492998,1479.1211662217377,0.03840087732634456,-5.142952705842141,49.62194794899244,166.49793864447773,0.0371149478583693,0.05449652649390331,0.16877849861609123
667.8918565312362,1336.50826361303,0.3682501073951331,-11.97853394565458,68.99643571263624,100.59927200492191,0.4636554744718082,0.48224213327529375,0.594196227172683
3127.043404640199,997.8602484559726,0.9790318407916674,-0.4171643898890487,33.473532657927905,83.14788535777137,1.0,0.9606056658472251,0.870188194542554
2795.7486700502704,1029.4664002323461,0.4207365625686168,2.1674641271939663,69.54884591776504,314.730675606361,0.41513490331997643,0.4208583102187702,0.5319752816705718
2775.318640718587,1298.172009211394,0.5019454051318417,-21.407201007034082,69.8635589431956,61.563907590562216,0.6234445075050337,0.6218016415516261,0.9182325510561057
3041.2196212207955,1671.4315368866573,0.9099301581597186,-9.042010673416257,70.39359073278308,153.31268191793174,0.8970293302144106,1.0,0.8353628811296252
2739.686367394796,1685.1506308363907,0.7172618758657564,-16.464641207726675,49.25218540205084,67.38232137370092,0.8528282156312073,0.9644583156893696,1.0
2254.3931578730953,412.065378493079,0.5820701311242236,-23.58816406369158,91.4886150121504,278.38945444117513,0.7871099225611345,0.7666078588354107,0.879731225984463
472.48155965659527,1200.2706049839048,0.7978046813410725,-4.943599146580439,48.91965179806156,170.77415039086284,0.8472959328799916,0.7337464516447386,1.0
117.0942461685069,988.6994280818448,0.8643662664559733,0.8831233237767684,45.026519349663815,126.41172860045234,0.7613406248596367,0.8248406917725086,0.6956820439254964
3315.052252136473,2089.2647190465223,0.45688807173726687,-20.11292036567818,19.9380819010627,129.99587062552806,0.506393818178777,0.5970034980518286,0.7237798737473193
2219.941132274657,1515.4054109241033,0.4751083649318354,-0.6275902712829833,30.765508735633652,306.7971144202726,0.511179645406176,0.5264115038658411,0.5402713686139495
2867.5342475142347,1278.0097593983564,0.3860509356518358,0.6018720061082483,4.233449251830335,199.35862354599772,0.36314311069579475,0.3017425276027358,0.38523707055796924
1733.4804654451802,276.9471412294017,0.9667061400184606,2.430213279994504,63.35352936161702,258.4324264072549,1.0,0.8996172607994531,1.0
422.3094802646201,1453.5309343761876,0.6971662542903504,-17.041447327418428,24.853574392709287,322.93386585024643,0.7929649024292337,0.870801915153235,0.7805187556375958
450.6688519291816,281.2893736325602,0.0832230662080723,2.1185919556966795,30.41552544854651,324.62700337463116,0.04299612388077456,0.14852943819322112,0.26184011747612607
2468.0350340242967,809.2957813578049,0.8629596233130185,-15.380117357907032,77.08145216643211,118.26325956163073,0.9299564491603757,0.9439992703169529,1.0
1549.1012216380657,342.8207155543965,0.4805599408362681,-8.429859596334914,32.72211831614539,342.8824547326987,0.470752465122184,0.44367094715592936,0.7832628676678575
721.8890161212122,1660.9767528584853,0.06875390642248747,-23.484775875031538,24.219589201314218,8.95531752525796,0.15011453095336508,0.5124630994285175,0.5356222005364752
1769.7403682691727,495.00507320676627,0.549717255163311,-23.683567348937693,16.905774913370575,135.66080196581964,0.6124915481915368,0.7933895042301149,0.9103398616281194
231.15217347048272,940.4624956512624,0.4171642789757021,-3.3888036180339114,77.48584021819559,322.48758870318295,0.49635896657680073,0.43671717321323295,0.34488688402414974
2095.097046891836,2149.619466285069,0.8777494048626249,-11.665600660666268,12.970625799002688,98.86927673411385,1.0,1.0,0.9902952833423758
968.3762559663517,490.3593201575287,0.20399460360938737,-17.311228738923475,45.37537602503535,98.3093221156746,0.20188983232106633,0.33294736397916674,0.6725607850467629
2871.2127622938774,1218.73215350107,0.8264646094921829,-19.287595119252693,50.69301160771944,108.94402262947993,0.8077015780396649,1.0,1.0
1117.3030521248656,1006.2519867984528,0.5576886911854527,-4.901395274223457,68.73899126857145,220.432818544892,0.5706842014980785,0.6209484098179407,0.5843532191937904
1638.7925366944844,43.49769850975136,0.05461030321346905,-24.987953679239805,63.32834823329955,157.79979922116738,0.07872717939251414,0.2619873773078334,0.11656443335112449
41.83394366916229,1902.6194725747507,0.9718453013254846,-0.8232649240943744,81.07206729451748,261.62454108720334,0.9853503317038362,0.9851476522566328,0.991100333988093
260.80879606041196,165.71017515503934,0.5126152441031999,-22.622511816102136,4.475143392623815,322.1678313232797,0.6353439834431417,0.5673886047254435,0.8192186321262874
1412.9768030640653,1138.2120503446886,0.2908768542315825,-19.255311552756417,29.64407247793972,242.71177497942983,0.44075577466555427,0.5962680973242948,0.5615914430692587
1727.7798049816447,1345.6279078534799,0.4694068419892581,-13.412908141027312,28.013411877537976,73.60801927112718,0.5325763166416284,0.500283621801051,0.7452305330754512
2160.0739732294933,1508.223495875009,0.857857783517489,-10.454237808516892,14.601690559210823,335.76548484978076,0.8888635831128694,0.8303830190883602,1.0
1049.9852833534917,1652.7159103389015,0.3049031243850635,-14.350146525581746,28.917825385644313,95.21743440509226,0.2626887105659053,0.40128399778354606,0.6505583980749903
2501.934790055553,607.8537204545162,0.19267639648670032,-15.378635050471184,30.976531414290342,53.961946318136924,0.2547531885266862,0.23729372056725173,0.48923163162572825
3096.4406298811364,23.949063980278495,0.12907124693088146,3.917480362195654,52.188446192747826,32.38822038994592,0.12316390321939562,0.10599081020814194,0.0
2807.463560016059,1736.2647896517888,0.29785939839021125,-5.752609562698172,66.3704478926256,202.81814663981962,0.3580165697502293,0.4092991675739141,0.3697527530645386
142.62777125408573,1285.5758384341887,0.7800480870400435,-24.297011338978354,38.110051361181405,40.95448649303465,0.8395484796208758,1.0,1.0
1729.8250101281842,2006.682487697397,0.4716263651952617,-12.094722746670604,71.94702313133811,49.95931828054707,0.5024236477966173,0.6419046481512933,0.7267320238241535
377.74864230542954,1971.3320709616662,0.22748160369353998,1.250260992319106,33.616533857958,108.01097301437879,0.1522546655929299,0.20037738863988386,0.2663126505652004
871.3620571050989,2023.9828026909197,0.1661849996097492,-15.956314407679962,29.028367731476035,101.39508348640697,0.11435937506749337,0.29563037742657094,0.460279375590402
3551.985335761727,1164.2271839508965,0.3327294765103791,-22.16330965676835,54.11880558570243,217.52622371957122,0.36582891374199145,0.5424083841250815,0.7366721982969041
512.9839544454476,800.7081500084776,0.9399243728857088,-2.2484568523024677,2.3716360305790607,294.02830061016533,0.8700769589722501,0.8166391325687273,0.6886264183521666
1795.997352424882,1899.739686219288,0.3430267125900244,-6.819585041917563,7.9789123634000365,274.0858762330413,0.3862336625045858,0.44141615888667485,0.41976913513481956
2225.360643545229,1083.1058712702118,0.9881240759546354,-7.890624765204883,41.796954358652705,94.49440369793163,0.9959869114266762,0.9390792095586961,1.0
2528.8738939587743,440.26127136824283,0.4852304557653562,-23.39270321177776,94.29127113917565,88.31177927495277,0.5554703634197008,0.8427617119940437,1.0
2014.7352605528908,2051.9376469475383,0.17916391829015088,-20.78502970613448,72.15117798434237,347.6849508385083,0.2151022451778288,0.3171206699116923,0.5255205824305805
35.175050709061175,2118.1437042536336,0.8911400917935094,-6.3235181136065854,8.812656950055775,2.965046973105645,0.754106278788918,0.9255389948600027,0.7919365598853976
1175.2607096783709,1119.1434147364082,0.4603553731348269,-18.765284756234927,84.63180127808737,316.6993919016777,0.6146039085358941,0.5564448011231778,0.8272980637301961
1863.7619161849611,181.67934554348992,0.7096713435045244,-9.87789760754727,73.2300770608181,71.9022668840658,0.704022941100069,0.7480039884248374,0.7906728806529313
316.3193969214001,930.782615800635,0.9837115832091518,-8.653549419118196,61.09465257026532,341.02235631231645,1.0,1.0,0.9919384085942607
1262.2569523530508,1928.490382710248,0.050175350319974,-16.494784291871817,82.02929606091773,123.2306225379071,0.047489112756119556,0.26552166681106004,0.2303097475164287
119.53119164891963,2164.257668510949,0.09669455978756714,3.452754666244786,40.41098477429571,158.52663860157082,0.13638434543861044,0.0,0.12616814126335546
282.8825897580747,488.33458199423,0.7204567414627562,0.27392320506725554,22.150105085385274,254.56342101997714,0.7288159868041587,0.8431693704966472,0.8762592841921096
1428.9237943257458,160.73666886065166,0.281825003295472,-3.328794771016046,51.20233891087593,211.5608585303737,0.2581099533145763,0.4124908138715821,0.41018945384637345
477.7767145550173,2105.6410875188126,0.18430139695009906,-22.660184007717728,54.88417555934738,114.45815869445622,0.2551540239677741,0.34273261513678843,0.6220006141236465
2043.1470537416094,934.5718535493007,0.039361879819729495,-21.816099420729415,53.83263720099121,199.37912971241647,0.21046451247380743,0.23828490827778534,0.4449018587516273
2482.073888894157,1300.2263142421518,0.021846711986201806,-10.216559624051328,56.50737914801053,263.05447837063906,0.06216107689713142,0.10857685864250294,0.20985731922943213
2882.1121167926985,2323.3579489218214,0.7744856031197909,-20.17859952427043,94.87049182391807,15.240580524897155,0.8505557236374015,1.0,1.0
720.5408792813164,159.75534699413484,0.13443342736955,4.347963905884221,90.22456230962314,4.031749892053482,0.08008194464648323,0.056165395417975744,0.0
602.9372961326511,1555.9632178850293,0.4677206159711509,-20.244392979177718,87.57170365589394,164.90409806624086,0.45766520248504156,0.6487487528282206,0.8197457942777543
376.4442252038409,177.85301417968097,0.605896815179483,-10.37596493608078,80.14168109086272,47.461182409265106,0.644818918119905,0.6654932619388371,0.6682019575023697
2291.148898357092,901.1254283196009,0.42835180056884625,-14.076368294754838,94.34281072652854,239.1639449272972,0.5068467183630606,0.4381498925553849,0.8167827579860768
2543.312615352844,1929.1549084642722,0.027106652336233106,-5.818407356377062,9.849464167940326,77.05888424187631,0.10488984955582459,0.2480456607470481,0.10066391172304191
113.71012137231133,1040.3333586135225,0.7835015025879088,-21.128907733317252,26.51232614457395,155.82639844644154,0.7529613124773232,0.85274544948851,1.0
3370.3640864772833,2393.237649367081,0.010513224541653488,-12.090507158728274,49.50559456545849,71.16153727473683,0.004548369492278908,0.1287034821442293,0.031064444838304586
187.09662114530067,1341.7422838718453,0.761889894377484,-16.758849015785692,84.65344931234053,197.45409086968482,0.8041638685900919,0.765255903347918,1.0
1948.6668070838537,770.7891663262884,0.8933044937881227,1.6325457401506398,50.51657115227325,41.779245378444806,0.8920600619491251,0.859238071828,0.9643023105796296
2552.617870023299,528.2671821714075,0.4328399210571723,-23.782428635959146,74.80347393415887,8.318467003492893,0.5222526912590139,0.6599263363283743,0.8863314860510833
3135.4888454859083,841.2492822867883,0.5355424730977982,2.411824820193779,13.895990524891621,18.407389718410986,0.5218032947901973,0.4542542666911342,0.4073607547445895
2570.71295567674,894.0798570229219,0.47698339261765377,-0.010175843409989227,25.24138129765602,343.5330389455116,0.49995049308870404,0.5290521357616123,0.39439580139529035
2886.2210990512503,164.91282653750633,0.3892086186234388,-16.072878506775538,73.17760950376724,51.22303869993689,0.4116350184352684,0.5028674419739622,0.6864047745600874
1222.0206931541018,886.9780786242555,0.8874245353703603,-1.3212803596868596,16.473400888772403,255.05217112926067,0.940733748919748,0.9934354192376552,0.830493291891406
2933.3704094874442,1114.17244737414,0.8939335106699905,-24.063593189837572,35.135593465492676,24.453433520217448,1.0,1.0,1.0
288.4134469848305,1734.5706053731312,0.3358163646415345,4.005966508801809,26.48662578135714,38.93772680466558,0.3074510396052595,0.26412936012339144,0.02701200499004363
3221.3399618178996,1576.150763331859,0.615069754014698,-9.20215172230632,34.98616942224785,183.19545050736048,0.7331218395100172,0.6972217545678816,0.7085911508494007
1971.3325541534505,1701.0375725499703,0.9269075621458641,-15.901569218036641,70.83240490779703,167.3535348555637,1.0,1.0,1.0
2942.2719718649773,20.072836504457037,0.9620584989413515,-14.122503622159687,36.7847181142801,342.56891139835307,1.0,1.0,1.0
1628.3458242658805,522.4017589932865,0.5089590404220475,-23.00783939618508,55.52633226079402,340.1407630874655,0.44986323285543134,0.6937736620451357,0.8963024040128604
2316.8797027074897,1588.0422921596555,0.4528248052843268,4.680485421261174,9.993187705440965,280.6591113152874,0.5152195583610402,0.43493667891338356,0.6248419833281483
1895.0495793700075,1161.5744836313932,0.2786943159285258,-23.821241645479226,80.50176932346278,216.75665884584592,0.4158120751550159,0.453981464150703,0.387899214083927
2633.7222783191946,12.75234160403027,0.95887187319041,-5.35278630556423,36.988862564812486,163.78571426148397,1.0,1.0,0.9561218790252254
293.86793531012245,1930.7871418363736,0.14281430447286736,-11.71792216880625,64.85341590333424,128.2242723582316,0.25511508378290115,0.3475046194023917,0.2963837227566081
217.26750236602967,1854.7429758968096,0.579829576047725,3.467486545661451,72.53896016618326,340.9515169112,0.6529975313929772,0.6200178782854491,0.6598350098899233
889.5716424365272,1316.2059911845504,0.2825502675186389,-17.620007790796144,20.96609221117004,217.0471721128868,0.39465464846426035,0.4749939955473135,0.6603155848524374
574.360848407478,159.51198186305308,0.2790082903477966,-9.037395281859661,88.467498495335,208.46610996695802,0.38917993243657945,0.4223278805916574,0.3460354138959104
3138.420839731926,1839.6361188782032,0.40496858737618846,-10.529313742517411,61.62242516069529,83.48440383680935,0.5503219434634203,0.48395822324672527,0.7073117822353338
789.1703544889596,1400.9126105552734,0.9987929358156545,-3.9140066784969605,42.87251417514815,16.811214438640704,1.0,1.0,1.0
3513.1149209488726,1876.703945179102,0.054966306839822066,-22.959693041427386,18.233518357821954,340.267888713436,0.06427698037705046,0.14399681405523224,0.5520518648822617
1212.8248503759846,1804.192781750017,0.5785418182035315,-19.186326099299354,94.23009379012068,112.9446931840754,0.644540505454159,0.8427898952116574,0.780111623434423
655.6244964793174,1927.2049726988091,0.08257215803527718,-18.563055397214505,75.50682041316252,159.33204839680513,0.17923157778531967,0.01425960300956082,0.37642332527082045
2842.914625712925,1243.2193593710995,0.15452082999051897,-2.8554773547493113,20.802456273324886,41.27037969085446,0.1710534949167393,0.17312553001896974,0.14685389497590134
2371.347991803154,336.77884366443595,0.4395629417728987,-19.325839110197798,33.77107747242245,301.2927587673451,0.45308384787541134,0.6825326287658886,0.8696826040027203
1793.5045792313003,1610.7779361112528,0.5104601313464413,-7.795247083270699,80.96742580880732,9.947459828135026,0.4662356692298381,0.47600853494238565,0.5970420619310841
1999.3087833754723,1489.1370841247294,0.258792408364524,-18.54268538497139,69.5677663215339,300.2366743556747,0.2982261217585786,0.44375849542546425,0.5596659721862977
2589.12640178015,1781.4076492778092,0.3164571308744162,0.8487485025193529,76.57842927157243,50.50260460366805,0.3613191447163335,0.27094588723351337,0.3951746427648208
822.4370687926754,407.71441452176475,0.08696702025593306,3.265563634689155,44.12011022129324,319.16308054721475,0.1581501561891265,0.04179505382491355,0.12106262778724737
3586.802097804271,467.94047976069413,0.3032197838442505,-9.445210751732787,71.6476262642167,262.71814944101664,0.39163246747855524,0.46406366658624487,0.5799913085227095
3509.2553837284195,2136.9828413263886,0.9665584393805441,-14.430733473724652,38.64937228639137,59.281294502629834,1.0,1.0,1.0
2341.172470848973,1799.9467162849699,0.9447073816724817,-17.978266749475026,21.126291693819642,203.69447742940852,1.0,0.9210211712015594,1.0
718.3528233449225,2179.748372880775,0.334878290136985,-23.506569954308688,63.26770348413599,112.556273167879,0.34225057492875793,0.44571706231259955,0.6708200714022197
2448.8216727526487,1820.9167707934098,0.5708539362787616,-16.94499771407514,97.60139255987941,64.16391560817004,0.621396787918396,0.7954885564374019,0.8671501368387539
259.91427232503304,1433.1727343767245,0.9095953911109443,-5.3729266016404615,31.06009713953296,309.30559178799905,0.9199116549874304,0.9920197775065942,1.0
110.34900794090183,1569.9185688668967,0.0061838226408966745,-8.991492060723676,46.09695922125396,145.26819594260257,0.01965898944895174,0.2226902507425178,0.14183438949844102
927.6583986403692,2133.907017456024,0.8106835703375919,3.3212383484278227,67.40013710698535,143.4757371715377,0.8077036835104174,0.9338661176668441,0.7901294604698345
1665.4426442615386,1389.1362108286573,0.948369552788919,-13.111682125248983,54.15062821224878,61.1592029303832,1.0,1.0,0.9846345726839006
3125.7810194701697,1517.7391783881299,0.09132573433355706,-4.184099730148166,84.34277957090492,137.90364339088032,0.15810114569087805,0.33983406262940835,0.26790697624870285
2617.808651158709,375.5441184086414,0.16144768603292103,-10.320317575746358,76.1742706469516,313.78206467838606,0.1938603107883483,0.25604329556856187,0.3684556325946286
2673.7434763199317,1137.4109282786465,0.9607463027713554,-9.622713522273651,5.829720386235704,130.72633577626894,0.9022264802362755,0.9570691155129329,1.0
1531.7760040130713,1719.3530686994375,0.5375401436403463,-16.966770561876473,99.8421233923774,342.5772824999237,0.5870058596220641,0.6340681582600491,0.8319978123142945
1245.3659731690666,650.262475959277,0.014196634471723701,-11.35147669474001,75.24024537194673,340.6712037150195,0.0664742164637926,0.0,0.005957173618988201
1335.7395467445697,485.4100332588838,0.25763199876352916,-10.876450089618782,86.39033162941132,52.16351735064457,0.36819811586921114,0.4850449614214947,0.41232134004277443
3555.538429449808,753.1843397385974,0.4499436742688596,-3.8007243475319825,65.11977120953463,63.832051268152156,0.4423179755838527,0.6190540202407655,0.5090108571914431
144.39308908493695,579.6015071828003,0.6929089110247677,3.2191999755834146,85.62851280467623,310.5626653194801,0.7150269438167677,0.6046500186637617,0.7680207131649189
3121.3133860408147,515.79032888735,0.7331603781367996,-15.120361675524872,11.238297492870942,141.3939308128989,0.8054899591510765,0.8305800071312578,0.7160282969252136
2083.2314708606164,1019.6420228834087,0.9954215129254561,-23.73398594256105,34.77378355593156,1.5746336218833612,1.0,1.0,1.0
1579.0155090825256,2178.812433320482,0.287511199383759,-10.11114623498081,87.64209436044928,98.59385509393356,0.38071887316721154,0.30404497084683585,0.5358762565478475
2610.9275774944913,1216.9431521729239,0.5382201018684752,-8.666160035524943,20.165521126689224,215.14643755040157,0.5396926942767336,0.4668412438585572,0.5969001646182428
1752.0081891289303,451.00891395677525,0.533323547859605,-19.946783466042543,7.824209858002273,287.73574774558847,0.580147084360889,0.6676606575243716,0.8446103449714657
3144.323657093978,184.73200651409778,0.4056452594472375,-2.186061811717998,78.8118939945219,48.01990215357344,0.4211291394859208,0.4121167474772871,0.39471656312283493
3242.5267104405307,1670.7747483310206,0.1691618938424202,4.547873253244749,83.54861556432962,39.79489119002472,0.12845490544450036,0.12068966827684849,0.04681448928303396
1518.1953367444396,918.7170346473308,0.9774565631838426,3.373241510253827,16.26522181899006,331.95335528603937,0.9918340442550196,0.9732275812288141,0.8843536472418732
996.5800700461857,1972.3942718048622,0.8533171866665861,-19.086818835290433,85.43459827827155,270.41341241612974,0.8977766019084457,1.0,1.0
2132.4611829361043,1582.8258447378485,0.4983330282942372,1.260897197022821,68.67677955971696,212.32065628010824,0.51178755214863,0.4783642376531714,0.5889244795951416
3284.5080442200874,1910.9794812992845,0.6032454226840298,-3.8651909076494597,52.00826832165839,276.9072443985341,0.6179320769805433,0.6562714480534414,0.5938323684071897
758.3838804203997,652.670494604277,0.2272610535596623,-11.384603085792653,83.0250192781385,154.38757007038984,0.2890021152980339,0.3874002224583298,0.3228909067120562
2242.679700828538,1661.6614139065396,0.5437870703917469,-8.781670170258128,41.92492493189658,273.0440690312856,0.5579237562702525,0.662366015776082,0.9044335329391214
2273.616792333074,633.7487632649251,0.6949701331214758,0.48800524947374413,19.39939562233972,133.84907685883286,0.6781256382718418,0.6460360909190633,0.8106986140471898
2639.2068806950115,2253.7643506807,0.5151670283865888,-10.595951810848804,28.485267661061364,87.87404609733684,0.5625508378432305,0.60804389034929,0.46211880933464133
473.64366645813527,1527.2982756800984,0.9902851705849413,-13.803778926846194,50.51640182933148,262.4448316654687,1.0,1.0,1.0
2576.969872855519,778.828320420821,0.6113416562477262,-10.202575209220425,53.13307926731758,151.08202517661658,0.6547045254394768,0.6082194791694807,0.8147290726996849
3272.5170743963076,646.8284695014544,0.37097371259216905,-7.626105878948525,80.55808264412336,353.29575755743014,0.49289553572829253,0.5453642440768283,0.5564391419018254
646.8591919328711,458.22380417194444,0.7721520276158381,-19.327670386649537,79.13527236523345,125.81466563091635,0.8030074728652331,1.0,0.9148620484732473
855.1559697259595,1667.1383013449467,0.17046251158164205,2.027231908009721,58.13665572045748,331.8218713911837,0.16546386775101565,0.10906318298010112,0.3023365543883579
3497.0223385499025,524.9174711950255,0.38451581370626653,-4.774391535111587,78.07854833654764,335.86651748414863,0.3315461856907405,0.45143306135476646,0.5863900363693545
651.5170297541632,1428.7278382259738,0.34695895037758584,-6.001932479875332,19.1773458293671,87.0670609433086,0.38998800569342434,0.4471911736762068,0.5024870717523033
3075.786336130485,635.1240646208577,0.43180709510777726,-22.015113214580857,5.006452709329434,287.3596253716848,0.4591020881145477,0.5542726022526994,0.9268437932956765
1772.2002832129253,1588.7254675052845,0.7817798259287263,-6.8747818548222455,87.36338226347002,155.90682185204344,0.8023810833168279,0.8893424739476348,0.9741217057649582
890.0318678514374,1955.855348497294,0.48417303216340746,-21.37118013284523,7.5554493762769575,330.3089018029253,0.5464672863326385,0.6590284231383753,0.8615926194168184
3134.699644581041,1867.2605835471675,0.7940144502659627,-22.639069744138027,24.66884297439973,162.04473814868598,0.8954224024339789,0.8513077877307738,1.0
1603.0989180095958,1826.0431942338762,0.5764889031398659,-9.1806731307282,69.53189496243846,267.9493382414518,0.5902300709990814,0.6959832358910998,0.8741581077730894
1853.3424741468848,450.53377366140495,0.34206943465755535,-12.91643397860515,40.94479376273091,168.10826729896723,0.36483525656889865,0.35912025494795724,0.45121296677234124
1293.2401298391565,212.1238727628449,0.8099787436834724,-7.335691895313303,87.63139699155089,82.00827205662823,0.9180435511943473,0.9576589404295961,1.0
2134.623065165739,1677.4771883697254,0.23828967055309158,-22.323334958282842,29.797979466226955,71.76604642008706,0.3392103141170012,0.3579773926227472,0.5053467429187951
588.685941306082,884.0333131064432,0.2243829797997955,-12.070508114582248,1.1871346669359295,153.1552299322844,0.2417135560950591,0.30224638289965794,0.466414001499337
1407.8935319463385,1037.6309433680335,0.5045029240548358,-19.75639854864526,30.06556405607441,271.9780765251174,0.5690542914273015,0.768471339056616,0.8700687487493222
3489.8843604070353,74.75782270413856,0.2608492459620889,4.613002577723499,57.80750491848317,217.82573466507606,0.3315989844010114,0.27752375933516693,0.048761131768911406
929.2803577240592,622.9834782601181,0.009087034951216322,-8.16549362694477,37.59383754032933,247.90654436419558,0.03170877589373728,0.0,0.13198550101419534
2364.251992348652,80.82336929871366,0.6482975272988015,-4.37689417177398,53.48727557587553,101.63748626349928,0.635595776842922,0.6106283630383548,0.7671766929354098
1170.6842312089016,2110.045854242994,0.511093821472398,-15.237451579521766,87.65981188350187,173.31672454473798,0.5427504385776352,0.5949624476056137,0.7223646969993264
2784.503252471762,584.1520397244732,0.4455178144931612,-22.157832556619674,91.24850542303685,15.98229538895772,0.5102782130733099,0.6615227864209493,0.8521498980985622
471.1451785860594,1337.6092069752194,0.9669685146183153,4.276125883506097,26.59740646541121,294.31166974492345,0.9238678970803725,0.9688810369797233,1.0
3491.355762282761,93.55036958671299,0.5711991839629137,-16.412228938504505,46.21404732699007,356.3611784063549,0.5733840547975424,0.6360855260940659,0.8321970692635866
1633.6423489811013,1600.4337391335794,0.8634315777893845,-12.285754444792774,54.91440152414512,146.4764625448815,0.858784592262423,0.8731808575810105,1.0
849.7816680472703,775.2656298098253,0.13945023620516017,-5.504082348922751,94.9112456888247,3.946915127355606,0.12811565086443447,0.2222397753667125,0.4259868591412483
264.58829038804555,2155.006048698398,0.5692064631294277,-24.259081069416663,99.86173191643847,61.12535023834105,0.699742741254039,0.7565731122701274,1.0
611.1284583151466,2131.483653441686,0.8679796267309029,-0.6922260844813906,23.540724884152663,234.9096759901508,0.8538676826724797,1.0,0.9118782227127217
1871.1862148016635,780.6974840681946,0.583105757279898,-8.902654299141393,72.69798713458154,220.3485545533893,0.6134024251604343,0.6673435544754212,0.6307552410638881
1213.2114351526307,2162.306149657123,0.7180141781270015,-16.653484387935336,37.80310622331952,283.6312990507958,0.8477494564668359,0.9956161584972024,1.0
2983.9801171773943,2390.778416397069,0.3720435678122074,-23.15176044122592,0.8108196886213226,91.39824394598453,0.5236941089325876,0.4522132472107789,0.7592622962330774
1551.1950851825013,1980.9975938974753,0.09244951703706661,-20.125047535766758,0.9252522435902355,274.9074895969683,0.1539047233636642,0.11771538883909875,0.548744063015173
895.3713813154676,2027.6912346125496,0.4579002951270714,1.8510157656031083,46.05660075622558,247.6742477485211,0.4240214705475119,0.3636221864342504,0.4541831241419124
2221.7219517745084,597.6209666618158,0.3944793908388575,-4.419273281923271,48.833491300433465,116.21321917698359,0.37271349909243623,0.5325210212296461,0.2623499065718005
2544.397980787605,1384.085757258615,0.8670601823789473,-17.502948350893305,2.2569696573442655,196.3757333005063,0.9675607241459435,1.0,0.9264926912458934
601.3508684434195,161.41419352168285,0.24399530235247224,-23.031977051649115,68.69274167743025,53.018571059397615,0.3269991287877851,0.3678993222591159,0.705233746449349
603.4291786379436,227.8030483720073,0.9667342275351081,-4.281540628400911,29.400338859495314,162.92322123680975,0.9664052942614215,0.9678805676392495,0.9742942407811416
132.0171369607547,2397.3422688798973,0.9581381198044961,-7.8277682209670445,55.98931015359494,317.2310422400307,0.9524079528916043,0.934525770675468,1.0
2651.047254236306,783.9341986221863,0.2476316430714387,-12.864414266252949,30.091907316541878,151.62889673714068,0.260399066850972,0.2052019437621732,0.46634253733213243
2389.6962994384985,1795.6413889172313,0.3480519554773205,-14.091656524298084,16.71343148693072,302.2440143311519,0.41856992016679356,0.5145550015290726,0.5460914158132936
1708.67115269933,1935.9961272643595,0.895555740873885,-18.49557172212675,40.71737385988753,212.49121149349,0.9032139589234859,1.0,1.0
3039.0136162891095,2059.25585041735,0.9666222208961075,-4.911662303874472,23.227336479050077,69.07561671684843,1.0,1.0,0.9457413494404174
2900.4125506201913,2394.3079137651757,0.44343910283604404,4.120040833816116,53.480097691916804,209.1982480912427,0.4066447272876794,0.3112302931477361,0.40113720673760855
2107.2757118283075,579.5915646164829,0.3209970456408978,-19.728542624895226,19.882853028647997,182.15399849654284,0.3894855685745301,0.6041342204796345,0.5547391142904576
3125.776609847731,96.84198446327929,0.526094013251542,-7.0865013995348995,50.840597664462706,143.51088067069824,0.4909035553592164,0.5491423542369884,0.608056990895266
741.0283561323657,986.8596431870063,0.6877692063657348,-12.274448327620714,15.737851486886756,43.06695822578532,0.7347538758308829,0.8256652531055856,0.8393431865097009
402.91062983182036,312.19360758947266,0.2734745153749798,-11.599338347660053,67.09747094857849,150.01511898500274,0.30726573413903485,0.25752413475256797,0.44710038658146567
971.0986014611626,53.82213398893229,0.7364731746190728,-17.375581596165567,75.39376844414241,26.19445544626576,0.8066669525062846,0.86662677510954,1.0
205.51268192153347,865.0243851395667,0.051657357114641034,-0.24595373015742794,11.039423424993377,35.55685850355045,0.12726907086332526,0.07901985127490713,0.04418753293243659
1912.2103008037152,1880.9718025805673,0.04929449276441644,-10.442331875582767,46.78024120373392,149.72995185577776,0.10201616370773721,0.1631340475162986,0.3474858477704634
3371.7804922618616,1358.8336589401702,0.3862877051455452,-8.697824434052077,7.087170065487358,109.93733350864693,0.37988030457249905,0.4653107058729633,0.704132533841699
141.63674640663473,750.6671741048497,0.3534731920607206,-15.857172616080227,59.81824455420024,333.19595731040044,0.383353418299113,0.5239274349560641,0.7178514372503421
439.59569043609645,1570.4208131825274,0.3156332153671523,-19.545746029991506,26.440429792964537,135.2540899368974,0.4213303652546053,0.37707276006804463,0.683531801942432
1627.916501820367,556.8436327411457,0.49101976266891,-22.422688353915387,52.76244568387079,272.82892394595603,0.645315753114151,0.6855322228952224,0.8876849313892116
3361.9500631004576,34.51547057300406,0.32073358231157123,-3.5764257722525237,51.746100938429116,190.8891094918474,0.3534156900889136,0.36700661046957317,0.4989214543567391
1138.1619779163018,1834.4481274474256,0.19225791846809193,-19.11297154936433,92.43543461938005,253.47084071124075,0.30761074246788467,0.37262610674780533,0.5266499541878576
1826.0453112782127,1496.9834036736218,0.3094695490886009,-4.297739374336068,54.90832225687229,93.64175388554371,0.36156379013488366,0.3584718762330304,0.5140473501212547
149.66229258141155,1829.526298802304,0.974904272810235,-13.288706618591384,58.29984797183157,339.08579022179845,1.0,0.9843725201309648,1.0
534.0355234635199,93.45124005039747,0.4111134169948486,-12.526755970310456,40.165312576438026,190.83185888919263,0.364625774504855,0.4076731691187467,0.5719000262864341
3551.868442651849,2009.0871067935652,0.44471277685833577,-10.924675117216848,94.90796031828168,299.2766656626899,0.5285320515449535,0.36848797743035433,0.754048193356238
3474.427307169764,1486.862880087128,0.57654498995114,-13.968744756173704,77.71859094396096,131.41644965140085,0.6858864440763658,0.7622570545988588,0.8281411983886382
17.783931363874615,1352.1488417103362,0.9833407684142266,-21.9814006833223,28.540529030284155,36.07608565818883,1.0,1.0,1.0
3426.52242752366,1499.0737154748758,0.241601276435763,-15.711045699914626,84.42095857762321,242.53619317950557,0.2646763844678844,0.44380233419841697,0.4538914461176532
2300.831776135801,2074.639792484074,0.6812821105324338,-5.087969179181847,43.239636018508996,2.7934734014728146,0.662146821124809,0.7526330035769155,0.7948197643725138
3124.5058602720796,1408.647615741377,0.7159846935417241,-5.026467955933871,82.8667143533594,171.105471563583,0.7066811099929429,0.5996070086644513,0.9441039124716339
1637.0634802818927,1394.2809117316303,0.6073244167930659,-16.41327078280017,82.28880682935021,69.40868495992532,0.6530172103647253,0.6647448696871159,0.993111801937973
1856.1457028853008,2377.629976957838,0.08857833963664408,-11.196921203269362,18.88701867628544,225.85518159673038,0.1445856366692798,0.18996588580387033,0.3064942208512735
1759.8476889249127,1816.1524009645632,0.6768722758275765,-19.196583159641875,70.1141131383577,352.59115432962676,0.7991546065484377,0.8457109123759057,1.0
2400.7113271659755,1061.5051330827246,0.06409471103617548,-18.68883755410493,29.06429693065311,167.18504627543254,0.1911501294455611,0.19225399502593138,0.5086566081027176
502.74451712272645,1697.7528000790264,0.5961426495498969,-24.308587347801776,29.749266999266823,294.29937234924,0.6483836257456912,0.8139202842909232,0.954675211626127
107.90492354164063,934.1531320602924,0.7395811772217427,1.9023964972323384,29.634807688058075,182.80230730240356,0.6931755211907781,0.7321723016449314,0.5890487524148561
1108.5477897282874,549.3011099603975,0.21096989061995042,-18.678800047752816,72.55682475599482,178.50241119744868,0.3540621652754341,0.3752338931734045,0.6763102035000693
2536.850745851928,1432.4445045306227,0.841622007542774,-18.173983691906102,22.982604179253606,334.95245754436,0.9444099035762795,0.9313981794413593,1.0
726.6724276426141,2227.6370354734836,0.030353805533004263,-16.611957020646045,0.09058352460902253,320.3877127488053,0.09680094480633765,0.23352247878249865,0.19672881945127002
2424.356759969702,2229.9348480371104,0.8438128636583061,-21.17775784913713,71.52368534826331,282.88816746767077,0.954048657905145,0.9824890559020565,0.9745449748945222
3491.6833659861736,820.5726674531768,0.4603290506427651,-5.822113504559116,17.118474383512527,106.65207119404228,0.482383634630641,0.40096667016201093,0.6230621093442724
338.04257684190617,1266.425918932068,0.2175879399316445,-22.745711404672402,10.448239530783464,196.2030296606186,0.33015841580462507,0.3285905023473459,0.3683785918677774
2421.3676256104545,507.9261565676669,0.133778144993968,-20.973927210209492,23.751612059406014,80.6030039900466,0.19800219841290717,0.26795562617346197,0.36785664104786436
1597.500789496456,2389.5146627973204,0.9533071675823725,-5.657298202297213,37.9900522322704,159.8100112967543,0.9917612877861757,1.0,1.0
3125.3121157590194,2354.682978883046,0.07266558758115671,-14.810181385556717,47.59063274732007,174.31670367352461,0.05743552853325157,0.18987863464751265,0.4004851117524401
637.7392420105892,1558.8214312978737,0.19909341993592566,-3.761565198964327,4.457004071263082,299.3904144609591,0.17925577509789664,0.21330470222515882,0.17909520176270774
2493.4534280141925,1930.5937432259361,0.34782234743304596,-8.277257659895739,97.05733326273605,322.5702115169975,0.3547172381444114,0.32942017255380107,0.4947057463974879
3017.2150427331967,1716.24038708088,0.6202348489611205,-17.31936480815461,71.60630534195582,149.26322246273202,0.6736235958655501,0.8272899532770374,0.8039565000514837
3400.6111901064837,1423.5797256947237,0.5448010852760984,-5.475161485320157,32.31940653243362,6.373600226365395,0.522239218760305,0.5401725054006153,0.5740486556315323
2459.692901842725,128.03519277335448,0.12564349241231398,-21.51178959121358,31.869725728539734,310.2385823241677,0.1828224946610648,0.2853536307768169,0.4930140577902824
1789.8291504303384,1091.4344221263866,0.2897279837382146,-8.907688507599087,44.85425493684594,62.74032426048985,0.2518965380154897,0.4839211446831262,0.3810874118713644
2224.2500647243696,1619.4871252017854,0.23875177108602408,-11.88555684864896,62.6244822763033,223.87750700054167,0.317020081315833,0.3811194103900963,0.4127791119051995
3128.057944123386,1626.0758733208431,0.21354285449034138,-16.963792515476776,14.637306658896776,8.98952415628723,0.2744951311436992,0.21343843587098257,0.2980898630919437
2054.195087899787,895.4942842137206,0.41114433647998705,-6.879850067814996,18.892981376495232,143.82233109380314,0.35357269198314195,0.3249609893557008,0.6578540198245465
109.3934149086127,2260.0607679792734,0.7040314525916569,1.1400077702084772,85.94345828335508,354.9457087615259,0.666609273754377,0.7075252499622247,0.7825167105323997
3351.41530382512,401.6568773682744,0.21745293221723594,4.9671409928923005,25.625492388907254,36.249696397369114,0.2182187741108889,0.08830522405834072,0.24834465889987853
2482.29630371362,1200.8626709173454,0.3666788797029814,-6.7671169376972635,38.01949979751775,152.52953471987124,0.3687064208798084,0.47691989650585426,0.638244472641471
2435.4481887980874,1658.1215437219746,0.39091742684116226,-12.858823770124895,87.12718509501171,110.57398206838278,0.41300366148172696,0.5081650873332997,0.5196251123655544
776.4305486317818,1673.1259341403422,0.9764565294354102,-18.24378699351395,66.31478293998225,325.8317244197751,1.0,1.0,1.0
2371.987692837566,1556.7334962451573,0.9546663568790689,-17.28711731814665,34.171187934168834,312.96243884664784,1.0,1.0,1.0
1417.9118603549705,660.6917122844644,0.8001375827520759,-10.61635065550703,68.36995457246208,85.57155371024238,0.7749682703155155,1.0,1.0
2344.4387173493715,374.89576484789274,0.24165892081918516,-13.981668961578723,1.968321538141371,29.22760333815522,0.32179343563981355,0.5743226005794907,0.4342210460200374
383.7349091087666,1526.2567843841061,0.06803731409166969,2.414435678748326,73.56426600113653,225.7698218620023,0.026324942816108282,0.042355121800747374,0.18589383330068887
2368.2430965709295,1438.3250787346506,0.31690413772062476,-13.951135970328714,48.701604051623946,121.09273627813552,0.3731946596020299,0.459521118181615,0.39707248157595
3597.8894127743997,430.45442469417833,0.26679454943383085,-13.796662265636936,81.31821472844612,241.9503806181827,0.3248928473682385,0.39432654681694207,0.6258383803869244
173.5633398980017,1692.333949369352,0.5059258001463939,-13.493964626980691,95.46376520064683,11.56311218441321,0.5397212381056475,0.6054483388135928,0.9694316808293229
3517.827063196742,1092.4127801607754,0.7777279100677931,0.09860631102974438,92.57885494945684,48.02372466389619,0.7354330345898414,0.7289384963063376,0.8060466674987719
1464.868658602334,1602.625419847567,0.858322938878858,-5.476350374592943,90.92650434553407,247.09400379815162,0.8736675758135218,0.8307834285589738,0.8555330166452136
3134.712421214133,2009.6809914483617,0.8448640854105085,-6.574934490433218,51.21699559338872,76.4534359088992,0.9559083047627316,0.8135717119653935,0.9473193328908979
2816.5877426097845,407.3482285846156,0.35967556122306776,-14.975709328484134,36.014211413893804,308.7315632744646,0.3513521408230911,0.5116154255134092,0.33150550272102014
2041.258539552004,45.94768319240803,0.6872343434606829,-0.4628746950268159,46.503532473067274,21.092719575648754,0.7782361277695841,0.6584326519117066,0.7082324727526911
2658.4171533047756,1869.8462073498883,0.31283419752422004,-23.849084159328967,68.98960033133608,77.57351380280686,0.39618116460101066,0.2992368207742121,0.7966823567642485
3162.6560206848526,1463.2738203662782,0.06090554323518271,1.1239151701433947,88.39977768711867,359.4816894546247,0.0672994099702888,0.10574479264439679,0.07511580943305757
1454.9051579437187,1679.1349670930922,0.7015652656029423,-9.617503006182112,20.698630300011956,155.90739693124536,0.6853652243368901,0.7747753616121781,0.8200105162530028
1177.3193816276594,2011.571939972742,0.009827552569787845,-13.052492954097616,91.8193158461703,253.06763887607167,0.02939286189839689,0.2338189530068457,0.30565084715316415
2403.336188028905,1926.746243578801,0.40918258745848857,-10.08498157846943,81.5180231969889,65.75869758852492,0.43000758819554685,0.5309733457036877,0.6655475020482718
2908.2453909885307,2306.208352629179,0.32937926930207573,-4.977534083985066,97.88560151782346,219.55274459479358,0.30554883372490643,0.2679940075307046,0.24400785366835917
2744.2264851958166,1286.2441892450838,0.6933775385188524,-24.61703720446308,88.02517732816871,261.39818461299063,0.7840480478998623,0.7172362217595607,1.0
2872.129135891084,1172.3895183837728,0.7662454727603789,1.1465556937474304,27.993732969190667,113.21158891194379,0.7443944676154066,0.7056872609040764,1.0
1568.0999333265588,964.5292797377522,0.30409463597128383,-11.597814240658215,10.595591134404769,298.402960311316,0.44118505560897925,0.34318876734760917,0.3220981365571561
2944.203178230078,368.8585028260909,0.8116270144448535,-14.711004408997654,11.224107199158862,217.23032825002198,0.8096169824144877,0.999657105032181,1.0
432.7525993341904,1374.2573589168537,0.29391676050493376,-20.85263303097829,29.12233185782761,140.08428346141088,0.38016089339431447,0.4554263000256706,0.8513647233589435
1960.1607526590583,664.8300583823491,0.4463263599865612,-11.816038769246736,61.418372398453926,200.75126160353707,0.5091706567061731,0.6379254050834833,0.780635309269885
20.731177793237656,2211.138029311141,0.7270185270141339,-10.110316861468634,80.43203260971725,207.63390507693273,0.7194593910730211,0.7129456655408815,0.8492384912869229
1168.5089876409731,1399.657930265034,0.6929202292247886,-12.890599165195667,89.92503069815648,59.592705369791766,0.7845938539367299,0.8848058798538233,0.9469854745366986
1319.2615255370324,1422.8164332194644,0.9873684723122,-4.640197185193088,62.37533843692328,144.98365315210782,0.9910903949562851,1.0,1.0
1426.2216897933195,851.8191861048241,0.22516102421593187,-12.37310413722322,0.563131274805373,123.63501168701752,0.14699699527884608,0.15661320258557138,0.32121422226560226
2503.681944083504,124.77444474649798,0.6623179135395824,3.8425273353972003,18.63167765185335,144.32498012848538,0.6827640844022566,0.7430347213553359,0.6032224216701958
1398.8091645732447,76.18503689517269,0.6096819082757774,-7.021674465292243,9.972620385336795,273.99981185469284,0.5811634053540388,0.6718156701838448,0.6854001374725123
1615.2970414411104,1016.004345967674,0.9150984544900299,-0.7756619304427304,36.332447556901,173.71382668800214,0.8692516841779252,0.9595459687892111,0.9547962350386413
855.1588711475789,202.95690743337084,0.15636214164487505,-21.719322906715636,50.13509936337459,338.51381516613515,0.27721821662601603,0.2600923943236434,0.4124000433080354
1343.7064498656243,1456.4326932963338,0.751798163586933,-13.081261211622829,4.339717857856085,105.72350880903703,0.7839287907953817,0.9527953272794332,0.7965587848750585
818.1706581473453,2114.335213535178,0.5682686162687683,-14.894568956585418,34.84779757956553,149.65328818257444,0.6734966371414953,0.5920792566199626,0.8006725768422913
263.5053255663971,2118.995559644933,0.2746658697879054,-7.9155283559022465,17.917967462532257,283.3044517724549,0.366649202637058,0.4041832874195944,0.6063801682929056
2172.4149361729606,1581.7089843173578,0.4744349141471741,0.8334056018427667,64.70701662588739,196.5688535954701,0.4455339217867375,0.5467743735312245,0.4976809879214231
2405.5660747980587,506.9563955350344,0.3337765970697978,-22.6498534671398,46.427236932434,196.9301327128012,0.463019396062567,0.4350025512060553,0.6523040403780829
2230.1652456346123,2071.192395261293,0.5793134027884609,-22.822756058658676,49.531764693390876,19.202458681866066,0.6320788744081259,0.919060314120885,1.0
1668.5785576820604,2126.6242447516997,0.8890006108146659,0.5095312447279667,42.76917880334611,143.4958785786441,1.0,0.9122552406572769,0.8794669601536393
1367.2288086452274,471.96860388710087,0.569304984412202,-18.614497418849275,95.6019710486567,97.46414367182369,0.6140216966111917,0.7803455180849849,1.0
3108.001138458571,1769.8226058496255,0.631722418326584,-4.937402366505587,21.473512512156322,359.76064421920154,0.7036894005001959,0.5508779749509467,0.7139033577136209
1868.694426490385,687.6469174250951,0.5187478471147094,-8.713656029175844,51.66642598438743,111.0078254276317,0.5987802011166364,0.763851952771091,0.7541789055250816
1725.0547594670315,1926.3367496470312,0.051165506445475906,-0.013192153383116079,73.60173683653359,318.41875252579086,0.07437954180976264,0.0,0.0
92.31143690316847,2393.3709597686466,0.23285855687609425,-21.247332704907894,55.684441313456254,243.44414461457188,0.2845773405800103,0.48534135504686915,0.6342130343754947
1228.4921794541629,72.06241279054275,0.49200172943208276,-21.106511028321663,92.90208857168011,122.72990730915255,0.5728714800483865,0.5892992424242957,0.8787714475188302
1368.7042276290854,2153.6780778982366,0.31023528374470477,-8.295449191650775,37.796835564128415,195.6723762146845,0.23744349612258042,0.3304914155670966,0.4430050208860128
1435.7620112288419,1494.3132806367794,0.18176359776119422,3.3913596007511266,46.3675805773178,302.59291678170973,0.1849037592352218,0.2287022403818601,0.08922930464048803
2088.6205292183963,2336.1182859955707,0.5041328419184383,-12.550067248877372,8.852231521472842,318.0125872911283,0.569561583805295,0.6822330096833258,0.6193611233819031
1920.9691682167625,1116.0228420634262,0.3228097934478503,-15.191736992359152,60.89991110519285,57.74179500221228,0.392543769232785,0.3472250631824544,0.6089281324528729
2188.4583340564004,2033.731033371297,0.2581076431734147,-6.799320304063425,28.821196844810604,122.24633083494106,0.13782190543350575,0.4021045583474121,0.4470986196358671
2753.5797415516618,149.74576463586536,0.4639854174403808,2.9134580163509334,16.030903951556887,120.6803448768858,0.3913812180197299,0.5289391027187158,0.4114363732204438
2926.7486593779363,804.6697201879098,0.13328425808217315,0.10783498533871239,54.45312929045081,15.136126587340089,0.10092064067376492,0.06832984884263157,0.1879201365127679
2585.24307441538,160.83969060290394,0.9277457330754073,4.864508321996595,53.23102633799106,215.36559354668276,0.9294098761611714,1.0,0.8715207574047226
3439.885305437765,2340.8235203497693,0.867702097919239,-24.322942503928687,7.587164122404754,307.73521907718765,0.9741387940033612,0.9350929892633421,1.0
65.63729763490187,1960.737377452408,0.7076205857405353,-21.614255658617132,69.82154534944728,137.3667796171864,0.7871450093967354,0.833710005627844,1.0
704.8007484607659,2046.1138109903293,0.10621382758845621,-6.71596709900134,62.377219065085285,266.4129401943037,0.1693987029464176,0.20737923457134239,0.2340609312237074
27.22634992131163,2251.116555441346,0.775877254469693,-0.3827068199845094,18.90172827464972,225.97214889626636,0.7278904591069549,0.7142425984982983,1.0
2330.908970956571,204.24836668748486,0.807957328109019,-16.442669730797004,46.943486215404384,135.2335447774803,0.9048234385057479,0.9617715751874247,1.0
3232.909976219953,925.4342220320001,0.7677646177143377,-17.823667358973438,72.032291647856,50.781527817226944,0.8655437047172682,0.9351346675404734,1.0
876.5362676746773,170.4837337056051,0.11396588711924116,-1.3907260185639743,52.94357405412765,255.35658699934822,0.14335320373616436,0.12001910547547885,0.20856703965872347
3337.324361266704,505.9034437200687,0.6439079570677647,-23.308544384403053,39.54890761835702,307.64346081884656,0.7261678677168292,0.8932238645617038,0.9778176670855061
216.96260504241906,550.4778648904137,0.8343247957493986,-13.918520572522446,32.233845808094365,246.90761726453707,0.9812798237187302,0.9268916057923247,1.0
3363.9696964998516,1125.8573065141888,0.5773534012196677,-9.825723322230107,61.039386664405356,6.4362542525345035,0.644963586768965,0.681777488974379,0.7142153532677206
1265.841674062684,644.5492018887422,0.646407375228089,-8.189539769490295,93.91086983102406,77.84384198075685,0.6380924431841021,0.8183288476645032,0.9334213655759591
365.1149824171795,242.34745636262662,0.4583634794263062,-3.1415452962166945,67.17448404774834,25.012794558071487,0.4892769964786928,0.5586148627595483,0.4922516127206821
1749.1383330707722,401.9786138258585,0.5287073198840526,-14.354628297080254,7.474590363631551,205.33899584744162,0.6209088038881777,0.7007433334500175,0.6318198781884242
924.3956437938286,353.46135252501824,0.034376858351725215,-6.6194696597617835,46.06849734821338,272.33196438254845,0.03440128936443776,0.0013022120922388369,0.19594384717578045
1025.5424470629223,2335.384314989516,0.6389630219732846,-7.438737316271311,89.08241315106275,39.8085073447174,0.7302301405709632,0.7545534405156377,0.6536168442455266
1106.2438737346317,1822.3020166043366,0.08144721289115919,-8.571516980387585,9.446242580108688,301.80161541361866,0.13363671111142403,0.07734293548252742,0.2780752916310095
2890.8932321975885,2322.6275166469486,0.4350145943402234,-5.785501205733635,98.88757121375433,199.98323222237394,0.3494750640998326,0.3956701692437344,0.4180531021807717
1940.980596030916,1055.3771676189806,0.2926550976674078,-17.21652486795771,94.90693936454213,248.38884437102095,0.3816913587255998,0.43502391434720156,0.5505847827758479
1120.7077169616132,668.0843559903758,0.5454279502117131,-22.46053739246113,7.827448072987586,349.70466549911265,0.6101362525201054,0.6431038553376419,0.713659426744856
2197.2016199193063,1915.903673302048,0.13341633552320709,-21.421849838807695,93.3413320449555,30.125155769171034,0.2499413963503183,0.37599789323045407,0.8309806570516323
2578.142427203497,783.0094032987523,0.6916434019733182,-18.26252852038297,36.31325902594622,324.4406482720041,0.8109699518399396,0.9010378544570057,0.7816314862354835
981.4464026407215,718.5200968928359,0.7950115369284704,-9.994061934316443,84.47091670758626,45.39697055546735,0.8506944632100065,0.7346510858628457,0.9798884814738201
1488.7767654912655,558.0143812987949,0.1633544497431565,0.21328251638060536,41.83833377132715,141.4651703892056,0.2500010853810967,0.10385829445841618,0.31408705842557993
438.7899360130112,311.22954773816485,0.10431308735188216,-3.961199737348476,44.08551127025159,306.5179306792012,0.11464079326578933,0.02605625388260613,0.305731596950653
652.1376583248491,615.5113464402383,0.14551548278735915,-1.3287818739385848,63.42430909775426,326.2515252256326,0.18808173687709803,0.13115586653401815,0.2929779891963161
2452.0242742739383,852.7673963373305,0.8771275618985017,-14.470731282217258,77.44774192759833,182.29380247625232,0.9793847070814438,1.0,1.0
653.178051704257,1617.586099549753,0.5281892617563562,-12.860387750543495,3.3789150948248636,213.87766977915305,0.5718863088857401,0.6059349050501264,0.8845773176128787
1890.5881812014165,150.1556213266838,0.4672609960075026,-13.189543420281616,59.31559955271343,254.93304045548058,0.5615920591877192,0.5308649523167865,0.7984373180290741
2552.566542200758,505.21665519682307,0.10671181910235428,-19.243804467864955,18.673299409737098,299.7931206429771,0.15100976643971314,0.35878913463834006,0.42831416000348066
384.75692314107783,1941.6567367000234,0.6495560067569618,-23.16350025569284,34.594951786320294,43.74402103355982,0.718750206943381,0.645812675224219,1.0
2042.3239906640529,352.6126166010498,0.8679995918950899,-7.272517215183196,34.79686661552165,291.62495096252195,0.8331267835967634,1.0,0.9545353790552018
923.6260213249095,822.3483516540517,0.828185869323453,4.676500502617582,46.906034022115364,173.25941418418205,0.8274100516593508,0.7589502589058054,0.6676425322930708
3466.536750855287,2075.181412459536,0.6260547089808013,-19.995108851492116,33.41364118761734,162.22443303894084,0.7206403150853756,0.7764520327954925,1.0
1740.764328191729,371.82074674426235,0.07527871665167363,-23.599455403021786,10.736111845066777,152.60391071891937,0.22381344352647345,0.21223278752574165,0.591029951667211
2901.573179190569,198.56840548365574,0.11239702717601296,-1.6140495452820112,14.562873852545144,183.31617068857534,0.15946300057386922,0.2508460219792666,0.03633982297267064
1980.8155517625423,1162.891188192026,0.049308987109824676,-17.422419799458275,3.343798556109767,340.21819922205725,0.10073766338103253,0.08216761557256291,0.2935285837065997
156.285118277349,725.8068270684873,0.2574792164924693,-0.11068583941214882,47.02490853287543,197.35335820517457,0.20368779487683855,0.2686532515723904,0.26073868152173024
2279.3449521384805,1352.18007476125,0.13566146716037775,-3.8818999889645376,95.44476948529885,343.1439137747301,0.18140558919352337,0.22605976312347129,0.22814916634012816
3425.052031943965,1929.1317371603404,0.2600480402524339,3.370206111524137,11.567522364811655,64.90444702163062,0.30410417819143165,0.1082047774581518,0.22183734295600632
2165.802552526792,329.1563715665836,0.3850580557189617,-12.73218292729984,94.6264493003082,260.68895237974795,0.48002563531656406,0.4258828638980798,0.7275147547461241
2949.079893936445,1393.6778029302839,0.9429827840711357,-5.140904816480976,73.33615147320936,292.406233899149,1.0,0.9843525178095266,0.9597647398892248
3183.143268054268,1213.2210249356733,0.6103760597816921,-11.05435657560188,63.74988029341632,244.4863792805503,0.6476104084096287,0.6351005073826393,0.7001297215515676
821.0871790161569,345.789086431679,0.8349737856829623,-6.082339080743694,64.52777553235629,218.49202088155454,0.8409043863802045,0.8282495421974794,1.0
763.3614236696159,1497.5963652695577,0.7103515007123322,-11.51203281976788,82.67276483962821,203.33260119102562,0.7249438326588348,0.7852372867824019,0.8605837299189459
2199.5315598635702,656.737002865852,0.11250313052663174,-19.341032607277754,10.691986437982138,309.93497372833053,0.18330637811704176,0.3116657789005051,0.25533117178174297
1479.7024913041369,1170.80236450563,0.7359204063739488,-9.763077519898573,50.47543235655417,295.79277497922004,0.7736499505107829,0.7918211520942474,0.8443411490630647
3023.5006903201934,197.4535782649485,0.27509888155912443,-9.14247395687673,69.70911382607585,44.02393962501583,0.32668795170697557,0.4438833545587508,0.40051330821342557
3240.08324423284,1103.0017373126952,0.6391078469947064,-0.681884552195168,58.682044507356366,305.49155653111615,0.6410682456643985,0.5761377674248931,0.8594044604076682
1272.3169654897852,735.5123233027688,0.3409619736429885,-2.934378826192564,83.27790710232946,149.06470299855928,0.35361229846510506,0.2794716154220224,0.5292679643620173
852.7340123081354,1973.7149068448505,0.9976722632646592,-5.086251281756677,7.22717090113515,91.33085879849187,0.9786337200127531,1.0,1.0
2809.8918548779025,136.74894479368388,0.2635514794967778,-21.598387133422825,69.0701039499166,313.1166844850133,0.3985333923196796,0.3867167535741914,0.7135521651597012
989.30172797329,1004.6574598039919,0.27913047077426967,-3.3815112800885494,53.40277303847177,155.52892786814698,0.30097731849063447,0.21029939941685538,0.4647634897848243
2961.411546649242,1100.2354179154513,0.9306722555623983,-9.990845309364557,37.91608639799434,291.011288463654,0.9632073373980508,0.873822497320485,1.0
1525.457713135546,1740.014583117885,0.02464440463632267,1.8229860831847766,34.027498223403086,94.82530030410402,0.0,0.10378578496183259,0.0
2403.1796374492938,1378.2901802165063,0.6966889878731969,2.5961280239162825,62.083263277419285,1.4145557119984087,0.6265661785916985,0.6623303191765039,0.5637905352625945
343.9271298048054,1601.3096092660346,0.7253263907358781,-23.345302281946438,89.09953746442648,178.36530944505998,0.8871794376670872,0.8979392865380498,1.0
2245.893568835663,1864.9182855642148,0.8363785774103993,-0.3807531893656382,49.61759261011153,36.082172391438334,0.870500096538122,0.8364216079257327,0.9440295112070973
1626.363643454025,2069.287136779653,0.9744393106384753,-23.86907828731988,82.47231640769202,271.57534398896746,0.9909996937281959,1.0,1.0
2111.790467431707,753.3011921339292,0.9756019191566524,-13.98491122914932,40.21563818439675,99.38704898498773,1.0,1.0,1.0
604.8511478815083,1291.254492873367,0.0652767575664639,-8.731000731367626,10.239446279317654,159.71243277725233,0.14516601344867971,0.3203314546141947,0.06336765198143902
2652.7454817990556,2016.2593882540798,0.8218393227529025,-20.556976041186175,6.1505736458638545,31.33208343295953,0.9057618463869834,0.9879476037153099,1.0
3106.069479155623,2374.6827143161354,0.6463099336573813,-2.6105856229276974,5.1334371323677574,103.19732944101095,0.7365185182441849,0.7518587946124783,0.5377257566299257
780.2632803267924,2134.8463465050318,0.6473421343730912,-24.749358874835842,38.015014195766994,281.3364875730859,0.7547897136794464,0.9049845174058658,1.0
344.5723998725822,891.5214302985044,0.1283499266146948,-19.942028546978896,33.72377508358421,54.57164828483501,0.13566373477676455,0.2817441101131103,0.5298098755595894
85.09890976681103,468.399641324761,0.6501871664456533,-7.57609510439573,71.79370236225695,232.97744200570466,0.704035343375779,0.6744089413194356,0.7668057659375858
2311.0974015957577,1174.5420897758129,0.9824825806012478,-3.5683731388812276,74.28215015848659,330.2733070096204,1.0,1.0,1.0
2185.538529919611,1779.9394844065014,0.911818569539447,2.499293080817484,5.085396883373983,244.7412335127793,0.872789917735811,0.9348988493065725,0.7611954519005822
1968.110685770652,1182.165769807914,0.4391306608048505,-3.835100441961284,22.112326288901496,291.9678081452017,0.48440146193496675,0.4265094955272183,0.3058593005662645
835.0095460175115,1159.6340719528043,0.03994797328609434,-4.8466218923540225,27.42618501588997,39.22978654940969,0.0,0.09508998375797997,0.19046133037629703
1407.2615852598528,2011.7530105963215,0.36229349000020483,-13.16976560948007,54.76119841428094,90.26345736073961,0.46668457224932264,0.5709153700149292,0.7910256815972061
2140.114806670223,867.3690697612473,0.8263903116005552,-24.961467234195958,14.451522390695025,322.0339868066128,0.8775348807875869,1.0,1.0
1788.3606918930097,2063.5072195479497,0.701499101465166,-21.395222237931343,13.394121940000037,257.4380209025121,0.733823290795557,0.9329916382656048,1.0
3556.0278727735945,976.3315222841366,0.4593436555939564,-8.963363657318826,94.3788889207958,230.23937749583203,0.49670291958560775,0.6944654357184293,0.6367564750800264
491.18310920423926,787.7594536280146,0.055101535158831094,-4.74610342466741,80.4202907297781,238.95602500381202,0.10259009847649346,0.05643143209327583,0.0
2502.5203945713374,1089.5757868792775,0.4268947278233026,-12.476551483106125,18.06549020911703,149.11219954967163,0.48368454808553374,0.5802325421531654,0.48548855999128177
1455.5475651754516,1829.8727008196843,0.4690249397178835,-3.0796296541482953,40.6567807905491,16.04038738235516,0.4475062707113756,0.6073350789686073,0.5333762696496056
1541.5186137322132,302.4048668735863,0.928555532894136,-9.344131140034637,35.56219992575655,282.3989551454624,0.941847780102247,0.9340422897917874,1.0
2583.3519563694344,471.4061180928417,0.6410861035821595,-22.774714132170633,79.10040740654073,244.33676503752739,0.6777492049495802,0.7888693320911466,0.8567974213163466
2492.770144767731,2283.4675815914206,0.3116529166546489,-19.239512470961536,51.021291647812205,170.2096070805809,0.37766922250404233,0.6051858994632429,0.4173694066311483
3568.521577327878,421.1799057152577,0.5253182644507214,0.19994669731828907,12.784973699346702,323.9134615325727,0.5795980224312579,0.4483677504977484,0.42582673411950506
462.21944203485083,1362.545563034531,0.06605530782216007,-3.2526176012668166,73.89920631562438,121.01747939463559,0.08542939757627926,0.0,0.16766133536714628
374.7947377829988,1390.354719988651,0.9725682356497368,1.8428596103748482,39.68879782249189,105.95582792324493,1.0,1.0,0.9600327703107343
2607.619741663468,1175.0987089205876,0.360059901930726,-21.473282526371904,26.292424763214704,314.2066770285994,0.5159840207672517,0.6221090638295933,0.632527554831581
2082.1929012230726,1547.3885965843647,0.4778673549131358,4.706676038452219,37.54986220207201,286.91555571323477,0.43457138003729884,0.48464687658386013,0.44651362253215926
986.9783996153011,551.5841419142843,0.3552839742369226,-18.71779858150199,49.77565636068964,185.3927318334041,0.42112462190085587,0.5019657344986592,0.7807644218872508
285.9097283603518,1326.3894426641957,0.6825117301162001,-24.64660371140074,34.311551641700945,47.06450620482599,0.8869272922512479,0.8391416078316474,1.0
308.36969854714994,893.2158125925531,0.662232158329593,4.922688171606627,24.190577259175782,77.42572972741888,0.7184083060109829,0.6527060223991026,0.5835110260924142
3219.0871487908257,1588.0014231100538,0.7153223105291356,-16.567783436646607,39.85020288039804,236.2420765471704,0.6978162924139826,0.9739352834721888,1.0
690.7223689874745,338.9365040955587,0.26814322961192083,-4.959416424623203,1.9172910749898242,138.6148456225482,0.3062901861148022,0.32480760110295887,0.22811935614530937
1164.1376236158746,1370.105800414743,0.315668481164066,-19.699530574710842,77.24978460963139,301.13034899974963,0.3972946988971796,0.6522216587760808,0.615071008881939
815.9630480171569,444.6488529199769,0.12525123109620795,-7.593144034025748,17.09448935675858,341.9838033595935,0.19675762570241848,0.11378335037153435,0.22185563507725345
1277.9867009949744,668.7433514760874,0.6555099718461126,2.1210495936367764,4.390461363063725,290.0292930989706,0.6107461436320283,0.638905731820188,0.47701602147364497
249.92583388593613,524.9035207765997,0.03979712733565255,-15.394564977146842,65.36986929050792,135.91635227840058,0.06208331432697038,0.1384856451092422,0.24647865023493543
1868.6152472697734,438.8106716851611,0.5976823355234591,-4.892380718669223,77.39361288236722,283.92711452331264,0.589964588742025,0.5630425900369651,0.4530303297490079
243.40522893197365,1981.7062837456008,0.8696958848516338,-19.362892336047505,81.38291315928431,126.51900244944603,0.9218485951178188,1.0,1.0
2881.2834281605014,685.6981623861368,0.8908321482896335,-6.256138038438241,49.35091826605999,60.15603159562821,0.9599939661008337,0.9810097113639675,0.8919249315602735
841.3634948775589,2225.0970764746785,0.4490377603699617,-14.906489445474696,20.53681846899853,12.021553751708662,0.4479307189799476,0.606882209300984,0.8711835252102389
1944.042892576238,2327.8236608284583,0.45930368821307377,-18.66375224236145,73.72276772498267,138.85801659396722,0.5055343408964615,0.7876625578913455,0.7733192196248277
3168.28471522125,1371.0251278490337,0.07696918300801736,-15.604538478890946,69.97130771543371,325.2813493310215,0.05303271355032972,0.245154880720671,0.40680947913627014
2343.158528569899,343.20269439774336,0.6707650254430357,-19.63476794476602,24.627073410317323,86.03517159204354,0.7972140037475587,0.9149621440052136,0.9164813981765412
1918.648031584807,898.915784110995,0.8212594203728455,2.057483235136484,90.34077558627929,74.34473937472224,0.8861294407712687,0.8291839909304958,0.8514850451157109
1167.6015112153523,1914.5574320357136,0.24465505460471304,-13.084393410486134,10.4371458082829,349.13548268677454,0.278411572931675,0.47911988238122327,0.5231545708839306
1198.8068870095126,881.7377488729691,0.42130088163336465,-17.64162085076898,98.26882395913256,9.001480626213162,0.4823863739790004,0.765142745653004,0.8049790137058543
2410.1530387134844,208.84132392669298,0.8388393367652703,-11.547764769522013,86.02478109774646,282.88157414175157,0.9134070278748974,0.9851393392343107,1.0
3578.901700396203,1336.283786227651,0.877120467662288,-15.383914995805133,68.78986454790751,115.69318406671333,1.0,0.9268450818042815,1.0
2382.6210834577632,2028.2900435904835,0.24317998026422594,-2.667422385600222,93.87498882798329,13.49566447307736,0.2830008504712209,0.23805624409965076,0.26309815088045996
2008.0203025320895,1910.2233291444056,0.5505706345413642,4.136597356564831,72.23111683237077,330.4089144754501,0.5074044090137274,0.5565471219900152,0.3261129618937277
2630.341836861286,420.2955363128478,0.19249315063582706,-11.858990299070594,19.045699703004594,50.2712388754501,0.15792780562832023,0.3217645606395091,0.44078256634432017
1674.7402042213853,1614.6350745899201,0.10187876413955654,0.83100199916721,44.21561381128117,198.64054214125034,0.047427754890633236,0.16036338265880845,0.23698542503537398
216.51243336282678,529.210232245553,0.9111205013919575,-8.024107793211414,7.150302433163535,98.6595146746372,0.9455869083754399,1.0,1.0
2024.2685371604753,523.6980829252134,0.8205075042321092,-20.282930047172997,38.96574222881154,23.46940878648877,0.8676986899718493,0.980981421332144,1.0
3447.4510242193687,2097.7722559324443,0.7600349018031739,-4.281317737559753,74.16030197372086,17.972094838816474,0.793254258815933,0.756080969933446,0.7619412159070302
631.0905924875747,599.2054865765524,0.04876631881314042,-9.596965086225396,38.644335093081736,41.600411581081964,0.06097317058398213,0.1605634848795856,0.004526991949019406
2484.017606954397,631.7936316432268,0.8437287927102575,-5.481804302436895,33.02941754681341,25.692125000176816,0.8146811790343567,1.0,1.0
723.3612791726033,1.5681378271189317,0.43804407590538375,1.6906223771499498,59.53557225103119,273.80092158717224,0.37880621764352096,0.5188658109611857,0.22094578113524274
1928.9796641030925,2089.6056819012424,0.34239512329585964,-11.786962880318617,87.2204528998895,174.8038328220345,0.47343600485570486,0.491017751449123,0.5132152583313427
348.0352187281906,1902.2275517019234,0.5464763610253764,2.0353286965206685,4.7583192546112425,123.44115288563269,0.5837690977980672,0.6145284135582139,0.49093293892617335
1621.3353705294664,1505.5894442176273,0.09135324272355583,-2.479929571550354,38.54704346997354,150.61280764752257,0.19103358055526495,0.08797700089211,0.13563638714267823
2722.1879840228858,1800.6378334532214,0.7566465493523988,-10.341852223660457,15.82407418152627,334.42082480614437,0.8240084476470334,0.796714044179492,0.922400274384217
1251.2574872603354,364.91656181878034,0.5824350768882959,-6.90333593026109,69.53542507318696,327.870652585733,0.5937765587033518,0.5882943730306129,0.730376992635596
2393.682208153985,1099.9766270101811,0.18659009687316752,-15.232566024429657,10.572456043113487,257.64353284412766,0.310936511193587,0.29292590344345754,0.12946397820743416
2863.619858843025,842.9265296370742,0.1882321997690456,4.507918992163226,66.48077585802446,318.4856558718076,0.17632218106614753,0.1339584907626999,0.1489644344142222
3337.8401501260296,225.06366301683957,0.18424865157267423,-4.979465108488121,28.618087079790733,115.07328993154492,0.2168255429520014,0.32398023655446445,0.00283879413848704
844.7114946796328,1166.7131645158179,0.057002387551933986,-23.684594425101103,19.89168137372247,137.19935736298183,0.14566756582965942,0.20058930860036164,0.5080941452488589
1437.5372969135094,2209.775160822325,0.5877984493716848,-15.201342827559737,93.63525578249853,220.9363854675221,0.5068217995890829,0.6563178344368893,0.7866576754016468
548.6976479895028,96.14188572166675,0.8403481775885081,-6.300566987228276,1.8524576745955867,224.5053410270151,0.9443973001728164,1.0,0.6767532584399684
3572.9406077701506,699.5061923851054,0.0174982139873886,-23.310001666022806,43.777727188956895,173.41194168444275,0.1338386902517575,0.16496875343384354,0.28695476856706836
3337.203484527463,498.0982468936883,0.04900464497127355,-24.283474260425717,2.162699246179378,144.23682543766319,0.1567750964159134,0.2438455183537304,0.3457127978739726
1943.8456690100145,571.5519687976712,0.5727702766869458,-11.499272814165924,48.3593048104329,355.02491217913024,0.6176396771075833,0.7047925097347497,0.9074870449302084
3031.319859755117,2180.242924510501,0.8194956853860523,-15.0192946092199,50.10473777944182,295.60450540238077,0.8889999049678776,0.8512258929974248,1.0
1875.4487181793518,1123.3657301622964,0.3267388905686336,-11.851041759005023,32.1662471394747,156.59287123969628,0.34453297508653746,0.5208936547493117,0.5587044091315684
2244.908476809935,1119.118591055565,0.34961439880772216,-17.119200703599844,13.216177752502368,261.82529180624465,0.4459619868368354,0.5316211628681197,0.7534354765691929
320.8479556176598,1825.3815418926774,0.5963464974967759,-20.058467591710574,37.63875377344753,97.04220957088542,0.6099747091230787,0.8789834761397572,0.9007416983308748
2718.9735137885086,370.78128961182193,0.274212889124147,-4.325699290589871,67.2262939932566,36.06095744543876,0.30646031248671196,0.2657631376247743,0.4564914514041861
459.76854108684535,1169.4368498401218,0.02660836607768413,-9.562866511965986,78.23958086444591,126.87516919898663,0.09837174711255639,0.12190784448841101,0.2834105297747913
2973.8434689091023,1031.9645138905432,0.7352285181015961,-18.995373662518993,53.07506023881423,145.07020804442192,0.8018352186687785,0.891457293017787,0.8870128079065771
2815.3011156133894,1432.5856573119747,0.6256499129414531,-15.412317212200051,58.98343944397556,5.953364841841489,0.7078878360551522,0.7741500594697504,1.0
2551.4809118747153,2398.9384878010524,0.5807559990556591,-7.245762770100221,20.06163711246527,293.3251205889226,0.5603670535430689,0.5227423673677308,0.5270308818436652
130.17736988914362,1846.677345796913,0.7416841289918231,-22.833119551825664,28.733033322764946,129.30962486010534,0.7818902920986477,0.9275460425904464,1.0
1091.262081403183,954.8776872418252,0.6752308375620375,-20.576409722014613,16.18956100523584,208.95053968085293,0.7658471861714355,0.7186747097642947,0.8083040433656752
947.2052516790343,1986.1273254577127,0.20588198817832115,-22.802631876778296,24.929535000461133,26.62674741754415,0.32781229394733846,0.41055435995000433,0.6300416949083808
1296.4910668974687,409.7000719499524,0.35248104694335114,-0.630480018576435,22.488678022553177,62.998858350210234,0.26335093204018256,0.19141545272570346,0.5943635038090396
315.5138883498187,73.1128471415043,0.126110141678625,-2.4277230036397235,51.94487863912376,320.2897411179216,0.16650962256172466,0.006580093190500749,0.15774649940284502
3373.0481629118262,490.6760939142553,0.12985701341788103,-2.4006120436222886,56.26887557907294,219.1275100378083,0.11732612112055504,0.22459927617606268,0.15761106716146697
1993.6880665645547,816.9877346742231,0.6761957463565392,-3.5102396957191573,94.49474208215045,342.1022580613748,0.6891683150583304,0.6776744160752805,0.8399000385432087
1099.8875183688847,1225.3938179029437,0.8586001069824982,-4.918437289903924,19.557064710152304,359.5500123808741,0.8120240571124013,0.8203711537082289,0.9006719174996128
1429.1334614674204,1476.3099372988795,0.962732583861139,-10.69024253865475,64.1675710161496,133.86964151991398,0.9666568884733738,1.0,1.0
1609.9291458174084,2185.4537213146123,0.6283471175494444,-5.73165509478655,81.72592689875229,107.56910306997887,0.7063196831212848,0.7138898135263673,0.770075384665787
2162.139600098222,1223.6496229210984,0.18410132336095697,-23.84915335636076,56.024146378305254,309.00817985727485,0.280781231784151,0.44394201845202647,0.5258279412712035
1856.445939707392,1203.0615471017504,0.1056503454489307,-6.356067320296461,25.50036525010757,359.5001137334835,0.11289671433957527,0.14512155761550927,0.14635723800593867
3309.8111035719025,120.58322357515712,0.8128509715367578,-1.6636688338936843,26.255023002000023,226.67084432368463,0.8158908143325073,1.0,0.7363541968252005
1789.068538460989,83.78772637493714,0.5787564763599993,-9.989249188468294,3.925305307099991,286.25066010414804,0.6410692825806804,0.6060997974901479,0.654834737898965
3571.7688533639257,1322.783908599293,0.6182850210137198,-14.274600147182891,30.54442265484817,281.4285091734988,0.6968939386393074,0.8710130505973521,0.8025409850443709
3065.1298478823446,1051.6286717960268,0.7814620887547092,-16.677197955970627,74.46036790033801,127.9222949590369,0.8476962678597928,0.9165238637965636,1.0
750.6378516864089,2014.0329479527168,0.7032772277324516,-5.715938495137525,4.751775720711038,206.73733689255138,0.7798351302061217,0.6147362899971055,0.7119359825513465
3350.1427727180985,385.63100330842843,0.8344582528560966,-4.215964041102737,21.929528250483067,299.9004988551169,0.9009842026806135,0.9090917884743125,1.0
418.9190323877139,59.93198908091904,0.05621390545987848,1.1290279958762781,70.6232498531782,247.72099545397998,0.07971097691718004,0.08705185037785514,0.0
2942.81895056829,1077.693043032302,0.7475206367465048,-14.729977526170279,78.26515628228766,7.6189730335337735,0.8133151572433757,0.7895427543101011,1.0
1370.2438565156883,569.948536205418,0.8508527573220954,-1.9068307784324325,45.53184100619284,121.21404080311206,0.8954226115978133,0.8004828141908,0.9687704765723637
3160.7075536022503,119.07449601320988,0.28613504245831434,-8.159325274319862,69.80743384786489,52.01125077405793,0.33942662671185947,0.3593156573384869,0.5120608545823061
3125.0040843868214,1739.0358884343095,0.6404472739932529,1.4850947203423743,38.7952168654892,83.86999634809408,0.6917976940688152,0.6650479321836215,0.6266560908404163
2901.331440423436,267.8231998973939,0.3141620638369721,-9.165636751131377,15.991324502412752,325.97621189687726,0.39511040294087146,0.18844954174058792,0.42915883628323076
2844.109570705421,1459.966800018652,0.957971066482454,-9.471105148060984,39.814949352290654,13.281584007876535,0.9465565106520253,1.0,1.0
1096.8449007529468,674.519400400534,0.03342357243550376,-7.663687556772729,57.996782020314285,79.12825630629254,0.013663920438347597,0.06294074761016388,0.2035601965926045
291.30941898450783,416.3905208520529,0.579792843832955,-2.5205393457269665,94.80532818528903,111.44496680576333,0.5636629219777562,0.5111181558111111,0.6244480051208735
1450.7286435545811,911.4036550063619,0.1665035470495151,3.9407143648538288,6.875095208867732,222.07826590790214,0.20122031220554606,0.21360853247103936,0.0
624.6882539514312,1923.4698629350887,0.7122202051771587,-22.79309937352703,50.73940938449606,192.27660843091158,0.7239528189277724,0.891426894002034,1.0
2501.823920048862,941.0245845709744,0.17589028341866209,-23.396961928269484,32.89197782107244,78.57701382721899,0.28665595788717957,0.455239155587478,0.4024154838262383
1245.959015536028,1801.8471581065337,0.23538326189835757,3.1265101222201537,50.83116942766945,59.12678420033561,0.246869120437447,0.2571368509056207,0.12875893182816386
3512.1967230956934,301.16711231796165,0.4943708110457581,-9.103731234453816,2.397544737653168,85.24729245460277,0.5868819605830349,0.5630071440158487,0.6358725860796617
2307.499478443195,1854.65140719619,0.9148349499968781,-6.552909562991918,31.302535470158134,180.910665612596,0.951555548938308,0.9580238832149365,1.0
2960.9300290836995,568.6399797759567,0.21171437214797084,-10.527291952158134,81.9868147527005,97.62400285603323,0.1922299289146389,0.345683445584188,0.6160728074865118
477.08882187065433,1625.7435117332948,0.14424002111810352,-22.190276421775764,55.39417338546375,341.13690057878,0.18502522700590288,0.28866342825376806,0.4347630713304678
3103.252136181441,1357.8757316183912,0.7589768318540306,-1.9573186474400046,45.05824928161174,166.99147971438512,0.7117228256152006,0.714462564466433,0.8993149875112935
3321.9258858482194,2229.9473213080496,0.500619532333931,-2.5832606473423922,28.552507171533957,21.16656595606934,0.48626481216196127,0.5744972184356771,0.5875046478452208
1753.4229077481693,929.5740431407537,0.9117851123817714,-15.648900355215641,29.80425227913559,262.535906101188,0.9643038355705472,1.0,1.0
2182.5105759035187,158.79645320265706,0.14661455715984228,-15.812822643147989,38.31014335905844,118.38430375523626,0.15147158009650025,0.27555816750078443,0.46827840050216063
2753.3152832507835,45.97316532300697,0.6459278930230393,0.13524142716555687,83.55707099645603,235.25601554096912,0.7273095443034285,0.7487753834109575,0.5563043287397804
629.4190581374852,1984.4605463346074,0.23287914615181504,-22.829282267760203,96.72132068082684,100.65397338836351,0.26189701812637645,0.41433289867732265,0.407241384925601
1809.2378752683928,1259.3655303874373,0.1567604286516393,1.433154450696975,43.865538135037454,205.46774702399514,0.2230778244681534,0.15598759194176273,0.19016073110530024
1435.186899980327,1860.5857244038782,0.6834294151572705,-17.300149303122566,39.33528387477618,277.9749017306873,0.8114966550034247,0.7730756307895704,0.8952516485059726
526.9463717840968,562.6214400276352,0.5936846199087332,-7.210457567335183,84.65507758198628,334.0831470388394,0.6741044710288906,0.6991532618986925,0.6180658649374838
1323.1239202495133,828.2009892317609,0.7548274583623312,3.0798253700533316,42.69053206363036,94.00577199590774,0.7128588360561567,0.7682531075140644,0.5735969660930141
245.42031378777685,72.24929330716546,0.30946257644618236,-4.656324953900608,55.20181722956512,120.54850235963322,0.3495665207051112,0.4274873875895946,0.4207052373569762
92.92286501815315,2307.581578977869,0.44797165638218994,-12.567105625988903,23.094166459874444,167.13591130293827,0.43353916244810486,0.5005134749085315,0.8266408312735771
486.59864095736197,1602.8829760819522,0.4054716763304185,-4.313973732837546,74.35025357790752,333.782941584956,0.47462945493803743,0.4160711724750667,0.4508807022694197
3467.2144017210258,2239.692210622335,0.9840894639665142,-14.680610910508895,53.19883182707819,324.49926845183654,1.0,1.0,1.0
1978.306329222061,637.1913778297736,0.2922489567393879,-16.682247509524416,80.90345502403416,32.35618083622969,0.3424317196731736,0.4537235443346569,0.5625720893657566
3476.959780151592,1467.512666941586,0.2948172383467669,4.900498338040393,78.07327300286697,47.4947372713719,0.2230604545465886,0.20118070531662177,0.09781322178490061
1556.992361988475,1628.3999239023308,0.3545482088286074,-2.47629306460637,21.500476827002856,178.38330383902976,0.2421090495721307,0.4819448275973158,0.4884701567497542
1122.5380791069344,762.1192806182123,0.5645940812903215,-5.658400678545473,71.56355505577623,38.38293820995246,0.5410423964886568,0.4854687519185477,0.5467324682075295
1822.1107062248786,2035.4621640375121,0.25232274426374524,-14.341310703420437,80.00544079513713,124.40911440553108,0.3697431132617309,0.43862644295952613,0.5020397768043344
1582.2420790784765,2273.187510960595,0.9152899403792739,-23.525175125348554,34.61072407823951,53.418736158291956,0.9868287480834148,0.9974339357551802,1.0
380.3928633422781,2123.6522824704102,0.2656855648662635,-24.06829371894533,17.260911290227455,228.9745278474789,0.34920131458557885,0.600513031335241,0.7407836273144174
2306.9747328847425,1773.760742254494,0.8958157315601947,-8.374562336536037,0.263215557958818,341.8183554260982,0.9600243797924233,0.8351096140433568,0.8945613337349363
777.7374570345586,665.9152313398897,0.10347506364658465,-2.1390183688284665,45.09036530931482,358.82415730597734,0.20628886296643617,0.220715826624481,0.20050087423897273
2230.5166376321863,675.8785010535162,0.6565627023996523,-8.87862428668435,35.24327315388416,135.08680769888934,0.759632103537389,0.7236702903796622,0.7030636870796271
2340.723932633352,2312.064769070491,0.9069855184382437,0.22355215817343677,55.49098338254089,215.64454936126043,0.8630795459925381,0.8870788683413516,0.8644960039392043
547.2894712631332,24.68279024566087,0.16874943839822953,-23.99720400720335,18.804109258878576,308.25635526866927,0.16349083577925966,0.36732102282145135,0.10000511490501904
220.8586575984054,1718.5199357811468,0.968326960099255,-13.997437707221797,85.96655476664752,42.286346206698234,1.0,1.0,1.0
2810.7417098463834,1694.9907901326292,0.4528833604155117,-17.88788826477466,25.775521562810965,248.2431879787074,0.6359900741476705,0.5198455865274142,0.7975787249514039
1655.2815255695527,1494.4548982795138,0.9457151084410245,-11.58181095528634,22.642960508764997,147.18371822102458,1.0,0.9718442646939393,1.0
209.38966381971284,2376.261230608478,0.676820043630047,-22.828708204176326,48.071405648435594,74.21261770085907,0.7037104276814606,0.9096180255000874,0.9035205463521069
3581.518741811162,748.5106458329406,0.30158686987355154,3.6239492471321775,49.885102374427426,144.99130274907913,0.3411468971289456,0.14779683470297772,0.20770382177081897
208.0100195869199,815.9324731037956,0.18830252491710642,-18.302337967919172,21.508522878509282,27.34570330737007,0.25368796028402374,0.2831334367968352,0.5574665477656319
2502.1268238907915,189.45456707173332,0.3037350462250994,2.669233264507543,27.18607267259158,250.34657349215007,0.2907949725951247,0.5324079676085663,0.04752078525633183
3541.244130948289,1062.7155277049699,0.09301740926267499,-12.223205348899546,16.970523915524495,90.98736074944311,0.18527442386785722,0.11064451699538401,0.2661635687470574
861.0483751773322,626.5164629636354,0.14386796634332977,4.565723997656541,71.84601783231668,112.10603221615608,0.15064984047901434,0.21581846326814927,0.31659753820692915
512.0977272739062,824.1280852263461,0.10466044034648114,-8.378248496193677,77.0089031254082,43.589267366926585,0.08448901696900099,0.1360230231959104,0.1250641687234131
436.98578192074405,2002.9722966135064,0.42294354374155774,2.9249859252742247,46.23284974592826,311.27728100036103,0.4003610347422735,0.45097633083495825,0.4072080994124543
1091.790531243344,2245.1628324659896,0.7955783762575864,-24.839530339173315,71.40870226850174,177.6399405417859,0.9289251316894038,1.0,1.0
363.7649196383281,445.7593728124455,0.1413835542163402,-2.5528358145729975,73.59353919374455,205.9728760031041,0.1838286535606143,0.26556506947902236,0.2849717026753257
2491.780830098875,894.0214357283181,0.13032043317233588,2.091519593075464,13.82755276778086,204.99576591414765,0.13696081869300478,0.10137924063280401,0.11958951884157089
224.2504732682257,2228.7133490769456,0.6434289495173308,-20.80838299063138,96.61780248345367,147.77752123488304,0.777793313704337,0.9779261535441451,1.0
1833.919661339243,148.3403056541343,0.19718298196806627,-22.116224448035457,82.1031947096431,69.31076955773021,0.2702432937283003,0.3323283791034464,0.5136637863712911
3588.1086738707163,221.66526746730844,0.0976100381089916,-12.262821784421332,20.44834611958235,268.247789459424,0.1545739431734834,0.21240850380403284,0.44568745755955724
2930.292970221668,390.69837409495045,0.16684857820557764,3.0103671839880555,18.616503574607023,45.74025552876276,0.0,0.16761627961799724,0.0812200691275742
2214.789977631639,1428.5108019044994,0.9237313958767761,-8.728403194286837,12.566114557958274,37.39456450037178,0.9352370096190068,0.9019501931495658,0.8245820965659448
1102.513034831802,361.1334504143939,0.8214712527761908,-9.176306088348035,13.837856254191838,255.6522135347412,0.8954613316616974,0.8701913392913098,0.9176946141302329
2246.0250106498984,2323.3833154817603,0.3540645623550941,-20.766216451020345,74.81617990286962,75.18132736271417,0.4198997686808502,0.5376955016573931,0.5794761374963427
1897.3492700819459,1072.1148654204487,0.6558207673273928,-24.976314667203436,46.96542569516235,110.43819048701964,0.7308671203130663,0.8179665290200975,1.0
1533.9001820053372,1203.6431048403992,0.5372756736680381,-0.6957972776361636,78.29341727398672,171.08188812062647,0.49564160759783144,0.7534267539416294,0.5479399126524995
470.5573562647181,591.9806779329756,0.6771242634825639,-22.372763110412855,74.62548943502054,161.76647402263663,0.8186529687265716,0.7927551908097019,1.0
3191.77517486568,1130.3046058433604,0.6826711524627593,-5.984505437940282,60.46127135052216,255.08848502339973,0.7385823386671162,0.83400115496865,0.8800583697717986
1619.224735756761,1588.5927183288277,0.6287340150599929,2.4384936354557425,68.63666065786795,224.43544563960995,0.6677240598839749,0.6926894299775515,0.6512031333003515
700.6410425547542,1802.8251286897025,0.2661013685373086,-18.74044260524707,1.8355724379141791,231.98261842147164,0.25025088745288204,0.4059128318039027,0.5475887872312688
1323.9336631582426,1809.2833985037912,0.03900642076281813,-5.041814912892676,31.177764680502197,257.05955903596464,0.05300850099093419,0.013838861237433886,4.178926544980317e-05
1490.8671091041374,1386.938670465812,0.4555667819901088,-22.639042698774716,63.78221792594102,105.34058187244752,0.5328358635156077,0.5766556201847658,0.5589242811222245
2979.1364240407474,2170.4634599852575,0.8909738846907038,-6.887345684871612,0.9344953486244201,116.0399922481705,0.9028662952139072,0.9013784924596451,1.0
2641.011770021047,1961.7788335346625,0.5694972585185759,-20.082048371403918,3.2976943682593407,157.67918924239947,0.6143333321622687,0.5779128576220561,0.9674040062657775
2769.4976171088233,1816.915475276701,0.8323910417019079,-2.921393184544659,85.18879824703832,110.68638229206938,0.8345599323796534,0.7910620161714572,0.8972873927795425
39.71255194312997,133.45325203310549,0.9916243429612281,-15.963061156182754,68.40248616920718,354.57763282951083,1.0,1.0,1.0
1498.1543934471415,16.507109327158354,0.16361620413827627,-11.098269735860613,26.536973312034394,293.0586935117147,0.11224584531156552,0.3598306220738551,0.3964452993267047
1732.838945887165,509.8734652691351,0.6917776391419823,-7.017083739171348,68.7962840118709,59.27568777217065,0.8138360699665845,0.8076420153791991,0.8145525447593792
69.09219656300407,1592.4566253922856,0.6742935737000246,-19.861797680012813,79.24566691392633,2.013896117473024,0.7808919379427883,0.9019841175921428,1.0
935.3275514821232,986.87397331811,0.9799554473582784,-2.7508654414713725,30.679428311010128,15.40197656901643,0.9912225408118864,1.0,1.0
2737.043363239686,965.7750223183482,0.9856007339528003,-15.920789780895564,3.603737749918745,87.8628423754531,1.0,1.0,1.0
493.5949406243966,2123.008531751073,0.6866786117241295,-5.128844202617394,93.27791246877345,41.144862901268354,0.6426478314724003,0.8606549523078455,0.8918505334560883
1927.11647322933,2149.350835516413,0.24361479198219427,-20.25150847901879,34.51798382956305,192.00172136132596,0.2897747019039203,0.35354368988220886,0.40637452296512655
774.726739262055,2182.020633728606,0.798555838130599,-4.356470223809492,10.648176328470637,308.8782801818491,0.809903647483204,0.8418925725042279,0.9477214062654418
43.634788718015784,753.3073836360655,0.1070291342110381,-21.154357815686147,49.18568713931474,265.23007952876185,0.2595545632554015,0.335288661482477,0.48917789121964517
868.3252473583493,1658.5339505742281,0.7806993041716287,-12.239305111900492,76.84677956641337,77.61926270958855,0.8319565472415689,0.7821667098756747,1.0
3513.145517676194,651.9196350584872,0.9101961241446964,-17.583817787833695,22.164731461755917,143.7477321692829,1.0,1.0,1.0
2885.5336027787625,457.4635993786795,0.38283339476843525,-2.5487425171545226,26.949005013336336,182.84191543125993,0.365607129912292,0.4096240256719683,0.4861756450728555
3454.4759195557203,443.11789763368614,0.6306352949830805,-17.138949864793762,24.27149867985832,291.6741058212008,0.7216756102924174,0.7753908747510527,1.0
1756.2745581349047,821.0582900726257,0.4301427320968263,1.4515191918618875,99.16730528316782,302.0837771182193,0.5184782453043838,0.5396400417484893,0.43889458593793484
395.0503152390126,1031.898287471572,0.43776505498812845,1.754606342198386,19.740373373054254,327.49859228679935,0.4829356531258957,0.5017500087370693,0.5317025949038939
1972.6541603052947,1994.2780105321642,0.31037088910812005,-19.106760543316426,57.5520216966124,183.32829018103507,0.3837036439263239,0.46822823907403244,0.5634743287048309
1635.758404415859,287.73862433450904,0.7621296204503246,-6.584621649768273,92.52646416569644,249.93890871691067,0.8298491404167988,0.8404299307045693,0.9927865209296479
3039.6854978626175,1763.822033747746,0.9361765641665052,-22.36847074840107,14.689656887777925,40.248133644217376,1.0,0.9865461436812305,1.0
353.0972908232805,1275.4917940543328,0.9407508592344611,-13.253887011951125,97.08541978677002,203.50402558343356,1.0,1.0,1.0
1757.6680932784016,691.0688224223819,0.17478128487493383,-3.6003481149618324,94.74772343956246,89.52905140960864,0.2533550306930174,0.26211025771777685,0.4669952290603663
540.1751928983433,1182.767002878779,0.874743649656566,-5.217302594502513,88.45719870582626,155.41807860958,0.9583781394484064,0.9670762859799311,0.8822729436931842
1168.8333368042158,719.8609674648543,0.7374314414271221,-6.25897991780176,21.455652133000225,228.258182990419,0.7566902514884346,0.8863581812375623,0.781431888047162
2654.485478596079,1430.5966925719345,0.25283740069028926,-16.523774090126693,63.405505601098334,92.51493762736119,0.35323605716226264,0.3798067228285932,0.5515418246054478
1713.6652657275595,1041.225414852586,0.06728461292151455,-13.65925151696794,76.08914729612401,18.786620806833987,0.10696097478176704,0.0739639076835296,0.4083058670125899
1353.1978265247697,394.57326978930894,0.26799726688437797,-21.911615658991416,98.60279281964297,3.684188307152705,0.3138724850717812,0.5365933773527964,0.6576441614524984
1420.114602852127,279.79937893367213,0.9122082367815256,-3.42931538699197,18.04238220813704,7.977432796027757,0.9133977199183598,1.0,1.0
1654.0083662615518,1312.0696369731124,0.6331786748957723,-9.883336096261795,76.60258995192964,3.005905504957078,0.6740875366649679,0.7944837794366201,0.7326669678045128
2826.059557813405,2165.791279886648,0.7210546608978718,-3.737031029630362,33.880116992711294,39.72782036083517,0.6553774894993573,0.7427677233500425,0.6537927544007852
3211.504880184844,825.4984477384453,0.25715235110909584,-17.531694256093818,17.56264655680023,86.21593724524675,0.36766909719596375,0.4757034714912859,0.5641282239576038
3439.204871414142,1759.2002573342957,0.7193881555748203,-15.266853140948013,42.13769412138549,79.63974510562771,0.642486353135394,1.0,0.9559843972039511
2832.8521905190623,1580.7872518554407,0.028121506277923758,-14.97353988219656,79.38359121486164,355.24677390476285,0.2279514869319631,0.16551195879260833,0.34962168743980315
1135.464824692846,2235.7317943427543,0.3753213457730138,-24.227727707583515,46.48498037040522,110.16219787521956,0.5459177794033083,0.46138736427436117,0.754042978630948
2477.284941911552,1970.354441517938,0.6267533485423312,-14.768563815081293,53.75231002030485,45.871482009383676,0.6744602576423009,0.7013652351953298,0.8289803549018577
1575.3712465994108,1359.852621373111,0.14609656554132022,-0.9008627944589946,99.51594102001212,196.40251590039287,0.15989771315073134,0.2227943047280892,0.19042337525936318
916.8142393657843,1576.8731957618575,0.8230035744469347,1.9189548724921544,39.9109299557426,308.864683943103,0.8349471803500276,0.6882092540225471,0.8136454907170316
3027.1376859333213,2156.127519801684,0.23503129881191864,-9.453450530922176,61.54007547092398,244.10173564356307,0.2471777264505221,0.3317924388809853,0.36485133098232125
138.33485626437,958.8450830086435,0.6522811128184463,-11.334949143423392,36.524420161537186,106.5895520887621,0.7080705715017844,0.7750250474516998,0.8125392724756006
3246.343171687525,784.3072940586657,0.4051971425753297,-24.07526143901889,39.27856463287049,202.1818175249238,0.4922072305498545,0.7164270554795575,0.7336062895753321
1661.318872649043,25.946600724471214,0.5960435954776472,1.3761301275614777,69.56407534454081,257.3481507121473,0.5931258791721974,0.7044510230741883,0.7060270880863702
2293.9253165098094,1983.7225780595143,0.10745055262890812,-24.609693597223817,93.78869760948835,262.1176172523872,0.2181888265534782,0.37994777747012615,0.5373939561717567
2373.674119940818,1922.3536809680757,0.016912799921607324,3.3425024063063518,54.23589504923214,239.953843907168,0.0,0.0,0.2592799185069569
3222.423866543531,250.69084344036332,0.9095644273803012,-10.32351253935728,76.83999289487798,313.49175291922245,0.9579400848990612,1.0,1.0
2292.0108558019465,1384.4577147184805,0.2696300087671828,-14.741965192758201,8.920655881696382,313.23796500387755,0.33397683115906956,0.4384199497740283,0.42822485257179493
2210.1609051362225,1113.5560756005298,0.8196770027804591,2.726553045279804,21.115803743192696,208.41716138652117,0.8180064903027748,0.8239265658557667,1.0
239.94734601848387,284.9018292218675,0.9993503004722002,-24.268270206697096,50.213164091953246,154.74829288003642,1.0,1.0,1.0
1866.2688790027346,2353.3637449457365,0.21143125799891116,-7.5572531539273875,2.001172362877479,230.96530640343593,0.2968639633608952,0.20636897839097726,0.444405498680111
540.6084029413499,515.2701299120531,0.2651707411833556,-8.53202426501987,25.28549787625588,294.55632049336674,0.2820117542207281,0.24087220118353053,0.474317662293455
2654.7615673973482,161.36203221734675,0.6628597876346657,-18.420387963658538,51.740128982496614,2.0347577428265007,0.7484765507377944,0.6501600479980367,1.0
1843.9989149256282,1427.633710804583,0.9654486346006212,-12.133377059493682,1.4961198256300712,357.1189232453464,1.0,1.0,1.0
2448.820005150072,1773.2800251192784,0.9158143481907439,-5.432079821686894,26.45462862260417,65.84175803851173,0.9348613033833145,0.898020102862494,0.8756272491919612
150.02244216858335,77.86427051324871,0.5028755200655849,-3.186064093542175,51.40308194758695,169.28963483759142,0.5306867319845043,0.7470760635781816,0.6153311999551218
305.2512577648916,1580.9223329448532,0.7951102825267247,-24.978494238802607,57.314924798124565,313.930704543432,0.889691896586302,0.9804102191223364,1.0
2578.764197025656,1277.5005022834907,0.13574585309990106,3.1056029027304604,92.57516930553055,81.01454365591178,0.19522584882339483,0.23446911765980555,0.10526833691165227
259.50360959522413,247.8360213001162,0.9774381842040123,-20.06423882821563,64.53456232506079,171.64628060413796,1.0,1.0,1.0
256.52421995493097,414.057304671269,0.9643532340359865,-17.992586973329225,41.473580252999376,47.7295848652245,1.0,1.0,1.0
43.59051084559482,1363.1383135585932,0.16372895787917097,-17.095796629184555,93.03511771330678,142.22747713974934,0.23196231227759048,0.31830628622346163,0.4974751040828501
3443.4050338781285,711.2582724318921,0.2994231248031066,-23.86539590343894,78.48829833877943,63.76876372548091,0.3537942031024797,0.4214589378580409,0.7465368895820249
2655.030094052425,2251.9577487631586,0.10015499750676693,-21.308436292290253,20.00089211127476,130.90598955761652,0.21603038134268893,0.2301923933368192,0.46225748746552103
1271.705070607431,1964.976550761722,0.2717175988981797,4.590497688324859,13.084236134881976,134.44711804537994,0.2405782644926669,0.22246964096323654,0.13527478701289178
1067.5280926355588,2360.5612956327914,0.8159557894152066,-15.543497878681418,67.58116357427329,357.5414842553998,0.9120270677726474,0.9273356173845804,1.0
1258.9316270850584,623.2100134809936,0.37831560716525947,-21.54096728982852,55.98831655769838,358.132690549358,0.3282228469116995,0.6994800109933407,0.8342729824863048
2788.7527122522547,2327.336718715145,0.08839696714675838,-21.7902621647613,78.96736137927557,41.32306031782047,0.17826744949728812,0.297875508492844,0.5749806454452161
2380.934199853492,1034.9612874997388,0.34222552477890456,-3.416200969900842,73.88050500786865,261.348760558205,0.33944406397894555,0.4209839780900389,0.2854067694953788
666.7040443228846,834.045108753011,0.9813833342412801,0.637059920979226,62.521153385751504,18.628372680876414,0.9320835405496193,1.0,0.8131245808793747
626.7936072027037,120.83886472644778,0.6296835952592029,-17.291431014745903,98.63821716288922,10.869125521387906,0.676728233188799,0.828107081489344,0.8412836213609817
354.2243389682303,126.6366188630463,0.41616094640615775,-24.37271462994295,53.35897301104087,37.920201928187154,0.4842093663549153,0.6029971420229489,0.9285201649035885
2377.0897909248174,1660.8270142719712,0.16653851349727,-18.307299446639327,11.310575650171984,347.57483652285623,0.23392265424465558,0.28044566475879157,0.5914583190788928
2751.7415839982496,1099.029586641667,0.9861767972836948,-23.30452927609728,82.82735648159884,338.71087724209104,1.0,1.0,1.0
954.1671419700145,543.6519024866537,0.8208490092631288,-21.898151901098753,25.185336234570897,69.81401530104496,0.9212993015286918,1.0,1.0
75.40185971128612,1473.5287351805584,0.2814773024509194,-12.054756404570728,77.73021481439183,58.202040799336146,0.40276639970978817,0.47753307352298896,0.7135224944220476
295.81800291513844,606.8594838002668,0.07006869572118946,-18.102448874151023,95.71070960000515,86.59263114574092,0.16157037480664763,0.20574732614225025,0.4297270899422969
3484.2961254421098,1386.3162104266141,0.05662555737755803,-9.521623644237298,69.67955139643412,185.59691786705116,0.13974903164454175,0.20340114056207348,0.39790212682766235
1063.601198918713,862.1009927584569,0.12037814950553383,-17.39518740228429,59.60301609498011,205.09366753274756,0.2462985266042877,0.2471958851984886,0.524994355387762
2769.203332217281,1976.5253438683658,0.5807685836144216,3.216119033088429,46.03861756750406,79.77363495820104,0.6351364746062992,0.5685650583345788,0.44171840039774757
2248.78884787535,1969.6707858402704,0.9287634212054924,2.1783190377879365,36.440986599540324,272.38420371238027,1.0,0.8818323552176551,0.88786725945884
1374.9827027504252,1145.6409554937632,0.4967434280059845,-7.995816849686019,35.30047509718363,111.43914098495428,0.5052976887882289,0.5492405382855676,0.63497140818517
740.4741439039984,841.9658624040375,0.8429454824561972,-14.367280240378415,63.63727057095906,331.9672771905877,0.8672623111566563,1.0,1.0
436.99110537386315,870.1435117418268,0.4458866198598078,-13.565593538957932,75.12731169377459,236.42017432442302,0.5434436092165142,0.5700477255278861,0.7893809220343152
2214.04668493992,1933.714861603723,0.7085835457678252,-12.644431505665091,67.85170694844143,157.0864299493002,0.7981986455917836,0.8278097241341871,0.9744328726052272
2788.6816102960365,787.6307587142688,0.7318727372865008,-3.1726203359516774,19.841010119356273,284.3683206130243,0.7845379295390397,0.6438581694893729,0.4350543331201447
2318.0553127480703,501.74249689643045,0.17396370590333865,-11.450830134434863,49.39871801434912,294.4492653767993,0.3163083134214169,0.24498516290385158,0.20794481235447412
1909.0876796969699,203.2520205007364,0.36121605897581177,0.7018983951769222,79.1640072183063,104.57337801921972,0.36706883615565367,0.35247943015606786,0.11986747613835531
151.02440435389056,1120.06349012258,0.6373021565380239,3.3228435779109375,47.57040781890562,122.29723578099036,0.6509063618850577,0.5555634324320006,0.6275314948755623
3486.5595993397815,1157.1170374076205,0.07069660818436618,-14.921615398631985,53.66232797354938,336.94385534229724,0.08299948615241733,0.19507442220510104,0.34484428828939706
2875.3710899564685,2018.180904966977,0.3615401877629566,-8.179165558729597,77.11360481708222,59.30677381077789,0.5066894752886987,0.40397206719863266,0.5490601081040196
1054.159332123473,530.9728714705535,0.5347994662811925,-22.148303895023066,66.12653062650915,15.174150106656313,0.6076410128897243,0.7205367200386539,0.7784032448313881
3527.8931856918625,914.3790568041597,0.9962244930446387,-18.985928567009232,40.93449208823926,163.4599161394377,1.0,1.0,1.0
2166.7737226907598,1940.1737733448583,0.47453356262244073,-12.596026998695196,89.54127111942189,288.43556408770644,0.5133852964290778,0.5104516707107276,0.7852419756268609
2096.7215695460873,1976.6966657975363,0.8160567571143236,-18.813918522946636,16.25670686634786,277.8005182718685,0.8559898293297913,0.9285163448110377,0.9541503296404432
2693.0634459463154,923.0665823490436,0.43206728506661773,1.2968147236615266,99.55164485903248,331.0310264086197,0.4006875418964078,0.44844144623182947,0.27651113798144317
2922.371237124495,1101.8976558880343,0.7963907226197089,-20.251412318227057,11.88525784762372,191.9522391728545,0.8473368304533464,1.0,1.0
2363.3229863934093,727.886138038279,0.5954148016201084,-11.330175353407242,1.4949971104238902,36.02328176395199,0.5697626625038806,0.7012276500164066,0.9809793035989897
461.1446869183201,2238.131708206349,0.8865954415023983,-6.82902278620373,89.00189011487647,211.92803076096578,0.8818385699489881,0.9026586760285074,1.0
1217.7630215801942,284.74503777979277,0.4109425523501099,-4.2440827551746665,24.49535083659561,280.2224211671562,0.5267555533380555,0.4795926239207472,0.5520104572661344
3341.101105173779,2240.998615203528,0.6043044198214789,-13.507918908204799,72.96996274467209,33.598123297137505,0.6990388691837826,0.8568117153276902,0.7485115879528105
808.6162026378669,1641.2794844048237,0.6300186806188274,1.0729720617418543,81.10153749320693,62.15666439513231,0.680400397973002,0.7115282154615262,0.7527858338286125
1339.801285815048,1275.7731664481548,0.4173829418004733,-7.950425467662235,85.89863910321168,4.424638016041524,0.5146473405853735,0.537992983063432,0.5167078676796064
1555.4767785991055,78.3817458827901,0.14431204368748152,-11.814766586573446,99.15942356641668,213.71492860085175,0.2902400889618932,0.3108018918386514,0.26909646751179267
1581.8579629000278,1141.43086037282,0.09355940691233555,-22.982780978438903,29.403971003999906,319.2243811005256,0.09411410510968922,0.38700738176571775,0.19278669019587974
2206.582496980292,978.5954520065575,0.0166715505996331,-11.05931594664505,71.02433419272592,241.43879376075583,0.003752263054497597,0.199871430559429,0.22325688727811757
3395.0730158809474,386.92514874029416,0.8735342642452146,-0.37792477552809345,11.539985828082822,353.53443153275356,0.835919297691519,0.9240175277167045,0.8082350483128842
866.4937625970178,1575.3830484015766,0.23647491223869455,-6.5637694533605355,40.68092913568494,22.692114899914163,0.24167065077788516,0.37933074653324234,0.3627754712367971
437.40495468330505,2330.762177683886,0.21150674928176805,-0.03512638812645008,84.79716933125904,325.08039065453863,0.2050897206411057,0.14219754335784335,0.0
710.8937634957744,1349.2531465548602,0.7360354004260655,-10.179649882020831,36.76580460591084,293.06458345920504,0.7555367903039326,0.6995547152751814,0.9238156712087848
3192.92964075337,1715.40786346547,0.32001611308739175,-21.446148847165546,59.10953805356141,113.12694737982177,0.4173155707262214,0.5052520291033521,0.3736176213397041
2324.9189255587416,164.28108615844027,0.5060446924118366,-24.590804624923567,50.377344372463405,350.46955866141064,0.605062713729807,0.7060456527452992,1.0
1029.2644412609766,1002.4007899607874,0.1625110652974563,-15.903413598442263,64.59515311120451,103.65758934170941,0.19246664184382276,0.2511928936269536,0.4895272786147821
2937.408980287022,279.2603643947901,0.9597457214619692,-4.060285855066226,97.28943893876949,320.1497005781587,0.875923298462966,1.0,1.0
3100.9319869083697,1470.7100052876249,0.8515814000172374,-1.292202881749187,5.573552650140212,317.0694877467082,0.8073410808198759,0.7133585452442855,0.9407202475133808
3047.451619285001,2252.357179713971,0.8637896229650033,-16.127414961390116,57.39615175016297,272.7567419770701,0.9025451115796037,0.9534426850408374,1.0
3308.135521102396,1588.2665579319325,0.4067737485720052,-10.130382373502586,86.30287792502848,202.84937057262667,0.4410389984247568,0.4612157483680711,0.6019356972183425
908.0676726241018,184.32731595461166,0.7623612137071728,-12.36643286697755,48.13827117484275,43.2009898620797,0.757065791110296,0.7338329716365163,1.0
2718.150943486602,851.1988919641988,0.14387615538978016,-12.684316469457164,7.852718594157282,191.50982441873938,0.16768729068483926,0.36015755321108467,0.0
1657.942190186904,1321.5921106580436,0.008619002591780278,-18.059538603995485,56.05393524167709,128.44665203577645,0.02539829645665173,0.04654022767701599,0.24826673258708054
3031.1947904042217,967.6986147198053,0.019972932578028124,-20.90886684911625,33.20738908238204,285.19813193592665,0.09541095459303563,0.13636370717826155,0.3441715953313598
2622.5664377818075,2000.7456251404137,0.5866017374045605,-19.09934325306361,15.49417853379359,272.92651433886414,0.6061191260387976,0.805584028133707,0.85573432348454
2795.210807399009,1955.210411303974,0.4553949052479408,-23.340028385099618,84.9034513283473,327.8205026541379,0.508965124006376,0.6991094358761559,1.0
2362.1826156518573,1468.3944482477314,0.5180153489085197,-19.05607774529269,52.15995129911216,5.338858475414834,0.5292574290338216,0.5827139465392576,0.6898523606168088
638.7435700909448,896.2990683184926,0.007463140417219405,-24.723973071238618,93.32764123790666,291.27715805629657,0.1018357687796657,0.2661576034399413,0.34111468376753384
1962.096908028978,612.807297031786,0.4226866196574257,-6.182247980920653,80.6016504603069,337.8463391248808,0.4106078261342889,0.5083565678990498,0.31775671639834446
3544.8110622882296,254.09836371151036,0.7180681612008608,-15.508737778369513,69.29717937736673,284.14816167893406,0.8284948591412546,1.0,1.0
3374.597039389628,851.7544403677297,0.44269370196743585,4.19434134280726,0.5025503365311934,46.870005553332014,0.4473076903002067,0.443651885249152,0.35042478484688344
155.42544886924202,991.6140412985269,0.7322192063122223,-19.188488476711065,42.782345663825,29.260477742719587,0.8049616792570892,0.8733899933348377,0.9845504051640135
593.3333366259736,1621.9750202497767,0.23301896439683478,-14.625142890712183,19.74862816520323,7.504286330772292,0.24996383818633638,0.2781371051406629,0.4539976371463131
474.22358443642287,1579.5835783141763,0.8131420044817255,-14.264765240754004,91.07979110488678,226.34828129810558,0.8947688685108568,0.8788042326519121,1.0
2613.527675947064,168.2595351390167,0.5884312404534523,-24.746455118126185,17.458398467636027,226.68215466955942,0.7175113314606208,0.7114598058954733,1.0
2944.0271874850023,948.6223570347787,0.21076309942990623,0.17623859118376828,28.60600516592855,355.2889371185564,0.22009722583964145,0.3248504161421674,0.5373080282553716
768.6409187184189,436.2692813216686,0.23672047585383293,-24.04016619567026,51.68367677344992,143.29554267747446,0.41222455953828785,0.4287960508773675,0.6724687461067197
1821.0696946265844,376.3504927603337,0.628030464569537,3.2053950418772423,26.336361899807926,119.48626256309882,0.641625735256219,0.6544770440533977,0.534654632201012
3026.53090084032,1985.5251593693902,0.8299395932124434,1.7622305328086192,20.986467727912117,224.79297378638128,0.871110236365604,0.9420599657604322,0.7445379138086052
2638.085561158502,100.59652011901807,0.4156277820291552,-8.934342517421094,59.90993251027524,297.2191221027338,0.4618008304973107,0.3059402060352712,0.5264758185045646
1952.0539397706539,1006.0389021650911,0.2583004291275922,-8.692132752661237,8.892952275502386,337.23862182828066,0.32556844484047087,0.427579916403682,0.2120191703721312
2125.251685651582,403.68877383964366,0.8670116069106004,-5.386662311315309,5.816775872092473,289.1246998244539,0.8479542065317833,0.9130066823625504,0.9549219568281575
1830.0979688986079,2110.392517628338,0.6692682917508349,-13.388499641953391,37.22452951860714,153.6026330216897,0.7002777001993812,0.8119308147004423,0.9790017709326486
1071.174424747754,1336.8972318600843,0.4480854872830765,-5.583331498064336,72.06644545078623,228.5691247123431,0.4936978026200154,0.43810150486885624,0.4870584058595677
2034.079174292458,555.3135273044353,0.48790019527930184,-23.656948339345394,55.4806758273948,308.2677576178021,0.5992667932124556,0.6160134911139897,0.7680610839463473
2479.9870873803266,1205.8254891993033,0.2042564679363964,-23.378571179508203,42.28764684667789,176.6194877922262,0.3215354656913823,0.4271609523370825,0.7537635119229987
3143.9624970989075,1755.567263287478,0.6268026300648439,-11.28308741141367,56.57515642245824,78.00719173394137,0.7297913681138275,0.9135086409614557,0.6475010250104924
2290.648874325293,2299.483221406641,0.35874251054288864,-8.511330966818953,36.54514846532736,61.100438309234264,0.3230659579242218,0.5101515875122884,0.2528923292540277
2740.037533355369,529.0704101890054,0.9956451766743493,1.6345292100745716,93.61463354321128,0.05678804810042237,0.9501545281103759,1.0,0.8702248587028294
576.2578858364628,2126.8362531104285,0.48018351526188785,-21.86018098276311,5.490489091077433,258.56567819326233,0.57418687491007,0.629872868829913,0.6254304995848499
1661.6069079112435,2242.329874001977,0.4858856061896132,-0.32056218418331994,67.33914790298353,39.99499518455658,0.4576034475804259,0.45374131418473457,0.5639768258061062
33.593831377535864,2199.409306876959,0.5658517874106719,-18.69857988123791,89.12826648277505,87.78207589053855,0.8137727006780597,0.6614523936901918,0.8386972521684019
888.0439122778429,1524.9944564685836,0.9167560031187467,-13.177490544699044,80.38847087352534,107.23547934820562,0.9999964207072275,0.9926029784029595,1.0
2615.2621744068174,1511.5695706432984,0.8008180998597503,-15.501926955177613,18.404103482144674,201.7367496492366,0.8568741938433729,0.7565407780663693,1.0
3570.5158248577086,967.7055196411746,0.4511300697978414,-12.995341814038031,29.592634898028834,143.26461982647692,0.47704840143609395,0.4965201129514043,0.5749370676280903
357.0411585139773,1805.754917529091,0.718699265972796,-20.485135057822433,71.70479387071047,242.88263712833825,0.7786808876670489,0.8418504851958188,1.0
1445.3795371006377,1275.1056440422367,0.5862354987807616,-9.892897767893352,8.427055918076555,20.029917358332977,0.6256836040679282,0.6480889892719899,0.9193585235707769
2880.2554873169743,1625.8513709479066,0.4923670487012489,-0.9507223050589815,81.18616998325841,44.6181099351982,0.5096499709746088,0.5262747087656263,0.4844228515087977
734.5282846640358,1028.298969237109,0.19231577278435052,-11.753979688633091,71.89069446047903,179.71614127197603,0.22074730882809687,0.3238448288312434,0.48582448856479615
1998.3058174882306,1755.5915137035338,0.4639362634548909,-10.281592723054027,72.96066492353425,121.30732362485874,0.49613069033270185,0.5544463120670662,0.6183262707666375
2639.0566657068293,1978.7316422509177,0.24581858702257464,0.46302755843942833,10.024137026759139,106.4928105904895,0.3122988761428325,0.19783526083221017,0.35377460391758153
2217.5476209366443,351.4470158467587,0.9148421498516547,-3.8182565608590764,71.77605448162309,24.130108453508182,1.0,0.8007655934931807,0.8122477175480374
676.889044615498,1999.0313173781472,0.33540681349634693,-10.286367744406459,67.981812521997,322.45890290928054,0.3933805727868147,0.38012624541165124,0.3194335852562011
1279.384447268662,1296.7116762967373,0.9522640145333723,-17.26913055432461,83.09224908218505,249.05469100501827,0.9582694926584713,1.0,1.0
2821.65042414743,2027.1981818165384,0.5330552900947112,1.5478024053489996,4.159595625646951,43.782536455073775,0.5545921484691693,0.5595640310420114,0.40483111517756254
1995.2154508752599,1035.124095218435,0.6315443786761603,-7.689387949283251,2.3110668467792195,23.416544785370622,0.7383248122512017,0.7624199934006359,0.6858045315225346
18.826608754485854,909.6971649192841,0.5429404444893278,-18.365571696679197,37.300709987856074,350.9541120352475,0.6840304644487794,0.763228059576788,0.8070011140410013
2739.566736101138,2196.145758041334,0.1293806169667009,-16.92640742085969,14.878828384915288,245.22211815822175,0.2310638202738996,0.3198606571903572,0.47562988345391255
127.12087778486065,602.8062421161632,0.37582121900794097,-0.9060073319126225,55.838447757022195,150.28418559374694,0.4559237390426066,0.38310190471249106,0.36282743866152695
2684.6416178324357,2026.1095806867434,0.09914611227762393,-23.675633137376337,91.73489015067489,252.62317467208254,0.19977243918180376,0.2533038936000097,0.39211120812376854
728.9300165948547,1161.6493740225699,0.6229540441833817,4.7627656108646015,39.14797303340157,272.2794431328573,0.640413618937665,0.5352946764152123,0.5249901440227055
3449.064528429769,1233.8290621230233,0.4468741952004389,-21.089449608556247,84.49503772726041,280.7863928599606,0.5003703566889919,0.5013441614819228,0.7047165208428927
1324.5867046875042,740.3238755747617,0.7779849715709368,-1.1179442380918765,0.024087451786647396,172.03583003510076,0.7967929440167456,0.8657226668876119,0.682683109875504
1176.9538188170848,1375.3012814856377,0.22047048099936983,-13.156740496849514,16.851464345918423,154.75779292494528,0.3379701164956736,0.3085394445605269,0.23100015656124362
535.9969811968008,780.5068710629072,0.16456605842933492,-10.233514501375994,3.042353965408562,3.9701103368041224,0.1737748026316912,0.14221866449306667,0.3276230914826677
1100.1751757647735,94.24659417996554,0.4063322309637678,1.4195173239373347,32.814718051506865,333.5605614510617,0.3612183413309392,0.3361294845877204,0.3299206735336641
3155.942742581522,652.7966528264545,0.9265853832183811,-12.612664312323602,90.81895956965027,217.1908362200195,0.9878392172977446,0.969986280960134,1.0
3586.8036154580905,15.309704175817629,0.7104218150124118,-8.875187389802967,9.695212359898775,73.13541738838852,0.7333401787739628,0.7823667217091239,0.6737401797563429
1325.914309824654,2348.051488936456,0.41892362479291867,-23.521010127724903,60.64097767438004,331.0572309917172,0.545648896592846,0.6928568243713863,0.7309451411727987
1614.9982714363532,2317.793303567394,0.5172721697543106,-24.929575783976404,45.14959391194442,329.37548463730667,0.5926100620380643,0.6854347429488759,1.0
2599.455377529853,948.372713933532,0.08421301117709834,-17.656003809948224,93.84682123658125,356.10629917179455,0.24572968836819797,0.055199722816334326,0.2738386547692123
3190.304809674268,1748.0900504151505,0.9845758963761131,-4.58250721243698,12.251914253709383,314.6603627300324,0.9385016849500699,1.0,1.0
2134.959603072423,829.9346361850199,0.6664073046949189,-21.362053199225898,21.202785050222893,359.2023796152233,0.8113220220080251,0.8183677486913821,0.8494179387643523
1409.4925134401856,1610.6235770063424,0.2854040684634225,-21.587141235863516,2.9541968611493274,88.08702772437813,0.3284088063686204,0.429904848629787,0.44858156421211726
1485.4386270550456,1933.0321033103498,0.5858083942152443,-12.671181758922902,43.393524963137374,303.20985067172427,0.5478655415783179,0.6393240690817374,0.9789108485548641
2504.225327388505,2272.2149872613777,0.10948236606899397,-5.564888841753206,27.783289956465428,296.2901911664752,0.1450227860386584,0.1741708168315035,0.22459375379433588
11.585748975403254,960.5094620392128,0.9658366688075836,-3.637840232562084,86.99059338903209,83.13852931946415,0.9754472297179004,1.0,1.0
2230.5216148554264,1879.9151590945144,0.17478498788336594,-19.646479777048757,60.4940813197755,35.43751764035668,0.19902822678412477,0.33224597734505495,0.2901218688530608
1279.7748375888866,638.2282815170851,0.6480303180552142,-22.612355578838727,61.409073797570166,352.5913849239359,0.6548987142698531,0.862916108571456,1.0
2859.1103925975035,2376.797529104756,0.24545446253893044,3.211911018366326,53.19106968813024,106.56883854741973,0.2383108638252969,0.19761671798698077,0.3574428586579467
334.76630336327577,61.84703703444274,0.7175613826485358,-17.180008523136948,9.1850337229201,313.52104456841016,0.8316967625637822,0.8093215997405946,1.0
2117.528161014206,1448.4691356026904,0.7768213672402811,0.6003949282617143,44.501868372535526,1.485775682857402,0.8082677477508754,0.8916286421196573,0.8658161782181089
1731.5024035900456,1582.814355963185,0.6734197289114326,0.9047435138845472,99.95051897085165,7.568930599056793,0.6828573250734141,0.7313726891287037,0.5642905144800565
2312.3718932588185,1651.3093369779092,0.6144994602551925,-1.8243222471236678,83.52292908460149,167.71367113069263,0.6536353402512532,0.7110421478009643,0.7128482756590472
233.47294013868606,288.9301890938136,0.8924690939520117,-19.9349918004229,89.34590541671159,85.93728621662288,0.9747991971263757,1.0,1.0
2087.9416347412725,2252.471480335513,0.07862671098975804,-0.3459562223739887,82.32263592464994,248.34286203694714,0.016670098264606942,0.13976144429247694,0.0
2021.3445166542854,434.83986972019875,0.3309147657801952,-1.9224832227523976,10.304169343098268,203.60315720446357,0.2681097955386543,0.4216653181503515,0.2293201308809063
2018.3763398982153,1494.6081677756185,0.24828747963084596,-7.098310296813487,22.74482540647996,27.894887082176922,0.26702219933531063,0.17972615897262226,0.4704389428548532
2172.5555997472375,534.4225898954039,0.9880139620654216,-14.883938944931417,0.3121651356409627,58.54618667365814,1.0,1.0,1.0
2435.284574014904,737.3194008510501,0.3893897796668735,-17.124741872003675,30.351012487811147,139.69773722102914,0.4991917968610066,0.509278069259317,0.47257134870748596
2897.960398850771,1311.5005001474985,0.7326126992403987,-21.34332363758923,10.860740234649258,66.81746302395594,0.8516014480935606,1.0,1.0
971.3545924615717,1001.2642045549835,0.6847251638810046,-9.707287992973857,47.2793345301583,285.2000450078143,0.7561120780956199,0.8411973332786041,0.8606826254861099
2970.1778766482234,384.5414423436151,0.21208123747737773,-7.442173734704603,67.7127488573902,149.78528479918083,0.23274652821439998,0.23100447499568588,0.444520017593761
1793.720456148433,410.2473658100359,0.23899768021155132,-14.219830284526383,87.4505295038077,33.63547206329974,0.2320344882233991,0.3929600459285972,0.41113278746889714
277.4098048835922,1003.5474915907191,0.2812845635530341,-10.739227969573943,74.92171650908982,174.36344481796493,0.34965239694314654,0.3902276233025958,0.5497636892779875
210.78334527832513,1817.4791478612017,0.4111272782593792,-14.094566278921999,93.85855957785051,32.7017451821091,0.4996262234262302,0.5719547519190427,0.7613486492126244
1203.2579473058188,2155.1151524346924,0.2343250656505268,-5.7698182803789635,5.3898290393788795,46.41742995113419,0.13707429398200152,0.19716927101127263,0.28086807921727736
2825.6291176012833,201.90638942251883,0.019651482746847804,2.037776233896899,1.217983541654144,86.2595395301539,0.0,0.03341307492000991,0.0
2547.651365067297,943.4493781425625,0.8793930568071955,-20.082392138591654,66.13381138362126,309.42997388909635,0.9267626895955815,1.0,1.0
2839.013872820663,240.5893529349039,0.9656098313808841,-13.557735702906298,28.935241022224623,332.8605116398699,1.0,1.0,1.0
1862.1686031897937,39.82195351823492,0.34157038703156795,-20.77394188147416,25.350101610577312,297.45278255954486,0.38183965760986904,0.44449415825496597,0.6488869231788194
1584.716392639766,1588.1248383454958,0.33850687942547286,-6.25168688776504,33.08870876937943,120.267798270425,0.3633528476902977,0.34520721912585856,0.3348747472284384
530.8290961426222,1445.8786607198108,0.007091812774370987,-3.133884715342127,26.979605789236416,98.0807187991794,0.011015094018178007,0.12989923092662045,0.0
1181.4939129935217,391.2458731557269,0.680250688330374,2.957381977923678,51.14364063015873,197.6960486844861,0.6663173963992898,0.5841752469547653,0.671559887050636
1562.469718225951,561.1507994233539,0.8254398957486287,-16.633842212171054,44.01484472241325,259.8671377919204,0.8563985738314742,0.8807763292010304,1.0
318.961546846622,56.89860874684412,0.14660830036000316,3.506336175962904,51.242855137665636,357.61420373766293,0.10663457251057495,0.12643284949056827,0.0
794.2030297603606,2003.873293666569,0.15966634936715074,-23.102119845379757,67.27136115004362,47.36545627641344,0.19901308191329453,0.28463529042263125,0.7548258918609585
2153.61105862946,2339.2574305165235,0.7900832499714378,-6.909584099062354,38.71305089711483,17.745119648569595,0.8388688674613246,0.7788454503128045,0.946253267102893
2648.3872112610834,325.10288830725796,0.6162907483541447,-23.2860184197001,25.13076871421568,249.96812003829757,0.73468152572901,0.8043681179414021,1.0
3594.0510410146185,555.5405130367154,0.04486055762771701,1.8132256328583445,16.62005368087455,299.601282061406,0.0011920693663187267,0.0,0.012647449348379297
3359.2079928368075,2084.182857472642,0.6225469904622817,-9.105728287898376,34.94741195326255,304.68556075191236,0.7362202175380791,0.617192456219081,0.7754229556441974
2313.2347183266897,2223.5131150948437,0.30891772284376606,-4.919549477116117,74.1806475246172,244.24687766777785,0.31905402576331077,0.5249781200609518,0.3945892474590664
1516.4929918586593,1007.1057187363448,0.36872515547084594,-0.05278222268642452,75.67049101114695,343.44568948290737,0.4529994190968628,0.42101312506074423,0.5219206014999164
2290.238512949638,121.4939334457779,0.7697314182968802,-20.490681325480935,66.69053866842103,183.96171487605127,0.8211341684426956,0.8770245677900785,1.0
2828.345825088835,94.54040086276656,0.8109351926726106,-23.842253141855984,23.402817530687457,328.9733274010365,0.8013550348776675,1.0,1.0
426.01028732419434,1377.4796785656251,0.40035662683983064,1.3664343773855663,58.80862458546977,348.4123693169483,0.4212232516287993,0.4472565320854632,0.35132185821092643
1475.6576029066377,942.9482613436296,0.9471529360063548,-15.552003176232025,57.0689661576848,304.9766845211188,1.0,1.0,1.0
3023.288228288222,68.76582618637084,0.40646271795207223,-21.13063276218504,48.42661981097255,111.51308277310342,0.4922649425567425,0.564455305274116,0.6463224160005063
1381.7986269589585,1399.8057415501362,0.7718360352301099,-10.946162887387404,54.997898638386424,70.6376344213063,0.7862723119994518,0.9430516528350239,1.0
2058.7401764178717,27.126087813653932,0.48387726456425906,-7.050817729119437,49.17906326236681,197.32322339345464,0.5135071261004027,0.38351848819455436,0.5092614869197035
2115.9696991039136,1889.692699558255,0.897532326522084,-24.070881897324696,56.54563660741082,163.08531013686783,0.9678897244043164,1.0,1.0
664.1145112811017,735.4387744880918,0.9077612436501786,-16.75313025228737,71.55059546211288,315.99300318938384,0.9626230633258801,1.0,1.0
1304.0475899482383,96.61920722215704,0.08741680787108386,-24.01600377169312,10.962819440343974,36.01140158417534,0.22065471674722123,0.2961000826714744,0.4095678257017661
1204.2406394709558,1412.045330359568,0.9364933313102257,-12.38993832413503,74.96257521490237,92.7864220721467,0.9996627190237269,0.9714678007707277,1.0
94.30815071543326,954.4425946393312,0.8255348415204157,1.85300087198733,13.58861501275942,270.64762002673507,0.850442519118338,0.8351086572841153,0.7651763426773124
87.09035000887889,2337.1209920571587,0.7913107143126669,4.479572344807075,6.6627998410374705,34.19519219183237,0.7635851726724546,0.7091392617998404,0.8940531927419044
2994.1093572327845,1306.0767900088852,0.20091133968552244,-5.888573394891175,97.60796862214676,115.47518904781207,0.21565341948834027,0.24244050633346237,0.2300661177221286
983.0549159021247,660.5740344888198,0.8051192087546649,-20.150869186462245,95.69917688704415,139.37594185943394,0.8325807593481706,1.0,1.0
1865.0835584597355,1702.6532751215395,0.8501327346850368,2.175481699979173,6.043654494056405,224.1337667625684,0.8240772131311107,0.9077403525850922,0.7268236522654599
1075.412064919583,651.5808061025072,0.28915033445415095,-9.512565303998187,44.32534414749622,56.92775245897125,0.1631992609794368,0.28959481687457556,0.5000856855768981
3386.445282415226,2170.183899378156,0.9522600783623237,-20.387520636912456,18.624493829977474,309.81761652589546,1.0,1.0,1.0
933.4683319167855,899.3327292177034,0.04986014639916425,2.6518000835498405,48.53448971344181,161.11520476785873,0.040675636197654574,0.006784672070963503,0.010889495667475952
1546.7645258601663,1319.6845506628924,0.14990925324713966,-2.275928478306909,83.01772429995874,330.1278162770003,0.19492944018429426,0.1814425576005992,0.3598722661221497
3141.828901744567,121.37544917814927,0.5375811380515143,-3.048841818305455,95.06117747428902,168.43316890821538,0.5450865187413408,0.5268278080976837,0.5428172117891993
3030.960840450511,1022.6909710853539,0.5757924711223097,-3.7245788861678584,63.42526534515373,99.01449321866401,0.6134858455922045,0.6996632612615729,0.7274130794670491
669.9651042465983,1997.672495186388,0.6451500833009034,-18.98980536710673,35.390566721181706,51.058378327562956,0.6109114770301596,0.8224429242351247,0.8518782009750021
2889.5159152645574,1933.5571328720207,0.016969129315466458,-18.66979924877422,60.332556564459836,1.3482340960625327,0.09017228954446826,0.20154594378411939,0.3346713646921085
1649.4727922564136,538.364541248463,0.9603667746221303,-4.351210047182349,31.200130610845033,191.5766945945408,0.8958286857144784,0.8979177697825692,0.8946459381873901
1738.6879395072788,542.5897704253505,0.04458809273414399,-18.408317496688092,90.98236408320604,38.57641089369243,0.062302343972078296,0.2942302041666483,0.27760374326093895
480.5279006973976,1961.5327493117682,0.14306195272340239,-11.839849095908534,87.04004631058369,141.02199490722415,0.1868071140709247,0.02365532442557785,0.34561854221752003
290.16544952564874,2232.9562084063814,0.01401451752605698,-1.5399452321817577,55.8231750279661,212.1378340453512,0.08918482904321291,0.1034531779209629,0.2772008660987391
2620.5815051055547,228.8662110552085,0.5668584332940947,-1.4814244570647723,32.47989153803606,99.24692288497211,0.5942221023353941,0.6592100340433494,0.6141682212204536
1787.2601484790791,1080.1407346229407,0.9322668839209722,-11.40214682422421,29.338967558297835,63.08074525180149,0.9788703811244986,0.9890586836320765,1.0
1572.6625294146463,809.8902695141495,0.6659471660804642,-1.2343018517426465,3.341799470505946,278.89978413936296,0.6699334584981946,0.7777056072424291,0.7122372086477164
2626.2296231486284,2089.6522930978545,0.8226574684804273,0.15865388594170327,81.58208510252952,340.8448220213834,0.7945392802581754,0.8327361771200227,0.8064603848953209
2755.846436367995,200.45979523204505,0.013281203458580082,-5.356727461472193,45.038321303900794,36.15855043030776,0.010673592900856697,0.06745885994659712,0.2963702266143065
572.0694036096728,506.70226213928976,0.5420152984797261,-18.147224430747393,32.513292840026445,56.01251677860283,0.6346875216525713,0.7117844432706741,0.8796710967257577
2196.8105381195087,1805.9240102075864,0.4595629775055219,-16.779646588433575,47.11103549977539,345.6045566109787,0.4579297298399007,0.8497585269636132,0.6529754992660101
487.2746961996679,123.10523755491741,0.49896794422079305,-15.554765337737939,81.8737990454652,13.602319852408659,0.595138396656008,0.739558156709561,0.8215075190330838
2704.9503097045645,1182.0849137142943,0.07221318533518795,-21.49587676798144,12.461420770752119,351.94764115817,0.13464351193625093,0.2920150413062326,0.36452453517429717
2365.0385625617023,1061.0568832313281,0.6844353610693075,-16.805211388901647,85.76559882418273,1.6720139105959575,0.7973093174035851,0.7546032073228108,0.7321356678919497
3443.8126359004486,802.5628295729967,0.5032204148586344,-18.71442327062404,89.7508835108354,314.5207160344793,0.6304292633361622,0.6730159521288411,0.9321538964342033
248.24885888311624,946.9735567654171,0.765148849861264,-11.340137505741936,94.67079150338881,110.63706515558982,0.7334872440328482,0.8040841119472955,1.0
205.39699614451555,1271.857408632559,0.48529063406171535,2.2531264361679497,39.74879924226278,337.89198894382673,0.4517372516889509,0.5421108134215333,0.6879463008151742
1015.8734688955205,387.2816601321195,0.14938163622643208,-21.86559049738126,21.714040403767186,114.10030390881077,0.19077262023495734,0.3289537310963335,0.5367083529120894
